ISO-10303-21;
HEADER;
FILE_DESCRIPTION (( 'STEP AP214' ),
    '1' );
FILE_NAME ('ASEK.STEP',
    '2014-07-09T12:07:59',
    ( '' ),
    ( '' ),
    'SwSTEP 2.0',
    'SolidWorks 2012',
    '' );
FILE_SCHEMA (( 'AUTOMOTIVE_DESIGN' ));
ENDSEC;

DATA;
#1 = VECTOR ( 'NONE', #5100, 1000.000000000000000 ) ;
#2 = MECHANICAL_DESIGN_GEOMETRIC_PRESENTATION_REPRESENTATION (  '', ( #5 ), #2834 ) ;
#3 = STYLED_ITEM ( 'NONE', ( #5736 ), #2412 ) ;
#4 = PRESENTATION_LAYER_ASSIGNMENT (  '', '', ( #5 ) ) ;
#5 = STYLED_ITEM ( 'NONE', ( #5808 ), #2430 ) ;
#6 = AXIS2_PLACEMENT_3D ( 'NONE', #5813, #5814, #5815 ) ;
#7 = FACE_OUTER_BOUND ( 'NONE', #809, .T. ) ;
#8 = AXIS2_PLACEMENT_3D ( 'NONE', #5747, #5754, #5755 ) ;
#9 = MECHANICAL_DESIGN_GEOMETRIC_PRESENTATION_REPRESENTATION (  '', ( #3 ), #2832 ) ;
#10 = VECTOR ( 'NONE', #5750, 1000.000000000000000 ) ;
#11 = VECTOR ( 'NONE', #5746, 1000.000000000000000 ) ;
#12 = MECHANICAL_DESIGN_GEOMETRIC_PRESENTATION_REPRESENTATION (  '', ( #15 ), #2833 ) ;
#13 = PRESENTATION_LAYER_ASSIGNMENT (  '', '', ( #15 ) ) ;
#14 = PRESENTATION_LAYER_ASSIGNMENT (  '', '', ( #3 ) ) ;
#15 = STYLED_ITEM ( 'NONE', ( #5761 ), #2427 ) ;
#16 = AXIS2_PLACEMENT_3D ( 'NONE', #2578, #2579, #2580 ) ;
#17 = VECTOR ( 'NONE', #5753, 1000.000000000000000 ) ;
#18 = FACE_OUTER_BOUND ( 'NONE', #781, .T. ) ;
#19 = AXIS2_PLACEMENT_3D ( 'NONE', #5741, #5742, #5743 ) ;
#20 = APPLICATION_CONTEXT ( 'automotive_design' ) ;
#21 = APPLICATION_CONTEXT ( 'automotive_design' ) ;
#22 = MECHANICAL_DESIGN_GEOMETRIC_PRESENTATION_REPRESENTATION (  '', ( #2041 ), #2811 ) ;
#23 = MECHANICAL_DESIGN_GEOMETRIC_PRESENTATION_REPRESENTATION (  '', ( #27 ), #2784 ) ;
#24 = VECTOR ( 'NONE', #5065, 1000.000000000000100 ) ;
#25 = PRESENTATION_LAYER_ASSIGNMENT (  '', '', ( #27 ) ) ;
#26 = AXIS2_PLACEMENT_3D ( 'NONE', #5085, #5092, #5093 ) ;
#27 = STYLED_ITEM ( 'NONE', ( #5075 ), #480 ) ;
#28 = VECTOR ( 'NONE', #5069, 1000.000000000000000 ) ;
#29 = AXIS2_PLACEMENT_3D ( 'NONE', #5079, #5080, #5081 ) ;
#30 = VECTOR ( 'NONE', #1812, 1000.000000000000000 ) ;
#31 = AXIS2_PLACEMENT_3D ( 'NONE', #1803, #1804, #1805 ) ;
#32 = VECTOR ( 'NONE', #1830, 1000.000000000000000 ) ;
#33 = PRESENTATION_LAYER_ASSIGNMENT (  '', '', ( #36 ) ) ;
#34 = PRESENTATION_LAYER_ASSIGNMENT (  '', '', ( #2041 ) ) ;
#35 = VECTOR ( 'NONE', #1741, 1000.000000000000100 ) ;
#36 = STYLED_ITEM ( 'NONE', ( #1799 ), #444 ) ;
#37 = VECTOR ( 'NONE', #1751, 1000.000000000000000 ) ;
#38 = VECTOR ( 'NONE', #1757, 1000.000000000000000 ) ;
#39 = MECHANICAL_DESIGN_GEOMETRIC_PRESENTATION_REPRESENTATION (  '', ( #36 ), #2781 ) ;
#40 = VECTOR ( 'NONE', #1793, 1000.000000000000000 ) ;
#41 = VECTOR ( 'NONE', #1769, 1000.000000000000000 ) ;
#42 = VECTOR ( 'NONE', #1748, 1000.000000000000000 ) ;
#43 = FACE_OUTER_BOUND ( 'NONE', #737, .T. ) ;
#44 = VECTOR ( 'NONE', #1754, 1000.000000000000000 ) ;
#45 = VECTOR ( 'NONE', #1745, 1000.000000000000000 ) ;
#46 = VECTOR ( 'NONE', #1763, 1000.000000000000000 ) ;
#47 = AXIS2_PLACEMENT_3D ( 'NONE', #1852, #1859, #1860 ) ;
#48 = VECTOR ( 'NONE', #1760, 1000.000000000000000 ) ;
#49 = VECTOR ( 'NONE', #1790, 1000.000000000000000 ) ;
#50 = VECTOR ( 'NONE', #1766, 1000.000000000000100 ) ;
#51 = VECTOR ( 'NONE', #1772, 1000.000000000000000 ) ;
#52 = VECTOR ( 'NONE', #1808, 1000.000000000000000 ) ;
#53 = SURFACE_STYLE_USAGE ( .BOTH. , #2280 ) ;
#54 = PRESENTATION_STYLE_ASSIGNMENT (( #53 ) ) ;
#55 =( LENGTH_UNIT ( ) NAMED_UNIT ( * ) SI_UNIT ( .MILLI., .METRE. ) );
#56 =( NAMED_UNIT ( * ) PLANE_ANGLE_UNIT ( ) SI_UNIT ( $, .RADIAN. ) );
#57 =( NAMED_UNIT ( * ) SI_UNIT ( $, .STERADIAN. ) SOLID_ANGLE_UNIT ( ) );
#58 = CARTESIAN_POINT ( 'NONE',  ( 1.500000000000000200, -1.249999999999999800, 0.5000000000000000000 ) ) ;
#59 = DIRECTION ( 'NONE',  ( 0.0000000000000000000, 1.000000000000000000, -0.0000000000000000000 ) ) ;
#60 = DIRECTION ( 'NONE',  ( 0.0000000000000000000, 0.0000000000000000000, 1.000000000000000000 ) ) ;
#61 = LINE ( 'NONE', #62, #612 ) ;
#62 = CARTESIAN_POINT ( 'NONE',  ( 0.07810018105780894300, 0.2935974365335139400, 0.6989999999999999500 ) ) ;
#63 = DIRECTION ( 'NONE',  ( 1.000000000000000000, 0.0000000000000000000, 0.0000000000000000000 ) ) ;
#64 = CARTESIAN_POINT ( 'NONE',  ( -0.2611092206515928700, 0.1858984514907789400, 0.6999999999999999600 ) ) ;
#65 = LINE ( 'NONE', #66, #607 ) ;
#66 = CARTESIAN_POINT ( 'NONE',  ( 0.3766044545620824100, 0.02222991516599265000, 0.6999999999999999600 ) ) ;
#67 = DIRECTION ( 'NONE',  ( -1.000000000000000000, 0.0000000000000000000, 0.0000000000000000000 ) ) ;
#68 = LINE ( 'NONE', #69, #621 ) ;
#69 = CARTESIAN_POINT ( 'NONE',  ( 1.500000000000000000, 1.249999999999999600, 0.5000000000000000000 ) ) ;
#70 = DIRECTION ( 'NONE',  ( -1.000000000000000000, 7.228014483236695800E-017, 0.0000000000000000000 ) ) ;
#71 = CARTESIAN_POINT ( 'NONE',  ( -0.2610497836484578200, 0.1830634065209711400, 0.6999999999999999600 ) ) ;
#72 = CARTESIAN_POINT ( 'NONE',  ( -0.2609308124509946400, 0.1773886807250868200, 0.6999999999999999600 ) ) ;
#73 = CARTESIAN_POINT ( 'NONE',  ( -0.2592715275626957800, 0.1690049538344296800, 0.7000000000000000700 ) ) ;
#74 = CARTESIAN_POINT ( 'NONE',  ( -0.2571398433035940200, 0.1606424060889941100, 0.6999999999999997300 ) ) ;
#75 = CARTESIAN_POINT ( 'NONE',  ( -0.2537618501694455200, 0.1523386346366855400, 0.7000000000000000700 ) ) ;
#76 = CARTESIAN_POINT ( 'NONE',  ( -0.2490983340275365300, 0.1439484160656886200, 0.6999999999999998400 ) ) ;
#77 = CARTESIAN_POINT ( 'NONE',  ( -0.2429743371940740500, 0.1353272724110030400, 0.6999999999999999600 ) ) ;
#78 = CARTESIAN_POINT ( 'NONE',  ( -0.2352616102531845400, 0.1263992164570034700, 0.6999999999999998400 ) ) ;
#79 = CARTESIAN_POINT ( 'NONE',  ( -0.2293535381476725900, 0.1205923873267500000, 0.6999999999999998400 ) ) ;
#80 = CARTESIAN_POINT ( 'NONE',  ( -0.2262342540383450200, 0.1175265564587276900, 0.6999999999999999600 ) ) ;
#81 = CARTESIAN_POINT ( 'NONE',  ( -0.2262342540383450200, 0.1175265564587276900, 0.6999999999999999600 ) ) ;
#82 = CARTESIAN_POINT ( 'NONE',  ( -0.2250759274957539200, 0.1164928632699069300, 0.6999999999999999600 ) ) ;
#83 = CARTESIAN_POINT ( 'NONE',  ( -0.2223240087738629600, 0.1140370448677456600, 0.7000000000000001800 ) ) ;
#84 = CARTESIAN_POINT ( 'NONE',  ( -0.2172930057156038400, 0.1100165452942273700, 0.6999999999999999600 ) ) ;
#85 = CARTESIAN_POINT ( 'NONE',  ( -0.2106492731260769800, 0.1050570785305377100, 0.7000000000000001800 ) ) ;
#86 = CARTESIAN_POINT ( 'NONE',  ( -0.2025662974719588700, 0.09892066282542062700, 0.6999999999999999600 ) ) ;
#87 = CARTESIAN_POINT ( 'NONE',  ( -0.1928950415917972400, 0.09180239414816640500, 0.6999999999999998400 ) ) ;
#88 = CARTESIAN_POINT ( 'NONE',  ( -0.1816344420318386200, 0.08379328849959247200, 0.7000000000000001800 ) ) ;
#89 = CARTESIAN_POINT ( 'NONE',  ( -0.1689100198056039900, 0.07463334410212306400, 0.6999999999999996200 ) ) ;
#90 = CARTESIAN_POINT ( 'NONE',  ( -0.1598806349017382300, 0.06822928736704969600, 0.6999999999999999600 ) ) ;
#91 = CARTESIAN_POINT ( 'NONE',  ( -0.1551062826174047500, 0.06484309625573621300, 0.6999999999999999600 ) ) ;
#92 = CARTESIAN_POINT ( 'NONE',  ( -0.07793614372851587200, -0.1051856163511013500, 0.6999999999999999600 ) ) ;
#93 = LINE ( 'NONE', #94, #620 ) ;
#94 = CARTESIAN_POINT ( 'NONE',  ( -0.3085985368909091600, 0.1836723897920610200, 0.6990000000000000700 ) ) ;
#95 = DIRECTION ( 'NONE',  ( -0.0000000000000000000, -0.0000000000000000000, 1.000000000000000000 ) ) ;
#96 = CARTESIAN_POINT ( 'NONE',  ( -0.07815904546519525400, -0.1007797974072347800, 0.7000000000000000700 ) ) ;
#97 = CARTESIAN_POINT ( 'NONE',  ( -0.07861217212359120100, -0.09182341130960851300, 0.6999999999999999600 ) ) ;
#98 = CARTESIAN_POINT ( 'NONE',  ( -0.08244205065835714900, -0.07860941616061759000, 0.7000000000000002900 ) ) ;
#99 = CARTESIAN_POINT ( 'NONE',  ( -0.08846687726444910100, -0.06553256331171160300, 0.6999999999999999600 ) ) ;
#100 = CARTESIAN_POINT ( 'NONE',  ( -0.09402503887222507500, -0.05744368149221681900, 0.6999999999999999600 ) ) ;
#101 = CARTESIAN_POINT ( 'NONE',  ( -0.09691066963663561000, -0.05324417671434924400, 0.6999999999999999600 ) ) ;
#102 = CARTESIAN_POINT ( 'NONE',  ( -1.600000000000000100, 1.249999999999999800, 0.5000000000000000000 ) ) ;
#103 = LINE ( 'NONE', #104, #626 ) ;
#104 = CARTESIAN_POINT ( 'NONE',  ( 0.3766044545620824100, 0.2393239322600097000, 0.6989999999999999500 ) ) ;
#105 = DIRECTION ( 'NONE',  ( -1.000000000000000000, 0.0000000000000000000, 0.0000000000000000000 ) ) ;
#106 = DIRECTION ( 'NONE',  ( -0.0000000000000000000, -0.0000000000000000000, -1.000000000000000000 ) ) ;
#107 = DIRECTION ( 'NONE',  ( 1.000000000000000000, 0.0000000000000000000, 0.0000000000000000000 ) ) ;
#108 = FILL_AREA_STYLE_COLOUR ( '', #2293 ) ;
#109 = LINE ( 'NONE', #110, #625 ) ;
#110 = CARTESIAN_POINT ( 'NONE',  ( -0.2790237171793705800, 0.1031101568860780800, 0.6989999999999999500 ) ) ;
#111 = DIRECTION ( 'NONE',  ( -0.0000000000000000000, -0.0000000000000000000, 1.000000000000000000 ) ) ;
#112 = LINE ( 'NONE', #113, #622 ) ;
#113 = CARTESIAN_POINT ( 'NONE',  ( 0.3766044545620824100, -0.1812957258596483700, 0.6989999999999999500 ) ) ;
#114 = DIRECTION ( 'NONE',  ( -0.0000000000000000000, -0.0000000000000000000, 1.000000000000000000 ) ) ;
#115 = LINE ( 'NONE', #116, #624 ) ;
#116 = CARTESIAN_POINT ( 'NONE',  ( 0.07810018105780894300, -0.2355692301331526500, 0.6999999999999999600 ) ) ;
#117 = DIRECTION ( 'NONE',  ( 0.0000000000000000000, 1.000000000000000000, 0.0000000000000000000 ) ) ;
#118 = FILL_AREA_STYLE ('',( #108 ) ) ;
#119 = SURFACE_STYLE_FILL_AREA ( #118 ) ;
#120 = SURFACE_SIDE_STYLE ('',( #119 ) ) ;
#121 = SURFACE_STYLE_USAGE ( .BOTH. , #120 ) ;
#122 = PRESENTATION_STYLE_ASSIGNMENT (( #121 ) ) ;
#123 =( LENGTH_UNIT ( ) NAMED_UNIT ( * ) SI_UNIT ( .MILLI., .METRE. ) );
#124 =( NAMED_UNIT ( * ) PLANE_ANGLE_UNIT ( ) SI_UNIT ( $, .RADIAN. ) );
#125 =( NAMED_UNIT ( * ) SI_UNIT ( $, .STERADIAN. ) SOLID_ANGLE_UNIT ( ) );
#126 = CARTESIAN_POINT ( 'NONE',  ( -0.1782149231088578100, 0.3071658126018900200, 0.6989999999999999500 ) ) ;
#127 = CARTESIAN_POINT ( 'NONE',  ( -0.1782149231088578100, 0.3071658126018900200, 0.6999999999999999600 ) ) ;
#128 = CARTESIAN_POINT ( 'NONE',  ( -0.1719792079447538000, 0.3069507363482041900, 0.6989999999999998400 ) ) ;
#129 = CARTESIAN_POINT ( 'NONE',  ( -0.1719792079447538000, 0.3069507363482041900, 0.6999999999999998400 ) ) ;
#130 = CARTESIAN_POINT ( 'NONE',  ( -0.1595783607163695800, 0.3065230183248147700, 0.6989999999999999500 ) ) ;
#131 = CARTESIAN_POINT ( 'NONE',  ( -0.1595783607163695800, 0.3065230183248147700, 0.6999999999999999600 ) ) ;
#132 = CARTESIAN_POINT ( 'NONE',  ( -0.1413373483624020500, 0.3028041058514736600, 0.6990000000000000700 ) ) ;
#133 = CARTESIAN_POINT ( 'NONE',  ( -0.1413373483624020500, 0.3028041058514736600, 0.7000000000000000700 ) ) ;
#134 = CARTESIAN_POINT ( 'NONE',  ( -0.1237749543351677800, 0.2966505519025760000, 0.6990000000000000700 ) ) ;
#135 = CARTESIAN_POINT ( 'NONE',  ( -0.1237749543351677800, 0.2966505519025760000, 0.7000000000000000700 ) ) ;
#136 = CARTESIAN_POINT ( 'NONE',  ( -0.1096472226303155900, 0.2896672667083485800, 0.6989999999999999500 ) ) ;
#137 = CARTESIAN_POINT ( 'NONE',  ( -0.1096472226303155900, 0.2896672667083485800, 0.6999999999999999600 ) ) ;
#138 = CARTESIAN_POINT ( 'NONE',  ( -0.09859024559977787300, 0.2826926359993182600, 0.6990000000000000700 ) ) ;
#139 = CARTESIAN_POINT ( 'NONE',  ( -0.09859024559977787300, 0.2826926359993182600, 0.7000000000000000700 ) ) ;
#140 = CARTESIAN_POINT ( 'NONE',  ( -0.09015793958609441500, 0.2763396387571597800, 0.6989999999999997300 ) ) ;
#141 = CARTESIAN_POINT ( 'NONE',  ( -0.09015793958609441500, 0.2763396387571597800, 0.6999999999999997300 ) ) ;
#142 = CARTESIAN_POINT ( 'NONE',  ( -0.08161303928860157200, 0.2690257830515254100, 0.6990000000000000700 ) ) ;
#143 = CARTESIAN_POINT ( 'NONE',  ( -0.08161303928860157200, 0.2690257830515254100, 0.7000000000000000700 ) ) ;
#144 = CARTESIAN_POINT ( 'NONE',  ( -0.07288661909425467300, 0.2607315875131159300, 0.6990000000000000700 ) ) ;
#145 = CARTESIAN_POINT ( 'NONE',  ( -0.07288661909425467300, 0.2607315875131159300, 0.7000000000000000700 ) ) ;
#146 = CARTESIAN_POINT ( 'NONE',  ( -0.06412654320285754400, 0.2513809477650438300, 0.6989999999999999500 ) ) ;
#147 = CARTESIAN_POINT ( 'NONE',  ( -0.06412654320285754400, 0.2513809477650438300, 0.6999999999999999600 ) ) ;
#148 = CARTESIAN_POINT ( 'NONE',  ( -0.05520275935165744300, 0.2410379031323399700, 0.6989999999999999500 ) ) ;
#149 = CARTESIAN_POINT ( 'NONE',  ( -0.05520275935165744300, 0.2410379031323399700, 0.6999999999999999600 ) ) ;
#150 = CARTESIAN_POINT ( 'NONE',  ( -0.04609439966242216700, 0.2297656619480820700, 0.6989999999999999500 ) ) ;
#151 = CARTESIAN_POINT ( 'NONE',  ( -0.04609439966242216700, 0.2297656619480820700, 0.6999999999999999600 ) ) ;
#152 = CARTESIAN_POINT ( 'NONE',  ( -0.04023488271511686800, 0.2217186243340068800, 0.6989999999999999500 ) ) ;
#153 = CARTESIAN_POINT ( 'NONE',  ( -0.04023488271511686800, 0.2217186243340068800, 0.6999999999999999600 ) ) ;
#154 = CARTESIAN_POINT ( 'NONE',  ( -0.03723101552338768000, 0.2175933299630011800, 0.6989999999999999500 ) ) ;
#155 = CARTESIAN_POINT ( 'NONE',  ( -0.03723101552338768000, 0.2175933299630011800, 0.6999999999999999600 ) ) ;
#156 = LINE ( 'NONE', #157, #610 ) ;
#157 = CARTESIAN_POINT ( 'NONE',  ( 0.5999999999999995300, -1.150000000000000100, -0.5010000000000000000 ) ) ;
#158 = DIRECTION ( 'NONE',  ( -0.0000000000000000000, -0.0000000000000000000, 1.000000000000000000 ) ) ;
#159 = FILL_AREA_STYLE_COLOUR ( '', #2450 ) ;
#160 = LINE ( 'NONE', #161, #602 ) ;
#161 = CARTESIAN_POINT ( 'NONE',  ( 1.500000000000000000, 1.249999999999999600, 0.5000000000000000000 ) ) ;
#162 = DIRECTION ( 'NONE',  ( -0.0000000000000000000, -0.0000000000000000000, -1.000000000000000000 ) ) ;
#163 = FILL_AREA_STYLE ('',( #159 ) ) ;
#164 = SURFACE_STYLE_FILL_AREA ( #163 ) ;
#165 = SURFACE_SIDE_STYLE ('',( #164 ) ) ;
#166 = SURFACE_STYLE_USAGE ( .BOTH. , #165 ) ;
#167 = PRESENTATION_STYLE_ASSIGNMENT (( #166 ) ) ;
#168 =( LENGTH_UNIT ( ) NAMED_UNIT ( * ) SI_UNIT ( .MILLI., .METRE. ) );
#169 =( NAMED_UNIT ( * ) PLANE_ANGLE_UNIT ( ) SI_UNIT ( $, .RADIAN. ) );
#170 =( NAMED_UNIT ( * ) SI_UNIT ( $, .STERADIAN. ) SOLID_ANGLE_UNIT ( ) );
#171 = PLANE ( 'NONE',  #608 ) ;
#172 = CARTESIAN_POINT ( 'NONE',  ( 0.0000000000000000000, 0.0000000000000000000, 0.6989999999999999500 ) ) ;
#173 = DIRECTION ( 'NONE',  ( 0.0000000000000000000, -0.0000000000000000000, 1.000000000000000000 ) ) ;
#174 = DIRECTION ( 'NONE',  ( 1.000000000000000000, 0.0000000000000000000, -0.0000000000000000000 ) ) ;
#175 = LINE ( 'NONE', #176, #595 ) ;
#176 = CARTESIAN_POINT ( 'NONE',  ( -0.4348480360896270200, -0.2355692301331526500, 0.6989999999999999500 ) ) ;
#177 = DIRECTION ( 'NONE',  ( -0.4188422247446079700, 0.9080590238365494600, 0.0000000000000000000 ) ) ;
#178 = PLANE ( 'NONE',  #590 ) ;
#179 = LINE ( 'NONE', #180, #592 ) ;
#180 = CARTESIAN_POINT ( 'NONE',  ( 1.600000000000007600, -0.1999999999999996500, 0.5000000000000000000 ) ) ;
#181 = DIRECTION ( 'NONE',  ( -1.000000000000000000, -5.270427227360075000E-015, 0.0000000000000000000 ) ) ;
#182 = FILL_AREA_STYLE_COLOUR ( '', #2492 ) ;
#183 = FILL_AREA_STYLE ('',( #182 ) ) ;
#184 = SURFACE_STYLE_FILL_AREA ( #183 ) ;
#185 = SURFACE_SIDE_STYLE ('',( #184 ) ) ;
#186 = SURFACE_STYLE_USAGE ( .BOTH. , #185 ) ;
#187 = PRESENTATION_STYLE_ASSIGNMENT (( #186 ) ) ;
#188 =( LENGTH_UNIT ( ) NAMED_UNIT ( * ) SI_UNIT ( .MILLI., .METRE. ) );
#189 =( NAMED_UNIT ( * ) PLANE_ANGLE_UNIT ( ) SI_UNIT ( $, .RADIAN. ) );
#190 =( NAMED_UNIT ( * ) SI_UNIT ( $, .STERADIAN. ) SOLID_ANGLE_UNIT ( ) );
#191 = CARTESIAN_POINT ( 'NONE',  ( 1.600000000000000500, 0.4499999999999996200, -0.5000000000000000000 ) ) ;
#192 = DIRECTION ( 'NONE',  ( 6.023345402697228600E-015, 1.000000000000000000, 0.0000000000000000000 ) ) ;
#193 = DIRECTION ( 'NONE',  ( -1.000000000000000000, 6.023345402697228600E-015, 0.0000000000000000000 ) ) ;
#194 = LINE ( 'NONE', #195, #618 ) ;
#195 = CARTESIAN_POINT ( 'NONE',  ( 1.450000000000000200, 0.9750000000000000900, 0.5000000000000000000 ) ) ;
#196 = DIRECTION ( 'NONE',  ( -0.0000000000000000000, 1.000000000000000000, -0.0000000000000000000 ) ) ;
#197 = PLANE ( 'NONE',  #603 ) ;
#198 = LINE ( 'NONE', #199, #611 ) ;
#199 = CARTESIAN_POINT ( 'NONE',  ( 0.5999999999999998700, 1.149999999999999700, -0.5010000000000000000 ) ) ;
#200 = DIRECTION ( 'NONE',  ( -0.0000000000000000000, -0.0000000000000000000, 1.000000000000000000 ) ) ;
#201 = FILL_AREA_STYLE_COLOUR ( '', #2477 ) ;
#202 = FILL_AREA_STYLE ('',( #201 ) ) ;
#203 = SURFACE_STYLE_FILL_AREA ( #202 ) ;
#204 = SURFACE_SIDE_STYLE ('',( #203 ) ) ;
#205 = SURFACE_STYLE_USAGE ( .BOTH. , #204 ) ;
#206 = PRESENTATION_STYLE_ASSIGNMENT (( #205 ) ) ;
#207 =( LENGTH_UNIT ( ) NAMED_UNIT ( * ) SI_UNIT ( .MILLI., .METRE. ) );
#208 =( NAMED_UNIT ( * ) PLANE_ANGLE_UNIT ( ) SI_UNIT ( $, .RADIAN. ) );
#209 =( NAMED_UNIT ( * ) SI_UNIT ( $, .STERADIAN. ) SOLID_ANGLE_UNIT ( ) );
#210 = CARTESIAN_POINT ( 'NONE',  ( 0.8074003947330225000, 0.2935974365335139400, 0.6989999999999999500 ) ) ;
#211 = DIRECTION ( 'NONE',  ( -0.6743193281498540700, 0.7384398714069612100, 0.0000000000000000000 ) ) ;
#212 = DIRECTION ( 'NONE',  ( -0.7384398714069612100, -0.6743193281498540700, 0.0000000000000000000 ) ) ;
#213 = FILL_AREA_STYLE_COLOUR ( '', #2448 ) ;
#214 = FILL_AREA_STYLE ('',( #213 ) ) ;
#215 = SURFACE_STYLE_FILL_AREA ( #214 ) ;
#216 = SURFACE_SIDE_STYLE ('',( #215 ) ) ;
#217 = SURFACE_STYLE_USAGE ( .BOTH. , #216 ) ;
#218 = PRESENTATION_STYLE_ASSIGNMENT (( #217 ) ) ;
#219 =( LENGTH_UNIT ( ) NAMED_UNIT ( * ) SI_UNIT ( .MILLI., .METRE. ) );
#220 =( NAMED_UNIT ( * ) PLANE_ANGLE_UNIT ( ) SI_UNIT ( $, .RADIAN. ) );
#221 =( NAMED_UNIT ( * ) SI_UNIT ( $, .STERADIAN. ) SOLID_ANGLE_UNIT ( ) );
#222 = CARTESIAN_POINT ( 'NONE',  ( -0.09691066963663561000, -0.05324417671434924400, 0.6989999999999999500 ) ) ;
#223 = CARTESIAN_POINT ( 'NONE',  ( -0.09691066963663561000, -0.05324417671434924400, 0.6999999999999999600 ) ) ;
#224 = CARTESIAN_POINT ( 'NONE',  ( -0.09927991725679714800, -0.05021328790765367700, 0.6989999999999998400 ) ) ;
#225 = CARTESIAN_POINT ( 'NONE',  ( -0.09927991725679714800, -0.05021328790765367700, 0.6999999999999998400 ) ) ;
#226 = CARTESIAN_POINT ( 'NONE',  ( -0.1042538562744401000, -0.04385031598126116300, 0.6989999999999999500 ) ) ;
#227 = CARTESIAN_POINT ( 'NONE',  ( -0.1042538562744401000, -0.04385031598126116300, 0.6999999999999999600 ) ) ;
#228 = CARTESIAN_POINT ( 'NONE',  ( -0.1128048135355271800, -0.03437895299866462800, 0.6989999999999999500 ) ) ;
#229 = CARTESIAN_POINT ( 'NONE',  ( -0.1128048135355271800, -0.03437895299866462800, 0.6999999999999999600 ) ) ;
#230 = CARTESIAN_POINT ( 'NONE',  ( -0.1228387379602706700, -0.02460926346662788800, 0.6990000000000000700 ) ) ;
#231 = CARTESIAN_POINT ( 'NONE',  ( -0.1228387379602706700, -0.02460926346662788800, 0.7000000000000000700 ) ) ;
#232 = CARTESIAN_POINT ( 'NONE',  ( -0.1340122516195347000, -0.01416819176119248800, 0.6990000000000000700 ) ) ;
#233 = CARTESIAN_POINT ( 'NONE',  ( -0.1340122516195347000, -0.01416819176119248800, 0.7000000000000000700 ) ) ;
#234 = CARTESIAN_POINT ( 'NONE',  ( -0.1467323733847225900, -0.003541346309548655300, 0.6989999999999998400 ) ) ;
#235 = CARTESIAN_POINT ( 'NONE',  ( -0.1467323733847225900, -0.003541346309548655300, 0.6999999999999998400 ) ) ;
#236 = CARTESIAN_POINT ( 'NONE',  ( -0.1606006999671036600, 0.007778024283602319300, 0.6990000000000001800 ) ) ;
#237 = CARTESIAN_POINT ( 'NONE',  ( -0.1606006999671036600, 0.007778024283602319300, 0.7000000000000001800 ) ) ;
#238 = CARTESIAN_POINT ( 'NONE',  ( -0.1759713072155540400, 0.01935945319423067900, 0.6989999999999998400 ) ) ;
#239 = CARTESIAN_POINT ( 'NONE',  ( -0.1759713072155540400, 0.01935945319423067900, 0.6999999999999998400 ) ) ;
#240 = CARTESIAN_POINT ( 'NONE',  ( -0.1867511120613691600, 0.02712649584234055900, 0.6989999999999999500 ) ) ;
#241 = CARTESIAN_POINT ( 'NONE',  ( -0.1867511120613691600, 0.02712649584234055900, 0.6999999999999999600 ) ) ;
#242 = CARTESIAN_POINT ( 'NONE',  ( -0.1923133138674047700, 0.03113416196086441600, 0.6989999999999999500 ) ) ;
#243 = CARTESIAN_POINT ( 'NONE',  ( -0.1923133138674047700, 0.03113416196086441600, 0.6999999999999999600 ) ) ;
#244 = FILL_AREA_STYLE_COLOUR ( '', #2349 ) ;
#245 = FILL_AREA_STYLE ('',( #244 ) ) ;
#246 = SURFACE_STYLE_FILL_AREA ( #245 ) ;
#247 = SURFACE_SIDE_STYLE ('',( #246 ) ) ;
#248 = SURFACE_STYLE_USAGE ( .BOTH. , #247 ) ;
#249 = PRESENTATION_STYLE_ASSIGNMENT (( #248 ) ) ;
#250 =( LENGTH_UNIT ( ) NAMED_UNIT ( * ) SI_UNIT ( .MILLI., .METRE. ) );
#251 =( NAMED_UNIT ( * ) PLANE_ANGLE_UNIT ( ) SI_UNIT ( $, .RADIAN. ) );
#252 =( NAMED_UNIT ( * ) SI_UNIT ( $, .STERADIAN. ) SOLID_ANGLE_UNIT ( ) );
#253 = PLANE ( 'NONE',  #2035 ) ;
#254 = CARTESIAN_POINT ( 'NONE',  ( 0.5190724032800311200, 0.2935974365335139400, 0.6989999999999999500 ) ) ;
#255 = DIRECTION ( 'NONE',  ( -1.000000000000000000, 0.0000000000000000000, -0.0000000000000000000 ) ) ;
#256 = DIRECTION ( 'NONE',  ( -0.0000000000000000000, 0.0000000000000000000, 1.000000000000000000 ) ) ;
#257 = CARTESIAN_POINT ( 'NONE',  ( -1.325000000000000200, -0.9749999999999998700, 0.5000000000000000000 ) ) ;
#258 = DIRECTION ( 'NONE',  ( 0.0000000000000000000, 0.0000000000000000000, 1.000000000000000000 ) ) ;
#259 = DIRECTION ( 'NONE',  ( -1.000000000000000000, 0.0000000000000000000, 0.0000000000000000000 ) ) ;
#260 = PLANE ( 'NONE',  #2031 ) ;
#261 = LINE ( 'NONE', #262, #3486 ) ;
#262 = CARTESIAN_POINT ( 'NONE',  ( 0.5999999999999995300, 0.4999999999999997800, -0.5010000000000000000 ) ) ;
#263 = DIRECTION ( 'NONE',  ( -1.000000000000000000, -1.204669080539449100E-016, -0.0000000000000000000 ) ) ;
#264 = FILL_AREA_STYLE_COLOUR ( '', #2281 ) ;
#265 = FILL_AREA_STYLE ('',( #264 ) ) ;
#266 = SURFACE_STYLE_FILL_AREA ( #265 ) ;
#267 = SURFACE_SIDE_STYLE ('',( #266 ) ) ;
#268 = SURFACE_STYLE_USAGE ( .BOTH. , #267 ) ;
#269 = PRESENTATION_STYLE_ASSIGNMENT (( #268 ) ) ;
#270 =( LENGTH_UNIT ( ) NAMED_UNIT ( * ) SI_UNIT ( .MILLI., .METRE. ) );
#271 =( NAMED_UNIT ( * ) PLANE_ANGLE_UNIT ( ) SI_UNIT ( $, .RADIAN. ) );
#272 =( NAMED_UNIT ( * ) SI_UNIT ( $, .STERADIAN. ) SOLID_ANGLE_UNIT ( ) );
#273 = MECHANICAL_DESIGN_GEOMETRIC_PRESENTATION_REPRESENTATION (  '', ( #283 ), #2779 ) ;
#274 = VECTOR ( 'NONE', #3444, 1000.000000000000000 ) ;
#275 = AXIS2_PLACEMENT_3D ( 'NONE', #3457, #3458, #3459 ) ;
#276 = FACE_OUTER_BOUND ( 'NONE', #849, .T. ) ;
#277 = VECTOR ( 'NONE', #3441, 1000.000000000000000 ) ;
#278 = FACE_OUTER_BOUND ( 'NONE', #822, .T. ) ;
#279 = PRESENTATION_LAYER_ASSIGNMENT (  '', '', ( #682 ) ) ;
#280 = AXIS2_PLACEMENT_3D ( 'NONE', #3432, #3445, #3446 ) ;
#281 = CYLINDRICAL_SURFACE ( 'NONE', #300, 0.1000000000000000500 ) ;
#282 = AXIS2_PLACEMENT_3D ( 'NONE', #1736, #1737, #1738 ) ;
#283 = STYLED_ITEM ( 'NONE', ( #1710 ), #425 ) ;
#284 = MECHANICAL_DESIGN_GEOMETRIC_PRESENTATION_REPRESENTATION (  '', ( #296 ), #2780 ) ;
#285 = PRESENTATION_LAYER_ASSIGNMENT (  '', '', ( #295 ) ) ;
#286 = PRESENTATION_LAYER_ASSIGNMENT (  '', '', ( #1314 ) ) ;
#287 = PRESENTATION_LAYER_ASSIGNMENT (  '', '', ( #283 ) ) ;
#288 = MECHANICAL_DESIGN_GEOMETRIC_PRESENTATION_REPRESENTATION (  '', ( #295 ), #2778 ) ;
#289 = AXIS2_PLACEMENT_3D ( 'NONE', #1702, #1703, #1704 ) ;
#290 = VECTOR ( 'NONE', #1671, 1000.000000000000000 ) ;
#291 = VECTOR ( 'NONE', #1719, 1000.000000000000000 ) ;
#292 = VECTOR ( 'NONE', #1723, 1000.000000000000000 ) ;
#293 = VECTOR ( 'NONE', #1726, 1000.000000000000000 ) ;
#294 = VECTOR ( 'NONE', #1677, 1000.000000000000000 ) ;
#295 = STYLED_ITEM ( 'NONE', ( #1698 ), #424 ) ;
#296 = STYLED_ITEM ( 'NONE', ( #1732 ), #429 ) ;
#297 = VECTOR ( 'NONE', #1667, 1000.000000000000100 ) ;
#298 = VECTOR ( 'NONE', #1674, 1000.000000000000000 ) ;
#299 = MECHANICAL_DESIGN_GEOMETRIC_PRESENTATION_REPRESENTATION (  '', ( #1314 ), #2777 ) ;
#300 = AXIS2_PLACEMENT_3D ( 'NONE', #1714, #1715, #1716 ) ;
#301 = FACE_OUTER_BOUND ( 'NONE', #880, .T. ) ;
#302 = PRESENTATION_LAYER_ASSIGNMENT (  '', '', ( #296 ) ) ;
#303 = STYLED_ITEM ( 'NONE', ( #1610 ), #535 ) ;
#304 = ADVANCED_FACE ( 'NONE', ( #976 ), #954, .F. ) ;
#305 = ADVANCED_FACE ( 'NONE', ( #990 ), #985, .T. ) ;
#306 = ADVANCED_FACE ( 'NONE', ( #984 ), #981, .T. ) ;
#307 = EDGE_CURVE ( 'NONE', #3843, #3829, #2400, .T. ) ;
#308 = ADVANCED_FACE ( 'NONE', ( #957 ), #777, .T. ) ;
#309 = ADVANCED_FACE ( 'NONE', ( #956 ), #1215, .F. ) ;
#310 = ADVANCED_FACE ( 'NONE', ( #950 ), #1221, .F. ) ;
#311 = ADVANCED_FACE ( 'NONE', ( #971, #951, #979, #947, #945, #960 ), #1233, .T. ) ;
#312 = ADVANCED_FACE ( 'NONE', ( #959, #986, #949, #4419, #4411 ), #1176, .F. ) ;
#313 = EDGE_CURVE ( 'NONE', #4093, #4088, #4785, .T. ) ;
#314 = ADVANCED_FACE ( 'NONE', ( #4417 ), #1181, .F. ) ;
#315 = EDGE_CURVE ( 'NONE', #4174, #4286, #1103, .T. ) ;
#316 = ADVANCED_FACE ( 'NONE', ( #4407 ), #1175, .F. ) ;
#317 = ADVANCED_FACE ( 'NONE', ( #4371 ), #1134, .F. ) ;
#318 = ADVANCED_FACE ( 'NONE', ( #4363, #4360 ), #1102, .T. ) ;
#319 = ADVANCED_FACE ( 'NONE', ( #4399 ), #2936, .F. ) ;
#320 = EDGE_CURVE ( 'NONE', #3830, #3828, #2331, .T. ) ;
#321 = ADVANCED_FACE ( 'NONE', ( #4418 ), #2927, .F. ) ;
#322 = ADVANCED_FACE ( 'NONE', ( #4372 ), #2900, .T. ) ;
#323 = ADVANCED_FACE ( 'NONE', ( #4385 ), #4387, .F. ) ;
#324 = ADVANCED_FACE ( 'NONE', ( #4394 ), #2885, .F. ) ;
#325 = ADVANCED_FACE ( 'NONE', ( #4386 ), #2965, .F. ) ;
#326 = EDGE_CURVE ( 'NONE', #3831, #3822, #2969, .T. ) ;
#327 = EDGE_CURVE ( 'NONE', #4190, #4334, #2973, .T. ) ;
#328 = ADVANCED_FACE ( 'NONE', ( #4379 ), #2972, .F. ) ;
#329 = ADVANCED_FACE ( 'NONE', ( #4380 ), #2998, .T. ) ;
#330 = ADVANCED_FACE ( 'NONE', ( #632 ), #2948, .F. ) ;
#331 = ADVANCED_FACE ( 'NONE', ( #647 ), #2909, .F. ) ;
#332 = ADVANCED_FACE ( 'NONE', ( #649 ), #1937, .F. ) ;
#333 = ADVANCED_FACE ( 'NONE', ( #658 ), #1968, .T. ) ;
#334 = EDGE_CURVE ( 'NONE', #3856, #4190, #1935, .T. ) ;
#335 = EDGE_CURVE ( 'NONE', #4338, #4307, #4797, .T. ) ;
#336 = ADVANCED_FACE ( 'NONE', ( #656 ), #1998, .F. ) ;
#337 = EDGE_CURVE ( 'NONE', #4101, #4249, #1947, .T. ) ;
#338 = EDGE_CURVE ( 'NONE', #3859, #3853, #1941, .T. ) ;
#339 = EDGE_CURVE ( 'NONE', #3844, #3821, #1979, .T. ) ;
#340 = EDGE_CURVE ( 'NONE', #4212, #4192, #1952, .T. ) ;
#341 = EDGE_CURVE ( 'NONE', #4212, #4272, #2010, .T. ) ;
#342 = ADVANCED_FACE ( 'NONE', ( #640 ), #634, .F. ) ;
#343 = EDGE_CURVE ( 'NONE', #4345, #4239, #1999, .T. ) ;
#344 = ADVANCED_FACE ( 'NONE', ( #666 ), #2013, .F. ) ;
#345 = EDGE_CURVE ( 'NONE', #4232, #4174, #2028, .T. ) ;
#346 = EDGE_CURVE ( 'NONE', #3830, #3589, #2022, .T. ) ;
#347 = EDGE_CURVE ( 'NONE', #4112, #4258, #2025, .T. ) ;
#348 = EDGE_CURVE ( 'NONE', #4192, #4284, #2005, .T. ) ;
#349 = EDGE_CURVE ( 'NONE', #3812, #3818, #1339, .T. ) ;
#350 = EDGE_CURVE ( 'NONE', #4216, #4199, #1346, .T. ) ;
#351 = EDGE_CURVE ( 'NONE', #4117, #4112, #4751, .T. ) ;
#352 = EDGE_CURVE ( 'NONE', #4211, #4212, #1329, .T. ) ;
#353 = EDGE_CURVE ( 'NONE', #3817, #3858, #1348, .T. ) ;
#354 = EDGE_CURVE ( 'NONE', #4271, #4223, #1354, .T. ) ;
#355 = EDGE_CURVE ( 'NONE', #3858, #3819, #1398, .T. ) ;
#356 = EDGE_CURVE ( 'NONE', #4190, #4149, #1361, .T. ) ;
#357 = ADVANCED_FACE ( 'NONE', ( #5890 ), #1327, .T. ) ;
#358 = EDGE_CURVE ( 'NONE', #3811, #3822, #1344, .T. ) ;
#359 = EDGE_CURVE ( 'NONE', #4205, #3826, #1393, .T. ) ;
#360 = EDGE_CURVE ( 'NONE', #4146, #4174, #1400, .T. ) ;
#361 = ADVANCED_FACE ( 'NONE', ( #5866 ), #1322, .F. ) ;
#362 = EDGE_CURVE ( 'NONE', #4149, #4305, #2485, .T. ) ;
#363 = ADVANCED_FACE ( 'NONE', ( #5867 ), #5883, .F. ) ;
#364 = EDGE_CURVE ( 'NONE', #4084, #4117, #4694, .T. ) ;
#365 = ADVANCED_FACE ( 'NONE', ( #5879 ), #3899, .F. ) ;
#366 = EDGE_CURVE ( 'NONE', #4271, #4298, #3961, .T. ) ;
#367 = EDGE_CURVE ( 'NONE', #3797, #3820, #3893, .T. ) ;
#368 = EDGE_CURVE ( 'NONE', #4283, #4102, #4773, .T. ) ;
#369 = ADVANCED_FACE ( 'NONE', ( #5897 ), #3936, .F. ) ;
#370 = EDGE_CURVE ( 'NONE', #4073, #4342, #4683, .T. ) ;
#371 = EDGE_CURVE ( 'NONE', #4333, #4240, #3939, .T. ) ;
#372 = EDGE_CURVE ( 'NONE', #3842, #3843, #3889, .T. ) ;
#373 = EDGE_CURVE ( 'NONE', #3814, #3839, #3891, .T. ) ;
#374 = EDGE_CURVE ( 'NONE', #4096, #4259, #3884, .T. ) ;
#375 = EDGE_CURVE ( 'NONE', #4170, #4233, #3241, .T. ) ;
#376 = EDGE_CURVE ( 'NONE', #4158, #4252, #3244, .T. ) ;
#377 = EDGE_CURVE ( 'NONE', #3846, #3824, #3247, .T. ) ;
#378 = ADVANCED_FACE ( 'NONE', ( #5913 ), #3943, .T. ) ;
#379 = EDGE_CURVE ( 'NONE', #3835, #3818, #3262, .T. ) ;
#380 = EDGE_CURVE ( 'NONE', #4340, #4350, #3266, .T. ) ;
#381 = EDGE_CURVE ( 'NONE', #4286, #4306, #3269, .T. ) ;
#382 = ADVANCED_FACE ( 'NONE', ( #3521 ), #3265, .F. ) ;
#383 = ADVANCED_FACE ( 'NONE', ( #3525 ), #3293, .F. ) ;
#384 = EDGE_CURVE ( 'NONE', #4086, #4103, #3297, .T. ) ;
#385 = EDGE_CURVE ( 'NONE', #3847, #3832, #3301, .T. ) ;
#386 = EDGE_CURVE ( 'NONE', #3828, #3857, #3304, .T. ) ;
#387 = EDGE_CURVE ( 'NONE', #4253, #3834, #3307, .T. ) ;
#388 = EDGE_CURVE ( 'NONE', #3822, #4193, #3310, .T. ) ;
#389 = EDGE_CURVE ( 'NONE', #4141, #4286, #3313, .T. ) ;
#390 = ADVANCED_FACE ( 'NONE', ( #3517 ), #3300, .T. ) ;
#391 = EDGE_CURVE ( 'NONE', #4281, #4260, #3328, .T. ) ;
#392 = EDGE_CURVE ( 'NONE', #4141, #4089, #3332, .T. ) ;
#393 = EDGE_CURVE ( 'NONE', #3833, #3848, #3335, .T. ) ;
#394 = EDGE_CURVE ( 'NONE', #3821, #4248, #3338, .T. ) ;
#395 = EDGE_CURVE ( 'NONE', #4208, #4230, #3341, .T. ) ;
#396 = EDGE_CURVE ( 'NONE', #4245, #4251, #3344, .T. ) ;
#397 = EDGE_CURVE ( 'NONE', #3851, #4257, #3347, .T. ) ;
#398 = EDGE_CURVE ( 'NONE', #4199, #4245, #3350, .T. ) ;
#399 = EDGE_CURVE ( 'NONE', #3816, #3854, #3353, .T. ) ;
#400 = EDGE_CURVE ( 'NONE', #4206, #4135, #3356, .T. ) ;
#401 = EDGE_CURVE ( 'NONE', #4235, #4184, #3359, .T. ) ;
#402 = EDGE_CURVE ( 'NONE', #4112, #4106, #3362, .T. ) ;
#403 = EDGE_CURVE ( 'NONE', #4146, #4141, #3365, .T. ) ;
#404 = EDGE_CURVE ( 'NONE', #4086, #4167, #3368, .T. ) ;
#405 = EDGE_CURVE ( 'NONE', #4230, #4248, #3371, .T. ) ;
#406 = EDGE_CURVE ( 'NONE', #4076, #4084, #4762, .T. ) ;
#407 = ADVANCED_FACE ( 'NONE', ( #1307 ), #3384, .F. ) ;
#408 = ADVANCED_FACE ( 'NONE', ( #1311 ), #3406, .T. ) ;
#409 = EDGE_CURVE ( 'NONE', #3823, #3846, #3410, .T. ) ;
#410 = EDGE_CURVE ( 'NONE', #4334, #4329, #3414, .T. ) ;
#411 = ADVANCED_FACE ( 'NONE', ( #1308 ), #3413, .F. ) ;
#412 = EDGE_CURVE ( 'NONE', #4106, #4263, #3429, .T. ) ;
#413 = EDGE_CURVE ( 'NONE', #4192, #4278, #3433, .T. ) ;
#414 = EDGE_CURVE ( 'NONE', #4163, #4221, #3436, .T. ) ;
#415 = EDGE_CURVE ( 'NONE', #4317, #4173, #3439, .T. ) ;
#416 = EDGE_CURVE ( 'NONE', #4345, #3834, #3442, .T. ) ;
#417 = EDGE_CURVE ( 'NONE', #4173, #4124, #2516, .T. ) ;
#418 = ADVANCED_FACE ( 'NONE', ( #1310 ), #3447, .F. ) ;
#419 = EDGE_CURVE ( 'NONE', #4340, #4207, #3460, .T. ) ;
#420 = EDGE_CURVE ( 'NONE', #3816, #3824, #1669, .T. ) ;
#421 = EDGE_CURVE ( 'NONE', #4307, #4202, #1672, .T. ) ;
#422 = EDGE_CURVE ( 'NONE', #3833, #3845, #1675, .T. ) ;
#423 = EDGE_CURVE ( 'NONE', #4307, #4299, #4770, .T. ) ;
#424 = ADVANCED_FACE ( 'NONE', ( #301 ), #1692, .T. ) ;
#425 = ADVANCED_FACE ( 'NONE', ( #276 ), #281, .F. ) ;
#426 = EDGE_CURVE ( 'NONE', #3832, #3835, #1717, .T. ) ;
#427 = EDGE_CURVE ( 'NONE', #3844, #4230, #1721, .T. ) ;
#428 = EDGE_CURVE ( 'NONE', #4224, #4301, #1724, .T. ) ;
#429 = ADVANCED_FACE ( 'NONE', ( #278 ), #1720, .F. ) ;
#430 = EDGE_CURVE ( 'NONE', #4328, #4340, #1739, .T. ) ;
#431 = EDGE_CURVE ( 'NONE', #4315, #4193, #1743, .T. ) ;
#432 = EDGE_CURVE ( 'NONE', #4227, #4186, #1746, .T. ) ;
#433 = EDGE_CURVE ( 'NONE', #4173, #4160, #1749, .T. ) ;
#434 = EDGE_CURVE ( 'NONE', #4136, #4253, #1752, .T. ) ;
#435 = EDGE_CURVE ( 'NONE', #4103, #4267, #1755, .T. ) ;
#436 = EDGE_CURVE ( 'NONE', #4328, #4348, #1758, .T. ) ;
#437 = EDGE_CURVE ( 'NONE', #4207, #4328, #1761, .T. ) ;
#438 = EDGE_CURVE ( 'NONE', #4103, #4152, #1764, .T. ) ;
#439 = EDGE_CURVE ( 'NONE', #4074, #4304, #1767, .T. ) ;
#440 = EDGE_CURVE ( 'NONE', #4124, #4100, #1770, .T. ) ;
#441 = EDGE_CURVE ( 'NONE', #4236, #4258, #4702, .T. ) ;
#442 = EDGE_CURVE ( 'NONE', #4233, #3843, #1788, .T. ) ;
#443 = EDGE_CURVE ( 'NONE', #3816, #4262, #1791, .T. ) ;
#444 = ADVANCED_FACE ( 'NONE', ( #43 ), #1787, .T. ) ;
#445 = EDGE_CURVE ( 'NONE', #3845, #4208, #1806, .T. ) ;
#446 = EDGE_CURVE ( 'NONE', #4223, #4136, #1810, .T. ) ;
#447 = EDGE_CURVE ( 'NONE', #4158, #4163, #4746, .T. ) ;
#448 = EDGE_CURVE ( 'NONE', #4317, #4194, #1828, .T. ) ;
#449 = EDGE_CURVE ( 'NONE', #4353, #4348, #1831, .T. ) ;
#450 = EDGE_CURVE ( 'NONE', #4221, #4229, #4760, .T. ) ;
#451 = EDGE_CURVE ( 'NONE', #4183, #4228, #1853, .T. ) ;
#452 = COLOUR_RGB ( '',0.2509803921568627400, 0.2509803921568627400, 0.2509803921568627400 ) ;
#453 = EDGE_CURVE ( 'NONE', #4272, #4284, #1856, .T. ) ;
#454 = EDGE_CURVE ( 'NONE', #3828, #3830, #2478, .T. ) ;
#455 = EDGE_CURVE ( 'NONE', #4287, #4197, #1862, .T. ) ;
#456 = EDGE_CURVE ( 'NONE', #4117, #4236, #1865, .T. ) ;
#457 = EDGE_CURVE ( 'NONE', #4259, #4276, #4704, .T. ) ;
#458 = EDGE_CURVE ( 'NONE', #3845, #3844, #1879, .T. ) ;
#459 = EDGE_CURVE ( 'NONE', #3812, #3847, #1882, .T. ) ;
#460 = EDGE_CURVE ( 'NONE', #4299, #4333, #4779, .T. ) ;
#461 = EDGE_CURVE ( 'NONE', #4325, #4249, #1892, .T. ) ;
#462 = EDGE_CURVE ( 'NONE', #4135, #4202, #4691, .T. ) ;
#463 = EDGE_CURVE ( 'NONE', #3856, #3825, #1906, .T. ) ;
#464 = EDGE_CURVE ( 'NONE', #4167, #4267, #1909, .T. ) ;
#465 = EDGE_CURVE ( 'NONE', #4205, #4248, #1912, .T. ) ;
#466 = EDGE_CURVE ( 'NONE', #3827, #3841, #1915, .T. ) ;
#467 = ADVANCED_FACE ( 'NONE', ( #1289 ), #1905, .F. ) ;
#468 = EDGE_CURVE ( 'NONE', #4224, #4074, #5011, .T. ) ;
#469 = EDGE_CURVE ( 'NONE', #4329, #4288, #5015, .T. ) ;
#470 = EDGE_CURVE ( 'NONE', #3849, #3837, #5018, .T. ) ;
#471 = EDGE_CURVE ( 'NONE', #3829, #3610, #5021, .T. ) ;
#472 = EDGE_CURVE ( 'NONE', #3837, #3827, #5024, .T. ) ;
#473 = EDGE_CURVE ( 'NONE', #4093, #4276, #5027, .T. ) ;
#474 = EDGE_CURVE ( 'NONE', #4263, #4259, #4780, .T. ) ;
#475 = EDGE_CURVE ( 'NONE', #4183, #4235, #2336, .T. ) ;
#476 = EDGE_CURVE ( 'NONE', #3853, #3848, #5048, .T. ) ;
#477 = ADVANCED_FACE ( 'NONE', ( #4062 ), #5047, .F. ) ;
#478 = EDGE_CURVE ( 'NONE', #4306, #4325, #5063, .T. ) ;
#479 = EDGE_CURVE ( 'NONE', #3839, #3855, #5067, .T. ) ;
#480 = ADVANCED_FACE ( 'NONE', ( #4064 ), #5066, .F. ) ;
#481 = EDGE_CURVE ( 'NONE', #3841, #3849, #5082, .T. ) ;
#482 = EDGE_CURVE ( 'NONE', #4247, #4244, #5086, .T. ) ;
#483 = EDGE_CURVE ( 'NONE', #4256, #4247, #5089, .T. ) ;
#484 = EDGE_CURVE ( 'NONE', #3825, #3797, #2421, .T. ) ;
#485 = EDGE_CURVE ( 'NONE', #3819, #3852, #5095, .T. ) ;
#486 = EDGE_CURVE ( 'NONE', #3854, #3811, #5098, .T. ) ;
#487 = EDGE_CURVE ( 'NONE', #4129, #4281, #5101, .T. ) ;
#488 = EDGE_CURVE ( 'NONE', #3857, #3589, #2322, .T. ) ;
#489 = EDGE_CURVE ( 'NONE', #3855, #3840, #5107, .T. ) ;
#490 = ADVANCED_FACE ( 'NONE', ( #5232 ), #5106, .T. ) ;
#491 = EDGE_CURVE ( 'NONE', #4342, #4338, #5122, .T. ) ;
#492 = EDGE_CURVE ( 'NONE', #3820, #3831, #2447, .T. ) ;
#493 = ADVANCED_FACE ( 'NONE', ( #685 ), #5128, .T. ) ;
#494 = EDGE_CURVE ( 'NONE', #4233, #4311, #2480, .T. ) ;
#495 = ADVANCED_FACE ( 'NONE', ( #680 ), #4059, .T. ) ;
#496 = EDGE_CURVE ( 'NONE', #4350, #4353, #5156, .T. ) ;
#497 = EDGE_CURVE ( 'NONE', #4188, #4076, #4775, .T. ) ;
#498 = EDGE_CURVE ( 'NONE', #4294, #4225, #5171, .T. ) ;
#499 = EDGE_CURVE ( 'NONE', #3834, #3850, #5174, .T. ) ;
#500 = EDGE_CURVE ( 'NONE', #4333, #4188, #4772, .T. ) ;
#501 = EDGE_CURVE ( 'NONE', #4260, #4287, #5188, .T. ) ;
#502 = EDGE_CURVE ( 'NONE', #4088, #4322, #5191, .T. ) ;
#503 = EDGE_CURVE ( 'NONE', #4338, #4135, #5194, .T. ) ;
#504 = EDGE_CURVE ( 'NONE', #4299, #4185, #5197, .T. ) ;
#505 = EDGE_CURVE ( 'NONE', #3610, #3826, #2488, .T. ) ;
#506 = EDGE_CURVE ( 'NONE', #3842, #3823, #5203, .T. ) ;
#507 = EDGE_CURVE ( 'NONE', #4225, #4256, #5206, .T. ) ;
#508 = ADVANCED_FACE ( 'NONE', ( #3545 ), #5202, .F. ) ;
#509 = ADVANCED_FACE ( 'NONE', ( #3579 ), #1408, .F. ) ;
#510 = EDGE_CURVE ( 'NONE', #4267, #4232, #1412, .T. ) ;
#511 = EDGE_CURVE ( 'NONE', #4088, #4158, #4710, .T. ) ;
#512 = EDGE_CURVE ( 'NONE', #4252, #4221, #4711, .T. ) ;
#513 = EDGE_CURVE ( 'NONE', #4239, #4138, #1442, .T. ) ;
#514 = EDGE_CURVE ( 'NONE', #4138, #3851, #1445, .T. ) ;
#515 = EDGE_CURVE ( 'NONE', #4251, #4272, #1448, .T. ) ;
#516 = ADVANCED_FACE ( 'NONE', ( #3573 ), #3564, .T. ) ;
#517 = EDGE_CURVE ( 'NONE', #4163, #4073, #4706, .T. ) ;
#518 = EDGE_CURVE ( 'NONE', #4124, #4183, #1482, .T. ) ;
#519 = ADVANCED_FACE ( 'NONE', ( #3563 ), #1481, .F. ) ;
#520 = EDGE_CURVE ( 'NONE', #4258, #4263, #1497, .T. ) ;
#521 = ADVANCED_FACE ( 'NONE', ( #3547 ), #1500, .F. ) ;
#522 = EDGE_CURVE ( 'NONE', #3840, #3814, #1513, .T. ) ;
#523 = ADVANCED_FACE ( 'NONE', ( #3551 ), #1516, .F. ) ;
#524 = EDGE_CURVE ( 'NONE', #3852, #3817, #1529, .T. ) ;
#525 = EDGE_CURVE ( 'NONE', #4170, #4308, #1533, .T. ) ;
#526 = EDGE_CURVE ( 'NONE', #4249, #4167, #1536, .T. ) ;
#527 = ADVANCED_FACE ( 'NONE', ( #3541 ), #1532, .T. ) ;
#528 = EDGE_CURVE ( 'NONE', #4298, #4136, #1551, .T. ) ;
#529 = EDGE_CURVE ( 'NONE', #4218, #4294, #1555, .T. ) ;
#530 = EDGE_CURVE ( 'NONE', #4202, #4185, #4716, .T. ) ;
#531 = ADVANCED_FACE ( 'NONE', ( #1014 ), #1572, .T. ) ;
#532 = EDGE_CURVE ( 'NONE', #4343, #4345, #1585, .T. ) ;
#533 = ADVANCED_FACE ( 'NONE', ( #1018 ), #1588, .F. ) ;
#534 = EDGE_CURVE ( 'NONE', #4149, #3825, #1601, .T. ) ;
#535 = ADVANCED_FACE ( 'NONE', ( #1024 ), #1604, .F. ) ;
#536 = ADVANCED_FACE ( 'NONE', ( #1631 ), #2048, .T. ) ;
#537 = ADVANCED_FACE ( 'NONE', ( #1663 ), #2061, .F. ) ;
#538 = EDGE_CURVE ( 'NONE', #4229, #4206, #4682, .T. ) ;
#539 = EDGE_CURVE ( 'NONE', #4227, #4224, #2438, .T. ) ;
#540 = EDGE_CURVE ( 'NONE', #4215, #4208, #2088, .T. ) ;
#541 = EDGE_CURVE ( 'NONE', #4278, #4271, #2091, .T. ) ;
#542 = EDGE_CURVE ( 'NONE', #3824, #4265, #2094, .T. ) ;
#543 = EDGE_CURVE ( 'NONE', #4073, #4229, #2097, .T. ) ;
#544 = EDGE_CURVE ( 'NONE', #4244, #4129, #2100, .T. ) ;
#545 = EDGE_CURVE ( 'NONE', #3856, #3859, #2103, .T. ) ;
#546 = EDGE_CURVE ( 'NONE', #4216, #4257, #2106, .T. ) ;
#547 = EDGE_CURVE ( 'NONE', #4102, #4236, #4718, .T. ) ;
#548 = EDGE_CURVE ( 'NONE', #3842, #4170, #2124, .T. ) ;
#549 = EDGE_CURVE ( 'NONE', #4188, #4107, #2127, .T. ) ;
#550 = EDGE_CURVE ( 'NONE', #4240, #4107, #4720, .T. ) ;
#551 = EDGE_CURVE ( 'NONE', #4315, #3831, #2141, .T. ) ;
#552 = EDGE_CURVE ( 'NONE', #4101, #4086, #2144, .T. ) ;
#553 = ADVANCED_FACE ( 'NONE', ( #1652 ), #2140, .F. ) ;
#554 = EDGE_CURVE ( 'NONE', #3589, #3857, #2513, .T. ) ;
#555 = EDGE_CURVE ( 'NONE', #4284, #4219, #2163, .T. ) ;
#556 = ADVANCED_FACE ( 'NONE', ( #1636 ), #2162, .F. ) ;
#557 = EDGE_CURVE ( 'NONE', #4215, #4288, #2178, .T. ) ;
#558 = ADVANCED_FACE ( 'NONE', ( #1638 ), #2181, .F. ) ;
#559 = EDGE_CURVE ( 'NONE', #4096, #4093, #4719, .T. ) ;
#560 = EDGE_CURVE ( 'NONE', #4348, #4350, #2206, .T. ) ;
#561 = EDGE_CURVE ( 'NONE', #4106, #4096, #4722, .T. ) ;
#562 = EDGE_CURVE ( 'NONE', #4211, #4251, #2224, .T. ) ;
#563 = EDGE_CURVE ( 'NONE', #4223, #4343, #2227, .T. ) ;
#564 = EDGE_CURVE ( 'NONE', #3826, #3821, #2230, .T. ) ;
#565 = EDGE_CURVE ( 'NONE', #4235, #4227, #2233, .T. ) ;
#566 = EDGE_CURVE ( 'NONE', #4074, #4317, #2501, .T. ) ;
#567 = EDGE_CURVE ( 'NONE', #4107, #4283, #4721, .T. ) ;
#568 = EDGE_CURVE ( 'NONE', #4278, #4219, #2250, .T. ) ;
#569 = EDGE_CURVE ( 'NONE', #4257, #4245, #2253, .T. ) ;
#570 = EDGE_CURVE ( 'NONE', #4342, #4206, #2256, .T. ) ;
#571 = ADVANCED_FACE ( 'NONE', ( #3476 ), #3482, .F. ) ;
#572 = EDGE_CURVE ( 'NONE', #4197, #4218, #2270, .T. ) ;
#573 = EDGE_CURVE ( 'NONE', #4239, #3850, #2274, .T. ) ;
#574 = ADVANCED_FACE ( 'NONE', ( #3484 ), #2273, .F. ) ;
#575 = EDGE_CURVE ( 'NONE', #4138, #4216, #61, .T. ) ;
#576 = EDGE_CURVE ( 'NONE', #4219, #4298, #65, .T. ) ;
#577 = EDGE_CURVE ( 'NONE', #4311, #4335, #68, .T. ) ;
#578 = EDGE_CURVE ( 'NONE', #4276, #4322, #4724, .T. ) ;
#579 = EDGE_CURVE ( 'NONE', #4322, #4252, #4657, .T. ) ;
#580 = EDGE_CURVE ( 'NONE', #4084, #4102, #93, .T. ) ;
#581 = EDGE_CURVE ( 'NONE', #4185, #4240, #4723, .T. ) ;
#582 = EDGE_CURVE ( 'NONE', #4199, #4211, #103, .T. ) ;
#583 = EDGE_CURVE ( 'NONE', #4335, #4205, #2407, .T. ) ;
#584 = EDGE_CURVE ( 'NONE', #4076, #4283, #109, .T. ) ;
#585 = EDGE_CURVE ( 'NONE', #4343, #4253, #112, .T. ) ;
#586 = EDGE_CURVE ( 'NONE', #3850, #3851, #115, .T. ) ;
#587 = MECHANICAL_DESIGN_GEOMETRIC_PRESENTATION_REPRESENTATION (  '', ( #1020 ), #2804 ) ;
#588 = MECHANICAL_DESIGN_GEOMETRIC_PRESENTATION_REPRESENTATION (  '', ( #600 ), #2807 ) ;
#589 = PRESENTATION_LAYER_ASSIGNMENT (  '', '', ( #600 ) ) ;
#590 = AXIS2_PLACEMENT_3D ( 'NONE', #191, #192, #193 ) ;
#591 = VECTOR ( 'NONE', #2276, 1000.000000000000000 ) ;
#592 = VECTOR ( 'NONE', #181, 1000.000000000000000 ) ;
#593 = PRESENTATION_LAYER_ASSIGNMENT (  '', '', ( #1020 ) ) ;
#594 = FACE_OUTER_BOUND ( 'NONE', #743, .T. ) ;
#595 = VECTOR ( 'NONE', #177, 1000.000000000000100 ) ;
#596 = PRESENTATION_LAYER_ASSIGNMENT (  '', '', ( #599 ) ) ;
#597 = AXIS2_PLACEMENT_3D ( 'NONE', #102, #106, #107 ) ;
#598 = MECHANICAL_DESIGN_GEOMETRIC_PRESENTATION_REPRESENTATION (  '', ( #599 ), #2806 ) ;
#599 = STYLED_ITEM ( 'NONE', ( #167 ), #2285 ) ;
#600 = STYLED_ITEM ( 'NONE', ( #187 ), #2288 ) ;
#601 = FACE_OUTER_BOUND ( 'NONE', #757, .T. ) ;
#602 = VECTOR ( 'NONE', #162, 1000.000000000000000 ) ;
#603 = AXIS2_PLACEMENT_3D ( 'NONE', #210, #211, #212 ) ;
#604 = AXIS2_PLACEMENT_3D ( 'NONE', #58, #59, #60 ) ;
#605 = FACE_OUTER_BOUND ( 'NONE', #765, .T. ) ;
#606 = VECTOR ( 'NONE', #2272, 1000.000000000000100 ) ;
#607 = VECTOR ( 'NONE', #67, 1000.000000000000000 ) ;
#608 = AXIS2_PLACEMENT_3D ( 'NONE', #172, #173, #174 ) ;
#609 = FACE_BOUND ( 'NONE', #790, .T. ) ;
#610 = VECTOR ( 'NONE', #158, 1000.000000000000000 ) ;
#611 = VECTOR ( 'NONE', #200, 1000.000000000000000 ) ;
#612 = VECTOR ( 'NONE', #63, 1000.000000000000000 ) ;
#613 = FACE_OUTER_BOUND ( 'NONE', #722, .T. ) ;
#614 = MECHANICAL_DESIGN_GEOMETRIC_PRESENTATION_REPRESENTATION (  '', ( #615 ), #2805 ) ;
#615 = STYLED_ITEM ( 'NONE', ( #122 ), #2282 ) ;
#616 = FACE_OUTER_BOUND ( 'NONE', #793, .T. ) ;
#617 = STYLED_ITEM ( 'NONE', ( #206 ), #2292 ) ;
#618 = VECTOR ( 'NONE', #196, 1000.000000000000000 ) ;
#619 = PRESENTATION_LAYER_ASSIGNMENT (  '', '', ( #615 ) ) ;
#620 = VECTOR ( 'NONE', #95, 1000.000000000000000 ) ;
#621 = VECTOR ( 'NONE', #70, 1000.000000000000000 ) ;
#622 = VECTOR ( 'NONE', #114, 1000.000000000000000 ) ;
#623 = FACE_OUTER_BOUND ( 'NONE', #786, .T. ) ;
#624 = VECTOR ( 'NONE', #117, 1000.000000000000000 ) ;
#625 = VECTOR ( 'NONE', #111, 1000.000000000000000 ) ;
#626 = VECTOR ( 'NONE', #105, 1000.000000000000000 ) ;
#627 = FACE_OUTER_BOUND ( 'NONE', #766, .T. ) ;
#628 = VECTOR ( 'NONE', #1963, 1000.000000000000000 ) ;
#629 = MECHANICAL_DESIGN_GEOMETRIC_PRESENTATION_REPRESENTATION (  '', ( #4381 ), #2757 ) ;
#630 = VECTOR ( 'NONE', #1980, 1000.000000000000000 ) ;
#631 = STYLED_ITEM ( 'NONE', ( #2017 ), #336 ) ;
#632 = FACE_OUTER_BOUND ( 'NONE', #725, .T. ) ;
#633 = AXIS2_PLACEMENT_3D ( 'NONE', #2999, #3000, #3001 ) ;
#634 = CYLINDRICAL_SURFACE ( 'NONE', #663, 0.1000000000000000500 ) ;
#635 = STYLED_ITEM ( 'NONE', ( #2994 ), #329 ) ;
#636 = VECTOR ( 'NONE', #1993, 1000.000000000000000 ) ;
#637 = PRESENTATION_LAYER_ASSIGNMENT (  '', '', ( #635 ) ) ;
#638 = MECHANICAL_DESIGN_GEOMETRIC_PRESENTATION_REPRESENTATION (  '', ( #635 ), #2758 ) ;
#639 = VECTOR ( 'NONE', #1985, 1000.000000000000000 ) ;
#640 = FACE_OUTER_BOUND ( 'NONE', #702, .T. ) ;
#641 = AXIS2_PLACEMENT_3D ( 'NONE', #2018, #1934, #1994 ) ;
#642 = AXIS2_PLACEMENT_3D ( 'NONE', #2946, #2947, #2944 ) ;
#643 = STYLED_ITEM ( 'NONE', ( #3007 ), #330 ) ;
#644 = PRESENTATION_LAYER_ASSIGNMENT (  '', '', ( #643 ) ) ;
#645 = MECHANICAL_DESIGN_GEOMETRIC_PRESENTATION_REPRESENTATION (  '', ( #643 ), #2759 ) ;
#646 = MECHANICAL_DESIGN_GEOMETRIC_PRESENTATION_REPRESENTATION (  '', ( #631 ), #2763 ) ;
#647 = FACE_OUTER_BOUND ( 'NONE', #739, .T. ) ;
#648 = PRESENTATION_LAYER_ASSIGNMENT (  '', '', ( #631 ) ) ;
#649 = FACE_OUTER_BOUND ( 'NONE', #783, .T. ) ;
#650 = AXIS2_PLACEMENT_3D ( 'NONE', #2890, #2916, #2908 ) ;
#651 = VECTOR ( 'NONE', #2004, 1000.000000000000000 ) ;
#652 = STYLED_ITEM ( 'NONE', ( #2930 ), #331 ) ;
#653 = PRESENTATION_LAYER_ASSIGNMENT (  '', '', ( #652 ) ) ;
#654 = MECHANICAL_DESIGN_GEOMETRIC_PRESENTATION_REPRESENTATION (  '', ( #652 ), #2760 ) ;
#655 = VECTOR ( 'NONE', #1957, 1000.000000000000000 ) ;
#656 = FACE_OUTER_BOUND ( 'NONE', #705, .T. ) ;
#657 = STYLED_ITEM ( 'NONE', ( #1977 ), #342 ) ;
#658 = FACE_OUTER_BOUND ( 'NONE', #742, .T. ) ;
#659 = AXIS2_PLACEMENT_3D ( 'NONE', #2024, #2016, #2001 ) ;
#660 = AXIS2_PLACEMENT_3D ( 'NONE', #1960, #1967, #1997 ) ;
#661 = MECHANICAL_DESIGN_GEOMETRIC_PRESENTATION_REPRESENTATION (  '', ( #657 ), #2764 ) ;
#662 = STYLED_ITEM ( 'NONE', ( #1940 ), #332 ) ;
#663 = AXIS2_PLACEMENT_3D ( 'NONE', #1951, #2003, #1950 ) ;
#664 = PRESENTATION_LAYER_ASSIGNMENT (  '', '', ( #662 ) ) ;
#665 = MECHANICAL_DESIGN_GEOMETRIC_PRESENTATION_REPRESENTATION (  '', ( #662 ), #2761 ) ;
#666 = FACE_OUTER_BOUND ( 'NONE', #727, .T. ) ;
#667 = AXIS2_PLACEMENT_3D ( 'NONE', #1961, #1955, #1969 ) ;
#668 = STYLED_ITEM ( 'NONE', ( #1990 ), #333 ) ;
#669 = PRESENTATION_LAYER_ASSIGNMENT (  '', '', ( #668 ) ) ;
#670 = PRESENTATION_LAYER_ASSIGNMENT (  '', '', ( #657 ) ) ;
#671 = MECHANICAL_DESIGN_GEOMETRIC_PRESENTATION_REPRESENTATION (  '', ( #668 ), #2762 ) ;
#672 = VECTOR ( 'NONE', #2015, 1000.000000000000000 ) ;
#673 = VECTOR ( 'NONE', #5124, 1000.000000000000100 ) ;
#674 = VECTOR ( 'NONE', #5103, 1000.000000000000000 ) ;
#675 = STYLED_ITEM ( 'NONE', ( #5134 ), #493 ) ;
#676 = VECTOR ( 'NONE', #5109, 1000.000000000000000 ) ;
#677 = AXIS2_PLACEMENT_3D ( 'NONE', #5138, #5139, #5140 ) ;
#678 = AXIS2_PLACEMENT_3D ( 'NONE', #5125, #5126, #5127 ) ;
#679 = PRESENTATION_LAYER_ASSIGNMENT (  '', '', ( #675 ) ) ;
#680 = FACE_OUTER_BOUND ( 'NONE', #770, .T. ) ;
#681 = MECHANICAL_DESIGN_GEOMETRIC_PRESENTATION_REPRESENTATION (  '', ( #675 ), #2786 ) ;
#682 = STYLED_ITEM ( 'NONE', ( #5150 ), #495 ) ;
#683 = PRESENTATION_LAYER_ASSIGNMENT (  '', '', ( #686 ) ) ;
#684 = MECHANICAL_DESIGN_GEOMETRIC_PRESENTATION_REPRESENTATION (  '', ( #686 ), #2785 ) ;
#685 = FACE_OUTER_BOUND ( 'NONE', #745, .T. ) ;
#686 = STYLED_ITEM ( 'NONE', ( #5115 ), #490 ) ;
#687 = AXIS2_PLACEMENT_3D ( 'NONE', #5141, #5142, #5143 ) ;
#688 = EDGE_LOOP ( 'NONE', ( #5577, #5583, #5567, #5585 ) ) ;
#689 = EDGE_LOOP ( 'NONE', ( #4105, #4092, #4116, #4087 ) ) ;
#690 = EDGE_LOOP ( 'NONE', ( #5581, #5580, #5582, #5571 ) ) ;
#691 = EDGE_LOOP ( 'NONE', ( #3792, #3768, #3685, #3687 ) ) ;
#692 = EDGE_LOOP ( 'NONE', ( #4297, #4198, #4309, #4289 ) ) ;
#693 = EDGE_LOOP ( 'NONE', ( #3714, #3716, #3717, #3719 ) ) ;
#694 = EDGE_LOOP ( 'NONE', ( #4154, #4320, #4200, #4302 ) ) ;
#695 = EDGE_LOOP ( 'NONE', ( #866, #868, #912, #842 ) ) ;
#696 = EDGE_LOOP ( 'NONE', ( #4341, #4339, #4072, #4336 ) ) ;
#697 = EDGE_LOOP ( 'NONE', ( #865, #813, #819, #818 ) ) ;
#698 = EDGE_LOOP ( 'NONE', ( #850, #827, #853, #834 ) ) ;
#699 = EDGE_LOOP ( 'NONE', ( #823, #820, #821, #779 ) ) ;
#700 = EDGE_LOOP ( 'NONE', ( #3642, #3651, #3653, #3669, #3679, #3647, #3648, #3650, #3649, #3661, #3660, #3659, #3644, #3641, #922, #829, #817, #778, #856, #924, #851, #920, #857, #872 ) ) ;
#701 = EDGE_LOOP ( 'NONE', ( #3662, #5497, #5515, #3680, #3668, #5551, #5548, #5556 ) ) ;
#702 = EDGE_LOOP ( 'NONE', ( #870, #899, #852, #811 ) ) ;
#703 = EDGE_LOOP ( 'NONE', ( #5540, #5537 ) ) ;
#704 = EDGE_LOOP ( 'NONE', ( #5514, #5504, #5499, #5552 ) ) ;
#705 = EDGE_LOOP ( 'NONE', ( #3678, #3639, #3643, #3638 ) ) ;
#706 = EDGE_LOOP ( 'NONE', ( #5545, #5530, #5534, #5535, #5527, #5533, #5528, #5526, #5507, #5508, #5505, #5513 ) ) ;
#707 = EDGE_LOOP ( 'NONE', ( #3655, #3621, #3652, #3620, #3676, #3628, #3627, #3626, #3625, #3624, #3623 ) ) ;
#708 = EDGE_LOOP ( 'NONE', ( #5496, #5512, #5547, #5510, #5542 ) ) ;
#709 = EDGE_LOOP ( 'NONE', ( #844, #836, #780, #791 ) ) ;
#710 = EDGE_LOOP ( 'NONE', ( #3637, #3635, #3636, #3634 ) ) ;
#711 = EDGE_LOOP ( 'NONE', ( #5566, #5568, #3663, #5565, #5570, #5553, #5549, #3670, #3682, #3664, #3769, #3654, #3796, #3645, #3657, #3658, #3656 ) ) ;
#712 = EDGE_LOOP ( 'NONE', ( #3788, #3790, #3791, #3793 ) ) ;
#713 = EDGE_LOOP ( 'NONE', ( #5561, #3667, #5555, #5563, #3666, #5558, #5560, #3665 ) ) ;
#714 = EDGE_LOOP ( 'NONE', ( #3677, #3630, #3631, #3629 ) ) ;
#715 = EDGE_LOOP ( 'NONE', ( #3805, #4157, #4316, #886 ) ) ;
#716 = EDGE_LOOP ( 'NONE', ( #782, #787, #843, #921 ) ) ;
#717 = EDGE_LOOP ( 'NONE', ( #3865, #3870, #864, #3861 ) ) ;
#718 = EDGE_LOOP ( 'NONE', ( #862, #871, #867, #785 ) ) ;
#719 = EDGE_LOOP ( 'NONE', ( #900, #3617, #3675, #3619 ) ) ;
#720 = EDGE_LOOP ( 'NONE', ( #927, #935, #926, #923 ) ) ;
#721 = EDGE_LOOP ( 'NONE', ( #875, #931, #933, #4282 ) ) ;
#722 = EDGE_LOOP ( 'NONE', ( #885, #879, #883, #792 ) ) ;
#723 = EDGE_LOOP ( 'NONE', ( #3674, #3615, #3618, #3614 ) ) ;
#724 = EDGE_LOOP ( 'NONE', ( #3867, #3873, #3860, #3862 ) ) ;
#725 = EDGE_LOOP ( 'NONE', ( #3875, #3864, #3871, #3869 ) ) ;
#726 = EDGE_LOOP ( 'NONE', ( #3836, #3838 ) ) ;
#727 = EDGE_LOOP ( 'NONE', ( #882, #3806, #3807, #909 ) ) ;
#728 = EDGE_LOOP ( 'NONE', ( #3877, #3872, #3874, #3866 ) ) ;
#729 = EDGE_LOOP ( 'NONE', ( #3815, #3601, #3809, #3813 ) ) ;
#730 = EDGE_LOOP ( 'NONE', ( #919, #936, #835, #934 ) ) ;
#731 = EDGE_LOOP ( 'NONE', ( #918, #893, #892, #916 ) ) ;
#732 = EDGE_LOOP ( 'NONE', ( #5484, #5478, #5473, #3808 ) ) ;
#733 = EDGE_LOOP ( 'NONE', ( #3868, #3600, #3863, #3876 ) ) ;
#734 = EDGE_LOOP ( 'NONE', ( #915, #914, #917, #911, #913 ) ) ;
#735 = EDGE_LOOP ( 'NONE', ( #3673, #3672, #3671 ) ) ;
#736 = EDGE_LOOP ( 'NONE', ( #4231, #4290, #4330, #4071 ) ) ;
#737 = EDGE_LOOP ( 'NONE', ( #5587, #5589, #5590, #5591 ) ) ;
#738 = EDGE_LOOP ( 'NONE', ( #930, #932, #928, #925 ) ) ;
#739 = EDGE_LOOP ( 'NONE', ( #4323, #4210, #4285, #4313 ) ) ;
#740 = EDGE_LOOP ( 'NONE', ( #4234, #4238, #4321, #4172 ) ) ;
#741 = EDGE_LOOP ( 'NONE', ( #4264, #4274, #4266, #4246 ) ) ;
#742 = EDGE_LOOP ( 'NONE', ( #4242, #4261, #4175, #4241 ) ) ;
#743 = EDGE_LOOP ( 'NONE', ( #4070, #4354, #4352, #4344 ) ) ;
#744 = EDGE_LOOP ( 'NONE', ( #4144, #4153, #4126, #4195, #4134, #4142, #4110, #4122, #4131, #4108, #4099 ) ) ;
#745 = EDGE_LOOP ( 'NONE', ( #4310, #4324, #4300, #4326 ) ) ;
#746 = EDGE_LOOP ( 'NONE', ( #4237, #4151, #4156, #4139 ) ) ;
#747 = EDGE_LOOP ( 'NONE', ( #5472, #5519, #5468, #5531 ) ) ;
#748 = EDGE_LOOP ( 'NONE', ( #4349, #4347, #4346, #4280 ) ) ;
#749 = EDGE_LOOP ( 'NONE', ( #4080, #4356, #4075, #4351 ) ) ;
#750 = EDGE_LOOP ( 'NONE', ( #4094, #4079, #4083, #4082 ) ) ;
#751 = EDGE_LOOP ( 'NONE', ( #4277, #4279, #4269, #4254 ) ) ;
#752 = EDGE_LOOP ( 'NONE', ( #4140, #4128, #4137, #4125 ) ) ;
#753 = EDGE_LOOP ( 'NONE', ( #3744, #3745, #3746, #3748 ) ) ;
#754 = EDGE_LOOP ( 'NONE', ( #3763, #3765, #3766, #3640 ) ) ;
#755 = EDGE_LOOP ( 'NONE', ( #3810, #3599, #3598, #3595 ) ) ;
#756 = EDGE_LOOP ( 'NONE', ( #3804, #4226, #4217, #3802, #4214, #4162, #4222, #4209, #4147, #4159, #4132, #4150 ) ) ;
#757 = EDGE_LOOP ( 'NONE', ( #4115, #4098, #4109, #4091 ) ) ;
#758 = EDGE_LOOP ( 'NONE', ( #3592, #3590, #3593, #3799 ) ) ;
#759 = EDGE_LOOP ( 'NONE', ( #4069, #4331, #4337, #4327 ) ) ;
#760 = EDGE_LOOP ( 'NONE', ( #3759, #3761, #3762, #3764 ) ) ;
#761 = EDGE_LOOP ( 'NONE', ( #4095, #4090, #4085, #4078 ) ) ;
#762 = EDGE_LOOP ( 'NONE', ( #5536, #5554, #5518, #5529 ) ) ;
#763 = EDGE_LOOP ( 'NONE', ( #3597, #3594, #3596, #3591 ) ) ;
#764 = EDGE_LOOP ( 'NONE', ( #3755, #3757, #3758, #3760 ) ) ;
#765 = EDGE_LOOP ( 'NONE', ( #5593, #5597, #5602, #5596, #5525, #5600, #5574, #5604 ) ) ;
#766 = EDGE_LOOP ( 'NONE', ( #3751, #3753, #3754, #3756 ) ) ;
#767 = EDGE_LOOP ( 'NONE', ( #5539, #5523, #5541, #5488 ) ) ;
#768 = EDGE_LOOP ( 'NONE', ( #5614, #5610, #5613, #5615 ) ) ;
#769 = EDGE_LOOP ( 'NONE', ( #3772, #3774, #3775, #3777 ) ) ;
#770 = EDGE_LOOP ( 'NONE', ( #5467, #5498, #5474, #5521 ) ) ;
#771 = EDGE_LOOP ( 'NONE', ( #3776, #3778, #3779, #3781 ) ) ;
#772 = EDGE_LOOP ( 'NONE', ( #4332, #4275, #4293, #3622 ) ) ;
#773 = EDGE_LOOP ( 'NONE', ( #5493, #5483, #5477, #5475 ) ) ;
#774 = EDGE_LOOP ( 'NONE', ( #5489, #5479, #5520, #5544 ) ) ;
#775 = EDGE_LOOP ( 'NONE', ( #5609, #5595, #5598, #5606 ) ) ;
#776 = EDGE_LOOP ( 'NONE', ( #5506, #5532, #5469, #5471 ) ) ;
#777 = PLANE ( 'NONE',  #987 ) ;
#778 = ORIENTED_EDGE ( 'NONE', *, *, #431, .T. ) ;
#779 = ORIENTED_EDGE ( 'NONE', *, *, #2284, .T. ) ;
#780 = ORIENTED_EDGE ( 'NONE', *, *, #2319, .F. ) ;
#781 = EDGE_LOOP ( 'NONE', ( #3702, #3704, #3705, #3707 ) ) ;
#782 = ORIENTED_EDGE ( 'NONE', *, *, #2334, .T. ) ;
#783 = EDGE_LOOP ( 'NONE', ( #5482, #5516, #5481, #5486 ) ) ;
#784 = EDGE_LOOP ( 'NONE', ( #3718, #3720, #3721, #3723 ) ) ;
#785 = ORIENTED_EDGE ( 'NONE', *, *, #2355, .T. ) ;
#786 = EDGE_LOOP ( 'NONE', ( #3690, #3692, #3693, #3695 ) ) ;
#787 = ORIENTED_EDGE ( 'NONE', *, *, #2355, .F. ) ;
#788 = EDGE_LOOP ( 'NONE', ( #3611, #3612, #3616, #3613 ) ) ;
#789 = EDGE_LOOP ( 'NONE', ( #3741, #3742, #3740, #3743 ) ) ;
#790 = EDGE_LOOP ( 'NONE', ( #5524, #5605, #5594 ) ) ;
#791 = ORIENTED_EDGE ( 'NONE', *, *, #2305, .T. ) ;
#792 = ORIENTED_EDGE ( 'NONE', *, *, #548, .T. ) ;
#793 = EDGE_LOOP ( 'NONE', ( #3784, #3786, #3787, #3789 ) ) ;
#794 = ORIENTED_EDGE ( 'NONE', *, *, #492, .T. ) ;
#795 = EDGE_LOOP ( 'NONE', ( #3767, #3603, #3602, #3607 ) ) ;
#796 = EDGE_LOOP ( 'NONE', ( #5569, #5599, #5608, #5601, #5603, #5517, #5612, #5611, #3681, #3606, #5573, #3609, #3683, #5546, #3605, #3608, #3604, #5550, #3795, #5509, #5494, #5487, #5495, #5490 ) ) ;
#797 = EDGE_LOOP ( 'NONE', ( #5588, #5586, #5584, #4250 ) ) ;
#798 = EDGE_LOOP ( 'NONE', ( #860, #855, #859, #929, #877, #873, #854, #937 ) ) ;
#799 = EDGE_LOOP ( 'NONE', ( #4111, #4303, #4203, #4204 ) ) ;
#800 = DIRECTION ( 'NONE',  ( 1.000000000000000000, 0.0000000000000000000, 0.0000000000000000000 ) ) ;
#801 = FILL_AREA_STYLE ('',( #802 ) ) ;
#802 = FILL_AREA_STYLE_COLOUR ( '', #2309 ) ;
#803 = CARTESIAN_POINT ( 'NONE',  ( 1.600000000000000100, 1.250000000000000200, -0.5000000000000000000 ) ) ;
#804 = DIRECTION ( 'NONE',  ( -0.0000000000000000000, -0.0000000000000000000, -1.000000000000000000 ) ) ;
#805 = CARTESIAN_POINT ( 'NONE',  ( 1.325000000000000200, -0.9749999999999999800, 0.6999999999999999600 ) ) ;
#806 = DIRECTION ( 'NONE',  ( -1.000000000000000000, 0.0000000000000000000, 0.0000000000000000000 ) ) ;
#807 = EDGE_LOOP ( 'NONE', ( #3798, #3800, #3801, #3803 ) ) ;
#808 = DIRECTION ( 'NONE',  ( -0.0000000000000000000, -0.0000000000000000000, -1.000000000000000000 ) ) ;
#809 = EDGE_LOOP ( 'NONE', ( #3694, #3696, #3697, #3699 ) ) ;
#810 = EDGE_LOOP ( 'NONE', ( #3724, #3725, #3726, #3722, #3727, #3728, #3729, #3730, #3731, #3732, #3733, #3734, #3735, #3736, #3737, #3738, #3739 ) ) ;
#811 = ORIENTED_EDGE ( 'NONE', *, *, #2348, .T. ) ;
#812 = ORIENTED_EDGE ( 'NONE', *, *, #2301, .T. ) ;
#813 = ORIENTED_EDGE ( 'NONE', *, *, #2284, .F. ) ;
#814 = EDGE_LOOP ( 'NONE', ( #4180, #4182, #4201, #4189 ) ) ;
#815 = EDGE_LOOP ( 'NONE', ( #5578, #5579, #5576, #5572 ) ) ;
#816 = EDGE_LOOP ( 'NONE', ( #3698, #3700, #3701, #3703 ) ) ;
#817 = ORIENTED_EDGE ( 'NONE', *, *, #2507, .T. ) ;
#818 = ORIENTED_EDGE ( 'NONE', *, *, #442, .T. ) ;
#819 = ORIENTED_EDGE ( 'NONE', *, *, #494, .F. ) ;
#820 = ORIENTED_EDGE ( 'NONE', *, *, #2348, .F. ) ;
#821 = ORIENTED_EDGE ( 'NONE', *, *, #577, .F. ) ;
#822 = EDGE_LOOP ( 'NONE', ( #4177, #4165, #4191, #4292 ) ) ;
#823 = ORIENTED_EDGE ( 'NONE', *, *, #471, .T. ) ;
#824 = EDGE_LOOP ( 'NONE', ( #4255, #4312, #4318, #4295 ) ) ;
#825 = EDGE_LOOP ( 'NONE', ( #3794, #3770, #3771, #3773 ) ) ;
#826 = EDGE_LOOP ( 'NONE', ( #794, #5485, #5503, #812 ) ) ;
#827 = ORIENTED_EDGE ( 'NONE', *, *, #2509, .T. ) ;
#828 = ORIENTED_EDGE ( 'NONE', *, *, #2305, .F. ) ;
#829 = ORIENTED_EDGE ( 'NONE', *, *, #2319, .T. ) ;
#830 = ORIENTED_EDGE ( 'NONE', *, *, #484, .T. ) ;
#831 = ORIENTED_EDGE ( 'NONE', *, *, #534, .T. ) ;
#832 = ORIENTED_EDGE ( 'NONE', *, *, #362, .F. ) ;
#833 = EDGE_LOOP ( 'NONE', ( #3686, #3688, #3689, #3691 ) ) ;
#834 = ORIENTED_EDGE ( 'NONE', *, *, #2397, .F. ) ;
#835 = ORIENTED_EDGE ( 'NONE', *, *, #2520, .F. ) ;
#836 = ORIENTED_EDGE ( 'NONE', *, *, #2301, .F. ) ;
#837 = EDGE_LOOP ( 'NONE', ( #3684, #3632, #3633, #3646 ) ) ;
#838 = EDGE_LOOP ( 'NONE', ( #5592, #5575, #5607, #5522 ) ) ;
#839 = EDGE_LOOP ( 'NONE', ( #5562, #5559, #5500, #5480 ) ) ;
#840 = EDGE_LOOP ( 'NONE', ( #3780, #3782, #3783, #3785 ) ) ;
#841 = EDGE_LOOP ( 'NONE', ( #5492, #5491, #5466, #5557 ) ) ;
#842 = ORIENTED_EDGE ( 'NONE', *, *, #360, .T. ) ;
#843 = ORIENTED_EDGE ( 'NONE', *, *, #409, .F. ) ;
#844 = ORIENTED_EDGE ( 'NONE', *, *, #367, .T. ) ;
#845 = EDGE_LOOP ( 'NONE', ( #3747, #3749, #3750, #3752 ) ) ;
#846 = EDGE_LOOP ( 'NONE', ( #3706, #3708, #3709, #3711 ) ) ;
#847 =( NAMED_UNIT ( * ) PLANE_ANGLE_UNIT ( ) SI_UNIT ( $, .RADIAN. ) );
#848 = EDGE_LOOP ( 'NONE', ( #3710, #3712, #3713, #3715 ) ) ;
#849 = EDGE_LOOP ( 'NONE', ( #830, #828, #832, #831 ) ) ;
#850 = ORIENTED_EDGE ( 'NONE', *, *, #393, .T. ) ;
#851 = ORIENTED_EDGE ( 'NONE', *, *, #2287, .F. ) ;
#852 = ORIENTED_EDGE ( 'NONE', *, *, #583, .F. ) ;
#853 = ORIENTED_EDGE ( 'NONE', *, *, #557, .F. ) ;
#854 = ORIENTED_EDGE ( 'NONE', *, *, #2330, .F. ) ;
#855 = ORIENTED_EDGE ( 'NONE', *, *, #2424, .F. ) ;
#856 = ORIENTED_EDGE ( 'NONE', *, *, #2502, .F. ) ;
#857 = ORIENTED_EDGE ( 'NONE', *, *, #2363, .F. ) ;
#858 =( NAMED_UNIT ( * ) SI_UNIT ( $, .STERADIAN. ) SOLID_ANGLE_UNIT ( ) );
#859 = ORIENTED_EDGE ( 'NONE', *, *, #2365, .F. ) ;
#860 = ORIENTED_EDGE ( 'NONE', *, *, #2376, .F. ) ;
#861 = FILL_AREA_STYLE_COLOUR ( '', #2410 ) ;
#862 = ORIENTED_EDGE ( 'NONE', *, *, #2363, .T. ) ;
#863 = EDGE_LOOP ( 'NONE', ( #4114, #4123, #4104, #4118 ) ) ;
#864 = ORIENTED_EDGE ( 'NONE', *, *, #399, .F. ) ;
#865 = ORIENTED_EDGE ( 'NONE', *, *, #307, .T. ) ;
#866 = ORIENTED_EDGE ( 'NONE', *, *, #345, .F. ) ;
#867 = ORIENTED_EDGE ( 'NONE', *, *, #377, .F. ) ;
#868 = ORIENTED_EDGE ( 'NONE', *, *, #2489, .F. ) ;
#869 =( LENGTH_UNIT ( ) NAMED_UNIT ( * ) SI_UNIT ( .MILLI., .METRE. ) );
#870 = ORIENTED_EDGE ( 'NONE', *, *, #505, .T. ) ;
#871 = ORIENTED_EDGE ( 'NONE', *, *, #542, .F. ) ;
#872 = ORIENTED_EDGE ( 'NONE', *, *, #2334, .F. ) ;
#873 = ORIENTED_EDGE ( 'NONE', *, *, #2460, .F. ) ;
#874 = PRESENTATION_STYLE_ASSIGNMENT (( #884 ) ) ;
#875 = ORIENTED_EDGE ( 'NONE', *, *, #2385, .T. ) ;
#876 = PRESENTATION_STYLE_ASSIGNMENT (( #901 ) ) ;
#877 = ORIENTED_EDGE ( 'NONE', *, *, #2289, .F. ) ;
#878 = EDGE_LOOP ( 'NONE', ( #5502, #5511, #5476, #5538 ) ) ;
#879 = ORIENTED_EDGE ( 'NONE', *, *, #2342, .F. ) ;
#880 = EDGE_LOOP ( 'NONE', ( #4220, #4213, #4291, #4270 ) ) ;
#881 = DIRECTION ( 'NONE',  ( -1.000000000000000000, 0.0000000000000000000, 0.0000000000000000000 ) ) ;
#882 = ORIENTED_EDGE ( 'NONE', *, *, #2458, .F. ) ;
#883 = ORIENTED_EDGE ( 'NONE', *, *, #506, .F. ) ;
#884 = SURFACE_STYLE_USAGE ( .BOTH. , #894 ) ;
#885 = ORIENTED_EDGE ( 'NONE', *, *, #525, .T. ) ;
#886 = ORIENTED_EDGE ( 'NONE', *, *, #380, .T. ) ;
#887 =( NAMED_UNIT ( * ) PLANE_ANGLE_UNIT ( ) SI_UNIT ( $, .RADIAN. ) );
#888 =( LENGTH_UNIT ( ) NAMED_UNIT ( * ) SI_UNIT ( .MILLI., .METRE. ) );
#889 = EDGE_LOOP ( 'NONE', ( #5543, #5564, #5501, #5470 ) ) ;
#890 = PRESENTATION_STYLE_ASSIGNMENT (( #938 ) ) ;
#891 = DIRECTION ( 'NONE',  ( -0.0000000000000000000, -0.0000000000000000000, -1.000000000000000000 ) ) ;
#892 = ORIENTED_EDGE ( 'NONE', *, *, #2440, .F. ) ;
#893 = ORIENTED_EDGE ( 'NONE', *, *, #2302, .F. ) ;
#894 = SURFACE_SIDE_STYLE ('',( #943 ) ) ;
#895 = CARTESIAN_POINT ( 'NONE',  ( 1.325000000000000200, 0.9749999999999999800, 0.6999999999999999600 ) ) ;
#896 = FILL_AREA_STYLE ('',( #861 ) ) ;
#897 =( NAMED_UNIT ( * ) SI_UNIT ( $, .STERADIAN. ) SOLID_ANGLE_UNIT ( ) );
#898 = SURFACE_STYLE_FILL_AREA ( #904 ) ;
#899 = ORIENTED_EDGE ( 'NONE', *, *, #359, .F. ) ;
#900 = ORIENTED_EDGE ( 'NONE', *, *, #449, .F. ) ;
#901 = SURFACE_STYLE_USAGE ( .BOTH. , #902 ) ;
#902 = SURFACE_SIDE_STYLE ('',( #898 ) ) ;
#903 = DIRECTION ( 'NONE',  ( -1.000000000000000000, 0.0000000000000000000, 0.0000000000000000000 ) ) ;
#904 = FILL_AREA_STYLE ('',( #905 ) ) ;
#905 = FILL_AREA_STYLE_COLOUR ( '', #2512 ) ;
#906 = DIRECTION ( 'NONE',  ( -0.0000000000000000000, -0.0000000000000000000, -1.000000000000000000 ) ) ;
#907 = CARTESIAN_POINT ( 'NONE',  ( 1.600000000000000100, 1.250000000000000200, 0.5000000000000000000 ) ) ;
#908 =( NAMED_UNIT ( * ) SI_UNIT ( $, .STERADIAN. ) SOLID_ANGLE_UNIT ( ) );
#909 = ORIENTED_EDGE ( 'NONE', *, *, #2316, .F. ) ;
#910 = SURFACE_SIDE_STYLE ('',( #939 ) ) ;
#911 = ORIENTED_EDGE ( 'NONE', *, *, #2520, .T. ) ;
#912 = ORIENTED_EDGE ( 'NONE', *, *, #2328, .T. ) ;
#913 = ORIENTED_EDGE ( 'NONE', *, *, #2440, .T. ) ;
#914 = ORIENTED_EDGE ( 'NONE', *, *, #2458, .T. ) ;
#915 = ORIENTED_EDGE ( 'NONE', *, *, #2435, .T. ) ;
#916 = ORIENTED_EDGE ( 'NONE', *, *, #2377, .T. ) ;
#917 = ORIENTED_EDGE ( 'NONE', *, *, #2497, .T. ) ;
#918 = ORIENTED_EDGE ( 'NONE', *, *, #426, .T. ) ;
#919 = ORIENTED_EDGE ( 'NONE', *, *, #385, .T. ) ;
#920 = ORIENTED_EDGE ( 'NONE', *, *, #2459, .T. ) ;
#921 = ORIENTED_EDGE ( 'NONE', *, *, #2342, .T. ) ;
#922 = ORIENTED_EDGE ( 'NONE', *, *, #362, .T. ) ;
#923 = ORIENTED_EDGE ( 'NONE', *, *, #2386, .F. ) ;
#924 = ORIENTED_EDGE ( 'NONE', *, *, #2358, .F. ) ;
#925 = ORIENTED_EDGE ( 'NONE', *, *, #2302, .T. ) ;
#926 = ORIENTED_EDGE ( 'NONE', *, *, #459, .T. ) ;
#927 = ORIENTED_EDGE ( 'NONE', *, *, #2497, .F. ) ;
#928 = ORIENTED_EDGE ( 'NONE', *, *, #2435, .F. ) ;
#929 = ORIENTED_EDGE ( 'NONE', *, *, #2329, .F. ) ;
#930 = ORIENTED_EDGE ( 'NONE', *, *, #379, .T. ) ;
#931 = ORIENTED_EDGE ( 'NONE', *, *, #2422, .T. ) ;
#932 = ORIENTED_EDGE ( 'NONE', *, *, #2439, .T. ) ;
#933 = ORIENTED_EDGE ( 'NONE', *, *, #2340, .T. ) ;
#934 = ORIENTED_EDGE ( 'NONE', *, *, #2386, .T. ) ;
#935 = ORIENTED_EDGE ( 'NONE', *, *, #2316, .T. ) ;
#936 = ORIENTED_EDGE ( 'NONE', *, *, #2377, .F. ) ;
#937 = ORIENTED_EDGE ( 'NONE', *, *, #2297, .F. ) ;
#938 = SURFACE_STYLE_USAGE ( .BOTH. , #910 ) ;
#939 = SURFACE_STYLE_FILL_AREA ( #944 ) ;
#940 =( NAMED_UNIT ( * ) PLANE_ANGLE_UNIT ( ) SI_UNIT ( $, .RADIAN. ) );
#941 =( LENGTH_UNIT ( ) NAMED_UNIT ( * ) SI_UNIT ( .MILLI., .METRE. ) );
#942 = FILL_AREA_STYLE_COLOUR ( '', #452 ) ;
#943 = SURFACE_STYLE_FILL_AREA ( #896 ) ;
#944 = FILL_AREA_STYLE ('',( #942 ) ) ;
#945 = FACE_BOUND ( 'NONE', #711, .T. ) ;
#946 = STYLED_ITEM ( 'NONE', ( #1231 ), #309 ) ;
#947 = FACE_OUTER_BOUND ( 'NONE', #713, .T. ) ;
#948 = PRESENTATION_LAYER_ASSIGNMENT (  '', '', ( #946 ) ) ;
#949 = FACE_OUTER_BOUND ( 'NONE', #796, .T. ) ;
#950 = FACE_OUTER_BOUND ( 'NONE', #733, .T. ) ;
#951 = FACE_BOUND ( 'NONE', #706, .T. ) ;
#952 = STYLED_ITEM ( 'NONE', ( #1211 ), #310 ) ;
#953 = MECHANICAL_DESIGN_GEOMETRIC_PRESENTATION_REPRESENTATION (  '', ( #946 ), #2743 ) ;
#954 = CYLINDRICAL_SURFACE ( 'NONE', #958, 0.1000000000000000500 ) ;
#955 = AXIS2_PLACEMENT_3D ( 'NONE', #1109, #1101, #1156 ) ;
#956 = FACE_OUTER_BOUND ( 'NONE', #773, .T. ) ;
#957 = FACE_OUTER_BOUND ( 'NONE', #797, .T. ) ;
#958 = AXIS2_PLACEMENT_3D ( 'NONE', #907, #906, #903 ) ;
#959 = FACE_BOUND ( 'NONE', #690, .T. ) ;
#960 = FACE_BOUND ( 'NONE', #707, .T. ) ;
#961 = AXIS2_PLACEMENT_3D ( 'NONE', #895, #891, #881 ) ;
#962 = PRESENTATION_LAYER_ASSIGNMENT (  '', '', ( #965 ) ) ;
#963 = CLOSED_SHELL ( 'NONE', ( #363, #312, #311, #477, #336, #508, #317, #318, #304, #324, #342, #361, #425, #574, #323, #467, #516, #309, #495, #556, #306, #553, #305, #332, #325, #319, #328, #321, #310, #383, #330, #2483, #2359, #2288, #2411, #314, #322, #444, #308, #424, #329, #2494, #408, #2360, #2285, #2300, #2405, #2387, #2486, #2427, #2406, #2315, #2468, #2505, #2295, #2463, #2320, #2306, #2282, #2430, #2401, #2434, #2321, #2344, #2409, #2491, #2455, #2479, #2456, #2299, #2393, #2442, #2451, #2446, #2381, #2412, #2453, #2518, #2390, #2368, #2467, #2378, #2296, #2515, #2373, #2292, #357, #490, #536, #333, #527, #369, #480, #407, #521, #418, #493, #365, #331, #535, #429, #378, #537, #519, #533, #316, #523, #382, #411, #509, #558, #531, #344, #571, #390 ) ) ;
#964 = AXIS2_PLACEMENT_3D ( 'NONE', #1119, #1218, #1236 ) ;
#965 = STYLED_ITEM ( 'NONE', ( #1204 ), #311 ) ;
#966 = PRESENTATION_LAYER_ASSIGNMENT (  '', '', ( #952 ) ) ;
#967 = STYLED_ITEM ( 'NONE', ( #1136 ), #312 ) ;
#968 = MECHANICAL_DESIGN_GEOMETRIC_PRESENTATION_REPRESENTATION (  '', ( #965 ), #2745 ) ;
#969 = STYLED_ITEM ( 'NONE', ( #890 ), #304 ) ;
#970 = MECHANICAL_DESIGN_GEOMETRIC_PRESENTATION_REPRESENTATION (  '', ( #992 ), #2740 ) ;
#971 = FACE_BOUND ( 'NONE', #703, .T. ) ;
#972 = MECHANICAL_DESIGN_GEOMETRIC_PRESENTATION_REPRESENTATION (  '', ( #989 ), #2741 ) ;
#973 = PRESENTATION_LAYER_ASSIGNMENT (  '', '', ( #989 ) ) ;
#974 = PRESENTATION_LAYER_ASSIGNMENT (  '', '', ( #992 ) ) ;
#975 = PRESENTATION_LAYER_ASSIGNMENT (  '', '', ( #988 ) ) ;
#976 = FACE_OUTER_BOUND ( 'NONE', #697, .T. ) ;
#977 = AXIS2_PLACEMENT_3D ( 'NONE', #1141, #1151, #1140 ) ;
#978 = AXIS2_PLACEMENT_3D ( 'NONE', #1228, #1142, #1220 ) ;
#979 = FACE_BOUND ( 'NONE', #701, .T. ) ;
#980 = MECHANICAL_DESIGN_GEOMETRIC_PRESENTATION_REPRESENTATION (  '', ( #988 ), #2742 ) ;
#981 = CYLINDRICAL_SURFACE ( 'NONE', #982, 0.1249999999999998900 ) ;
#982 = AXIS2_PLACEMENT_3D ( 'NONE', #805, #808, #806 ) ;
#983 = MECHANICAL_DESIGN_GEOMETRIC_PRESENTATION_REPRESENTATION (  '', ( #952 ), #2744 ) ;
#984 = FACE_OUTER_BOUND ( 'NONE', #774, .T. ) ;
#985 = CYLINDRICAL_SURFACE ( 'NONE', #961, 0.1249999999999998900 ) ;
#986 = FACE_BOUND ( 'NONE', #815, .T. ) ;
#987 = AXIS2_PLACEMENT_3D ( 'NONE', #1216, #1114, #1232 ) ;
#988 = STYLED_ITEM ( 'NONE', ( #1145 ), #308 ) ;
#989 = STYLED_ITEM ( 'NONE', ( #874 ), #306 ) ;
#990 = FACE_OUTER_BOUND ( 'NONE', #747, .T. ) ;
#991 = MECHANICAL_DESIGN_GEOMETRIC_PRESENTATION_REPRESENTATION (  '', ( #969 ), #2739 ) ;
#992 = STYLED_ITEM ( 'NONE', ( #876 ), #305 ) ;
#993 = PRESENTATION_LAYER_ASSIGNMENT (  '', '', ( #969 ) ) ;
#994 = AXIS2_PLACEMENT_3D ( 'NONE', #803, #804, #800 ) ;
#995 = B_SPLINE_SURFACE_WITH_KNOTS ( 'NONE', 3, 1, ( 
 ( #5688, #5689 ),
 ( #5690, #5691 ),
 ( #5692, #5693 ),
 ( #5694, #5695 ),
 ( #5696, #5697 ),
 ( #5698, #5699 ),
 ( #5700, #5701 ),
 ( #5702, #5703 ),
 ( #5704, #5705 ),
 ( #5706, #5707 ),
 ( #5708, #5709 ),
 ( #5710, #5711 ),
 ( #5712, #5713 ),
 ( #5714, #5715 ),
 ( #5716, #5717 ) ),
 .UNSPECIFIED., .F., .F., .F.,
 ( 4, 1, 1, 1, 1, 1, 1, 1, 1, 1, 1, 1, 4 ),
 ( 2, 2 ),
 ( 0.0000000000000000000, 0.09697231038151572800, 0.1877734389628680500, 0.2723961390136931900, 0.3513209973752889900, 0.4243347744514673300, 0.4919087840005270700, 0.5542332197968004000, 0.6112676582441550800, 0.7163478449915536800, 0.8145400858216158600, 0.9084954561491857000, 1.000000000000000000 ),
 ( 0.0000000000000000000, 1.000000000000000000 ),
 .UNSPECIFIED. ) ;
#996 = B_SPLINE_SURFACE_WITH_KNOTS ( 'NONE', 3, 1, ( 
 ( #3163, #3164 ),
 ( #3165, #3166 ),
 ( #3167, #3168 ),
 ( #3169, #3170 ),
 ( #3171, #3172 ),
 ( #3173, #3174 ),
 ( #3175, #3176 ),
 ( #3177, #3178 ),
 ( #3179, #3180 ),
 ( #3181, #3182 ),
 ( #3183, #3184 ) ),
 .UNSPECIFIED., .F., .F., .F.,
 ( 4, 1, 1, 1, 1, 1, 1, 1, 4 ),
 ( 2, 2 ),
 ( 0.0000000000000000000, 0.1072852142689562400, 0.2147458609696398500, 0.3229385595552863300, 0.4341161625174666000, 0.5534123109627950800, 0.6860729848107310900, 0.8342559920595845600, 1.000000000000000000 ),
 ( 0.0000000000000000000, 1.000000000000000000 ),
 .UNSPECIFIED. ) ;
#997 = B_SPLINE_SURFACE_WITH_KNOTS ( 'NONE', 3, 1, ( 
 ( #2593, #2594 ),
 ( #2595, #2596 ),
 ( #2597, #2598 ),
 ( #2599, #2600 ),
 ( #2601, #2602 ),
 ( #2603, #2604 ),
 ( #2605, #2606 ),
 ( #2607, #2608 ),
 ( #2609, #2610 ),
 ( #2611, #2612 ),
 ( #2613, #2614 ),
 ( #2615, #2616 ),
 ( #2617, #2618 ),
 ( #2619, #2620 ),
 ( #2621, #2622 ),
 ( #2623, #2624 ),
 ( #2625, #2626 ),
 ( #2627, #2628 ),
 ( #2629, #2630 ) ),
 .UNSPECIFIED., .F., .F., .F.,
 ( 4, 1, 1, 1, 1, 1, 1, 1, 1, 1, 1, 1, 1, 1, 1, 1, 4 ),
 ( 2, 2 ),
 ( 0.0000000000000000000, 0.06148425519689051900, 0.1217745277022103000, 0.1809195598139317600, 0.2402561150782711000, 0.3001144444023514700, 0.3611459476126116500, 0.4235005824125855900, 0.4886693612807191400, 0.5539541046535622100, 0.6175812610152620100, 0.6802384268167394100, 0.7421873887724538300, 0.8046632117692933400, 0.8682589893126627700, 0.9330202571803758400, 1.000000000000000000 ),
 ( 0.0000000000000000000, 1.000000000000000000 ),
 .UNSPECIFIED. ) ;
#998 = B_SPLINE_SURFACE_WITH_KNOTS ( 'NONE', 3, 1, ( 
 ( #126, #127 ),
 ( #128, #129 ),
 ( #130, #131 ),
 ( #132, #133 ),
 ( #134, #135 ),
 ( #136, #137 ),
 ( #138, #139 ),
 ( #140, #141 ),
 ( #142, #143 ),
 ( #144, #145 ),
 ( #146, #147 ),
 ( #148, #149 ),
 ( #150, #151 ),
 ( #152, #153 ),
 ( #154, #155 ) ),
 .UNSPECIFIED., .F., .F., .F.,
 ( 4, 1, 1, 1, 1, 1, 1, 1, 1, 1, 1, 1, 4 ),
 ( 2, 2 ),
 ( 0.0000000000000000000, 0.1072327993600885500, 0.2132518127818492100, 0.3188304473075877500, 0.4267935306342752200, 0.4836459507827187700, 0.5436038220211424400, 0.6083076495640832300, 0.6771267602600410400, 0.7506856360204960900, 0.8287134184432877200, 0.9121903482234525700, 1.000000000000000000 ),
 ( 0.0000000000000000000, 1.000000000000000000 ),
 .UNSPECIFIED. ) ;
#999 = B_SPLINE_SURFACE_WITH_KNOTS ( 'NONE', 3, 1, ( 
 ( #3132, #3133 ),
 ( #3134, #3135 ),
 ( #3136, #3137 ),
 ( #3138, #3139 ),
 ( #3140, #3141 ),
 ( #3142, #3143 ),
 ( #3144, #3145 ),
 ( #3146, #3147 ),
 ( #3148, #3149 ),
 ( #3150, #3151 ),
 ( #3152, #3153 ) ),
 .UNSPECIFIED., .F., .F., .F.,
 ( 4, 1, 1, 1, 1, 1, 1, 1, 4 ),
 ( 2, 2 ),
 ( 0.0000000000000000000, 0.1335067689985186800, 0.2625589787303702100, 0.3882644471488787000, 0.5126673546814275500, 0.6337222699657596400, 0.7553938601370943100, 0.8775529450912779000, 0.9999999999999998900 ),
 ( 0.0000000000000000000, 1.000000000000000000 ),
 .UNSPECIFIED. ) ;
#1000 = B_SPLINE_SURFACE_WITH_KNOTS ( 'NONE', 3, 1, ( 
 ( #3050, #3051 ),
 ( #3052, #3053 ),
 ( #3054, #3055 ),
 ( #3056, #3057 ),
 ( #3058, #3059 ),
 ( #3060, #3061 ),
 ( #3062, #3063 ),
 ( #3064, #3065 ),
 ( #3066, #3067 ),
 ( #3068, #3069 ),
 ( #3070, #3071 ),
 ( #3072, #3073 ),
 ( #3074, #3075 ),
 ( #3076, #3077 ),
 ( #3078, #3079 ) ),
 .UNSPECIFIED., .F., .F., .F.,
 ( 4, 1, 1, 1, 1, 1, 1, 1, 1, 1, 1, 1, 4 ),
 ( 2, 2 ),
 ( 0.0000000000000000000, 0.08378537065370989000, 0.1657798879221417400, 0.2462800078932625700, 0.3274609277363896300, 0.4087969540320679500, 0.4897152412309880900, 0.5713760321300525000, 0.6555233211112770900, 0.7410194827999729800, 0.8265467605037608600, 0.9119888516548334500, 1.000000000000000000 ),
 ( 0.0000000000000000000, 1.000000000000000000 ),
 .UNSPECIFIED. ) ;
#1001 = B_SPLINE_SURFACE_WITH_KNOTS ( 'NONE', 3, 1, ( 
 ( #2671, #2672 ),
 ( #2673, #2674 ),
 ( #2675, #2676 ),
 ( #2677, #2678 ),
 ( #2679, #2680 ),
 ( #2681, #2682 ),
 ( #2683, #2684 ) ),
 .UNSPECIFIED., .F., .F., .F.,
 ( 4, 1, 1, 1, 4 ),
 ( 2, 2 ),
 ( 0.0000000000000000000, 0.2347233736739013900, 0.4771583189289870800, 0.7285562842030538500, 1.000000000000000000 ),
 ( 0.0000000000000000000, 1.000000000000000000 ),
 .UNSPECIFIED. ) ;
#1002 = B_SPLINE_SURFACE_WITH_KNOTS ( 'NONE', 3, 1, ( 
 ( #3095, #3096 ),
 ( #3097, #3098 ),
 ( #3099, #3100 ),
 ( #3101, #3102 ),
 ( #3103, #3104 ),
 ( #3105, #3106 ),
 ( #3107, #3108 ),
 ( #3109, #3110 ),
 ( #3111, #3112 ),
 ( #3113, #3114 ),
 ( #3115, #3116 ) ),
 .UNSPECIFIED., .F., .F., .F.,
 ( 4, 1, 1, 1, 1, 1, 1, 1, 4 ),
 ( 2, 2 ),
 ( 0.0000000000000000000, 0.1590042985173776600, 0.3046460998968143500, 0.4385469045795922800, 0.5623222987759278800, 0.6774325425257310400, 0.7868973929387543800, 0.8936108891042668900, 1.000000000000000000 ),
 ( 0.0000000000000000000, 1.000000000000000000 ),
 .UNSPECIFIED. ) ;
#1003 = B_SPLINE_SURFACE_WITH_KNOTS ( 'NONE', 3, 1, ( 
 ( #5765, #5766 ),
 ( #5767, #5768 ),
 ( #5769, #5770 ),
 ( #5771, #5772 ),
 ( #5773, #5774 ),
 ( #5775, #5776 ),
 ( #5777, #5778 ),
 ( #5779, #5780 ),
 ( #5781, #5782 ),
 ( #5783, #5784 ),
 ( #5785, #5786 ),
 ( #5787, #5788 ),
 ( #5789, #5790 ),
 ( #5791, #5792 ),
 ( #5793, #5794 ),
 ( #5795, #5796 ),
 ( #5797, #5798 ),
 ( #5799, #5800 ),
 ( #5801, #5802 ) ),
 .UNSPECIFIED., .F., .F., .F.,
 ( 4, 1, 1, 1, 1, 1, 1, 1, 1, 1, 1, 1, 1, 1, 1, 1, 4 ),
 ( 2, 2 ),
 ( 0.0000000000000000000, 0.05720826943350943600, 0.1136960596574909000, 0.1691779164171949600, 0.2241592165805428000, 0.2787198783810436200, 0.3337942174469889500, 0.3892414593400029300, 0.4458220733936215100, 0.5037042811090202100, 0.5642938918193635100, 0.6279754158952236500, 0.6950382596840514200, 0.7653727258510126800, 0.8396114430907353200, 0.9175377500777892600, 1.000000000000000000 ),
 ( 0.0000000000000000000, 1.000000000000000000 ),
 .UNSPECIFIED. ) ;
#1004 = B_SPLINE_SURFACE_WITH_KNOTS ( 'NONE', 3, 1, ( 
 ( #222, #223 ),
 ( #224, #225 ),
 ( #226, #227 ),
 ( #228, #229 ),
 ( #230, #231 ),
 ( #232, #233 ),
 ( #234, #235 ),
 ( #236, #237 ),
 ( #238, #239 ),
 ( #240, #241 ),
 ( #242, #243 ) ),
 .UNSPECIFIED., .F., .F., .F.,
 ( 4, 1, 1, 1, 1, 1, 1, 1, 4 ),
 ( 2, 2 ),
 ( 0.0000000000000000000, 0.09027921465001494100, 0.1895299184469588200, 0.2991978724002882200, 0.4189258867738197000, 0.5483762854012479400, 0.6881363695386807400, 0.8390835016589196500, 1.000000000000000000 ),
 ( 0.0000000000000000000, 1.000000000000000000 ),
 .UNSPECIFIED. ) ;
#1005 = B_SPLINE_SURFACE_WITH_KNOTS ( 'NONE', 3, 1, ( 
 ( #3233, #3234 ),
 ( #3235, #3236 ),
 ( #3237, #3238 ),
 ( #3239, #3240 ),
 ( #4798, #4799 ),
 ( #4800, #4801 ),
 ( #4802, #4803 ),
 ( #4804, #4805 ),
 ( #4806, #4807 ),
 ( #4808, #4809 ),
 ( #4810, #4811 ) ),
 .UNSPECIFIED., .F., .F., .F.,
 ( 4, 1, 1, 1, 1, 1, 1, 1, 4 ),
 ( 2, 2 ),
 ( 0.0000000000000000000, 0.05259428152913731700, 0.1249519739750398900, 0.2180938989285948500, 0.3335024107325191800, 0.4687891785044472900, 0.6249375859645970300, 0.8016830479282266400, 1.000000000000000000 ),
 ( 0.0000000000000000000, 1.000000000000000000 ),
 .UNSPECIFIED. ) ;
#1006 = B_SPLINE_SURFACE_WITH_KNOTS ( 'NONE', 3, 1, ( 
 ( #5828, #4423 ),
 ( #4424, #4425 ),
 ( #4426, #4427 ),
 ( #4428, #4429 ),
 ( #4430, #4431 ),
 ( #4432, #4433 ),
 ( #4434, #4435 ),
 ( #4436, #4437 ),
 ( #4438, #4439 ),
 ( #4440, #4441 ),
 ( #4442, #4443 ) ),
 .UNSPECIFIED., .F., .F., .F.,
 ( 4, 1, 1, 1, 1, 1, 1, 1, 4 ),
 ( 2, 2 ),
 ( 0.0000000000000000000, 0.1430730837303635400, 0.2759029640930096800, 0.4023708562739964900, 0.5284136450935953400, 0.6503563791869509900, 0.7658950861246937000, 0.8807741308440212300, 1.000000000000000000 ),
 ( 0.0000000000000000000, 1.000000000000000000 ),
 .UNSPECIFIED. ) ;
#1007 = B_SPLINE_SURFACE_WITH_KNOTS ( 'NONE', 3, 1, ( 
 ( #4620, #4621 ),
 ( #4622, #4623 ),
 ( #4624, #4625 ),
 ( #4626, #4627 ),
 ( #4628, #4629 ),
 ( #4630, #4631 ),
 ( #2521, #2522 ),
 ( #2523, #2524 ),
 ( #2525, #2526 ),
 ( #2527, #2528 ),
 ( #2529, #2530 ),
 ( #2531, #2532 ),
 ( #2533, #2534 ),
 ( #2535, #2536 ),
 ( #2537, #2538 ) ),
 .UNSPECIFIED., .F., .F., .F.,
 ( 4, 1, 1, 1, 1, 1, 1, 1, 1, 1, 1, 1, 4 ),
 ( 2, 2 ),
 ( 0.0000000000000000000, 0.09126360489662613300, 0.1809303110850814800, 0.2700882198317227600, 0.3601561333877265100, 0.4483425324981534800, 0.5326658421383302400, 0.6138337041070480700, 0.6939815272835584400, 0.7727159770890038600, 0.8493351720622464000, 0.9239673265752321700, 1.000000000000000000 ),
 ( 0.0000000000000000000, 1.000000000000000000 ),
 .UNSPECIFIED. ) ;
#1008 = B_SPLINE_SURFACE_WITH_KNOTS ( 'NONE', 3, 1, ( 
 ( #4570, #4571 ),
 ( #4572, #4573 ),
 ( #4574, #4575 ),
 ( #4576, #4577 ),
 ( #4578, #4579 ),
 ( #4580, #4581 ),
 ( #4582, #4583 ),
 ( #4584, #4585 ),
 ( #4586, #4587 ),
 ( #4588, #4589 ),
 ( #4590, #4591 ) ),
 .UNSPECIFIED., .F., .F., .F.,
 ( 4, 1, 1, 1, 1, 1, 1, 1, 4 ),
 ( 2, 2 ),
 ( 0.0000000000000000000, 0.1815353013762854000, 0.3470816724816289100, 0.4955678164315539000, 0.6283573018772139500, 0.7455196699921561300, 0.8458307507576521300, 0.9307818073847579100, 0.9999999999999998900 ),
 ( 0.0000000000000000000, 1.000000000000000000 ),
 .UNSPECIFIED. ) ;
#1009 = B_SPLINE_SURFACE_WITH_KNOTS ( 'NONE', 3, 1, ( 
 ( #5617, #5618 ),
 ( #5619, #5620 ),
 ( #5621, #5622 ),
 ( #5623, #5624 ),
 ( #5625, #5626 ),
 ( #5627, #5628 ),
 ( #5629, #5630 ),
 ( #5631, #5632 ),
 ( #5633, #5634 ),
 ( #5635, #5636 ),
 ( #5637, #5638 ),
 ( #5639, #5640 ),
 ( #5641, #5642 ),
 ( #5643, #5644 ),
 ( #5645, #5646 ) ),
 .UNSPECIFIED., .F., .F., .F.,
 ( 4, 1, 1, 1, 1, 1, 1, 1, 1, 1, 1, 1, 4 ),
 ( 2, 2 ),
 ( 0.0000000000000000000, 0.09846943102555745500, 0.1896291011376322600, 0.2741840894379707900, 0.3521831609671542400, 0.4231988731834699900, 0.4885509460005331200, 0.5484733460279374000, 0.6014401636178720000, 0.7011980824257659800, 0.7995918021381845900, 0.8985450984822273000, 1.000000000000000000 ),
 ( 0.0000000000000000000, 1.000000000000000000 ),
 .UNSPECIFIED. ) ;
#1010 = CARTESIAN_POINT ( 'NONE',  ( -0.1835150700105672200, 0.2528923083283857700, 0.6989999999999999500 ) ) ;
#1011 = DIRECTION ( 'NONE',  ( -0.0000000000000000000, -0.0000000000000000000, 1.000000000000000000 ) ) ;
#1012 = STYLED_ITEM ( 'NONE', ( #1578 ), #531 ) ;
#1013 = VECTOR ( 'NONE', #1557, 1000.000000000000000 ) ;
#1014 = FACE_OUTER_BOUND ( 'NONE', #734, .T. ) ;
#1015 = MECHANICAL_DESIGN_GEOMETRIC_PRESENTATION_REPRESENTATION (  '', ( #1012 ), #2795 ) ;
#1016 = MECHANICAL_DESIGN_GEOMETRIC_PRESENTATION_REPRESENTATION (  '', ( #1023 ), #2796 ) ;
#1017 = PRESENTATION_LAYER_ASSIGNMENT (  '', '', ( #1023 ) ) ;
#1018 = FACE_OUTER_BOUND ( 'NONE', #736, .T. ) ;
#1019 = VECTOR ( 'NONE', #1553, 1000.000000000000000 ) ;
#1020 = STYLED_ITEM ( 'NONE', ( #54 ), #574 ) ;
#1021 = PRESENTATION_LAYER_ASSIGNMENT (  '', '', ( #1012 ) ) ;
#1022 = AXIS2_PLACEMENT_3D ( 'NONE', #1582, #1583, #1584 ) ;
#1023 = STYLED_ITEM ( 'NONE', ( #1594 ), #533 ) ;
#1024 = FACE_OUTER_BOUND ( 'NONE', #694, .T. ) ;
#1025 = AXIS2_PLACEMENT_3D ( 'NONE', #1598, #1599, #1600 ) ;
#1026 = VECTOR ( 'NONE', #1587, 1000.000000000000000 ) ;
#1027 = STYLED_ITEM ( 'NONE', ( #5824 ), #2434 ) ;
#1028 = VECTOR ( 'NONE', #5818, 1000.000000000000000 ) ;
#1029 = STYLED_ITEM ( 'NONE', ( #4465 ), #2442 ) ;
#1030 = PRESENTATION_LAYER_ASSIGNMENT (  '', '', ( #1027 ) ) ;
#1031 = MECHANICAL_DESIGN_GEOMETRIC_PRESENTATION_REPRESENTATION (  '', ( #1027 ), #2835 ) ;
#1032 = FACE_OUTER_BOUND ( 'NONE', #764, .T. ) ;
#1033 = VECTOR ( 'NONE', #4446, 1000.000000000000000 ) ;
#1034 = VECTOR ( 'NONE', #4450, 1000.000000000000000 ) ;
#1035 = VECTOR ( 'NONE', #4453, 1000.000000000000000 ) ;
#1036 = VECTOR ( 'NONE', #4456, 1000.000000000000000 ) ;
#1037 = FACE_OUTER_BOUND ( 'NONE', #754, .T. ) ;
#1038 = VECTOR ( 'NONE', #4459, 1000.000000000000000 ) ;
#1039 = AXIS2_PLACEMENT_3D ( 'NONE', #4469, #4470, #4471 ) ;
#1040 = PRESENTATION_LAYER_ASSIGNMENT (  '', '', ( #1029 ) ) ;
#1041 = MECHANICAL_DESIGN_GEOMETRIC_PRESENTATION_REPRESENTATION (  '', ( #1029 ), #2836 ) ;
#1042 = STYLED_ITEM ( 'NONE', ( #4487 ), #2446 ) ;
#1043 = VECTOR ( 'NONE', #4474, 1000.000000000000000 ) ;
#1044 = VECTOR ( 'NONE', #4478, 1000.000000000000000 ) ;
#1045 = FACE_OUTER_BOUND ( 'NONE', #760, .T. ) ;
#1046 = VECTOR ( 'NONE', #4481, 1000.000000000000000 ) ;
#1047 = AXIS2_PLACEMENT_3D ( 'NONE', #4491, #4492, #4493 ) ;
#1048 = PRESENTATION_LAYER_ASSIGNMENT (  '', '', ( #1042 ) ) ;
#1049 = MECHANICAL_DESIGN_GEOMETRIC_PRESENTATION_REPRESENTATION (  '', ( #1042 ), #2837 ) ;
#1050 = FACE_OUTER_BOUND ( 'NONE', #810, .T. ) ;
#1051 = FACE_OUTER_BOUND ( 'NONE', #763, .T. ) ;
#1052 = AXIS2_PLACEMENT_3D ( 'NONE', #4504, #4505, #4506 ) ;
#1053 = STYLED_ITEM ( 'NONE', ( #4499 ), #2451 ) ;
#1054 = PRESENTATION_LAYER_ASSIGNMENT (  '', '', ( #1053 ) ) ;
#1055 = MECHANICAL_DESIGN_GEOMETRIC_PRESENTATION_REPRESENTATION (  '', ( #1053 ), #2838 ) ;
#1056 = STYLED_ITEM ( 'NONE', ( #4516 ), #2453 ) ;
#1057 = VECTOR ( 'NONE', #4509, 1000.000000000000000 ) ;
#1058 = AXIS2_PLACEMENT_3D ( 'NONE', #4520, #4521, #4522 ) ;
#1059 = PRESENTATION_LAYER_ASSIGNMENT (  '', '', ( #1056 ) ) ;
#1060 = MECHANICAL_DESIGN_GEOMETRIC_PRESENTATION_REPRESENTATION (  '', ( #1056 ), #2839 ) ;
#1061 = FACE_OUTER_BOUND ( 'NONE', #712, .T. ) ;
#1062 = FACE_OUTER_BOUND ( 'NONE', #753, .T. ) ;
#1063 = AXIS2_PLACEMENT_3D ( 'NONE', #4533, #4534, #4535 ) ;
#1064 = STYLED_ITEM ( 'NONE', ( #4528 ), #2455 ) ;
#1065 = PRESENTATION_LAYER_ASSIGNMENT (  '', '', ( #1064 ) ) ;
#1066 = MECHANICAL_DESIGN_GEOMETRIC_PRESENTATION_REPRESENTATION (  '', ( #1064 ), #2840 ) ;
#1067 = STYLED_ITEM ( 'NONE', ( #4566 ), #2463 ) ;
#1068 = AXIS2_PLACEMENT_3D ( 'NONE', #4546, #4547, #4548 ) ;
#1069 = STYLED_ITEM ( 'NONE', ( #4541 ), #2456 ) ;
#1070 = PRESENTATION_LAYER_ASSIGNMENT (  '', '', ( #1069 ) ) ;
#1071 = MECHANICAL_DESIGN_GEOMETRIC_PRESENTATION_REPRESENTATION (  '', ( #1069 ), #2841 ) ;
#1072 = AXIS2_PLACEMENT_3D ( 'NONE', #4552, #4556, #4557 ) ;
#1073 = VECTOR ( 'NONE', #4551, 1000.000000000000100 ) ;
#1074 = FACE_OUTER_BOUND ( 'NONE', #752, .T. ) ;
#1075 = VECTOR ( 'NONE', #4555, 1000.000000000000000 ) ;
#1076 = VECTOR ( 'NONE', #4560, 1000.000000000000000 ) ;
#1077 = STYLED_ITEM ( 'NONE', ( #4604 ), #2467 ) ;
#1078 = PRESENTATION_LAYER_ASSIGNMENT (  '', '', ( #1067 ) ) ;
#1079 = MECHANICAL_DESIGN_GEOMETRIC_PRESENTATION_REPRESENTATION (  '', ( #1067 ), #2842 ) ;
#1080 = FACE_OUTER_BOUND ( 'NONE', #789, .T. ) ;
#1081 = VECTOR ( 'NONE', #4594, 1000.000000000000000 ) ;
#1082 = FACE_OUTER_BOUND ( 'NONE', #771, .T. ) ;
#1083 = VECTOR ( 'NONE', #4598, 1000.000000000000000 ) ;
#1084 = AXIS2_PLACEMENT_3D ( 'NONE', #4608, #4609, #4610 ) ;
#1085 = PRESENTATION_LAYER_ASSIGNMENT (  '', '', ( #1077 ) ) ;
#1086 = MECHANICAL_DESIGN_GEOMETRIC_PRESENTATION_REPRESENTATION (  '', ( #1077 ), #2843 ) ;
#1087 = FACE_OUTER_BOUND ( 'NONE', #724, .T. ) ;
#1088 = STYLED_ITEM ( 'NONE', ( #2548 ), #2479 ) ;
#1089 = STYLED_ITEM ( 'NONE', ( #4616 ), #2468 ) ;
#1090 = PRESENTATION_LAYER_ASSIGNMENT (  '', '', ( #1089 ) ) ;
#1091 = MECHANICAL_DESIGN_GEOMETRIC_PRESENTATION_REPRESENTATION (  '', ( #1089 ), #2844 ) ;
#1092 = AXIS2_PLACEMENT_3D ( 'NONE', #2552, #2553, #2554 ) ;
#1093 = VECTOR ( 'NONE', #2541, 1000.000000000000100 ) ;
#1094 = PRESENTATION_LAYER_ASSIGNMENT (  '', '', ( #1088 ) ) ;
#1095 = MECHANICAL_DESIGN_GEOMETRIC_PRESENTATION_REPRESENTATION (  '', ( #1088 ), #2845 ) ;
#1096 = FACE_OUTER_BOUND ( 'NONE', #735, .T. ) ;
#1097 = AXIS2_PLACEMENT_3D ( 'NONE', #2565, #2566, #2567 ) ;
#1098 = STYLED_ITEM ( 'NONE', ( #2560 ), #2483 ) ;
#1099 = PRESENTATION_LAYER_ASSIGNMENT (  '', '', ( #1098 ) ) ;
#1100 = MECHANICAL_DESIGN_GEOMETRIC_PRESENTATION_REPRESENTATION (  '', ( #1098 ), #2846 ) ;
#1101 = DIRECTION ( 'NONE',  ( 0.0000000000000000000, 0.0000000000000000000, 1.000000000000000000 ) ) ;
#1102 = PLANE ( 'NONE',  #4396 ) ;
#1103 = LINE ( 'NONE', #1149, #4409 ) ;
#1104 =( NAMED_UNIT ( * ) SI_UNIT ( $, .STERADIAN. ) SOLID_ANGLE_UNIT ( ) );
#1105 = SURFACE_SIDE_STYLE ('',( #1171 ) ) ;
#1106 = CARTESIAN_POINT ( 'NONE',  ( -0.2611092206515928700, 0.1858984514907789400, 0.6989999999999999500 ) ) ;
#1107 = DIRECTION ( 'NONE',  ( 0.0000000000000000000, 0.0000000000000000000, 1.000000000000000000 ) ) ;
#1108 =( LENGTH_UNIT ( ) NAMED_UNIT ( * ) SI_UNIT ( .MILLI., .METRE. ) );
#1109 = CARTESIAN_POINT ( 'NONE',  ( 1.600000000000000100, 1.250000000000000200, -0.5000000000000000000 ) ) ;
#1110 = FILL_AREA_STYLE ('',( #1183 ) ) ;
#1111 = CARTESIAN_POINT ( 'NONE',  ( -0.2293535381476725900, 0.1205923873267500000, 0.6989999999999998400 ) ) ;
#1112 = SURFACE_SIDE_STYLE ('',( #1180 ) ) ;
#1113 = SURFACE_STYLE_FILL_AREA ( #1143 ) ;
#1114 = DIRECTION ( 'NONE',  ( 0.0000000000000000000, 1.000000000000000000, 0.0000000000000000000 ) ) ;
#1115 = PRESENTATION_STYLE_ASSIGNMENT (( #1205 ) ) ;
#1116 = DIRECTION ( 'NONE',  ( -1.000000000000000000, 4.818676322157797400E-016, 0.0000000000000000000 ) ) ;
#1117 = FILL_AREA_STYLE_COLOUR ( '', #2469 ) ;
#1118 = CARTESIAN_POINT ( 'NONE',  ( -0.2571398433035940200, 0.1606424060889941100, 0.6989999999999997300 ) ) ;
#1119 = CARTESIAN_POINT ( 'NONE',  ( -1.600000000000000100, -0.1999999999999999800, -0.5000000000000000000 ) ) ;
#1120 = FILL_AREA_STYLE ('',( #1190 ) ) ;
#1121 =( NAMED_UNIT ( * ) SI_UNIT ( $, .STERADIAN. ) SOLID_ANGLE_UNIT ( ) );
#1122 =( LENGTH_UNIT ( ) NAMED_UNIT ( * ) SI_UNIT ( .MILLI., .METRE. ) );
#1123 = SURFACE_STYLE_USAGE ( .BOTH. , #1207 ) ;
#1124 = CARTESIAN_POINT ( 'NONE',  ( -0.2490983340275365300, 0.1439484160656886200, 0.6989999999999998400 ) ) ;
#1125 = SURFACE_STYLE_FILL_AREA ( #1120 ) ;
#1126 =( NAMED_UNIT ( * ) SI_UNIT ( $, .STERADIAN. ) SOLID_ANGLE_UNIT ( ) );
#1127 = CARTESIAN_POINT ( 'NONE',  ( -0.2609308124509946400, 0.1773886807250868200, 0.6989999999999999500 ) ) ;
#1128 =( NAMED_UNIT ( * ) SI_UNIT ( $, .STERADIAN. ) SOLID_ANGLE_UNIT ( ) );
#1129 = SURFACE_STYLE_USAGE ( .BOTH. , #1112 ) ;
#1130 =( NAMED_UNIT ( * ) PLANE_ANGLE_UNIT ( ) SI_UNIT ( $, .RADIAN. ) );
#1131 = DIRECTION ( 'NONE',  ( 0.4190581774617470100, -0.9079593845004516600, 0.0000000000000000000 ) ) ;
#1132 = DIRECTION ( 'NONE',  ( 1.000000000000000000, 0.0000000000000000000, -0.0000000000000000000 ) ) ;
#1133 = DIRECTION ( 'NONE',  ( 1.000000000000000000, 0.0000000000000000000, -0.0000000000000000000 ) ) ;
#1134 = PLANE ( 'NONE',  #4367 ) ;
#1135 = CARTESIAN_POINT ( 'NONE',  ( -0.2352616102531845400, 0.1263992164570034700, 0.6989999999999998400 ) ) ;
#1136 = PRESENTATION_STYLE_ASSIGNMENT (( #1123 ) ) ;
#1137 = CARTESIAN_POINT ( 'NONE',  ( -1.600000000000000100, 1.149999999999999500, 0.5000000000000000000 ) ) ;
#1138 = SURFACE_STYLE_FILL_AREA ( #1146 ) ;
#1139 = SURFACE_SIDE_STYLE ('',( #1125 ) ) ;
#1140 = DIRECTION ( 'NONE',  ( 1.000000000000000000, 0.0000000000000000000, -0.0000000000000000000 ) ) ;
#1141 = CARTESIAN_POINT ( 'NONE',  ( -1.325000000000000200, 0.9749999999999999800, 0.6999999999999999600 ) ) ;
#1142 = DIRECTION ( 'NONE',  ( 1.000000000000000000, 0.0000000000000000000, -0.0000000000000000000 ) ) ;
#1143 = FILL_AREA_STYLE ('',( #1212 ) ) ;
#1144 =( LENGTH_UNIT ( ) NAMED_UNIT ( * ) SI_UNIT ( .MILLI., .METRE. ) );
#1145 = PRESENTATION_STYLE_ASSIGNMENT (( #1219 ) ) ;
#1146 = FILL_AREA_STYLE ('',( #1188 ) ) ;
#1147 =( NAMED_UNIT ( * ) SI_UNIT ( $, .STERADIAN. ) SOLID_ANGLE_UNIT ( ) );
#1148 = SURFACE_SIDE_STYLE ('',( #1185 ) ) ;
#1149 = CARTESIAN_POINT ( 'NONE',  ( -0.6274553744977466900, 0.2935974365335139400, 0.6999999999999999600 ) ) ;
#1150 =( LENGTH_UNIT ( ) NAMED_UNIT ( * ) SI_UNIT ( .MILLI., .METRE. ) );
#1151 = DIRECTION ( 'NONE',  ( 0.0000000000000000000, 0.0000000000000000000, 1.000000000000000000 ) ) ;
#1152 = SURFACE_STYLE_USAGE ( .BOTH. , #1148 ) ;
#1153 =( NAMED_UNIT ( * ) PLANE_ANGLE_UNIT ( ) SI_UNIT ( $, .RADIAN. ) );
#1154 = SURFACE_STYLE_USAGE ( .BOTH. , #1155 ) ;
#1155 = SURFACE_SIDE_STYLE ('',( #1138 ) ) ;
#1156 = DIRECTION ( 'NONE',  ( 1.000000000000000000, 0.0000000000000000000, -0.0000000000000000000 ) ) ;
#1157 = CARTESIAN_POINT ( 'NONE',  ( -0.2262342540383450200, 0.1175265564587276900, 0.6989999999999999500 ) ) ;
#1158 = SURFACE_STYLE_USAGE ( .BOTH. , #1139 ) ;
#1159 =( NAMED_UNIT ( * ) PLANE_ANGLE_UNIT ( ) SI_UNIT ( $, .RADIAN. ) );
#1160 =( LENGTH_UNIT ( ) NAMED_UNIT ( * ) SI_UNIT ( .MILLI., .METRE. ) );
#1161 =( NAMED_UNIT ( * ) SI_UNIT ( $, .STERADIAN. ) SOLID_ANGLE_UNIT ( ) );
#1162 = CARTESIAN_POINT ( 'NONE',  ( -0.2429743371940740500, 0.1353272724110030400, 0.6989999999999999500 ) ) ;
#1163 = FILL_AREA_STYLE ('',( #1117 ) ) ;
#1164 =( NAMED_UNIT ( * ) PLANE_ANGLE_UNIT ( ) SI_UNIT ( $, .RADIAN. ) );
#1165 = PRESENTATION_STYLE_ASSIGNMENT (( #1237 ) ) ;
#1166 =( LENGTH_UNIT ( ) NAMED_UNIT ( * ) SI_UNIT ( .MILLI., .METRE. ) );
#1167 = DIRECTION ( 'NONE',  ( 4.818676322157797400E-016, 1.000000000000000000, 0.0000000000000000000 ) ) ;
#1168 = SURFACE_STYLE_FILL_AREA ( #1223 ) ;
#1169 =( NAMED_UNIT ( * ) PLANE_ANGLE_UNIT ( ) SI_UNIT ( $, .RADIAN. ) );
#1170 =( NAMED_UNIT ( * ) SI_UNIT ( $, .STERADIAN. ) SOLID_ANGLE_UNIT ( ) );
#1171 = SURFACE_STYLE_FILL_AREA ( #1110 ) ;
#1172 = CARTESIAN_POINT ( 'NONE',  ( -0.2537618501694455200, 0.1523386346366855400, 0.6990000000000000700 ) ) ;
#1173 =( NAMED_UNIT ( * ) SI_UNIT ( $, .STERADIAN. ) SOLID_ANGLE_UNIT ( ) );
#1174 = SURFACE_STYLE_FILL_AREA ( #1203 ) ;
#1175 = PLANE ( 'NONE',  #4377 ) ;
#1176 = PLANE ( 'NONE',  #955 ) ;
#1177 = PRESENTATION_STYLE_ASSIGNMENT (( #1152 ) ) ;
#1178 = FILL_AREA_STYLE_COLOUR ( '', #2339 ) ;
#1179 =( NAMED_UNIT ( * ) SI_UNIT ( $, .STERADIAN. ) SOLID_ANGLE_UNIT ( ) );
#1180 = SURFACE_STYLE_FILL_AREA ( #1184 ) ;
#1181 = PLANE ( 'NONE',  #4364 ) ;
#1182 =( NAMED_UNIT ( * ) PLANE_ANGLE_UNIT ( ) SI_UNIT ( $, .RADIAN. ) );
#1183 = FILL_AREA_STYLE_COLOUR ( '', #2396 ) ;
#1184 = FILL_AREA_STYLE ('',( #1217 ) ) ;
#1185 = SURFACE_STYLE_FILL_AREA ( #1163 ) ;
#1186 = PRESENTATION_STYLE_ASSIGNMENT (( #1154 ) ) ;
#1187 = SURFACE_STYLE_FILL_AREA ( #801 ) ;
#1188 = FILL_AREA_STYLE_COLOUR ( '', #2312 ) ;
#1189 =( LENGTH_UNIT ( ) NAMED_UNIT ( * ) SI_UNIT ( .MILLI., .METRE. ) );
#1190 = FILL_AREA_STYLE_COLOUR ( '', #2433 ) ;
#1191 = DIRECTION ( 'NONE',  ( -0.0000000000000000000, 0.0000000000000000000, 1.000000000000000000 ) ) ;
#1192 =( LENGTH_UNIT ( ) NAMED_UNIT ( * ) SI_UNIT ( .MILLI., .METRE. ) );
#1193 = CARTESIAN_POINT ( 'NONE',  ( 1.456000000000000000, 0.4500000000000004600, -0.5000000000000000000 ) ) ;
#1194 = PRESENTATION_STYLE_ASSIGNMENT (( #1129 ) ) ;
#1195 =( NAMED_UNIT ( * ) PLANE_ANGLE_UNIT ( ) SI_UNIT ( $, .RADIAN. ) );
#1196 = DIRECTION ( 'NONE',  ( -1.000000000000000000, 0.0000000000000000000, -0.0000000000000000000 ) ) ;
#1197 = SURFACE_SIDE_STYLE ('',( #1187 ) ) ;
#1198 = SURFACE_STYLE_USAGE ( .BOTH. , #1209 ) ;
#1199 = FILL_AREA_STYLE ('',( #1214 ) ) ;
#1200 = CARTESIAN_POINT ( 'NONE',  ( 1.600000000000000100, 1.250000000000000200, 0.5000000000000000000 ) ) ;
#1201 = FILL_AREA_STYLE_COLOUR ( '', #2423 ) ;
#1202 = DIRECTION ( 'NONE',  ( -0.0000000000000000000, 0.0000000000000000000, -1.000000000000000000 ) ) ;
#1203 = FILL_AREA_STYLE ('',( #1178 ) ) ;
#1204 = PRESENTATION_STYLE_ASSIGNMENT (( #1206 ) ) ;
#1205 = SURFACE_STYLE_USAGE ( .BOTH. , #1105 ) ;
#1206 = SURFACE_STYLE_USAGE ( .BOTH. , #1226 ) ;
#1207 = SURFACE_SIDE_STYLE ('',( #1174 ) ) ;
#1208 =( NAMED_UNIT ( * ) PLANE_ANGLE_UNIT ( ) SI_UNIT ( $, .RADIAN. ) );
#1209 = SURFACE_SIDE_STYLE ('',( #1168 ) ) ;
#1210 = CARTESIAN_POINT ( 'NONE',  ( 0.5999999999999995300, -1.150000000000000100, -0.5010000000000000000 ) ) ;
#1211 = PRESENTATION_STYLE_ASSIGNMENT (( #1198 ) ) ;
#1212 = FILL_AREA_STYLE_COLOUR ( '', #2398 ) ;
#1213 = CARTESIAN_POINT ( 'NONE',  ( -0.2592715275626957800, 0.1690049538344296800, 0.6990000000000000700 ) ) ;
#1214 = FILL_AREA_STYLE_COLOUR ( '', #2408 ) ;
#1215 = PLANE ( 'NONE',  #978 ) ;
#1216 = CARTESIAN_POINT ( 'NONE',  ( -0.3832246052669774400, -0.2355692301331526500, 0.6989999999999999500 ) ) ;
#1217 = FILL_AREA_STYLE_COLOUR ( '', #2428 ) ;
#1218 = DIRECTION ( 'NONE',  ( 1.882295438342889600E-016, 1.000000000000000000, 0.0000000000000000000 ) ) ;
#1219 = SURFACE_STYLE_USAGE ( .BOTH. , #1197 ) ;
#1220 = DIRECTION ( 'NONE',  ( -0.0000000000000000000, 0.0000000000000000000, -1.000000000000000000 ) ) ;
#1221 = PLANE ( 'NONE',  #964 ) ;
#1222 =( NAMED_UNIT ( * ) PLANE_ANGLE_UNIT ( ) SI_UNIT ( $, .RADIAN. ) );
#1223 = FILL_AREA_STYLE ('',( #1201 ) ) ;
#1224 =( NAMED_UNIT ( * ) PLANE_ANGLE_UNIT ( ) SI_UNIT ( $, .RADIAN. ) );
#1225 =( LENGTH_UNIT ( ) NAMED_UNIT ( * ) SI_UNIT ( .MILLI., .METRE. ) );
#1226 = SURFACE_SIDE_STYLE ('',( #1230 ) ) ;
#1227 =( LENGTH_UNIT ( ) NAMED_UNIT ( * ) SI_UNIT ( .MILLI., .METRE. ) );
#1228 = CARTESIAN_POINT ( 'NONE',  ( -1.450000000000000200, 0.9750000000000000900, 0.6999999999999999600 ) ) ;
#1229 = CARTESIAN_POINT ( 'NONE',  ( -0.2610497836484578200, 0.1830634065209711400, 0.6989999999999999500 ) ) ;
#1230 = SURFACE_STYLE_FILL_AREA ( #1199 ) ;
#1231 = PRESENTATION_STYLE_ASSIGNMENT (( #1158 ) ) ;
#1232 = DIRECTION ( 'NONE',  ( 0.0000000000000000000, -0.0000000000000000000, 1.000000000000000000 ) ) ;
#1233 = PLANE ( 'NONE',  #977 ) ;
#1234 =( NAMED_UNIT ( * ) SI_UNIT ( $, .STERADIAN. ) SOLID_ANGLE_UNIT ( ) );
#1235 = SURFACE_SIDE_STYLE ('',( #1113 ) ) ;
#1236 = DIRECTION ( 'NONE',  ( -1.000000000000000000, 1.882295438342889600E-016, 0.0000000000000000000 ) ) ;
#1237 = SURFACE_STYLE_USAGE ( .BOTH. , #1235 ) ;
#1238 = MECHANICAL_DESIGN_GEOMETRIC_PRESENTATION_REPRESENTATION (  '', ( #1245 ), #2823 ) ;
#1239 = VECTOR ( 'NONE', #4951, 1000.000000000000000 ) ;
#1240 = STYLED_ITEM ( 'NONE', ( #4976 ), #2393 ) ;
#1241 = FACE_OUTER_BOUND ( 'NONE', #749, .T. ) ;
#1242 = MECHANICAL_DESIGN_GEOMETRIC_PRESENTATION_REPRESENTATION (  '', ( #1244 ), #2825 ) ;
#1243 = PRESENTATION_LAYER_ASSIGNMENT (  '', '', ( #1240 ) ) ;
#1244 = STYLED_ITEM ( 'NONE', ( #4957 ), #2390 ) ;
#1245 = STYLED_ITEM ( 'NONE', ( #4918 ), #2381 ) ;
#1246 = STYLED_ITEM ( 'NONE', ( #4906 ), #2378 ) ;
#1247 = PRESENTATION_LAYER_ASSIGNMENT (  '', '', ( #1245 ) ) ;
#1248 = STYLED_ITEM ( 'NONE', ( #4883 ), #2373 ) ;
#1249 = AXIS2_PLACEMENT_3D ( 'NONE', #4875, #4876, #4877 ) ;
#1250 = PRESENTATION_LAYER_ASSIGNMENT (  '', '', ( #1272 ) ) ;
#1251 = VECTOR ( 'NONE', #4893, 1000.000000000000000 ) ;
#1252 = VECTOR ( 'NONE', #4947, 1000.000000000000000 ) ;
#1253 = MECHANICAL_DESIGN_GEOMETRIC_PRESENTATION_REPRESENTATION (  '', ( #1272 ), #2824 ) ;
#1254 = VECTOR ( 'NONE', #4900, 1000.000000000000000 ) ;
#1255 = AXIS2_PLACEMENT_3D ( 'NONE', #4961, #4962, #4963 ) ;
#1256 = FACE_OUTER_BOUND ( 'NONE', #795, .T. ) ;
#1257 = FACE_OUTER_BOUND ( 'NONE', #863, .T. ) ;
#1258 = MECHANICAL_DESIGN_GEOMETRIC_PRESENTATION_REPRESENTATION (  '', ( #1246 ), #2822 ) ;
#1259 = AXIS2_PLACEMENT_3D ( 'NONE', #4910, #4911, #4912 ) ;
#1260 = VECTOR ( 'NONE', #4932, 1000.000000000000000 ) ;
#1261 = AXIS2_PLACEMENT_3D ( 'NONE', #4888, #4889, #4890 ) ;
#1262 = PRESENTATION_LAYER_ASSIGNMENT (  '', '', ( #1244 ) ) ;
#1263 = PRESENTATION_LAYER_ASSIGNMENT (  '', '', ( #3471 ) ) ;
#1264 = AXIS2_PLACEMENT_3D ( 'NONE', #4923, #4924, #4925 ) ;
#1265 = PRESENTATION_LAYER_ASSIGNMENT (  '', '', ( #1246 ) ) ;
#1266 = VECTOR ( 'NONE', #4928, 1000.000000000000000 ) ;
#1267 = VECTOR ( 'NONE', #4897, 1000.000000000000000 ) ;
#1268 = FACE_OUTER_BOUND ( 'NONE', #723, .T. ) ;
#1269 = MECHANICAL_DESIGN_GEOMETRIC_PRESENTATION_REPRESENTATION (  '', ( #1248 ), #2821 ) ;
#1270 = AXIS2_PLACEMENT_3D ( 'NONE', #4942, #4943, #4944 ) ;
#1271 = FACE_OUTER_BOUND ( 'NONE', #807, .T. ) ;
#1272 = STYLED_ITEM ( 'NONE', ( #4938 ), #2387 ) ;
#1273 = MECHANICAL_DESIGN_GEOMETRIC_PRESENTATION_REPRESENTATION (  '', ( #3471 ), #2820 ) ;
#1274 = PRESENTATION_LAYER_ASSIGNMENT (  '', '', ( #1248 ) ) ;
#1275 = VECTOR ( 'NONE', #1858, 1000.000000000000000 ) ;
#1276 = AXIS2_PLACEMENT_3D ( 'NONE', #5044, #5045, #5046 ) ;
#1277 = VECTOR ( 'NONE', #1833, 1000.000000000000000 ) ;
#1278 = MECHANICAL_DESIGN_GEOMETRIC_PRESENTATION_REPRESENTATION (  '', ( #1282 ), #2782 ) ;
#1279 = VECTOR ( 'NONE', #1855, 1000.000000000000000 ) ;
#1280 = PRESENTATION_LAYER_ASSIGNMENT (  '', '', ( #1282 ) ) ;
#1281 = VECTOR ( 'NONE', #1917, 1000.000000000000000 ) ;
#1282 = STYLED_ITEM ( 'NONE', ( #5004 ), #467 ) ;
#1283 = VECTOR ( 'NONE', #1914, 1000.000000000000000 ) ;
#1284 = VECTOR ( 'NONE', #1864, 1000.000000000000000 ) ;
#1285 = VECTOR ( 'NONE', #1911, 1000.000000000000000 ) ;
#1286 = VECTOR ( 'NONE', #1908, 1000.000000000000000 ) ;
#1287 = AXIS2_PLACEMENT_3D ( 'NONE', #5008, #5009, #5010 ) ;
#1288 = VECTOR ( 'NONE', #1894, 1000.000000000000000 ) ;
#1289 = FACE_OUTER_BOUND ( 'NONE', #762, .T. ) ;
#1290 = VECTOR ( 'NONE', #1884, 1000.000000000000000 ) ;
#1291 = VECTOR ( 'NONE', #1881, 1000.000000000000000 ) ;
#1292 = VECTOR ( 'NONE', #1867, 1000.000000000000000 ) ;
#1293 = PRESENTATION_LAYER_ASSIGNMENT (  '', '', ( #1303 ) ) ;
#1294 = MECHANICAL_DESIGN_GEOMETRIC_PRESENTATION_REPRESENTATION (  '', ( #1317 ), #2774 ) ;
#1295 = VECTOR ( 'NONE', #3431, 1000.000000000000000 ) ;
#1296 = VECTOR ( 'NONE', #3438, 1000.000000000000000 ) ;
#1297 = VECTOR ( 'NONE', #3435, 1000.000000000000000 ) ;
#1298 = VECTOR ( 'NONE', #3412, 1000.000000000000000 ) ;
#1299 = MECHANICAL_DESIGN_GEOMETRIC_PRESENTATION_REPRESENTATION (  '', ( #1303 ), #2775 ) ;
#1300 = VECTOR ( 'NONE', #3370, 1000.000000000000000 ) ;
#1301 = STYLED_ITEM ( 'NONE', ( #3422 ), #411 ) ;
#1302 = PRESENTATION_LAYER_ASSIGNMENT (  '', '', ( #1301 ) ) ;
#1303 = STYLED_ITEM ( 'NONE', ( #3402 ), #408 ) ;
#1304 = MECHANICAL_DESIGN_GEOMETRIC_PRESENTATION_REPRESENTATION (  '', ( #1301 ), #2776 ) ;
#1305 = VECTOR ( 'NONE', #3416, 1000.000000000000000 ) ;
#1306 = VECTOR ( 'NONE', #3364, 1000.000000000000000 ) ;
#1307 = FACE_OUTER_BOUND ( 'NONE', #750, .T. ) ;
#1308 = FACE_OUTER_BOUND ( 'NONE', #720, .T. ) ;
#1309 = VECTOR ( 'NONE', #3373, 1000.000000000000000 ) ;
#1310 = FACE_OUTER_BOUND ( 'NONE', #759, .T. ) ;
#1311 = FACE_OUTER_BOUND ( 'NONE', #768, .T. ) ;
#1312 = VECTOR ( 'NONE', #3355, 1000.000000000000000 ) ;
#1313 = PRESENTATION_LAYER_ASSIGNMENT (  '', '', ( #1317 ) ) ;
#1314 = STYLED_ITEM ( 'NONE', ( #3453 ), #418 ) ;
#1315 = VECTOR ( 'NONE', #3358, 1000.000000000000100 ) ;
#1316 = AXIS2_PLACEMENT_3D ( 'NONE', #3426, #3427, #3428 ) ;
#1317 = STYLED_ITEM ( 'NONE', ( #3390 ), #407 ) ;
#1318 = AXIS2_PLACEMENT_3D ( 'NONE', #3407, #3408, #3409 ) ;
#1319 = VECTOR ( 'NONE', #3361, 1000.000000000000000 ) ;
#1320 = VECTOR ( 'NONE', #3367, 1000.000000000000100 ) ;
#1321 = CARTESIAN_POINT ( 'NONE',  ( 0.5473751877351591400, 0.05615085533693277300, 0.6989999999999999500 ) ) ;
#1322 = PLANE ( 'NONE',  #5903 ) ;
#1323 = CARTESIAN_POINT ( 'NONE',  ( -0.05520275935165744300, 0.2410379031323399700, 0.6989999999999999500 ) ) ;
#1324 =( LENGTH_UNIT ( ) NAMED_UNIT ( * ) SI_UNIT ( .MILLI., .METRE. ) );
#1325 = DIRECTION ( 'NONE',  ( 1.000000000000000000, 6.023345402697228600E-015, -0.0000000000000000000 ) ) ;
#1326 = CARTESIAN_POINT ( 'NONE',  ( -0.04609439966242216700, 0.2297656619480820700, 0.6989999999999999500 ) ) ;
#1327 = PLANE ( 'NONE',  #5911 ) ;
#1328 = CARTESIAN_POINT ( 'NONE',  ( -0.1413373483624020500, 0.3028041058514736600, 0.6990000000000000700 ) ) ;
#1329 = LINE ( 'NONE', #1342, #5909 ) ;
#1330 = CARTESIAN_POINT ( 'NONE',  ( -0.08161303928860157200, 0.2690257830515254100, 0.6990000000000000700 ) ) ;
#1331 = CARTESIAN_POINT ( 'NONE',  ( -0.09015793958609441500, 0.2763396387571597800, 0.6989999999999997300 ) ) ;
#1332 = DIRECTION ( 'NONE',  ( 0.0000000000000000000, -1.000000000000000000, 0.0000000000000000000 ) ) ;
#1333 = CARTESIAN_POINT ( 'NONE',  ( 0.3766044545620824100, 0.2935974365335139400, 0.6989999999999999500 ) ) ;
#1334 = CARTESIAN_POINT ( 'NONE',  ( -0.4749999999999955900, -0.8250000000000040600, -0.5000000000000000000 ) ) ;
#1335 = CARTESIAN_POINT ( 'NONE',  ( -0.1719792079447538000, 0.3069507363482041900, 0.6989999999999998400 ) ) ;
#1336 = CARTESIAN_POINT ( 'NONE',  ( -0.06412654320285754400, 0.2513809477650438300, 0.6989999999999999500 ) ) ;
#1337 = DIRECTION ( 'NONE',  ( -0.7209840770893442000, -0.6929516293246064100, 0.0000000000000000000 ) ) ;
#1338 = DIRECTION ( 'NONE',  ( -0.0000000000000000000, -0.0000000000000000000, 1.000000000000000000 ) ) ;
#1339 = LINE ( 'NONE', #1334, #5885 ) ;
#1340 = CARTESIAN_POINT ( 'NONE',  ( 0.3766044545620824100, 0.07650341943949692800, 0.6989999999999999500 ) ) ;
#1341 = DIRECTION ( 'NONE',  ( 0.6929516293246063000, -0.7209840770893440900, 0.0000000000000000000 ) ) ;
#1342 = CARTESIAN_POINT ( 'NONE',  ( 0.1255894972971251000, 0.2393239322600097000, 0.6989999999999999500 ) ) ;
#1343 = CARTESIAN_POINT ( 'NONE',  ( -0.07288661909425467300, 0.2607315875131159300, 0.6990000000000000700 ) ) ;
#1344 = LINE ( 'NONE', #1402, #5901 ) ;
#1345 = DIRECTION ( 'NONE',  ( 0.0000000000000000000, -1.000000000000000000, 0.0000000000000000000 ) ) ;
#1346 = LINE ( 'NONE', #1333, #5865 ) ;
#1347 = CARTESIAN_POINT ( 'NONE',  ( -0.1237749543351677800, 0.2966505519025760000, 0.6990000000000000700 ) ) ;
#1348 = LINE ( 'NONE', #1351, #5894 ) ;
#1349 = DIRECTION ( 'NONE',  ( -0.7071067811865489100, 0.7071067811865460200, -0.0000000000000000000 ) ) ;
#1350 = CARTESIAN_POINT ( 'NONE',  ( -0.09859024559977787300, 0.2826926359993182600, 0.6990000000000000700 ) ) ;
#1351 = CARTESIAN_POINT ( 'NONE',  ( 0.5999999999999994200, -0.5000000000000004400, -0.5000000000000000000 ) ) ;
#1352 = SURFACE_STYLE_FILL_AREA ( #1404 ) ;
#1353 = DIRECTION ( 'NONE',  ( 1.000000000000000000, -3.614007241618347300E-016, 0.0000000000000000000 ) ) ;
#1354 = LINE ( 'NONE', #1355, #5896 ) ;
#1355 = CARTESIAN_POINT ( 'NONE',  ( 0.1255894972971251000, 0.02222991516599265000, 0.6989999999999999500 ) ) ;
#1356 = DIRECTION ( 'NONE',  ( -0.0000000000000000000, -0.0000000000000000000, -1.000000000000000000 ) ) ;
#1357 = DIRECTION ( 'NONE',  ( 0.0000000000000000000, -1.000000000000000000, 0.0000000000000000000 ) ) ;
#1358 = CARTESIAN_POINT ( 'NONE',  ( 1.499999999999999600, -0.5000000000000007800, -0.5000000000000000000 ) ) ;
#1359 = DIRECTION ( 'NONE',  ( 0.0000000000000000000, -1.000000000000000000, 0.0000000000000000000 ) ) ;
#1360 = CARTESIAN_POINT ( 'NONE',  ( -0.03723101552338768000, 0.2175933299630011800, 0.6989999999999999500 ) ) ;
#1361 = LINE ( 'NONE', #1362, #5910 ) ;
#1362 = CARTESIAN_POINT ( 'NONE',  ( -1.600000000000000100, 1.149999999999999500, 0.5000000000000000000 ) ) ;
#1363 = FILL_AREA_STYLE_COLOUR ( '', #2311 ) ;
#1364 = DIRECTION ( 'NONE',  ( 0.0000000000000000000, -1.000000000000000000, 0.0000000000000000000 ) ) ;
#1365 = DIRECTION ( 'NONE',  ( -0.0000000000000000000, -0.0000000000000000000, 1.000000000000000000 ) ) ;
#1366 = FILL_AREA_STYLE_COLOUR ( '', #2481 ) ;
#1367 = FILL_AREA_STYLE ('',( #1366 ) ) ;
#1368 = CARTESIAN_POINT ( 'NONE',  ( -0.04023488271511686800, 0.2217186243340068800, 0.6989999999999999500 ) ) ;
#1369 = SURFACE_STYLE_FILL_AREA ( #1367 ) ;
#1370 = SURFACE_SIDE_STYLE ('',( #1369 ) ) ;
#1371 = SURFACE_STYLE_USAGE ( .BOTH. , #1370 ) ;
#1372 = PRESENTATION_STYLE_ASSIGNMENT (( #1371 ) ) ;
#1373 =( LENGTH_UNIT ( ) NAMED_UNIT ( * ) SI_UNIT ( .MILLI., .METRE. ) );
#1374 =( NAMED_UNIT ( * ) SI_UNIT ( $, .STERADIAN. ) SOLID_ANGLE_UNIT ( ) );
#1375 =( NAMED_UNIT ( * ) PLANE_ANGLE_UNIT ( ) SI_UNIT ( $, .RADIAN. ) );
#1376 =( LENGTH_UNIT ( ) NAMED_UNIT ( * ) SI_UNIT ( .MILLI., .METRE. ) );
#1377 = PRESENTATION_STYLE_ASSIGNMENT (( #1378 ) ) ;
#1378 = SURFACE_STYLE_USAGE ( .BOTH. , #1379 ) ;
#1379 = SURFACE_SIDE_STYLE ('',( #1380 ) ) ;
#1380 = SURFACE_STYLE_FILL_AREA ( #1383 ) ;
#1381 = FILL_AREA_STYLE_COLOUR ( '', #2310 ) ;
#1382 = CARTESIAN_POINT ( 'NONE',  ( -1.100000000000000100, -0.7499999999999997800, 0.6999000000000000800 ) ) ;
#1383 = FILL_AREA_STYLE ('',( #1381 ) ) ;
#1384 = DIRECTION ( 'NONE',  ( -0.0000000000000000000, -0.0000000000000000000, -1.000000000000000000 ) ) ;
#1385 = CARTESIAN_POINT ( 'NONE',  ( -1.600000000000000100, -1.250000000000000000, 0.5000000000000000000 ) ) ;
#1386 = DIRECTION ( 'NONE',  ( 1.000000000000000000, 0.0000000000000000000, 0.0000000000000000000 ) ) ;
#1387 = DIRECTION ( 'NONE',  ( 1.000000000000000000, 0.0000000000000000000, -0.0000000000000000000 ) ) ;
#1388 = CARTESIAN_POINT ( 'NONE',  ( -1.600000000000000100, 1.149999999999999500, 0.5000000000000000000 ) ) ;
#1389 = DIRECTION ( 'NONE',  ( -0.0000000000000000000, 0.0000000000000000000, -1.000000000000000000 ) ) ;
#1390 = SURFACE_SIDE_STYLE ('',( #1352 ) ) ;
#1391 = PRESENTATION_STYLE_ASSIGNMENT (( #1392 ) ) ;
#1392 = SURFACE_STYLE_USAGE ( .BOTH. , #1390 ) ;
#1393 = LINE ( 'NONE', #1397, #5895 ) ;
#1394 =( NAMED_UNIT ( * ) SI_UNIT ( $, .STERADIAN. ) SOLID_ANGLE_UNIT ( ) );
#1395 =( NAMED_UNIT ( * ) PLANE_ANGLE_UNIT ( ) SI_UNIT ( $, .RADIAN. ) );
#1396 = CARTESIAN_POINT ( 'NONE',  ( -0.6274553744977466900, 0.2935974365335139400, 0.6989999999999999500 ) ) ;
#1397 = CARTESIAN_POINT ( 'NONE',  ( -1.600000000000000100, 1.149999999999999500, 0.5000000000000000000 ) ) ;
#1398 = LINE ( 'NONE', #1358, #5900 ) ;
#1399 =( NAMED_UNIT ( * ) SI_UNIT ( $, .STERADIAN. ) SOLID_ANGLE_UNIT ( ) );
#1400 = LINE ( 'NONE', #1396, #5907 ) ;
#1401 =( NAMED_UNIT ( * ) PLANE_ANGLE_UNIT ( ) SI_UNIT ( $, .RADIAN. ) );
#1402 = CARTESIAN_POINT ( 'NONE',  ( 1.600000000000000500, -0.4499999999999996200, -0.5000000000000000000 ) ) ;
#1403 = CARTESIAN_POINT ( 'NONE',  ( -0.1096472226303155900, 0.2896672667083485800, 0.6989999999999999500 ) ) ;
#1404 = FILL_AREA_STYLE ('',( #1363 ) ) ;
#1405 = CARTESIAN_POINT ( 'NONE',  ( -0.1595783607163695800, 0.3065230183248147700, 0.6989999999999999500 ) ) ;
#1406 =( NAMED_UNIT ( * ) PLANE_ANGLE_UNIT ( ) SI_UNIT ( $, .RADIAN. ) );
#1407 =( NAMED_UNIT ( * ) SI_UNIT ( $, .STERADIAN. ) SOLID_ANGLE_UNIT ( ) );
#1408 = PLANE ( 'NONE',  #3578 ) ;
#1409 = CARTESIAN_POINT ( 'NONE',  ( -1.500000000000000200, -1.149999999999999900, -0.5010000000000000000 ) ) ;
#1410 = DIRECTION ( 'NONE',  ( -0.0000000000000000000, 1.000000000000000000, 0.0000000000000000000 ) ) ;
#1411 = DIRECTION ( 'NONE',  ( 0.0000000000000000000, -0.0000000000000000000, 1.000000000000000000 ) ) ;
#1412 = LINE ( 'NONE', #1413, #3580 ) ;
#1413 = CARTESIAN_POINT ( 'NONE',  ( -0.8852545197968918500, -0.2355692301331526500, 0.6999999999999999600 ) ) ;
#1414 = DIRECTION ( 'NONE',  ( 0.4285842068721729700, 0.9035018415143105700, 0.0000000000000000000 ) ) ;
#1415 = CARTESIAN_POINT ( 'NONE',  ( -0.2262342540383450200, 0.1175265564587276900, 0.6989999999999999500 ) ) ;
#1416 = CARTESIAN_POINT ( 'NONE',  ( -0.2250759274957539200, 0.1164928632699069300, 0.6989999999999999500 ) ) ;
#1417 = CARTESIAN_POINT ( 'NONE',  ( -0.2223240087738629600, 0.1140370448677456600, 0.6990000000000001800 ) ) ;
#1418 = CARTESIAN_POINT ( 'NONE',  ( -0.2172930057156038400, 0.1100165452942273700, 0.6989999999999999500 ) ) ;
#1419 = CARTESIAN_POINT ( 'NONE',  ( -0.2106492731260769800, 0.1050570785305377100, 0.6990000000000001800 ) ) ;
#1420 = CARTESIAN_POINT ( 'NONE',  ( -0.2025662974719588700, 0.09892066282542062700, 0.6989999999999999500 ) ) ;
#1421 = CARTESIAN_POINT ( 'NONE',  ( -0.1928950415917972400, 0.09180239414816640500, 0.6989999999999998400 ) ) ;
#1422 = CARTESIAN_POINT ( 'NONE',  ( -0.1816344420318386200, 0.08379328849959247200, 0.6990000000000001800 ) ) ;
#1423 = CARTESIAN_POINT ( 'NONE',  ( -0.1689100198056039900, 0.07463334410212306400, 0.6989999999999996200 ) ) ;
#1424 = CARTESIAN_POINT ( 'NONE',  ( -0.1598806349017382300, 0.06822928736704969600, 0.6989999999999999500 ) ) ;
#1425 = CARTESIAN_POINT ( 'NONE',  ( -0.1551062826174047500, 0.06484309625573621300, 0.6989999999999999500 ) ) ;
#1426 = CARTESIAN_POINT ( 'NONE',  ( -0.1551062826174047500, 0.06484309625573621300, 0.6999999999999999600 ) ) ;
#1427 = CARTESIAN_POINT ( 'NONE',  ( -0.1493631742959266000, 0.06066398594286221600, 0.6999999999999998400 ) ) ;
#1428 = CARTESIAN_POINT ( 'NONE',  ( -0.1382424410101310300, 0.05257171803497996700, 0.6999999999999998400 ) ) ;
#1429 = CARTESIAN_POINT ( 'NONE',  ( -0.1224192116663660700, 0.04041363307844950100, 0.7000000000000000700 ) ) ;
#1430 = CARTESIAN_POINT ( 'NONE',  ( -0.1080721716329779300, 0.02852283949638471600, 0.6999999999999999600 ) ) ;
#1431 = CARTESIAN_POINT ( 'NONE',  ( -0.09515094918844055300, 0.01697527270923766800, 0.6999999999999999600 ) ) ;
#1432 = CARTESIAN_POINT ( 'NONE',  ( -0.08352789279337995100, 0.005858525314638818300, 0.6999999999999998400 ) ) ;
#1433 = CARTESIAN_POINT ( 'NONE',  ( -0.07333195169135842100, -0.004961145997186598200, 0.6999999999999998400 ) ) ;
#1434 = CARTESIAN_POINT ( 'NONE',  ( -0.06445923573410566900, -0.01540622662890367800, 0.7000000000000001800 ) ) ;
#1435 = CARTESIAN_POINT ( 'NONE',  ( -0.05490713960977333000, -0.02879755652507054500, 0.6999999999999997300 ) ) ;
#1436 = CARTESIAN_POINT ( 'NONE',  ( -0.04514661213465329100, -0.04524422045702435800, 0.6999999999999999600 ) ) ;
#1437 = CARTESIAN_POINT ( 'NONE',  ( -0.03676438422617835100, -0.06539462080851216100, 0.7000000000000001800 ) ) ;
#1438 = CARTESIAN_POINT ( 'NONE',  ( -0.03147901502769214600, -0.08562335021698211400, 0.6999999999999998400 ) ) ;
#1439 = CARTESIAN_POINT ( 'NONE',  ( -0.03078784543262221400, -0.09921943144594912200, 0.6999999999999998400 ) ) ;
#1440 = CARTESIAN_POINT ( 'NONE',  ( -0.03044682748919971800, -0.1059276369173407000, 0.6999999999999999600 ) ) ;
#1441 = CARTESIAN_POINT ( 'NONE',  ( -1.325000000000000200, 0.9749999999999999800, 0.6999999999999999600 ) ) ;
#1442 = LINE ( 'NONE', #1443, #3587 ) ;
#1443 = CARTESIAN_POINT ( 'NONE',  ( 0.07810018105780894300, -0.2355692301331526500, 0.6989999999999999500 ) ) ;
#1444 = DIRECTION ( 'NONE',  ( 0.0000000000000000000, 1.000000000000000000, 0.0000000000000000000 ) ) ;
#1445 = LINE ( 'NONE', #1446, #3562 ) ;
#1446 = CARTESIAN_POINT ( 'NONE',  ( 0.07810018105780894300, 0.2935974365335139400, 0.6989999999999999500 ) ) ;
#1447 = DIRECTION ( 'NONE',  ( -0.0000000000000000000, -0.0000000000000000000, 1.000000000000000000 ) ) ;
#1448 = LINE ( 'NONE', #1449, #3576 ) ;
#1449 = CARTESIAN_POINT ( 'NONE',  ( 0.1255894972971251000, 0.2393239322600097000, 0.6999999999999999600 ) ) ;
#1450 = DIRECTION ( 'NONE',  ( 0.0000000000000000000, -1.000000000000000000, 0.0000000000000000000 ) ) ;
#1451 = FILL_AREA_STYLE_COLOUR ( '', #2372 ) ;
#1452 = FILL_AREA_STYLE ('',( #1451 ) ) ;
#1453 = SURFACE_STYLE_FILL_AREA ( #1452 ) ;
#1454 = SURFACE_SIDE_STYLE ('',( #1453 ) ) ;
#1455 = SURFACE_STYLE_USAGE ( .BOTH. , #1454 ) ;
#1456 = PRESENTATION_STYLE_ASSIGNMENT (( #1455 ) ) ;
#1457 =( LENGTH_UNIT ( ) NAMED_UNIT ( * ) SI_UNIT ( .MILLI., .METRE. ) );
#1458 =( NAMED_UNIT ( * ) PLANE_ANGLE_UNIT ( ) SI_UNIT ( $, .RADIAN. ) );
#1459 =( NAMED_UNIT ( * ) SI_UNIT ( $, .STERADIAN. ) SOLID_ANGLE_UNIT ( ) );
#1460 = DIRECTION ( 'NONE',  ( -0.0000000000000000000, -0.0000000000000000000, -1.000000000000000000 ) ) ;
#1461 = DIRECTION ( 'NONE',  ( -1.000000000000000000, 0.0000000000000000000, 0.0000000000000000000 ) ) ;
#1462 = CARTESIAN_POINT ( 'NONE',  ( -0.03044682748919971800, -0.1059276369173407000, 0.6989999999999999500 ) ) ;
#1463 = CARTESIAN_POINT ( 'NONE',  ( -0.03054618051508390200, -0.1106717468782216500, 0.6989999999999998400 ) ) ;
#1464 = CARTESIAN_POINT ( 'NONE',  ( -0.03074295719822152700, -0.1200678393900952400, 0.6989999999999999500 ) ) ;
#1465 = CARTESIAN_POINT ( 'NONE',  ( -0.03300490487665536800, -0.1338647379187001000, 0.6989999999999999500 ) ) ;
#1466 = CARTESIAN_POINT ( 'NONE',  ( -0.03631894949052023900, -0.1472648813113935900, 0.6990000000000000700 ) ) ;
#1467 = CARTESIAN_POINT ( 'NONE',  ( -0.04131386462351926300, -0.1601026328358182700, 0.6989999999999998400 ) ) ;
#1468 = CARTESIAN_POINT ( 'NONE',  ( -0.04741034212233702400, -0.1726128529081964200, 0.6990000000000001800 ) ) ;
#1469 = CARTESIAN_POINT ( 'NONE',  ( -0.05514619150208178300, -0.1844673807084190900, 0.6990000000000000700 ) ) ;
#1470 = CARTESIAN_POINT ( 'NONE',  ( -0.06411294859932753500, -0.1959285862090646700, 0.6989999999999999500 ) ) ;
#1471 = CARTESIAN_POINT ( 'NONE',  ( -0.07439900591225233300, -0.2066908521639497800, 0.6989999999999999500 ) ) ;
#1472 = CARTESIAN_POINT ( 'NONE',  ( -0.08565451733391459000, -0.2165705746522202700, 0.6989999999999999500 ) ) ;
#1473 = CARTESIAN_POINT ( 'NONE',  ( -0.09755074259840525200, -0.2253591351367485700, 0.6990000000000001800 ) ) ;
#1474 = CARTESIAN_POINT ( 'NONE',  ( -0.1101071529110688500, -0.2326870840310407100, 0.6989999999999999500 ) ) ;
#1475 = CARTESIAN_POINT ( 'NONE',  ( -0.1232556317429386300, -0.2386667946743044300, 0.6989999999999998400 ) ) ;
#1476 = CARTESIAN_POINT ( 'NONE',  ( -0.1369991993165065000, -0.2433436479193447900, 0.6990000000000001800 ) ) ;
#1477 = CARTESIAN_POINT ( 'NONE',  ( -0.1513332333010099000, -0.2467322602760360600, 0.6989999999999999500 ) ) ;
#1478 = CARTESIAN_POINT ( 'NONE',  ( -0.1662813617830143400, -0.2488119927593869500, 0.6989999999999998400 ) ) ;
#1479 = CARTESIAN_POINT ( 'NONE',  ( -0.1764414345921869500, -0.2490278566951063800, 0.6989999999999999500 ) ) ;
#1480 = CARTESIAN_POINT ( 'NONE',  ( -0.1816070171259517900, -0.2491376062015287200, 0.6989999999999999500 ) ) ;
#1481 = PLANE ( 'NONE',  #3557 ) ;
#1482 = LINE ( 'NONE', #1483, #3556 ) ;
#1483 = CARTESIAN_POINT ( 'NONE',  ( 1.325000000000000200, -1.099999999999999900, 0.6999999999999999600 ) ) ;
#1484 = DIRECTION ( 'NONE',  ( 1.000000000000000000, -0.0000000000000000000, -0.0000000000000000000 ) ) ;
#1485 = FILL_AREA_STYLE_COLOUR ( '', #2379 ) ;
#1486 = FILL_AREA_STYLE ('',( #1485 ) ) ;
#1487 = SURFACE_STYLE_FILL_AREA ( #1486 ) ;
#1488 = SURFACE_SIDE_STYLE ('',( #1487 ) ) ;
#1489 = SURFACE_STYLE_USAGE ( .BOTH. , #1488 ) ;
#1490 = PRESENTATION_STYLE_ASSIGNMENT (( #1489 ) ) ;
#1491 =( LENGTH_UNIT ( ) NAMED_UNIT ( * ) SI_UNIT ( .MILLI., .METRE. ) );
#1492 =( NAMED_UNIT ( * ) PLANE_ANGLE_UNIT ( ) SI_UNIT ( $, .RADIAN. ) );
#1493 =( NAMED_UNIT ( * ) SI_UNIT ( $, .STERADIAN. ) SOLID_ANGLE_UNIT ( ) );
#1494 = CARTESIAN_POINT ( 'NONE',  ( 0.5999999999999994200, -0.5000000000000004400, -0.5010000000000000000 ) ) ;
#1495 = DIRECTION ( 'NONE',  ( -3.614007241618346800E-016, -1.000000000000000000, 0.0000000000000000000 ) ) ;
#1496 = DIRECTION ( 'NONE',  ( 1.000000000000000000, -3.614007241618346800E-016, 0.0000000000000000000 ) ) ;
#1497 = LINE ( 'NONE', #1498, #3584 ) ;
#1498 = CARTESIAN_POINT ( 'NONE',  ( -0.03723101552338768000, 0.2175933299630011800, 0.6999999999999999600 ) ) ;
#1499 = DIRECTION ( 'NONE',  ( -0.7969199129874917600, -0.6040849710794075100, 0.0000000000000000000 ) ) ;
#1500 = PLANE ( 'NONE',  #3583 ) ;
#1501 = FILL_AREA_STYLE_COLOUR ( '', #2290 ) ;
#1502 = FILL_AREA_STYLE ('',( #1501 ) ) ;
#1503 = SURFACE_STYLE_FILL_AREA ( #1502 ) ;
#1504 = SURFACE_SIDE_STYLE ('',( #1503 ) ) ;
#1505 = SURFACE_STYLE_USAGE ( .BOTH. , #1504 ) ;
#1506 = PRESENTATION_STYLE_ASSIGNMENT (( #1505 ) ) ;
#1507 =( LENGTH_UNIT ( ) NAMED_UNIT ( * ) SI_UNIT ( .MILLI., .METRE. ) );
#1508 =( NAMED_UNIT ( * ) PLANE_ANGLE_UNIT ( ) SI_UNIT ( $, .RADIAN. ) );
#1509 =( NAMED_UNIT ( * ) SI_UNIT ( $, .STERADIAN. ) SOLID_ANGLE_UNIT ( ) );
#1510 = CARTESIAN_POINT ( 'NONE',  ( -0.6000000000000000900, 0.4999999999999996700, -0.5010000000000000000 ) ) ;
#1511 = DIRECTION ( 'NONE',  ( -1.000000000000000000, 0.0000000000000000000, 0.0000000000000000000 ) ) ;
#1512 = DIRECTION ( 'NONE',  ( 0.0000000000000000000, 0.0000000000000000000, 1.000000000000000000 ) ) ;
#1513 = LINE ( 'NONE', #1514, #3588 ) ;
#1514 = CARTESIAN_POINT ( 'NONE',  ( -1.500000000000000400, 0.4999999999999995600, -0.5000000000000000000 ) ) ;
#1515 = DIRECTION ( 'NONE',  ( -1.000000000000000000, -1.204669080539448900E-016, -0.0000000000000000000 ) ) ;
#1516 = PLANE ( 'NONE',  #3538 ) ;
#1517 = FILL_AREA_STYLE_COLOUR ( '', #2318 ) ;
#1518 = FILL_AREA_STYLE ('',( #1517 ) ) ;
#1519 = SURFACE_STYLE_FILL_AREA ( #1518 ) ;
#1520 = SURFACE_SIDE_STYLE ('',( #1519 ) ) ;
#1521 = SURFACE_STYLE_USAGE ( .BOTH. , #1520 ) ;
#1522 = PRESENTATION_STYLE_ASSIGNMENT (( #1521 ) ) ;
#1523 =( LENGTH_UNIT ( ) NAMED_UNIT ( * ) SI_UNIT ( .MILLI., .METRE. ) );
#1524 =( NAMED_UNIT ( * ) PLANE_ANGLE_UNIT ( ) SI_UNIT ( $, .RADIAN. ) );
#1525 =( NAMED_UNIT ( * ) SI_UNIT ( $, .STERADIAN. ) SOLID_ANGLE_UNIT ( ) );
#1526 = CARTESIAN_POINT ( 'NONE',  ( 0.0000000000000000000, 0.0000000000000000000, -0.5010000000000000000 ) ) ;
#1527 = DIRECTION ( 'NONE',  ( 0.0000000000000000000, 0.0000000000000000000, 1.000000000000000000 ) ) ;
#1528 = DIRECTION ( 'NONE',  ( 1.000000000000000000, 0.0000000000000000000, -0.0000000000000000000 ) ) ;
#1529 = LINE ( 'NONE', #1530, #3535 ) ;
#1530 = CARTESIAN_POINT ( 'NONE',  ( 0.5999999999999994200, -0.5000000000000004400, -0.5000000000000000000 ) ) ;
#1531 = DIRECTION ( 'NONE',  ( -1.668003342285392000E-016, 1.000000000000000000, -0.0000000000000000000 ) ) ;
#1532 = PLANE ( 'NONE',  #3531 ) ;
#1533 = LINE ( 'NONE', #1534, #3554 ) ;
#1534 = CARTESIAN_POINT ( 'NONE',  ( 1.599999999999995200, 0.4499999999999996800, 0.5000000000000000000 ) ) ;
#1535 = DIRECTION ( 'NONE',  ( -1.000000000000000000, 6.023345402697228600E-015, 0.0000000000000000000 ) ) ;
#1536 = LINE ( 'NONE', #1537, #3586 ) ;
#1537 = CARTESIAN_POINT ( 'NONE',  ( -0.7529628531302252600, -0.06596452927845179700, 0.6999999999999999600 ) ) ;
#1538 = DIRECTION ( 'NONE',  ( -0.4285960263555436100, -0.9034962347415943500, 0.0000000000000000000 ) ) ;
#1539 = FILL_AREA_STYLE_COLOUR ( '', #2346 ) ;
#1540 = FILL_AREA_STYLE ('',( #1539 ) ) ;
#1541 = SURFACE_STYLE_FILL_AREA ( #1540 ) ;
#1542 = SURFACE_SIDE_STYLE ('',( #1541 ) ) ;
#1543 = SURFACE_STYLE_USAGE ( .BOTH. , #1542 ) ;
#1544 = PRESENTATION_STYLE_ASSIGNMENT (( #1543 ) ) ;
#1545 =( LENGTH_UNIT ( ) NAMED_UNIT ( * ) SI_UNIT ( .MILLI., .METRE. ) );
#1546 =( NAMED_UNIT ( * ) PLANE_ANGLE_UNIT ( ) SI_UNIT ( $, .RADIAN. ) );
#1547 =( NAMED_UNIT ( * ) SI_UNIT ( $, .STERADIAN. ) SOLID_ANGLE_UNIT ( ) );
#1548 = CARTESIAN_POINT ( 'NONE',  ( 0.5190724032800311200, -0.2355692301331526500, 0.6989999999999999500 ) ) ;
#1549 = DIRECTION ( 'NONE',  ( 0.0000000000000000000, 1.000000000000000000, 0.0000000000000000000 ) ) ;
#1550 = DIRECTION ( 'NONE',  ( 0.0000000000000000000, -0.0000000000000000000, 1.000000000000000000 ) ) ;
#1551 = LINE ( 'NONE', #1552, #1019 ) ;
#1552 = CARTESIAN_POINT ( 'NONE',  ( 0.1255894972971251000, 0.02222991516599265000, 0.6999999999999999600 ) ) ;
#1553 = DIRECTION ( 'NONE',  ( 0.0000000000000000000, -1.000000000000000000, 0.0000000000000000000 ) ) ;
#1554 = CARTESIAN_POINT ( 'NONE',  ( -0.1816070171259517900, -0.1948641019280244500, 0.6999999999999999600 ) ) ;
#1555 = LINE ( 'NONE', #1556, #1013 ) ;
#1556 = CARTESIAN_POINT ( 'NONE',  ( 0.8277529588355866400, -0.2355692301331526500, 0.6999999999999999600 ) ) ;
#1557 = DIRECTION ( 'NONE',  ( -1.000000000000000000, 0.0000000000000000000, 0.0000000000000000000 ) ) ;
#1558 = CARTESIAN_POINT ( 'NONE',  ( -0.1769674560724284200, -0.1947348835839155800, 0.6999999999999999600 ) ) ;
#1559 = CARTESIAN_POINT ( 'NONE',  ( -0.1677695153855244000, -0.1944787079131868300, 0.6999999999999997300 ) ) ;
#1560 = CARTESIAN_POINT ( 'NONE',  ( -0.1542285572235473600, -0.1920172056985757800, 0.7000000000000000700 ) ) ;
#1561 = CARTESIAN_POINT ( 'NONE',  ( -0.1410777371190362100, -0.1882356100176113800, 0.6999999999999997300 ) ) ;
#1562 = CARTESIAN_POINT ( 'NONE',  ( -0.1285880978431094600, -0.1828198263252571700, 0.6999999999999996200 ) ) ;
#1563 = CARTESIAN_POINT ( 'NONE',  ( -0.1169319751698900800, -0.1762674600311227300, 0.7000000000000000700 ) ) ;
#1564 = CARTESIAN_POINT ( 'NONE',  ( -0.1067104867082795800, -0.1683532165270416600, 0.7000000000000002900 ) ) ;
#1565 = CARTESIAN_POINT ( 'NONE',  ( -0.09787399102519223100, -0.1594925163774714400, 0.6999999999999999600 ) ) ;
#1566 = CARTESIAN_POINT ( 'NONE',  ( -0.09064570822754053300, -0.1496072816875626800, 0.7000000000000001800 ) ) ;
#1567 = CARTESIAN_POINT ( 'NONE',  ( -0.08510003622560989600, -0.1389759985052681800, 0.6999999999999999600 ) ) ;
#1568 = CARTESIAN_POINT ( 'NONE',  ( -0.08083766397742149500, -0.1280636820529315900, 0.6999999999999999600 ) ) ;
#1569 = CARTESIAN_POINT ( 'NONE',  ( -0.07847227784127765200, -0.1166989104202747600, 0.6999999999999999600 ) ) ;
#1570 = CARTESIAN_POINT ( 'NONE',  ( -0.07811595916389781100, -0.1090470904420968000, 0.6999999999999999600 ) ) ;
#1571 = CARTESIAN_POINT ( 'NONE',  ( -0.07793614372851587200, -0.1051856163511013500, 0.6999999999999999600 ) ) ;
#1572 = PLANE ( 'NONE',  #1022 ) ;
#1573 = FILL_AREA_STYLE_COLOUR ( '', #2500 ) ;
#1574 = FILL_AREA_STYLE ('',( #1573 ) ) ;
#1575 = SURFACE_STYLE_FILL_AREA ( #1574 ) ;
#1576 = SURFACE_SIDE_STYLE ('',( #1575 ) ) ;
#1577 = SURFACE_STYLE_USAGE ( .BOTH. , #1576 ) ;
#1578 = PRESENTATION_STYLE_ASSIGNMENT (( #1577 ) ) ;
#1579 =( LENGTH_UNIT ( ) NAMED_UNIT ( * ) SI_UNIT ( .MILLI., .METRE. ) );
#1580 =( NAMED_UNIT ( * ) PLANE_ANGLE_UNIT ( ) SI_UNIT ( $, .RADIAN. ) );
#1581 =( NAMED_UNIT ( * ) SI_UNIT ( $, .STERADIAN. ) SOLID_ANGLE_UNIT ( ) );
#1582 = CARTESIAN_POINT ( 'NONE',  ( 0.0000000000000000000, 0.0000000000000000000, -0.5010000000000000000 ) ) ;
#1583 = DIRECTION ( 'NONE',  ( 0.0000000000000000000, 0.0000000000000000000, -1.000000000000000000 ) ) ;
#1584 = DIRECTION ( 'NONE',  ( -1.000000000000000000, 0.0000000000000000000, -0.0000000000000000000 ) ) ;
#1585 = LINE ( 'NONE', #1586, #1026 ) ;
#1586 = CARTESIAN_POINT ( 'NONE',  ( 0.3766044545620824100, -0.1812957258596483700, 0.6989999999999999500 ) ) ;
#1587 = DIRECTION ( 'NONE',  ( 0.0000000000000000000, -1.000000000000000000, 0.0000000000000000000 ) ) ;
#1588 = PLANE ( 'NONE',  #1025 ) ;
#1589 = FILL_AREA_STYLE_COLOUR ( '', #2484 ) ;
#1590 = FILL_AREA_STYLE ('',( #1589 ) ) ;
#1591 = SURFACE_STYLE_FILL_AREA ( #1590 ) ;
#1592 = SURFACE_SIDE_STYLE ('',( #1591 ) ) ;
#1593 = SURFACE_STYLE_USAGE ( .BOTH. , #1592 ) ;
#1594 = PRESENTATION_STYLE_ASSIGNMENT (( #1593 ) ) ;
#1595 =( LENGTH_UNIT ( ) NAMED_UNIT ( * ) SI_UNIT ( .MILLI., .METRE. ) );
#1596 =( NAMED_UNIT ( * ) PLANE_ANGLE_UNIT ( ) SI_UNIT ( $, .RADIAN. ) );
#1597 =( NAMED_UNIT ( * ) SI_UNIT ( $, .STERADIAN. ) SOLID_ANGLE_UNIT ( ) );
#1598 = CARTESIAN_POINT ( 'NONE',  ( 1.499999999999999600, -0.5000000000000007800, -0.5010000000000000000 ) ) ;
#1599 = DIRECTION ( 'NONE',  ( -1.000000000000000000, 0.0000000000000000000, -0.0000000000000000000 ) ) ;
#1600 = DIRECTION ( 'NONE',  ( -0.0000000000000000000, 0.0000000000000000000, 1.000000000000000000 ) ) ;
#1601 = LINE ( 'NONE', #1602, #5914 ) ;
#1602 = CARTESIAN_POINT ( 'NONE',  ( -1.600000000000000100, -1.149999999999999900, 0.5000000000000000000 ) ) ;
#1603 = DIRECTION ( 'NONE',  ( -0.0000000000000000000, -0.0000000000000000000, -1.000000000000000000 ) ) ;
#1604 = PLANE ( 'NONE',  #1662 ) ;
#1605 = FILL_AREA_STYLE_COLOUR ( '', #2308 ) ;
#1606 = FILL_AREA_STYLE ('',( #1605 ) ) ;
#1607 = SURFACE_STYLE_FILL_AREA ( #1606 ) ;
#1608 = SURFACE_SIDE_STYLE ('',( #1607 ) ) ;
#1609 = SURFACE_STYLE_USAGE ( .BOTH. , #1608 ) ;
#1610 = PRESENTATION_STYLE_ASSIGNMENT (( #1609 ) ) ;
#1611 =( LENGTH_UNIT ( ) NAMED_UNIT ( * ) SI_UNIT ( .MILLI., .METRE. ) );
#1612 =( NAMED_UNIT ( * ) PLANE_ANGLE_UNIT ( ) SI_UNIT ( $, .RADIAN. ) );
#1613 =( NAMED_UNIT ( * ) SI_UNIT ( $, .STERADIAN. ) SOLID_ANGLE_UNIT ( ) );
#1614 = CARTESIAN_POINT ( 'NONE',  ( 0.5999999999999995300, 0.4999999999999997800, -0.5010000000000000000 ) ) ;
#1615 = DIRECTION ( 'NONE',  ( 1.000000000000000000, -5.004010026856174200E-016, 0.0000000000000000000 ) ) ;
#1616 = DIRECTION ( 'NONE',  ( 5.004010026856174200E-016, 1.000000000000000000, 0.0000000000000000000 ) ) ;
#1617 = FILL_AREA_STYLE_COLOUR ( '', #2380 ) ;
#1618 = FILL_AREA_STYLE ('',( #1617 ) ) ;
#1619 = SURFACE_STYLE_FILL_AREA ( #1618 ) ;
#1620 = SURFACE_SIDE_STYLE ('',( #1619 ) ) ;
#1621 = VECTOR ( 'NONE', #2208, 1000.000000000000100 ) ;
#1622 = VECTOR ( 'NONE', #2105, 1000.000000000000000 ) ;
#1623 = MECHANICAL_DESIGN_GEOMETRIC_PRESENTATION_REPRESENTATION (  '', ( #1647 ), #2800 ) ;
#1624 = MECHANICAL_DESIGN_GEOMETRIC_PRESENTATION_REPRESENTATION (  '', ( #1629 ), #2802 ) ;
#1625 = PRESENTATION_LAYER_ASSIGNMENT (  '', '', ( #1647 ) ) ;
#1626 = VECTOR ( 'NONE', #2180, 1000.000000000000000 ) ;
#1627 = AXIS2_PLACEMENT_3D ( 'NONE', #2159, #2160, #2161 ) ;
#1628 = VECTOR ( 'NONE', #2126, 1000.000000000000000 ) ;
#1629 = STYLED_ITEM ( 'NONE', ( #2187 ), #558 ) ;
#1630 = AXIS2_PLACEMENT_3D ( 'NONE', #2191, #2192, #2193 ) ;
#1631 = FACE_OUTER_BOUND ( 'NONE', #741, .T. ) ;
#1632 = PRESENTATION_LAYER_ASSIGNMENT (  '', '', ( #1629 ) ) ;
#1633 = STYLED_ITEM ( 'NONE', ( #2264 ), #571 ) ;
#1634 = MECHANICAL_DESIGN_GEOMETRIC_PRESENTATION_REPRESENTATION (  '', ( #1653 ), #2801 ) ;
#1635 = VECTOR ( 'NONE', #2143, 1000.000000000000000 ) ;
#1636 = FACE_OUTER_BOUND ( 'NONE', #776, .T. ) ;
#1637 = AXIS2_PLACEMENT_3D ( 'NONE', #2156, #2157, #2158 ) ;
#1638 = FACE_OUTER_BOUND ( 'NONE', #731, .T. ) ;
#1639 = VECTOR ( 'NONE', #2096, 1000.000000000000000 ) ;
#1640 = VECTOR ( 'NONE', #2165, 1000.000000000000000 ) ;
#1641 = VECTOR ( 'NONE', #2146, 1000.000000000000000 ) ;
#1642 = PRESENTATION_LAYER_ASSIGNMENT (  '', '', ( #303 ) ) ;
#1643 = AXIS2_PLACEMENT_3D ( 'NONE', #2175, #2176, #2177 ) ;
#1644 = PRESENTATION_LAYER_ASSIGNMENT (  '', '', ( #1653 ) ) ;
#1645 = VECTOR ( 'NONE', #2108, 1000.000000000000000 ) ;
#1646 = STYLED_ITEM ( 'NONE', ( #2044 ), #536 ) ;
#1647 = STYLED_ITEM ( 'NONE', ( #2152 ), #553 ) ;
#1648 = VECTOR ( 'NONE', #2102, 1000.000000000000000 ) ;
#1649 = VECTOR ( 'NONE', #2099, 1000.000000000000000 ) ;
#1650 = VECTOR ( 'NONE', #2093, 1000.000000000000000 ) ;
#1651 = VECTOR ( 'NONE', #2090, 1000.000000000000000 ) ;
#1652 = FACE_OUTER_BOUND ( 'NONE', #839, .T. ) ;
#1653 = STYLED_ITEM ( 'NONE', ( #2171 ), #556 ) ;
#1654 = PRESENTATION_LAYER_ASSIGNMENT (  '', '', ( #1656 ) ) ;
#1655 = MECHANICAL_DESIGN_GEOMETRIC_PRESENTATION_REPRESENTATION (  '', ( #1656 ), #2799 ) ;
#1656 = STYLED_ITEM ( 'NONE', ( #2057 ), #537 ) ;
#1657 = AXIS2_PLACEMENT_3D ( 'NONE', #2062, #2063, #2064 ) ;
#1658 = MECHANICAL_DESIGN_GEOMETRIC_PRESENTATION_REPRESENTATION (  '', ( #1646 ), #2798 ) ;
#1659 = PRESENTATION_LAYER_ASSIGNMENT (  '', '', ( #1646 ) ) ;
#1660 = VECTOR ( 'NONE', #2129, 1000.000000000000000 ) ;
#1661 = AXIS2_PLACEMENT_3D ( 'NONE', #2049, #2050, #2051 ) ;
#1662 = AXIS2_PLACEMENT_3D ( 'NONE', #1614, #1615, #1616 ) ;
#1663 = FACE_OUTER_BOUND ( 'NONE', #814, .T. ) ;
#1664 = AXIS2_PLACEMENT_3D ( 'NONE', #2084, #2085, #2086 ) ;
#1665 = MECHANICAL_DESIGN_GEOMETRIC_PRESENTATION_REPRESENTATION (  '', ( #303 ), #2797 ) ;
#1666 = CARTESIAN_POINT ( 'NONE',  ( -0.6313774832050116400, 0.1904565778262490000, 0.6989999999999999500 ) ) ;
#1667 = DIRECTION ( 'NONE',  ( -0.4283511191562788800, -0.9036123719369735200, 0.0000000000000000000 ) ) ;
#1668 = CARTESIAN_POINT ( 'NONE',  ( -0.1816070171259517900, -0.1948641019280244500, 0.6989999999999999500 ) ) ;
#1669 = LINE ( 'NONE', #1670, #290 ) ;
#1670 = CARTESIAN_POINT ( 'NONE',  ( 1.600000000000000300, 1.150000000000000100, -0.5000000000000000000 ) ) ;
#1671 = DIRECTION ( 'NONE',  ( -9.427844978134821400E-017, 1.000000000000000000, -0.0000000000000000000 ) ) ;
#1672 = LINE ( 'NONE', #1673, #298 ) ;
#1673 = CARTESIAN_POINT ( 'NONE',  ( -0.1816070171259517900, -0.1948641019280244500, 0.6989999999999999500 ) ) ;
#1674 = DIRECTION ( 'NONE',  ( -0.0000000000000000000, -0.0000000000000000000, 1.000000000000000000 ) ) ;
#1675 = LINE ( 'NONE', #1676, #294 ) ;
#1676 = CARTESIAN_POINT ( 'NONE',  ( -1.600000000000000100, 0.1999999999999999800, -0.5000000000000000000 ) ) ;
#1677 = DIRECTION ( 'NONE',  ( 1.000000000000000000, 1.882295438342889600E-016, 0.0000000000000000000 ) ) ;
#1678 = CARTESIAN_POINT ( 'NONE',  ( -0.1769674560724284200, -0.1947348835839155800, 0.6989999999999999500 ) ) ;
#1679 = CARTESIAN_POINT ( 'NONE',  ( -0.1677695153855244000, -0.1944787079131868300, 0.6989999999999997300 ) ) ;
#1680 = CARTESIAN_POINT ( 'NONE',  ( -0.1542285572235473600, -0.1920172056985757800, 0.6990000000000000700 ) ) ;
#1681 = CARTESIAN_POINT ( 'NONE',  ( -0.1410777371190362100, -0.1882356100176113800, 0.6989999999999997300 ) ) ;
#1682 = CARTESIAN_POINT ( 'NONE',  ( -0.1285880978431094600, -0.1828198263252571700, 0.6989999999999996200 ) ) ;
#1683 = CARTESIAN_POINT ( 'NONE',  ( -0.1169319751698900800, -0.1762674600311227300, 0.6990000000000000700 ) ) ;
#1684 = CARTESIAN_POINT ( 'NONE',  ( -0.1067104867082795800, -0.1683532165270416600, 0.6990000000000002900 ) ) ;
#1685 = CARTESIAN_POINT ( 'NONE',  ( -0.09787399102519223100, -0.1594925163774714400, 0.6989999999999999500 ) ) ;
#1686 = CARTESIAN_POINT ( 'NONE',  ( -0.09064570822754053300, -0.1496072816875626800, 0.6990000000000001800 ) ) ;
#1687 = CARTESIAN_POINT ( 'NONE',  ( -0.08510003622560989600, -0.1389759985052681800, 0.6989999999999999500 ) ) ;
#1688 = CARTESIAN_POINT ( 'NONE',  ( -0.08083766397742149500, -0.1280636820529315900, 0.6989999999999999500 ) ) ;
#1689 = CARTESIAN_POINT ( 'NONE',  ( -0.07847227784127765200, -0.1166989104202747600, 0.6989999999999999500 ) ) ;
#1690 = CARTESIAN_POINT ( 'NONE',  ( -0.07811595916389781100, -0.1090470904420968000, 0.6989999999999999500 ) ) ;
#1691 = CARTESIAN_POINT ( 'NONE',  ( -0.07793614372851587200, -0.1051856163511013500, 0.6989999999999999500 ) ) ;
#1692 = PLANE ( 'NONE',  #289 ) ;
#1693 = FILL_AREA_STYLE_COLOUR ( '', #2429 ) ;
#1694 = FILL_AREA_STYLE ('',( #1693 ) ) ;
#1695 = SURFACE_STYLE_FILL_AREA ( #1694 ) ;
#1696 = SURFACE_SIDE_STYLE ('',( #1695 ) ) ;
#1697 = SURFACE_STYLE_USAGE ( .BOTH. , #1696 ) ;
#1698 = PRESENTATION_STYLE_ASSIGNMENT (( #1697 ) ) ;
#1699 =( LENGTH_UNIT ( ) NAMED_UNIT ( * ) SI_UNIT ( .MILLI., .METRE. ) );
#1700 =( NAMED_UNIT ( * ) PLANE_ANGLE_UNIT ( ) SI_UNIT ( $, .RADIAN. ) );
#1701 =( NAMED_UNIT ( * ) SI_UNIT ( $, .STERADIAN. ) SOLID_ANGLE_UNIT ( ) );
#1702 = CARTESIAN_POINT ( 'NONE',  ( -0.4348480360896270200, -0.2355692301331526500, 0.6989999999999999500 ) ) ;
#1703 = DIRECTION ( 'NONE',  ( 0.9080590238365495700, 0.4188422247446080300, 0.0000000000000000000 ) ) ;
#1704 = DIRECTION ( 'NONE',  ( -0.4188422247446080300, 0.9080590238365495700, 0.0000000000000000000 ) ) ;
#1705 = FILL_AREA_STYLE_COLOUR ( '', #2326 ) ;
#1706 = FILL_AREA_STYLE ('',( #1705 ) ) ;
#1707 = SURFACE_STYLE_FILL_AREA ( #1706 ) ;
#1708 = SURFACE_SIDE_STYLE ('',( #1707 ) ) ;
#1709 = SURFACE_STYLE_USAGE ( .BOTH. , #1708 ) ;
#1710 = PRESENTATION_STYLE_ASSIGNMENT (( #1709 ) ) ;
#1711 =( LENGTH_UNIT ( ) NAMED_UNIT ( * ) SI_UNIT ( .MILLI., .METRE. ) );
#1712 =( NAMED_UNIT ( * ) PLANE_ANGLE_UNIT ( ) SI_UNIT ( $, .RADIAN. ) );
#1713 =( NAMED_UNIT ( * ) SI_UNIT ( $, .STERADIAN. ) SOLID_ANGLE_UNIT ( ) );
#1714 = CARTESIAN_POINT ( 'NONE',  ( -1.600000000000000100, -1.250000000000000000, 0.5000000000000000000 ) ) ;
#1715 = DIRECTION ( 'NONE',  ( -0.0000000000000000000, -0.0000000000000000000, -1.000000000000000000 ) ) ;
#1716 = DIRECTION ( 'NONE',  ( -1.000000000000000000, 0.0000000000000000000, 0.0000000000000000000 ) ) ;
#1717 = LINE ( 'NONE', #1718, #291 ) ;
#1718 = CARTESIAN_POINT ( 'NONE',  ( -1.500000000000000700, -0.4999999999999995600, -0.5000000000000000000 ) ) ;
#1719 = DIRECTION ( 'NONE',  ( -6.672013369141561300E-016, 1.000000000000000000, -0.0000000000000000000 ) ) ;
#1720 = PLANE ( 'NONE',  #282 ) ;
#1721 = LINE ( 'NONE', #1722, #292 ) ;
#1722 = CARTESIAN_POINT ( 'NONE',  ( -1.456000000000000000, 0.4500000000000001200, -0.5000000000000000000 ) ) ;
#1723 = DIRECTION ( 'NONE',  ( -0.0000000000000000000, -0.0000000000000000000, 1.000000000000000000 ) ) ;
#1724 = LINE ( 'NONE', #1725, #293 ) ;
#1725 = CARTESIAN_POINT ( 'NONE',  ( 1.325000000000000200, 1.099999999999999900, 0.6999999999999999600 ) ) ;
#1726 = DIRECTION ( 'NONE',  ( -0.0000000000000000000, -0.0000000000000000000, -1.000000000000000000 ) ) ;
#1727 = FILL_AREA_STYLE_COLOUR ( '', #2369 ) ;
#1728 = FILL_AREA_STYLE ('',( #1727 ) ) ;
#1729 = SURFACE_STYLE_FILL_AREA ( #1728 ) ;
#1730 = SURFACE_SIDE_STYLE ('',( #1729 ) ) ;
#1731 = SURFACE_STYLE_USAGE ( .BOTH. , #1730 ) ;
#1732 = PRESENTATION_STYLE_ASSIGNMENT (( #1731 ) ) ;
#1733 =( LENGTH_UNIT ( ) NAMED_UNIT ( * ) SI_UNIT ( .MILLI., .METRE. ) );
#1734 =( NAMED_UNIT ( * ) PLANE_ANGLE_UNIT ( ) SI_UNIT ( $, .RADIAN. ) );
#1735 =( NAMED_UNIT ( * ) SI_UNIT ( $, .STERADIAN. ) SOLID_ANGLE_UNIT ( ) );
#1736 = CARTESIAN_POINT ( 'NONE',  ( 0.5999999999999998700, 1.149999999999999700, -0.5010000000000000000 ) ) ;
#1737 = DIRECTION ( 'NONE',  ( 0.0000000000000000000, -1.000000000000000000, 0.0000000000000000000 ) ) ;
#1738 = DIRECTION ( 'NONE',  ( 0.0000000000000000000, -0.0000000000000000000, -1.000000000000000000 ) ) ;
#1739 = LINE ( 'NONE', #1740, #35 ) ;
#1740 = CARTESIAN_POINT ( 'NONE',  ( -0.5380948977349261400, -0.01169102500494752900, 0.6989999999999999500 ) ) ;
#1741 = DIRECTION ( 'NONE',  ( -0.4189977888269748000, 0.9079872537420917700, 0.0000000000000000000 ) ) ;
#1742 = CARTESIAN_POINT ( 'NONE',  ( -0.1782149231088578100, 0.3071658126018900200, 0.6999999999999999600 ) ) ;
#1743 = LINE ( 'NONE', #1744, #45 ) ;
#1744 = CARTESIAN_POINT ( 'NONE',  ( 1.600000000000000300, 1.150000000000000100, 0.5000000000000000000 ) ) ;
#1745 = DIRECTION ( 'NONE',  ( -9.427844978134821400E-017, 1.000000000000000000, -0.0000000000000000000 ) ) ;
#1746 = LINE ( 'NONE', #1747, #42 ) ;
#1747 = CARTESIAN_POINT ( 'NONE',  ( 1.450000000000000200, 0.9750000000000000900, 0.6999999999999999600 ) ) ;
#1748 = DIRECTION ( 'NONE',  ( -0.0000000000000000000, -0.0000000000000000000, -1.000000000000000000 ) ) ;
#1749 = LINE ( 'NONE', #1750, #37 ) ;
#1750 = CARTESIAN_POINT ( 'NONE',  ( -1.450000000000000200, -0.9749999999999998700, 0.6999999999999999600 ) ) ;
#1751 = DIRECTION ( 'NONE',  ( -0.0000000000000000000, -0.0000000000000000000, -1.000000000000000000 ) ) ;
#1752 = LINE ( 'NONE', #1753, #44 ) ;
#1753 = CARTESIAN_POINT ( 'NONE',  ( 0.1255894972971251000, -0.1812957258596483700, 0.6999999999999999600 ) ) ;
#1754 = DIRECTION ( 'NONE',  ( 1.000000000000000000, 0.0000000000000000000, 0.0000000000000000000 ) ) ;
#1755 = LINE ( 'NONE', #1756, #38 ) ;
#1756 = CARTESIAN_POINT ( 'NONE',  ( -0.8852545197968918500, -0.2355692301331526500, 0.6989999999999999500 ) ) ;
#1757 = DIRECTION ( 'NONE',  ( -0.0000000000000000000, -0.0000000000000000000, 1.000000000000000000 ) ) ;
#1758 = LINE ( 'NONE', #1759, #48 ) ;
#1759 = CARTESIAN_POINT ( 'NONE',  ( -0.5380948977349261400, -0.01169102500494752900, 0.6989999999999999500 ) ) ;
#1760 = DIRECTION ( 'NONE',  ( -0.0000000000000000000, -0.0000000000000000000, 1.000000000000000000 ) ) ;
#1761 = LINE ( 'NONE', #1762, #46 ) ;
#1762 = CARTESIAN_POINT ( 'NONE',  ( -0.7272041391879176000, -0.01169102500494752900, 0.6989999999999999500 ) ) ;
#1763 = DIRECTION ( 'NONE',  ( 1.000000000000000000, 0.0000000000000000000, 0.0000000000000000000 ) ) ;
#1764 = LINE ( 'NONE', #1765, #50 ) ;
#1765 = CARTESIAN_POINT ( 'NONE',  ( -0.8852545197968918500, -0.2355692301331526500, 0.6989999999999999500 ) ) ;
#1766 = DIRECTION ( 'NONE',  ( 0.4285842068721729700, 0.9035018415143105700, 0.0000000000000000000 ) ) ;
#1767 = LINE ( 'NONE', #1768, #41 ) ;
#1768 = CARTESIAN_POINT ( 'NONE',  ( -1.325000000000000200, 1.099999999999999900, 0.6999999999999999600 ) ) ;
#1769 = DIRECTION ( 'NONE',  ( -0.0000000000000000000, -0.0000000000000000000, -1.000000000000000000 ) ) ;
#1770 = LINE ( 'NONE', #1771, #51 ) ;
#1771 = CARTESIAN_POINT ( 'NONE',  ( -1.325000000000000200, -1.099999999999999900, 0.6999999999999999600 ) ) ;
#1772 = DIRECTION ( 'NONE',  ( -0.0000000000000000000, -0.0000000000000000000, -1.000000000000000000 ) ) ;
#1773 = CARTESIAN_POINT ( 'NONE',  ( -0.1719792079447538000, 0.3069507363482041900, 0.6999999999999998400 ) ) ;
#1774 = CARTESIAN_POINT ( 'NONE',  ( -0.1595783607163695800, 0.3065230183248147700, 0.6999999999999999600 ) ) ;
#1775 = CARTESIAN_POINT ( 'NONE',  ( -0.1413373483624020500, 0.3028041058514736600, 0.7000000000000000700 ) ) ;
#1776 = CARTESIAN_POINT ( 'NONE',  ( -0.1237749543351677800, 0.2966505519025760000, 0.7000000000000000700 ) ) ;
#1777 = CARTESIAN_POINT ( 'NONE',  ( -0.1096472226303155900, 0.2896672667083485800, 0.6999999999999999600 ) ) ;
#1778 = CARTESIAN_POINT ( 'NONE',  ( -0.09859024559977787300, 0.2826926359993182600, 0.7000000000000000700 ) ) ;
#1779 = CARTESIAN_POINT ( 'NONE',  ( -0.09015793958609441500, 0.2763396387571597800, 0.6999999999999997300 ) ) ;
#1780 = CARTESIAN_POINT ( 'NONE',  ( -0.08161303928860157200, 0.2690257830515254100, 0.7000000000000000700 ) ) ;
#1781 = CARTESIAN_POINT ( 'NONE',  ( -0.07288661909425467300, 0.2607315875131159300, 0.7000000000000000700 ) ) ;
#1782 = CARTESIAN_POINT ( 'NONE',  ( -0.06412654320285754400, 0.2513809477650438300, 0.6999999999999999600 ) ) ;
#1783 = CARTESIAN_POINT ( 'NONE',  ( -0.05520275935165744300, 0.2410379031323399700, 0.6999999999999999600 ) ) ;
#1784 = CARTESIAN_POINT ( 'NONE',  ( -0.04609439966242216700, 0.2297656619480820700, 0.6999999999999999600 ) ) ;
#1785 = CARTESIAN_POINT ( 'NONE',  ( -0.04023488271511686800, 0.2217186243340068800, 0.6999999999999999600 ) ) ;
#1786 = CARTESIAN_POINT ( 'NONE',  ( -0.03723101552338768000, 0.2175933299630011800, 0.6999999999999999600 ) ) ;
#1787 = PLANE ( 'NONE',  #31 ) ;
#1788 = LINE ( 'NONE', #1789, #49 ) ;
#1789 = CARTESIAN_POINT ( 'NONE',  ( 1.600000000000000300, 1.150000000000000100, 0.5000000000000000000 ) ) ;
#1790 = DIRECTION ( 'NONE',  ( -0.0000000000000000000, -0.0000000000000000000, -1.000000000000000000 ) ) ;
#1791 = LINE ( 'NONE', #1792, #40 ) ;
#1792 = CARTESIAN_POINT ( 'NONE',  ( 1.600000000000000500, -0.1999999999999995900, -0.5000000000000000000 ) ) ;
#1793 = DIRECTION ( 'NONE',  ( -0.0000000000000000000, -0.0000000000000000000, 1.000000000000000000 ) ) ;
#1794 = FILL_AREA_STYLE_COLOUR ( '', #2425 ) ;
#1795 = FILL_AREA_STYLE ('',( #1794 ) ) ;
#1796 = SURFACE_STYLE_FILL_AREA ( #1795 ) ;
#1797 = SURFACE_SIDE_STYLE ('',( #1796 ) ) ;
#1798 = SURFACE_STYLE_USAGE ( .BOTH. , #1797 ) ;
#1799 = PRESENTATION_STYLE_ASSIGNMENT (( #1798 ) ) ;
#1800 =( LENGTH_UNIT ( ) NAMED_UNIT ( * ) SI_UNIT ( .MILLI., .METRE. ) );
#1801 =( NAMED_UNIT ( * ) PLANE_ANGLE_UNIT ( ) SI_UNIT ( $, .RADIAN. ) );
#1802 =( NAMED_UNIT ( * ) SI_UNIT ( $, .STERADIAN. ) SOLID_ANGLE_UNIT ( ) );
#1803 = CARTESIAN_POINT ( 'NONE',  ( -0.6274553744977466900, 0.2935974365335139400, 0.6989999999999999500 ) ) ;
#1804 = DIRECTION ( 'NONE',  ( -0.9079593845004516600, -0.4190581774617470600, 0.0000000000000000000 ) ) ;
#1805 = DIRECTION ( 'NONE',  ( 0.4190581774617470600, -0.9079593845004516600, 0.0000000000000000000 ) ) ;
#1806 = LINE ( 'NONE', #1807, #52 ) ;
#1807 = CARTESIAN_POINT ( 'NONE',  ( -1.456000000000000000, 0.2000000000000000100, -0.5000000000000000000 ) ) ;
#1808 = DIRECTION ( 'NONE',  ( -0.0000000000000000000, -0.0000000000000000000, 1.000000000000000000 ) ) ;
#1809 = CARTESIAN_POINT ( 'NONE',  ( -0.1551062826174047500, 0.06484309625573621300, 0.6989999999999999500 ) ) ;
#1810 = LINE ( 'NONE', #1811, #30 ) ;
#1811 = CARTESIAN_POINT ( 'NONE',  ( 0.1255894972971251000, -0.1812957258596483700, 0.6989999999999999500 ) ) ;
#1812 = DIRECTION ( 'NONE',  ( -0.0000000000000000000, -0.0000000000000000000, 1.000000000000000000 ) ) ;
#1813 = CARTESIAN_POINT ( 'NONE',  ( -0.1493631742959266000, 0.06066398594286221600, 0.6989999999999998400 ) ) ;
#1814 = CARTESIAN_POINT ( 'NONE',  ( -0.1382424410101310300, 0.05257171803497996700, 0.6989999999999998400 ) ) ;
#1815 = CARTESIAN_POINT ( 'NONE',  ( -0.1224192116663660700, 0.04041363307844950100, 0.6990000000000000700 ) ) ;
#1816 = CARTESIAN_POINT ( 'NONE',  ( -0.1080721716329779300, 0.02852283949638471600, 0.6989999999999999500 ) ) ;
#1817 = CARTESIAN_POINT ( 'NONE',  ( -0.09515094918844055300, 0.01697527270923766800, 0.6989999999999999500 ) ) ;
#1818 = CARTESIAN_POINT ( 'NONE',  ( -0.08352789279337995100, 0.005858525314638818300, 0.6989999999999998400 ) ) ;
#1819 = CARTESIAN_POINT ( 'NONE',  ( -0.07333195169135842100, -0.004961145997186598200, 0.6989999999999998400 ) ) ;
#1820 = CARTESIAN_POINT ( 'NONE',  ( -0.06445923573410566900, -0.01540622662890367800, 0.6990000000000001800 ) ) ;
#1821 = CARTESIAN_POINT ( 'NONE',  ( -0.05490713960977333000, -0.02879755652507054500, 0.6989999999999997300 ) ) ;
#1822 = CARTESIAN_POINT ( 'NONE',  ( -0.04514661213465329100, -0.04524422045702435800, 0.6989999999999999500 ) ) ;
#1823 = CARTESIAN_POINT ( 'NONE',  ( -0.03676438422617835100, -0.06539462080851216100, 0.6990000000000001800 ) ) ;
#1824 = CARTESIAN_POINT ( 'NONE',  ( -0.03147901502769214600, -0.08562335021698211400, 0.6989999999999998400 ) ) ;
#1825 = CARTESIAN_POINT ( 'NONE',  ( -0.03078784543262221400, -0.09921943144594912200, 0.6989999999999998400 ) ) ;
#1826 = CARTESIAN_POINT ( 'NONE',  ( -0.03044682748919971800, -0.1059276369173407000, 0.6989999999999999500 ) ) ;
#1827 = CARTESIAN_POINT ( 'NONE',  ( -0.03044682748919971800, -0.1059276369173407000, 0.6999999999999999600 ) ) ;
#1828 = LINE ( 'NONE', #1829, #32 ) ;
#1829 = CARTESIAN_POINT ( 'NONE',  ( -1.450000000000000200, 0.9750000000000000900, 0.6999999999999999600 ) ) ;
#1830 = DIRECTION ( 'NONE',  ( -0.0000000000000000000, -0.0000000000000000000, -1.000000000000000000 ) ) ;
#1831 = LINE ( 'NONE', #1832, #1277 ) ;
#1832 = CARTESIAN_POINT ( 'NONE',  ( -0.7272041391879176000, -0.01169102500494752900, 0.6999999999999999600 ) ) ;
#1833 = DIRECTION ( 'NONE',  ( 1.000000000000000000, 0.0000000000000000000, 0.0000000000000000000 ) ) ;
#1834 = CARTESIAN_POINT ( 'NONE',  ( -0.03054618051508390200, -0.1106717468782216500, 0.6999999999999998400 ) ) ;
#1835 = CARTESIAN_POINT ( 'NONE',  ( -0.03074295719822152700, -0.1200678393900952400, 0.6999999999999999600 ) ) ;
#1836 = CARTESIAN_POINT ( 'NONE',  ( -0.03300490487665536800, -0.1338647379187001000, 0.6999999999999999600 ) ) ;
#1837 = CARTESIAN_POINT ( 'NONE',  ( -0.03631894949052023900, -0.1472648813113935900, 0.7000000000000000700 ) ) ;
#1838 = CARTESIAN_POINT ( 'NONE',  ( -0.04131386462351926300, -0.1601026328358182700, 0.6999999999999998400 ) ) ;
#1839 = CARTESIAN_POINT ( 'NONE',  ( -0.04741034212233702400, -0.1726128529081964200, 0.7000000000000001800 ) ) ;
#1840 = CARTESIAN_POINT ( 'NONE',  ( -0.05514619150208178300, -0.1844673807084190900, 0.7000000000000000700 ) ) ;
#1841 = CARTESIAN_POINT ( 'NONE',  ( -0.06411294859932753500, -0.1959285862090646700, 0.6999999999999999600 ) ) ;
#1842 = CARTESIAN_POINT ( 'NONE',  ( -0.07439900591225233300, -0.2066908521639497800, 0.6999999999999999600 ) ) ;
#1843 = CARTESIAN_POINT ( 'NONE',  ( -0.08565451733391459000, -0.2165705746522202700, 0.6999999999999999600 ) ) ;
#1844 = CARTESIAN_POINT ( 'NONE',  ( -0.09755074259840525200, -0.2253591351367485700, 0.7000000000000001800 ) ) ;
#1845 = CARTESIAN_POINT ( 'NONE',  ( -0.1101071529110688500, -0.2326870840310407100, 0.6999999999999999600 ) ) ;
#1846 = CARTESIAN_POINT ( 'NONE',  ( -0.1232556317429386300, -0.2386667946743044300, 0.6999999999999998400 ) ) ;
#1847 = CARTESIAN_POINT ( 'NONE',  ( -0.1369991993165065000, -0.2433436479193447900, 0.7000000000000001800 ) ) ;
#1848 = CARTESIAN_POINT ( 'NONE',  ( -0.1513332333010099000, -0.2467322602760360600, 0.6999999999999999600 ) ) ;
#1849 = CARTESIAN_POINT ( 'NONE',  ( -0.1662813617830143400, -0.2488119927593869500, 0.6999999999999998400 ) ) ;
#1850 = CARTESIAN_POINT ( 'NONE',  ( -0.1764414345921869500, -0.2490278566951063800, 0.6999999999999999600 ) ) ;
#1851 = CARTESIAN_POINT ( 'NONE',  ( -0.1816070171259517900, -0.2491376062015287200, 0.6999999999999998400 ) ) ;
#1852 = CARTESIAN_POINT ( 'NONE',  ( -1.100000000000000100, -0.7499999999999997800, 0.6999000000000000800 ) ) ;
#1853 = LINE ( 'NONE', #1854, #1279 ) ;
#1854 = CARTESIAN_POINT ( 'NONE',  ( 1.325000000000000200, -1.099999999999999900, 0.6999999999999999600 ) ) ;
#1855 = DIRECTION ( 'NONE',  ( -0.0000000000000000000, -0.0000000000000000000, -1.000000000000000000 ) ) ;
#1856 = LINE ( 'NONE', #1857, #1275 ) ;
#1857 = CARTESIAN_POINT ( 'NONE',  ( 0.1255894972971251000, 0.07650341943949692800, 0.6999999999999999600 ) ) ;
#1858 = DIRECTION ( 'NONE',  ( 1.000000000000000000, 0.0000000000000000000, 0.0000000000000000000 ) ) ;
#1859 = DIRECTION ( 'NONE',  ( 0.0000000000000000000, 0.0000000000000000000, 1.000000000000000000 ) ) ;
#1860 = DIRECTION ( 'NONE',  ( 1.000000000000000000, 0.0000000000000000000, 0.0000000000000000000 ) ) ;
#1861 = CARTESIAN_POINT ( 'NONE',  ( -0.1835150700105672200, 0.2528923083283857700, 0.6999999999999999600 ) ) ;
#1862 = LINE ( 'NONE', #1863, #1284 ) ;
#1863 = CARTESIAN_POINT ( 'NONE',  ( 0.8074003947330225000, 0.2935974365335139400, 0.6999999999999999600 ) ) ;
#1864 = DIRECTION ( 'NONE',  ( -0.7384398714069612100, -0.6743193281498540700, 0.0000000000000000000 ) ) ;
#1865 = LINE ( 'NONE', #1866, #1292 ) ;
#1866 = CARTESIAN_POINT ( 'NONE',  ( -0.1782149231088578100, 0.3071658126018900200, 0.6989999999999999500 ) ) ;
#1867 = DIRECTION ( 'NONE',  ( -0.0000000000000000000, -0.0000000000000000000, 1.000000000000000000 ) ) ;
#1868 = CARTESIAN_POINT ( 'NONE',  ( -0.1889815918504421400, 0.2527091108356598900, 0.6999999999999999600 ) ) ;
#1869 = CARTESIAN_POINT ( 'NONE',  ( -0.1995232642571339000, 0.2523558317286495000, 0.7000000000000000700 ) ) ;
#1870 = CARTESIAN_POINT ( 'NONE',  ( -0.2144896451924449300, 0.2484974530000316200, 0.6999999999999998400 ) ) ;
#1871 = CARTESIAN_POINT ( 'NONE',  ( -0.2279597981484354800, 0.2424223384061705800, 0.6999999999999998400 ) ) ;
#1872 = CARTESIAN_POINT ( 'NONE',  ( -0.2395338169128852200, 0.2339080500512303600, 0.7000000000000000700 ) ) ;
#1873 = CARTESIAN_POINT ( 'NONE',  ( -0.2491702408229640500, 0.2238204713952663700, 0.7000000000000000700 ) ) ;
#1874 = CARTESIAN_POINT ( 'NONE',  ( -0.2561409470886093500, 0.2122122397351297600, 0.6999999999999998400 ) ) ;
#1875 = CARTESIAN_POINT ( 'NONE',  ( -0.2603365076815975000, 0.1993939479127773400, 0.6999999999999998400 ) ) ;
#1876 = CARTESIAN_POINT ( 'NONE',  ( -0.2608484809145525900, 0.1904522927292925100, 0.6999999999999999600 ) ) ;
#1877 = CARTESIAN_POINT ( 'NONE',  ( -0.2611092206515928700, 0.1858984514907789400, 0.6999999999999999600 ) ) ;
#1878 = CARTESIAN_POINT ( 'NONE',  ( -0.07793614372851587200, -0.1051856163511013500, 0.6989999999999999500 ) ) ;
#1879 = LINE ( 'NONE', #1880, #1291 ) ;
#1880 = CARTESIAN_POINT ( 'NONE',  ( -1.456000000000000000, 0.4500000000000001200, -0.5000000000000000000 ) ) ;
#1881 = DIRECTION ( 'NONE',  ( -0.0000000000000000000, 1.000000000000000000, -0.0000000000000000000 ) ) ;
#1882 = LINE ( 'NONE', #1883, #1290 ) ;
#1883 = CARTESIAN_POINT ( 'NONE',  ( -0.6000000000000002000, -0.4999999999999998900, -0.5000000000000000000 ) ) ;
#1884 = DIRECTION ( 'NONE',  ( 0.0000000000000000000, -1.000000000000000000, 0.0000000000000000000 ) ) ;
#1885 = CARTESIAN_POINT ( 'NONE',  ( -0.07815904546519525400, -0.1007797974072347800, 0.6990000000000000700 ) ) ;
#1886 = CARTESIAN_POINT ( 'NONE',  ( -0.07861217212359120100, -0.09182341130960851300, 0.6989999999999999500 ) ) ;
#1887 = CARTESIAN_POINT ( 'NONE',  ( -0.08244205065835714900, -0.07860941616061759000, 0.6990000000000002900 ) ) ;
#1888 = CARTESIAN_POINT ( 'NONE',  ( -0.08846687726444910100, -0.06553256331171160300, 0.6989999999999999500 ) ) ;
#1889 = CARTESIAN_POINT ( 'NONE',  ( -0.09402503887222507500, -0.05744368149221681900, 0.6989999999999999500 ) ) ;
#1890 = CARTESIAN_POINT ( 'NONE',  ( -0.09691066963663561000, -0.05324417671434924400, 0.6989999999999999500 ) ) ;
#1891 = CARTESIAN_POINT ( 'NONE',  ( -0.2977862372114219400, -0.1066696574835800000, 0.6999999999999999600 ) ) ;
#1892 = LINE ( 'NONE', #1893, #1288 ) ;
#1893 = CARTESIAN_POINT ( 'NONE',  ( -0.5130782043588576500, -0.06596452927845179700, 0.6999999999999999600 ) ) ;
#1894 = DIRECTION ( 'NONE',  ( -1.000000000000000000, 0.0000000000000000000, 0.0000000000000000000 ) ) ;
#1895 = CARTESIAN_POINT ( 'NONE',  ( -0.2936257418175913800, -0.1136341537791546700, 0.6999999999999999600 ) ) ;
#1896 = CARTESIAN_POINT ( 'NONE',  ( -0.2856543931987951500, -0.1269778599177704400, 0.6999999999999999600 ) ) ;
#1897 = CARTESIAN_POINT ( 'NONE',  ( -0.2723569853269303700, -0.1450085398397403000, 0.6999999999999998400 ) ) ;
#1898 = CARTESIAN_POINT ( 'NONE',  ( -0.2585785570911309200, -0.1603335325878264300, 0.7000000000000002900 ) ) ;
#1899 = CARTESIAN_POINT ( 'NONE',  ( -0.2442170745187748100, -0.1728636863468245000, 0.6999999999999997300 ) ) ;
#1900 = CARTESIAN_POINT ( 'NONE',  ( -0.2293601990288440300, -0.1827286966050954700, 0.7000000000000000700 ) ) ;
#1901 = CARTESIAN_POINT ( 'NONE',  ( -0.2139109432853193700, -0.1897140340196853700, 0.6999999999999999600 ) ) ;
#1902 = CARTESIAN_POINT ( 'NONE',  ( -0.1979213695229947200, -0.1940707350579715900, 0.7000000000000000700 ) ) ;
#1903 = CARTESIAN_POINT ( 'NONE',  ( -0.1870396131802719900, -0.1945999148108784600, 0.6999999999999999600 ) ) ;
#1904 = CARTESIAN_POINT ( 'NONE',  ( -0.1816070171259517900, -0.1948641019280244500, 0.6999999999999999600 ) ) ;
#1905 = PLANE ( 'NONE',  #1287 ) ;
#1906 = LINE ( 'NONE', #1907, #1286 ) ;
#1907 = CARTESIAN_POINT ( 'NONE',  ( -1.600000000000000100, 1.149999999999999500, -0.5000000000000000000 ) ) ;
#1908 = DIRECTION ( 'NONE',  ( 0.0000000000000000000, -1.000000000000000000, 0.0000000000000000000 ) ) ;
#1909 = LINE ( 'NONE', #1910, #1285 ) ;
#1910 = CARTESIAN_POINT ( 'NONE',  ( -0.8334190830981739200, -0.2355692301331526500, 0.6999999999999999600 ) ) ;
#1911 = DIRECTION ( 'NONE',  ( -1.000000000000000000, 0.0000000000000000000, 0.0000000000000000000 ) ) ;
#1912 = LINE ( 'NONE', #1913, #1283 ) ;
#1913 = CARTESIAN_POINT ( 'NONE',  ( -1.600000000000000100, 1.149999999999999500, 0.5000000000000000000 ) ) ;
#1914 = DIRECTION ( 'NONE',  ( 0.0000000000000000000, -1.000000000000000000, 0.0000000000000000000 ) ) ;
#1915 = LINE ( 'NONE', #1916, #1281 ) ;
#1916 = CARTESIAN_POINT ( 'NONE',  ( 0.5999999999999995300, 0.4999999999999997800, -0.5000000000000000000 ) ) ;
#1917 = DIRECTION ( 'NONE',  ( 5.004010026856174200E-016, 1.000000000000000000, 0.0000000000000000000 ) ) ;
#1918 = FILL_AREA_STYLE_COLOUR ( '', #2317 ) ;
#1919 = FILL_AREA_STYLE ('',( #1918 ) ) ;
#1920 = SURFACE_STYLE_FILL_AREA ( #1919 ) ;
#1921 = SURFACE_SIDE_STYLE ('',( #1920 ) ) ;
#1922 = AXIS2_PLACEMENT_3D ( 'NONE', #4980, #4981, #4982 ) ;
#1923 = VECTOR ( 'NONE', #4966, 1000.000000000000000 ) ;
#1924 = VECTOR ( 'NONE', #4970, 1000.000000000000000 ) ;
#1925 = FACE_OUTER_BOUND ( 'NONE', #816, .T. ) ;
#1926 = VECTOR ( 'NONE', #4988, 1000.000000000000000 ) ;
#1927 = PRESENTATION_LAYER_ASSIGNMENT (  '', '', ( #1929 ) ) ;
#1928 = VECTOR ( 'NONE', #4985, 1000.000000000000000 ) ;
#1929 = STYLED_ITEM ( 'NONE', ( #5723 ), #2411 ) ;
#1930 = MECHANICAL_DESIGN_GEOMETRIC_PRESENTATION_REPRESENTATION (  '', ( #1240 ), #2826 ) ;
#1931 = SURFACE_STYLE_USAGE ( .BOTH. , #1991 ) ;
#1932 =( LENGTH_UNIT ( ) NAMED_UNIT ( * ) SI_UNIT ( .MILLI., .METRE. ) );
#1933 = FILL_AREA_STYLE ('',( #1946 ) ) ;
#1934 = DIRECTION ( 'NONE',  ( -1.000000000000000000, -9.427844978134822700E-017, 0.0000000000000000000 ) ) ;
#1935 = LINE ( 'NONE', #1986, #655 ) ;
#1936 = FILL_AREA_STYLE_COLOUR ( '', #2418 ) ;
#1937 = PLANE ( 'NONE',  #660 ) ;
#1938 = DIRECTION ( 'NONE',  ( -0.0000000000000000000, -0.0000000000000000000, 1.000000000000000000 ) ) ;
#1939 =( NAMED_UNIT ( * ) SI_UNIT ( $, .STERADIAN. ) SOLID_ANGLE_UNIT ( ) );
#1940 = PRESENTATION_STYLE_ASSIGNMENT (( #1942 ) ) ;
#1941 = LINE ( 'NONE', #1959, #628 ) ;
#1942 = SURFACE_STYLE_USAGE ( .BOTH. , #2026 ) ;
#1943 = CARTESIAN_POINT ( 'NONE',  ( 0.1255894972971251000, 0.07650341943949692800, 0.6989999999999999500 ) ) ;
#1944 = DIRECTION ( 'NONE',  ( 1.000000000000000000, 0.0000000000000000000, 0.0000000000000000000 ) ) ;
#1945 = CARTESIAN_POINT ( 'NONE',  ( -0.2856543931987951500, -0.1269778599177704400, 0.6989999999999999500 ) ) ;
#1946 = FILL_AREA_STYLE_COLOUR ( '', #2383 ) ;
#1947 = LINE ( 'NONE', #1978, #636 ) ;
#1948 = SURFACE_STYLE_FILL_AREA ( #1933 ) ;
#1949 = CARTESIAN_POINT ( 'NONE',  ( -0.1816070171259517900, -0.1948641019280244500, 0.6989999999999999500 ) ) ;
#1950 = DIRECTION ( 'NONE',  ( -1.000000000000000000, 0.0000000000000000000, 0.0000000000000000000 ) ) ;
#1951 = CARTESIAN_POINT ( 'NONE',  ( -1.600000000000000100, 1.249999999999999800, 0.5000000000000000000 ) ) ;
#1952 = LINE ( 'NONE', #1943, #639 ) ;
#1953 = SURFACE_SIDE_STYLE ('',( #1958 ) ) ;
#1954 = SURFACE_STYLE_USAGE ( .BOTH. , #1953 ) ;
#1955 = DIRECTION ( 'NONE',  ( -1.000000000000000000, 0.0000000000000000000, -0.0000000000000000000 ) ) ;
#1956 =( NAMED_UNIT ( * ) PLANE_ANGLE_UNIT ( ) SI_UNIT ( $, .RADIAN. ) );
#1957 = DIRECTION ( 'NONE',  ( -0.0000000000000000000, -0.0000000000000000000, 1.000000000000000000 ) ) ;
#1958 = SURFACE_STYLE_FILL_AREA ( #1987 ) ;
#1959 = CARTESIAN_POINT ( 'NONE',  ( -1.456000000000000000, -0.4500000000000001200, -0.5000000000000000000 ) ) ;
#1960 = CARTESIAN_POINT ( 'NONE',  ( 1.325000000000000200, 1.099999999999999900, 0.6999999999999999600 ) ) ;
#1961 = CARTESIAN_POINT ( 'NONE',  ( 0.5190724032800311200, 0.01979184759120632800, 0.6989999999999999500 ) ) ;
#1962 = CARTESIAN_POINT ( 'NONE',  ( -1.600000000000000100, 0.4500000000000000100, -0.5000000000000000000 ) ) ;
#1963 = DIRECTION ( 'NONE',  ( 0.0000000000000000000, 1.000000000000000000, 0.0000000000000000000 ) ) ;
#1964 = FILL_AREA_STYLE_COLOUR ( '', #2476 ) ;
#1965 = CARTESIAN_POINT ( 'NONE',  ( -0.2936257418175913800, -0.1136341537791546700, 0.6989999999999999500 ) ) ;
#1966 =( NAMED_UNIT ( * ) PLANE_ANGLE_UNIT ( ) SI_UNIT ( $, .RADIAN. ) );
#1967 = DIRECTION ( 'NONE',  ( 0.0000000000000000000, -1.000000000000000000, 0.0000000000000000000 ) ) ;
#1968 = PLANE ( 'NONE',  #667 ) ;
#1969 = DIRECTION ( 'NONE',  ( -0.0000000000000000000, 0.0000000000000000000, 1.000000000000000000 ) ) ;
#1970 =( LENGTH_UNIT ( ) NAMED_UNIT ( * ) SI_UNIT ( .MILLI., .METRE. ) );
#1971 =( LENGTH_UNIT ( ) NAMED_UNIT ( * ) SI_UNIT ( .MILLI., .METRE. ) );
#1972 = CARTESIAN_POINT ( 'NONE',  ( -0.2139109432853193700, -0.1897140340196853700, 0.6989999999999999500 ) ) ;
#1973 =( NAMED_UNIT ( * ) SI_UNIT ( $, .STERADIAN. ) SOLID_ANGLE_UNIT ( ) );
#1974 = CARTESIAN_POINT ( 'NONE',  ( -0.2723569853269303700, -0.1450085398397403000, 0.6989999999999998400 ) ) ;
#1975 = CARTESIAN_POINT ( 'NONE',  ( -0.2293601990288440300, -0.1827286966050954700, 0.6990000000000000700 ) ) ;
#1976 =( LENGTH_UNIT ( ) NAMED_UNIT ( * ) SI_UNIT ( .MILLI., .METRE. ) );
#1977 = PRESENTATION_STYLE_ASSIGNMENT (( #1931 ) ) ;
#1978 = CARTESIAN_POINT ( 'NONE',  ( -0.7529628531302252600, -0.06596452927845179700, 0.6989999999999999500 ) ) ;
#1979 = LINE ( 'NONE', #1962, #630 ) ;
#1980 = DIRECTION ( 'NONE',  ( -1.000000000000000000, -7.529181753371558500E-016, -0.0000000000000000000 ) ) ;
#1981 =( NAMED_UNIT ( * ) SI_UNIT ( $, .STERADIAN. ) SOLID_ANGLE_UNIT ( ) );
#1982 =( NAMED_UNIT ( * ) SI_UNIT ( $, .STERADIAN. ) SOLID_ANGLE_UNIT ( ) );
#1983 =( NAMED_UNIT ( * ) PLANE_ANGLE_UNIT ( ) SI_UNIT ( $, .RADIAN. ) );
#1984 = CARTESIAN_POINT ( 'NONE',  ( -0.2442170745187748100, -0.1728636863468245000, 0.6989999999999997300 ) ) ;
#1985 = DIRECTION ( 'NONE',  ( 1.000000000000000000, 0.0000000000000000000, 0.0000000000000000000 ) ) ;
#1986 = CARTESIAN_POINT ( 'NONE',  ( -1.600000000000000100, -0.4500000000000000100, -0.5000000000000000000 ) ) ;
#1987 = FILL_AREA_STYLE ('',( #1936 ) ) ;
#1988 = FILL_AREA_STYLE ('',( #2009 ) ) ;
#1989 = CARTESIAN_POINT ( 'NONE',  ( -0.1782149231088578100, 0.3071658126018900200, 0.6989999999999999500 ) ) ;
#1990 = PRESENTATION_STYLE_ASSIGNMENT (( #2008 ) ) ;
#1991 = SURFACE_SIDE_STYLE ('',( #1948 ) ) ;
#1992 = SURFACE_STYLE_FILL_AREA ( #1988 ) ;
#1993 = DIRECTION ( 'NONE',  ( -0.0000000000000000000, -0.0000000000000000000, 1.000000000000000000 ) ) ;
#1994 = DIRECTION ( 'NONE',  ( 9.427844978134822700E-017, -1.000000000000000000, 0.0000000000000000000 ) ) ;
#1995 =( NAMED_UNIT ( * ) PLANE_ANGLE_UNIT ( ) SI_UNIT ( $, .RADIAN. ) );
#1996 = SURFACE_SIDE_STYLE ('',( #2011 ) ) ;
#1997 = DIRECTION ( 'NONE',  ( 0.0000000000000000000, -0.0000000000000000000, -1.000000000000000000 ) ) ;
#1998 = PLANE ( 'NONE',  #641 ) ;
#1999 = LINE ( 'NONE', #2000, #672 ) ;
#2000 = CARTESIAN_POINT ( 'NONE',  ( 0.3766044545620824100, -0.2355692301331526500, 0.6989999999999999500 ) ) ;
#2001 = DIRECTION ( 'NONE',  ( 0.0000000000000000000, 0.0000000000000000000, 1.000000000000000000 ) ) ;
#2002 = CARTESIAN_POINT ( 'NONE',  ( -0.03723101552338768000, 0.2175933299630011800, 0.6989999999999999500 ) ) ;
#2003 = DIRECTION ( 'NONE',  ( -0.0000000000000000000, -0.0000000000000000000, -1.000000000000000000 ) ) ;
#2004 = DIRECTION ( 'NONE',  ( -0.0000000000000000000, -0.0000000000000000000, 1.000000000000000000 ) ) ;
#2005 = LINE ( 'NONE', #1340, #5887 ) ;
#2006 = CARTESIAN_POINT ( 'NONE',  ( -0.2585785570911309200, -0.1603335325878264300, 0.6990000000000002900 ) ) ;
#2007 = DIRECTION ( 'NONE',  ( -0.0000000000000000000, -0.0000000000000000000, 1.000000000000000000 ) ) ;
#2008 = SURFACE_STYLE_USAGE ( .BOTH. , #1996 ) ;
#2009 = FILL_AREA_STYLE_COLOUR ( '', #2473 ) ;
#2010 = LINE ( 'NONE', #2021, #651 ) ;
#2011 = SURFACE_STYLE_FILL_AREA ( #2014 ) ;
#2012 = CARTESIAN_POINT ( 'NONE',  ( -0.6342395625319347000, 0.2935974365335139400, 0.6999999999999999600 ) ) ;
#2013 = PLANE ( 'NONE',  #659 ) ;
#2014 = FILL_AREA_STYLE ('',( #1964 ) ) ;
#2015 = DIRECTION ( 'NONE',  ( -1.000000000000000000, 0.0000000000000000000, 0.0000000000000000000 ) ) ;
#2016 = DIRECTION ( 'NONE',  ( -0.7071067811865461300, -0.7071067811865490200, 0.0000000000000000000 ) ) ;
#2017 = PRESENTATION_STYLE_ASSIGNMENT (( #1954 ) ) ;
#2018 = CARTESIAN_POINT ( 'NONE',  ( 1.600000000000000300, 1.150000000000000100, 0.5000000000000000000 ) ) ;
#2019 = CARTESIAN_POINT ( 'NONE',  ( -0.1979213695229947200, -0.1940707350579715900, 0.6990000000000000700 ) ) ;
#2020 = CARTESIAN_POINT ( 'NONE',  ( -0.1870396131802719900, -0.1945999148108784600, 0.6989999999999999500 ) ) ;
#2021 = CARTESIAN_POINT ( 'NONE',  ( 0.1255894972971251000, 0.07650341943949692800, 0.6989999999999999500 ) ) ;
#2022 = LINE ( 'NONE', #2027, #5880 ) ;
#2023 = CARTESIAN_POINT ( 'NONE',  ( -0.2977862372114219400, -0.1066696574835800000, 0.6989999999999999500 ) ) ;
#2024 = CARTESIAN_POINT ( 'NONE',  ( -0.6000000000000002000, -0.7000000000000002900, -0.5010000000000000000 ) ) ;
#2025 = LINE ( 'NONE', #2002, #5892 ) ;
#2026 = SURFACE_SIDE_STYLE ('',( #1992 ) ) ;
#2027 = CARTESIAN_POINT ( 'NONE',  ( -1.025000000000000100, -0.7499999999999997800, 0.6999000000000000800 ) ) ;
#2028 = LINE ( 'NONE', #2012, #5899 ) ;
#2029 = MECHANICAL_DESIGN_GEOMETRIC_PRESENTATION_REPRESENTATION (  '', ( #2038 ), #2809 ) ;
#2030 = STYLED_ITEM ( 'NONE', ( #249 ), #2296 ) ;
#2031 = AXIS2_PLACEMENT_3D ( 'NONE', #3010, #3011, #3012 ) ;
#2032 = FACE_OUTER_BOUND ( 'NONE', #845, .T. ) ;
#2033 = MECHANICAL_DESIGN_GEOMETRIC_PRESENTATION_REPRESENTATION (  '', ( #617 ), #2808 ) ;
#2034 = MECHANICAL_DESIGN_GEOMETRIC_PRESENTATION_REPRESENTATION (  '', ( #2030 ), #2810 ) ;
#2035 = AXIS2_PLACEMENT_3D ( 'NONE', #254, #255, #256 ) ;
#2036 = PRESENTATION_LAYER_ASSIGNMENT (  '', '', ( #2038 ) ) ;
#2037 = PRESENTATION_LAYER_ASSIGNMENT (  '', '', ( #617 ) ) ;
#2038 = STYLED_ITEM ( 'NONE', ( #218 ), #2295 ) ;
#2039 = FACE_OUTER_BOUND ( 'NONE', #833, .T. ) ;
#2040 = PRESENTATION_LAYER_ASSIGNMENT (  '', '', ( #2030 ) ) ;
#2041 = STYLED_ITEM ( 'NONE', ( #269 ), #2299 ) ;
#2042 = AXIS2_PLACEMENT_3D ( 'NONE', #257, #258, #259 ) ;
#2043 = SURFACE_STYLE_USAGE ( .BOTH. , #1620 ) ;
#2044 = PRESENTATION_STYLE_ASSIGNMENT (( #2043 ) ) ;
#2045 =( LENGTH_UNIT ( ) NAMED_UNIT ( * ) SI_UNIT ( .MILLI., .METRE. ) );
#2046 =( NAMED_UNIT ( * ) PLANE_ANGLE_UNIT ( ) SI_UNIT ( $, .RADIAN. ) );
#2047 =( NAMED_UNIT ( * ) SI_UNIT ( $, .STERADIAN. ) SOLID_ANGLE_UNIT ( ) );
#2048 = PLANE ( 'NONE',  #1661 ) ;
#2049 = CARTESIAN_POINT ( 'NONE',  ( 0.7644692048291762400, -0.2355692301331526500, 0.6989999999999999500 ) ) ;
#2050 = DIRECTION ( 'NONE',  ( 0.7210343373407116500, 0.6928993320646519300, 0.0000000000000000000 ) ) ;
#2051 = DIRECTION ( 'NONE',  ( -0.6928993320646519300, 0.7210343373407116500, 0.0000000000000000000 ) ) ;
#2052 = FILL_AREA_STYLE_COLOUR ( '', #2436 ) ;
#2053 = FILL_AREA_STYLE ('',( #2052 ) ) ;
#2054 = SURFACE_STYLE_FILL_AREA ( #2053 ) ;
#2055 = SURFACE_SIDE_STYLE ('',( #2054 ) ) ;
#2056 = SURFACE_STYLE_USAGE ( .BOTH. , #2055 ) ;
#2057 = PRESENTATION_STYLE_ASSIGNMENT (( #2056 ) ) ;
#2058 =( LENGTH_UNIT ( ) NAMED_UNIT ( * ) SI_UNIT ( .MILLI., .METRE. ) );
#2059 =( NAMED_UNIT ( * ) PLANE_ANGLE_UNIT ( ) SI_UNIT ( $, .RADIAN. ) );
#2060 =( NAMED_UNIT ( * ) SI_UNIT ( $, .STERADIAN. ) SOLID_ANGLE_UNIT ( ) );
#2061 = PLANE ( 'NONE',  #1657 ) ;
#2062 = CARTESIAN_POINT ( 'NONE',  ( 0.5999999999999994200, -0.5000000000000004400, -0.5010000000000000000 ) ) ;
#2063 = DIRECTION ( 'NONE',  ( 1.000000000000000000, 1.668003342285391800E-016, 0.0000000000000000000 ) ) ;
#2064 = DIRECTION ( 'NONE',  ( -1.668003342285391800E-016, 1.000000000000000000, 0.0000000000000000000 ) ) ;
#2065 = CARTESIAN_POINT ( 'NONE',  ( -0.1816070171259517900, -0.2491376062015287200, 0.6999999999999998400 ) ) ;
#2066 = CARTESIAN_POINT ( 'NONE',  ( -0.1856037892195040500, -0.2490603204123962900, 0.6999999999999998400 ) ) ;
#2067 = CARTESIAN_POINT ( 'NONE',  ( -0.1935469981801258000, -0.2489067221690147700, 0.6999999999999997300 ) ) ;
#2068 = CARTESIAN_POINT ( 'NONE',  ( -0.2052959317490455300, -0.2475488381051859900, 0.7000000000000001800 ) ) ;
#2069 = CARTESIAN_POINT ( 'NONE',  ( -0.2168075124968484000, -0.2456276450622339700, 0.6999999999999997300 ) ) ;
#2070 = CARTESIAN_POINT ( 'NONE',  ( -0.2279372908520088700, -0.2425775178157207100, 0.7000000000000001800 ) ) ;
#2071 = CARTESIAN_POINT ( 'NONE',  ( -0.2388286614216534900, -0.2388768320010228000, 0.6999999999999998400 ) ) ;
#2072 = CARTESIAN_POINT ( 'NONE',  ( -0.2494342552130777700, -0.2343202031439152500, 0.6999999999999999600 ) ) ;
#2073 = CARTESIAN_POINT ( 'NONE',  ( -0.2597592121650969500, -0.2288596262584197100, 0.6999999999999999600 ) ) ;
#2074 = CARTESIAN_POINT ( 'NONE',  ( -0.2698613943368597900, -0.2226162118205170800, 0.7000000000000000700 ) ) ;
#2075 = CARTESIAN_POINT ( 'NONE',  ( -0.2797151088278577200, -0.2153503385353064700, 0.7000000000000000700 ) ) ;
#2076 = CARTESIAN_POINT ( 'NONE',  ( -0.2892279331456728600, -0.2068876789547708700, 0.6999999999999999600 ) ) ;
#2077 = CARTESIAN_POINT ( 'NONE',  ( -0.2987119885744682300, -0.1974616323668007800, 0.7000000000000000700 ) ) ;
#2078 = CARTESIAN_POINT ( 'NONE',  ( -0.3078873449230887800, -0.1868162257633059200, 0.6999999999999999600 ) ) ;
#2079 = CARTESIAN_POINT ( 'NONE',  ( -0.3169395941217034200, -0.1751234441883808600, 0.6999999999999999600 ) ) ;
#2080 = CARTESIAN_POINT ( 'NONE',  ( -0.3256902584206742300, -0.1622738890794838400, 0.6999999999999998400 ) ) ;
#2081 = CARTESIAN_POINT ( 'NONE',  ( -0.3343204704983373000, -0.1483375510706864700, 0.6999999999999997300 ) ) ;
#2082 = CARTESIAN_POINT ( 'NONE',  ( -0.3397354281341331000, -0.1385305678725710100, 0.6999999999999999600 ) ) ;
#2083 = CARTESIAN_POINT ( 'NONE',  ( -0.3425194770618492100, -0.1334884008062295900, 0.6999999999999999600 ) ) ;
#2084 = CARTESIAN_POINT ( 'NONE',  ( 1.325000000000000200, 0.9749999999999999800, 0.6999999999999999600 ) ) ;
#2085 = DIRECTION ( 'NONE',  ( 0.0000000000000000000, 0.0000000000000000000, 1.000000000000000000 ) ) ;
#2086 = DIRECTION ( 'NONE',  ( -1.000000000000000000, 0.0000000000000000000, 0.0000000000000000000 ) ) ;
#2087 = CARTESIAN_POINT ( 'NONE',  ( -0.3085985368909091600, 0.1836723897920610200, 0.7000000000000000700 ) ) ;
#2088 = LINE ( 'NONE', #2089, #1651 ) ;
#2089 = CARTESIAN_POINT ( 'NONE',  ( 1.600000000000000300, 0.2000000000000007300, 0.5000000000000000000 ) ) ;
#2090 = DIRECTION ( 'NONE',  ( 1.000000000000000000, 1.882295438342889600E-016, -0.0000000000000000000 ) ) ;
#2091 = LINE ( 'NONE', #2092, #1650 ) ;
#2092 = CARTESIAN_POINT ( 'NONE',  ( 0.3766044545620824100, 0.02222991516599265000, 0.6989999999999999500 ) ) ;
#2093 = DIRECTION ( 'NONE',  ( -1.000000000000000000, 0.0000000000000000000, 0.0000000000000000000 ) ) ;
#2094 = LINE ( 'NONE', #2095, #1639 ) ;
#2095 = CARTESIAN_POINT ( 'NONE',  ( 1.600000000000000500, 0.1999999999999995900, -0.5000000000000000000 ) ) ;
#2096 = DIRECTION ( 'NONE',  ( -0.0000000000000000000, -0.0000000000000000000, 1.000000000000000000 ) ) ;
#2097 = LINE ( 'NONE', #2098, #1649 ) ;
#2098 = CARTESIAN_POINT ( 'NONE',  ( -0.1816070171259517900, -0.2491376062015287200, 0.6989999999999999500 ) ) ;
#2099 = DIRECTION ( 'NONE',  ( -0.0000000000000000000, -0.0000000000000000000, 1.000000000000000000 ) ) ;
#2100 = LINE ( 'NONE', #2101, #1648 ) ;
#2101 = CARTESIAN_POINT ( 'NONE',  ( 0.4715830870407147200, 0.2935974365335139400, 0.6999999999999999600 ) ) ;
#2102 = DIRECTION ( 'NONE',  ( 1.000000000000000000, 0.0000000000000000000, 0.0000000000000000000 ) ) ;
#2103 = LINE ( 'NONE', #2104, #1622 ) ;
#2104 = CARTESIAN_POINT ( 'NONE',  ( -1.600000000000000100, -0.4500000000000000100, -0.5000000000000000000 ) ) ;
#2105 = DIRECTION ( 'NONE',  ( 1.000000000000000000, -7.529181753371558500E-016, 0.0000000000000000000 ) ) ;
#2106 = LINE ( 'NONE', #2107, #1645 ) ;
#2107 = CARTESIAN_POINT ( 'NONE',  ( 0.3766044545620824100, 0.2935974365335139400, 0.6989999999999999500 ) ) ;
#2108 = DIRECTION ( 'NONE',  ( -0.0000000000000000000, -0.0000000000000000000, 1.000000000000000000 ) ) ;
#2109 = CARTESIAN_POINT ( 'NONE',  ( -0.3084012017216736200, 0.1892709390417244600, 0.6999999999999998400 ) ) ;
#2110 = CARTESIAN_POINT ( 'NONE',  ( -0.3080107492836918800, 0.2003483724873770200, 0.6999999999999998400 ) ) ;
#2111 = CARTESIAN_POINT ( 'NONE',  ( -0.3047086710773311800, 0.2165304147089807400, 0.7000000000000001800 ) ) ;
#2112 = CARTESIAN_POINT ( 'NONE',  ( -0.2994966978700453500, 0.2319800277883026500, 0.6999999999999997300 ) ) ;
#2113 = CARTESIAN_POINT ( 'NONE',  ( -0.2921949707766882100, 0.2465442568157301100, 0.7000000000000000700 ) ) ;
#2114 = CARTESIAN_POINT ( 'NONE',  ( -0.2827822519426217400, 0.2598438753547812100, 0.6999999999999998400 ) ) ;
#2115 = CARTESIAN_POINT ( 'NONE',  ( -0.2718895867707371000, 0.2720318668389694100, 0.7000000000000000700 ) ) ;
#2116 = CARTESIAN_POINT ( 'NONE',  ( -0.2589157073038829100, 0.2822778310556980400, 0.6999999999999999600 ) ) ;
#2117 = CARTESIAN_POINT ( 'NONE',  ( -0.2446807273581059200, 0.2912301303597827900, 0.7000000000000000700 ) ) ;
#2118 = CARTESIAN_POINT ( 'NONE',  ( -0.2290995853884617300, 0.2982371928613262200, 0.6999999999999999600 ) ) ;
#2119 = CARTESIAN_POINT ( 'NONE',  ( -0.2127723892795345700, 0.3035229600998772800, 0.6999999999999998400 ) ) ;
#2120 = CARTESIAN_POINT ( 'NONE',  ( -0.1956731891042971800, 0.3065179312031529000, 0.7000000000000000700 ) ) ;
#2121 = CARTESIAN_POINT ( 'NONE',  ( -0.1840915247028996100, 0.3069477301839932900, 0.6999999999999998400 ) ) ;
#2122 = CARTESIAN_POINT ( 'NONE',  ( -0.1782149231088578100, 0.3071658126018900200, 0.6999999999999999600 ) ) ;
#2123 = CARTESIAN_POINT ( 'NONE',  ( -0.09691066963663561000, -0.05324417671434924400, 0.6999999999999999600 ) ) ;
#2124 = LINE ( 'NONE', #2125, #1628 ) ;
#2125 = CARTESIAN_POINT ( 'NONE',  ( 1.600000000000000500, 0.4499999999999996200, -0.5000000000000000000 ) ) ;
#2126 = DIRECTION ( 'NONE',  ( -0.0000000000000000000, -0.0000000000000000000, 1.000000000000000000 ) ) ;
#2127 = LINE ( 'NONE', #2128, #1660 ) ;
#2128 = CARTESIAN_POINT ( 'NONE',  ( -0.1923133138674047700, 0.03113416196086441600, 0.6989999999999999500 ) ) ;
#2129 = DIRECTION ( 'NONE',  ( -0.0000000000000000000, -0.0000000000000000000, 1.000000000000000000 ) ) ;
#2130 = CARTESIAN_POINT ( 'NONE',  ( -0.09927991725679714800, -0.05021328790765367700, 0.6999999999999998400 ) ) ;
#2131 = CARTESIAN_POINT ( 'NONE',  ( -0.1042538562744401000, -0.04385031598126116300, 0.6999999999999999600 ) ) ;
#2132 = CARTESIAN_POINT ( 'NONE',  ( -0.1128048135355271800, -0.03437895299866462800, 0.6999999999999999600 ) ) ;
#2133 = CARTESIAN_POINT ( 'NONE',  ( -0.1228387379602706700, -0.02460926346662788800, 0.7000000000000000700 ) ) ;
#2134 = CARTESIAN_POINT ( 'NONE',  ( -0.1340122516195347000, -0.01416819176119248800, 0.7000000000000000700 ) ) ;
#2135 = CARTESIAN_POINT ( 'NONE',  ( -0.1467323733847225900, -0.003541346309548655300, 0.6999999999999998400 ) ) ;
#2136 = CARTESIAN_POINT ( 'NONE',  ( -0.1606006999671036600, 0.007778024283602319300, 0.7000000000000001800 ) ) ;
#2137 = CARTESIAN_POINT ( 'NONE',  ( -0.1759713072155540400, 0.01935945319423067900, 0.6999999999999998400 ) ) ;
#2138 = CARTESIAN_POINT ( 'NONE',  ( -0.1867511120613691600, 0.02712649584234055900, 0.6999999999999999600 ) ) ;
#2139 = CARTESIAN_POINT ( 'NONE',  ( -0.1923133138674047700, 0.03113416196086441600, 0.6999999999999999600 ) ) ;
#2140 = PLANE ( 'NONE',  #1637 ) ;
#2141 = LINE ( 'NONE', #2142, #1635 ) ;
#2142 = CARTESIAN_POINT ( 'NONE',  ( 1.600000000000000500, -1.149999999999999700, 0.5000000000000000000 ) ) ;
#2143 = DIRECTION ( 'NONE',  ( -0.0000000000000000000, -0.0000000000000000000, -1.000000000000000000 ) ) ;
#2144 = LINE ( 'NONE', #2145, #1641 ) ;
#2145 = CARTESIAN_POINT ( 'NONE',  ( -0.7529628531302252600, -0.06596452927845179700, 0.6989999999999999500 ) ) ;
#2146 = DIRECTION ( 'NONE',  ( -0.4285960263555436100, -0.9034962347415943500, 0.0000000000000000000 ) ) ;
#2147 = FILL_AREA_STYLE_COLOUR ( '', #2307 ) ;
#2148 = FILL_AREA_STYLE ('',( #2147 ) ) ;
#2149 = SURFACE_STYLE_FILL_AREA ( #2148 ) ;
#2150 = SURFACE_SIDE_STYLE ('',( #2149 ) ) ;
#2151 = SURFACE_STYLE_USAGE ( .BOTH. , #2150 ) ;
#2152 = PRESENTATION_STYLE_ASSIGNMENT (( #2151 ) ) ;
#2153 =( LENGTH_UNIT ( ) NAMED_UNIT ( * ) SI_UNIT ( .MILLI., .METRE. ) );
#2154 =( NAMED_UNIT ( * ) PLANE_ANGLE_UNIT ( ) SI_UNIT ( $, .RADIAN. ) );
#2155 =( NAMED_UNIT ( * ) SI_UNIT ( $, .STERADIAN. ) SOLID_ANGLE_UNIT ( ) );
#2156 = CARTESIAN_POINT ( 'NONE',  ( 1.450000000000000200, 0.9750000000000000900, 0.6999999999999999600 ) ) ;
#2157 = DIRECTION ( 'NONE',  ( -1.000000000000000000, 0.0000000000000000000, 0.0000000000000000000 ) ) ;
#2158 = DIRECTION ( 'NONE',  ( 0.0000000000000000000, 0.0000000000000000000, 1.000000000000000000 ) ) ;
#2159 = CARTESIAN_POINT ( 'NONE',  ( -1.100000000000000100, -0.7499999999999997800, 0.6999999999999999600 ) ) ;
#2160 = DIRECTION ( 'NONE',  ( 0.0000000000000000000, 0.0000000000000000000, 1.000000000000000000 ) ) ;
#2161 = DIRECTION ( 'NONE',  ( 1.000000000000000000, 0.0000000000000000000, 0.0000000000000000000 ) ) ;
#2162 = PLANE ( 'NONE',  #1643 ) ;
#2163 = LINE ( 'NONE', #2164, #1640 ) ;
#2164 = CARTESIAN_POINT ( 'NONE',  ( 0.3766044545620824100, 0.07650341943949692800, 0.6999999999999999600 ) ) ;
#2165 = DIRECTION ( 'NONE',  ( 0.0000000000000000000, -1.000000000000000000, 0.0000000000000000000 ) ) ;
#2166 = FILL_AREA_STYLE_COLOUR ( '', #2347 ) ;
#2167 = FILL_AREA_STYLE ('',( #2166 ) ) ;
#2168 = SURFACE_STYLE_FILL_AREA ( #2167 ) ;
#2169 = SURFACE_SIDE_STYLE ('',( #2168 ) ) ;
#2170 = SURFACE_STYLE_USAGE ( .BOTH. , #2169 ) ;
#2171 = PRESENTATION_STYLE_ASSIGNMENT (( #2170 ) ) ;
#2172 =( LENGTH_UNIT ( ) NAMED_UNIT ( * ) SI_UNIT ( .MILLI., .METRE. ) );
#2173 =( NAMED_UNIT ( * ) PLANE_ANGLE_UNIT ( ) SI_UNIT ( $, .RADIAN. ) );
#2174 =( NAMED_UNIT ( * ) SI_UNIT ( $, .STERADIAN. ) SOLID_ANGLE_UNIT ( ) );
#2175 = CARTESIAN_POINT ( 'NONE',  ( 1.325000000000000200, -1.099999999999999900, 0.6999999999999999600 ) ) ;
#2176 = DIRECTION ( 'NONE',  ( 0.0000000000000000000, 1.000000000000000000, -0.0000000000000000000 ) ) ;
#2177 = DIRECTION ( 'NONE',  ( 0.0000000000000000000, 0.0000000000000000000, 1.000000000000000000 ) ) ;
#2178 = LINE ( 'NONE', #2179, #1626 ) ;
#2179 = CARTESIAN_POINT ( 'NONE',  ( -1.600000000000000100, 1.149999999999999500, 0.5000000000000000000 ) ) ;
#2180 = DIRECTION ( 'NONE',  ( 0.0000000000000000000, -1.000000000000000000, 0.0000000000000000000 ) ) ;
#2181 = PLANE ( 'NONE',  #1630 ) ;
#2182 = FILL_AREA_STYLE_COLOUR ( '', #2345 ) ;
#2183 = FILL_AREA_STYLE ('',( #2182 ) ) ;
#2184 = SURFACE_STYLE_FILL_AREA ( #2183 ) ;
#2185 = SURFACE_SIDE_STYLE ('',( #2184 ) ) ;
#2186 = SURFACE_STYLE_USAGE ( .BOTH. , #2185 ) ;
#2187 = PRESENTATION_STYLE_ASSIGNMENT (( #2186 ) ) ;
#2188 =( LENGTH_UNIT ( ) NAMED_UNIT ( * ) SI_UNIT ( .MILLI., .METRE. ) );
#2189 =( NAMED_UNIT ( * ) PLANE_ANGLE_UNIT ( ) SI_UNIT ( $, .RADIAN. ) );
#2190 =( NAMED_UNIT ( * ) SI_UNIT ( $, .STERADIAN. ) SOLID_ANGLE_UNIT ( ) );
#2191 = CARTESIAN_POINT ( 'NONE',  ( -1.500000000000000700, -0.4999999999999995600, -0.5010000000000000000 ) ) ;
#2192 = DIRECTION ( 'NONE',  ( 1.000000000000000000, 6.672013369141561300E-016, 0.0000000000000000000 ) ) ;
#2193 = DIRECTION ( 'NONE',  ( -6.672013369141561300E-016, 1.000000000000000000, 0.0000000000000000000 ) ) ;
#2194 = CARTESIAN_POINT ( 'NONE',  ( -0.1835150700105672200, 0.2528923083283857700, 0.6989999999999999500 ) ) ;
#2195 = CARTESIAN_POINT ( 'NONE',  ( -0.1889815918504421400, 0.2527091108356598900, 0.6989999999999999500 ) ) ;
#2196 = CARTESIAN_POINT ( 'NONE',  ( -0.1995232642571339000, 0.2523558317286495000, 0.6990000000000000700 ) ) ;
#2197 = CARTESIAN_POINT ( 'NONE',  ( -0.2144896451924449300, 0.2484974530000316200, 0.6989999999999998400 ) ) ;
#2198 = CARTESIAN_POINT ( 'NONE',  ( -0.2279597981484354800, 0.2424223384061705800, 0.6989999999999998400 ) ) ;
#2199 = CARTESIAN_POINT ( 'NONE',  ( -0.2395338169128852200, 0.2339080500512303600, 0.6990000000000000700 ) ) ;
#2200 = CARTESIAN_POINT ( 'NONE',  ( -0.2491702408229640500, 0.2238204713952663700, 0.6990000000000000700 ) ) ;
#2201 = CARTESIAN_POINT ( 'NONE',  ( -0.2561409470886093500, 0.2122122397351297600, 0.6989999999999998400 ) ) ;
#2202 = CARTESIAN_POINT ( 'NONE',  ( -0.2603365076815975000, 0.1993939479127773400, 0.6989999999999998400 ) ) ;
#2203 = CARTESIAN_POINT ( 'NONE',  ( -0.2608484809145525900, 0.1904522927292925100, 0.6989999999999999500 ) ) ;
#2204 = CARTESIAN_POINT ( 'NONE',  ( -0.2611092206515928700, 0.1858984514907789400, 0.6989999999999999500 ) ) ;
#2205 = CARTESIAN_POINT ( 'NONE',  ( -0.08016220542723387400, 0.1850504279865054200, 0.6989999999999999500 ) ) ;
#2206 = LINE ( 'NONE', #2207, #1621 ) ;
#2207 = CARTESIAN_POINT ( 'NONE',  ( -0.5380948977349261400, -0.01169102500494752900, 0.6999999999999999600 ) ) ;
#2208 = DIRECTION ( 'NONE',  ( -0.4189977888269748000, 0.9079872537420917700, 0.0000000000000000000 ) ) ;
#2209 = CARTESIAN_POINT ( 'NONE',  ( -0.08275450712245303900, 0.1883900276099256500, 0.6989999999999999500 ) ) ;
#2210 = CARTESIAN_POINT ( 'NONE',  ( -0.08774667408454696300, 0.1948213156569174600, 0.6989999999999999500 ) ) ;
#2211 = CARTESIAN_POINT ( 'NONE',  ( -0.09532577507417247500, 0.2038279312307212900, 0.6990000000000000700 ) ) ;
#2212 = CARTESIAN_POINT ( 'NONE',  ( -0.1024693206525956900, 0.2120551846837640300, 0.6989999999999998400 ) ) ;
#2213 = CARTESIAN_POINT ( 'NONE',  ( -0.1095072977628286100, 0.2192012218978301700, 0.6990000000000002900 ) ) ;
#2214 = CARTESIAN_POINT ( 'NONE',  ( -0.1160680015677942600, 0.2256573777715339400, 0.6990000000000000700 ) ) ;
#2215 = CARTESIAN_POINT ( 'NONE',  ( -0.1224356972408463800, 0.2311848648152316200, 0.6990000000000000700 ) ) ;
#2216 = CARTESIAN_POINT ( 'NONE',  ( -0.1285187479636443500, 0.2358378417433520400, 0.6989999999999999500 ) ) ;
#2217 = CARTESIAN_POINT ( 'NONE',  ( -0.1361866618351290400, 0.2408034752133684000, 0.6990000000000000700 ) ) ;
#2218 = CARTESIAN_POINT ( 'NONE',  ( -0.1458201740101831600, 0.2457257084889091200, 0.6989999999999997300 ) ) ;
#2219 = CARTESIAN_POINT ( 'NONE',  ( -0.1579130741320801700, 0.2498908667220883200, 0.6990000000000000700 ) ) ;
#2220 = CARTESIAN_POINT ( 'NONE',  ( -0.1705505228576060200, 0.2523938344169523500, 0.6989999999999999500 ) ) ;
#2221 = CARTESIAN_POINT ( 'NONE',  ( -0.1791577409520319600, 0.2527247733706596300, 0.6990000000000000700 ) ) ;
#2222 = CARTESIAN_POINT ( 'NONE',  ( -0.1835150700105672200, 0.2528923083283857700, 0.6989999999999999500 ) ) ;
#2223 = CARTESIAN_POINT ( 'NONE',  ( -1.325000000000000200, 0.9749999999999999800, 0.6999999999999999600 ) ) ;
#2224 = LINE ( 'NONE', #2225, #3537 ) ;
#2225 = CARTESIAN_POINT ( 'NONE',  ( 0.1255894972971251000, 0.2393239322600097000, 0.6989999999999999500 ) ) ;
#2226 = DIRECTION ( 'NONE',  ( -0.0000000000000000000, -0.0000000000000000000, 1.000000000000000000 ) ) ;
#2227 = LINE ( 'NONE', #2228, #3479 ) ;
#2228 = CARTESIAN_POINT ( 'NONE',  ( 0.1255894972971251000, -0.1812957258596483700, 0.6989999999999999500 ) ) ;
#2229 = DIRECTION ( 'NONE',  ( 1.000000000000000000, 0.0000000000000000000, 0.0000000000000000000 ) ) ;
#2230 = LINE ( 'NONE', #2231, #3478 ) ;
#2231 = CARTESIAN_POINT ( 'NONE',  ( -1.600000000000000100, 1.149999999999999500, -0.5000000000000000000 ) ) ;
#2232 = DIRECTION ( 'NONE',  ( 0.0000000000000000000, -1.000000000000000000, 0.0000000000000000000 ) ) ;
#2233 = LINE ( 'NONE', #2234, #3477 ) ;
#2234 = CARTESIAN_POINT ( 'NONE',  ( 1.450000000000000200, 0.9750000000000000900, 0.6999999999999999600 ) ) ;
#2235 = DIRECTION ( 'NONE',  ( -0.0000000000000000000, 1.000000000000000000, -0.0000000000000000000 ) ) ;
#2236 = DIRECTION ( 'NONE',  ( 0.0000000000000000000, 0.0000000000000000000, 1.000000000000000000 ) ) ;
#2237 = DIRECTION ( 'NONE',  ( 1.000000000000000000, 0.0000000000000000000, 0.0000000000000000000 ) ) ;
#2238 = CARTESIAN_POINT ( 'NONE',  ( -0.1923133138674047700, 0.03113416196086441600, 0.6999999999999999600 ) ) ;
#2239 = CARTESIAN_POINT ( 'NONE',  ( -0.1978807513849523100, 0.03509967461283410700, 0.6999999999999998400 ) ) ;
#2240 = CARTESIAN_POINT ( 'NONE',  ( -0.2085252679631466000, 0.04268143283318044000, 0.6999999999999998400 ) ) ;
#2241 = CARTESIAN_POINT ( 'NONE',  ( -0.2234112679131335400, 0.05393367577333489600, 0.7000000000000002900 ) ) ;
#2242 = CARTESIAN_POINT ( 'NONE',  ( -0.2367227522015367400, 0.06422126081121769200, 0.6999999999999999600 ) ) ;
#2243 = CARTESIAN_POINT ( 'NONE',  ( -0.2484005558901802000, 0.07364103406957715800, 0.6999999999999999600 ) ) ;
#2244 = CARTESIAN_POINT ( 'NONE',  ( -0.2584395425561917300, 0.08219427311802288100, 0.7000000000000001800 ) ) ;
#2245 = CARTESIAN_POINT ( 'NONE',  ( -0.2669188201738066400, 0.08979884248832704900, 0.7000000000000000700 ) ) ;
#2246 = CARTESIAN_POINT ( 'NONE',  ( -0.2736223877346835000, 0.09666040466723360700, 0.6999999999999998400 ) ) ;
#2247 = CARTESIAN_POINT ( 'NONE',  ( -0.2773500767151986200, 0.1011116551453707200, 0.7000000000000000700 ) ) ;
#2248 = CARTESIAN_POINT ( 'NONE',  ( -0.2790237171793705800, 0.1031101568860780800, 0.6999999999999999600 ) ) ;
#2249 = CARTESIAN_POINT ( 'NONE',  ( -1.100000000000000100, -0.7499999999999997800, 0.6999000000000000800 ) ) ;
#2250 = LINE ( 'NONE', #2251, #3483 ) ;
#2251 = CARTESIAN_POINT ( 'NONE',  ( 0.3766044545620824100, 0.02222991516599265000, 0.6989999999999999500 ) ) ;
#2252 = DIRECTION ( 'NONE',  ( -0.0000000000000000000, -0.0000000000000000000, 1.000000000000000000 ) ) ;
#2253 = LINE ( 'NONE', #2254, #3474 ) ;
#2254 = CARTESIAN_POINT ( 'NONE',  ( 0.3766044545620824100, 0.2935974365335139400, 0.6999999999999999600 ) ) ;
#2255 = DIRECTION ( 'NONE',  ( 0.0000000000000000000, -1.000000000000000000, 0.0000000000000000000 ) ) ;
#2256 = LINE ( 'NONE', #2257, #3475 ) ;
#2257 = CARTESIAN_POINT ( 'NONE',  ( -0.3425194770618492100, -0.1334884008062295900, 0.6989999999999999500 ) ) ;
#2258 = DIRECTION ( 'NONE',  ( -0.0000000000000000000, -0.0000000000000000000, 1.000000000000000000 ) ) ;
#2259 = FILL_AREA_STYLE_COLOUR ( '', #2472 ) ;
#2260 = FILL_AREA_STYLE ('',( #2259 ) ) ;
#2261 = SURFACE_STYLE_FILL_AREA ( #2260 ) ;
#2262 = SURFACE_SIDE_STYLE ('',( #2261 ) ) ;
#2263 = SURFACE_STYLE_USAGE ( .BOTH. , #2262 ) ;
#2264 = PRESENTATION_STYLE_ASSIGNMENT (( #2263 ) ) ;
#2265 =( LENGTH_UNIT ( ) NAMED_UNIT ( * ) SI_UNIT ( .MILLI., .METRE. ) );
#2266 =( NAMED_UNIT ( * ) PLANE_ANGLE_UNIT ( ) SI_UNIT ( $, .RADIAN. ) );
#2267 =( NAMED_UNIT ( * ) SI_UNIT ( $, .STERADIAN. ) SOLID_ANGLE_UNIT ( ) );
#2268 = DIRECTION ( 'NONE',  ( -0.0000000000000000000, -0.0000000000000000000, 1.000000000000000000 ) ) ;
#2269 = DIRECTION ( 'NONE',  ( 1.000000000000000000, 0.0000000000000000000, 0.0000000000000000000 ) ) ;
#2270 = LINE ( 'NONE', #2271, #606 ) ;
#2271 = CARTESIAN_POINT ( 'NONE',  ( 0.5473751877351591400, 0.05615085533693277300, 0.6999999999999999600 ) ) ;
#2272 = DIRECTION ( 'NONE',  ( 0.6929516293246063000, -0.7209840770893440900, 0.0000000000000000000 ) ) ;
#2273 = PLANE ( 'NONE',  #604 ) ;
#2274 = LINE ( 'NONE', #2275, #591 ) ;
#2275 = CARTESIAN_POINT ( 'NONE',  ( 0.07810018105780894300, -0.2355692301331526500, 0.6989999999999999500 ) ) ;
#2276 = DIRECTION ( 'NONE',  ( -0.0000000000000000000, -0.0000000000000000000, 1.000000000000000000 ) ) ;
#2277 = FILL_AREA_STYLE_COLOUR ( '', #2353 ) ;
#2278 = FILL_AREA_STYLE ('',( #2277 ) ) ;
#2279 = SURFACE_STYLE_FILL_AREA ( #2278 ) ;
#2280 = SURFACE_SIDE_STYLE ('',( #2279 ) ) ;
#2281 = COLOUR_RGB ( '',0.2509803921568627400, 0.2509803921568627400, 0.2509803921568627400 ) ;
#2282 = ADVANCED_FACE ( 'NONE', ( #623 ), #998, .T. ) ;
#2283 = EDGE_CURVE ( 'NONE', #4166, #3852, #156, .T. ) ;
#2284 = EDGE_CURVE ( 'NONE', #4311, #3829, #160, .T. ) ;
#2285 = ADVANCED_FACE ( 'NONE', ( #609, #605 ), #171, .T. ) ;
#2286 = EDGE_CURVE ( 'NONE', #4089, #4097, #175, .T. ) ;
#2287 = EDGE_CURVE ( 'NONE', #4262, #4296, #179, .T. ) ;
#2288 = ADVANCED_FACE ( 'NONE', ( #613 ), #178, .F. ) ;
#2289 = EDGE_CURVE ( 'NONE', #4184, #4186, #194, .T. ) ;
#2290 = COLOUR_RGB ( '',1.000000000000000000, 1.000000000000000000, 0.0000000000000000000 ) ;
#2291 = EDGE_CURVE ( 'NONE', #4187, #3841, #198, .T. ) ;
#2292 = ADVANCED_FACE ( 'NONE', ( #594 ), #197, .T. ) ;
#2293 = COLOUR_RGB ( '',0.2509803921568627400, 0.2509803921568627400, 0.2509803921568627400 ) ;
#2294 = COLOUR_RGB ( '',0.2509803921568627400, 0.2509803921568627400, 0.2509803921568627400 ) ;
#2295 = ADVANCED_FACE ( 'NONE', ( #616 ), #1004, .T. ) ;
#2296 = ADVANCED_FACE ( 'NONE', ( #601 ), #253, .T. ) ;
#2297 = EDGE_CURVE ( 'NONE', #4160, #4100, #2496, .T. ) ;
#2298 = EDGE_CURVE ( 'NONE', #4196, #4178, #261, .T. ) ;
#2299 = ADVANCED_FACE ( 'NONE', ( #2032 ), #260, .T. ) ;
#2300 = ADVANCED_FACE ( 'NONE', ( #4638 ), #3022, .T. ) ;
#2301 = EDGE_CURVE ( 'NONE', #4314, #3820, #3026, .T. ) ;
#2302 = EDGE_CURVE ( 'NONE', #4164, #3835, #3029, .T. ) ;
#2303 = EDGE_CURVE ( 'NONE', #4081, #4287, #3032, .T. ) ;
#2304 = EDGE_CURVE ( 'NONE', #4196, #3837, #3035, .T. ) ;
#2305 = EDGE_CURVE ( 'NONE', #4305, #3797, #3038, .T. ) ;
#2306 = ADVANCED_FACE ( 'NONE', ( #2039 ), #1000, .T. ) ;
#2307 = COLOUR_RGB ( '',1.000000000000000000, 1.000000000000000000, 1.000000000000000000 ) ;
#2308 = COLOUR_RGB ( '',1.000000000000000000, 1.000000000000000000, 0.0000000000000000000 ) ;
#2309 = COLOUR_RGB ( '',0.2509803921568627400, 0.2509803921568627400, 0.2509803921568627400 ) ;
#2310 = COLOUR_RGB ( '',0.0000000000000000000, 0.0000000000000000000, 0.0000000000000000000 ) ;
#2311 = COLOUR_RGB ( '',0.2509803921568627400, 0.2509803921568627400, 0.2509803921568627400 ) ;
#2312 = COLOUR_RGB ( '',0.2509803921568627400, 0.2509803921568627400, 0.2509803921568627400 ) ;
#2313 = EDGE_CURVE ( 'NONE', #4120, #3855, #3080, .T. ) ;
#2314 = EDGE_CURVE ( 'NONE', #4113, #4355, #3083, .T. ) ;
#2315 = ADVANCED_FACE ( 'NONE', ( #4639 ), #1002, .T. ) ;
#2316 = EDGE_CURVE ( 'NONE', #4127, #3812, #3117, .T. ) ;
#2317 = COLOUR_RGB ( '',0.2509803921568627400, 0.2509803921568627400, 0.2509803921568627400 ) ;
#2318 = COLOUR_RGB ( '',1.000000000000000000, 1.000000000000000000, 0.0000000000000000000 ) ;
#2319 = EDGE_CURVE ( 'NONE', #4305, #4314, #3120, .T. ) ;
#2320 = ADVANCED_FACE ( 'NONE', ( #4038 ), #999, .T. ) ;
#2321 = ADVANCED_FACE ( 'NONE', ( #4045 ), #996, .T. ) ;
#2322 = CIRCLE ( 'NONE', #5234, 0.07499999999999998300 ) ;
#2323 = EDGE_CURVE ( 'NONE', #4273, #4244, #3185, .T. ) ;
#2324 = COLOUR_RGB ( '',0.2509803921568627400, 0.2509803921568627400, 0.2509803921568627400 ) ;
#2325 = CIRCLE ( 'NONE', #4032, 0.1249999999999998900 ) ;
#2326 = COLOUR_RGB ( '',0.2509803921568627400, 0.2509803921568627400, 0.2509803921568627400 ) ;
#2327 = EDGE_CURVE ( 'NONE', #3854, #4296, #3189, .T. ) ;
#2328 = EDGE_CURVE ( 'NONE', #4152, #4146, #3192, .T. ) ;
#2329 = EDGE_CURVE ( 'NONE', #4186, #4301, #2325, .T. ) ;
#2330 = EDGE_CURVE ( 'NONE', #4100, #4228, #3197, .T. ) ;
#2331 = CIRCLE ( 'NONE', #4362, 0.07499999999999998300 ) ;
#2332 = EDGE_CURVE ( 'NONE', #4179, #4196, #3200, .T. ) ;
#2333 = EDGE_CURVE ( 'NONE', #4168, #3817, #3203, .T. ) ;
#2334 = EDGE_CURVE ( 'NONE', #4308, #4243, #3206, .T. ) ;
#2335 = COLOUR_RGB ( '',0.2509803921568627400, 0.2509803921568627400, 0.2509803921568627400 ) ;
#2336 = CIRCLE ( 'NONE', #1276, 0.1249999999999998900 ) ;
#2337 = EDGE_CURVE ( 'NONE', #4145, #4197, #3209, .T. ) ;
#2338 = EDGE_CURVE ( 'NONE', #4355, #4081, #3212, .T. ) ;
#2339 = COLOUR_RGB ( '',0.2509803921568627400, 0.2509803921568627400, 0.2509803921568627400 ) ;
#2340 = EDGE_CURVE ( 'NONE', #4176, #4169, #3215, .T. ) ;
#2341 = COLOUR_RGB ( '',1.000000000000000000, 1.000000000000000000, 0.0000000000000000000 ) ;
#2342 = EDGE_CURVE ( 'NONE', #3823, #4308, #3218, .T. ) ;
#2343 = EDGE_CURVE ( 'NONE', #4178, #4187, #3221, .T. ) ;
#2344 = ADVANCED_FACE ( 'NONE', ( #4022 ), #1005, .T. ) ;
#2345 = COLOUR_RGB ( '',1.000000000000000000, 1.000000000000000000, 0.0000000000000000000 ) ;
#2346 = COLOUR_RGB ( '',0.2509803921568627400, 0.2509803921568627400, 0.2509803921568627400 ) ;
#2347 = COLOUR_RGB ( '',1.000000000000000000, 1.000000000000000000, 1.000000000000000000 ) ;
#2348 = EDGE_CURVE ( 'NONE', #4335, #3610, #4812, .T. ) ;
#2349 = COLOUR_RGB ( '',0.2509803921568627400, 0.2509803921568627400, 0.2509803921568627400 ) ;
#2350 = COLOUR_RGB ( '',0.2509803921568627400, 0.2509803921568627400, 0.2509803921568627400 ) ;
#2351 = COLOUR_RGB ( '',0.2509803921568627400, 0.2509803921568627400, 0.2509803921568627400 ) ;
#2352 = COLOUR_RGB ( '',0.2509803921568627400, 0.2509803921568627400, 0.2509803921568627400 ) ;
#2353 = COLOUR_RGB ( '',0.2509803921568627400, 0.2509803921568627400, 0.2509803921568627400 ) ;
#2354 = EDGE_CURVE ( 'NONE', #4097, #4325, #4816, .T. ) ;
#2355 = EDGE_CURVE ( 'NONE', #3846, #4243, #4819, .T. ) ;
#2356 = EDGE_CURVE ( 'NONE', #4120, #4161, #4822, .T. ) ;
#2357 = EDGE_CURVE ( 'NONE', #4145, #4155, #4825, .T. ) ;
#2358 = EDGE_CURVE ( 'NONE', #4296, #4319, #4828, .T. ) ;
#2359 = ADVANCED_FACE ( 'NONE', ( #4648 ), #4815, .F. ) ;
#2360 = ADVANCED_FACE ( 'NONE', ( #3463 ), #4852, .T. ) ;
#2361 = COLOUR_RGB ( '',0.2509803921568627400, 0.2509803921568627400, 0.2509803921568627400 ) ;
#2362 = EDGE_CURVE ( 'NONE', #4148, #4129, #4856, .T. ) ;
#2363 = EDGE_CURVE ( 'NONE', #4243, #4265, #4860, .T. ) ;
#2364 = COLOUR_RGB ( '',0.2509803921568627400, 0.2509803921568627400, 0.2509803921568627400 ) ;
#2365 = EDGE_CURVE ( 'NONE', #4301, #4304, #4863, .T. ) ;
#2366 = COLOUR_RGB ( '',1.000000000000000000, 1.000000000000000000, 0.0000000000000000000 ) ;
#2367 = COLOUR_RGB ( '',0.2509803921568627400, 0.2509803921568627400, 0.2509803921568627400 ) ;
#2368 = ADVANCED_FACE ( 'NONE', ( #3465 ), #4859, .F. ) ;
#2369 = COLOUR_RGB ( '',1.000000000000000000, 1.000000000000000000, 0.0000000000000000000 ) ;
#2370 = COLOUR_RGB ( '',0.0000000000000000000, 0.0000000000000000000, 0.0000000000000000000 ) ;
#2371 = COLOUR_RGB ( '',0.2509803921568627400, 0.2509803921568627400, 0.2509803921568627400 ) ;
#2372 = COLOUR_RGB ( '',1.000000000000000000, 1.000000000000000000, 1.000000000000000000 ) ;
#2373 = ADVANCED_FACE ( 'NONE', ( #1241 ), #4887, .T. ) ;
#2374 = EDGE_CURVE ( 'NONE', #3859, #4334, #4891, .T. ) ;
#2375 = COLOUR_RGB ( '',1.000000000000000000, 1.000000000000000000, 0.0000000000000000000 ) ;
#2376 = EDGE_CURVE ( 'NONE', #4194, #4160, #4895, .T. ) ;
#2377 = EDGE_CURVE ( 'NONE', #4130, #3832, #4898, .T. ) ;
#2378 = ADVANCED_FACE ( 'NONE', ( #1257 ), #4894, .T. ) ;
#2379 = COLOUR_RGB ( '',1.000000000000000000, 1.000000000000000000, 0.0000000000000000000 ) ;
#2380 = COLOUR_RGB ( '',0.2509803921568627400, 0.2509803921568627400, 0.2509803921568627400 ) ;
#2381 = ADVANCED_FACE ( 'NONE', ( #1256 ), #4922, .T. ) ;
#2382 = COLOUR_RGB ( '',0.2509803921568627400, 0.2509803921568627400, 0.2509803921568627400 ) ;
#2383 = COLOUR_RGB ( '',0.2509803921568627400, 0.2509803921568627400, 0.2509803921568627400 ) ;
#2384 = COLOUR_RGB ( '',0.2509803921568627400, 0.2509803921568627400, 0.2509803921568627400 ) ;
#2385 = EDGE_CURVE ( 'NONE', #4166, #4168, #4926, .T. ) ;
#2386 = EDGE_CURVE ( 'NONE', #4133, #3847, #4930, .T. ) ;
#2387 = ADVANCED_FACE ( 'NONE', ( #1268 ), #4929, .T. ) ;
#2388 = EDGE_CURVE ( 'NONE', #4181, #3839, #4945, .T. ) ;
#2389 = EDGE_CURVE ( 'NONE', #4355, #4260, #4949, .T. ) ;
#2390 = ADVANCED_FACE ( 'NONE', ( #1271 ), #4948, .T. ) ;
#2391 = EDGE_CURVE ( 'NONE', #3811, #4319, #4964, .T. ) ;
#2392 = EDGE_CURVE ( 'NONE', #4155, #4218, #4968, .T. ) ;
#2393 = ADVANCED_FACE ( 'NONE', ( #627 ), #4967, .T. ) ;
#2394 = EDGE_CURVE ( 'NONE', #4268, #4273, #4983, .T. ) ;
#2395 = EDGE_CURVE ( 'NONE', #4089, #4306, #4986, .T. ) ;
#2396 = COLOUR_RGB ( '',0.2509803921568627400, 0.2509803921568627400, 0.2509803921568627400 ) ;
#2397 = EDGE_CURVE ( 'NONE', #3833, #4215, #4989, .T. ) ;
#2398 = COLOUR_RGB ( '',0.2509803921568627400, 0.2509803921568627400, 0.2509803921568627400 ) ;
#2399 = EDGE_CURVE ( 'NONE', #4077, #4256, #4992, .T. ) ;
#2400 = CIRCLE ( 'NONE', #994, 0.1000000000000000500 ) ;
#2401 = ADVANCED_FACE ( 'NONE', ( #1925 ), #1009, .T. ) ;
#2402 = EDGE_CURVE ( 'NONE', #4161, #3840, #5647, .T. ) ;
#2403 = EDGE_CURVE ( 'NONE', #4268, #4247, #5651, .T. ) ;
#2404 = COLOUR_RGB ( '',0.2509803921568627400, 0.2509803921568627400, 0.2509803921568627400 ) ;
#2405 = ADVANCED_FACE ( 'NONE', ( #2868 ), #5650, .T. ) ;
#2406 = ADVANCED_FACE ( 'NONE', ( #2865 ), #5675, .T. ) ;
#2407 = CIRCLE ( 'NONE', #597, 0.1000000000000000500 ) ;
#2408 = COLOUR_RGB ( '',1.000000000000000000, 1.000000000000000000, 1.000000000000000000 ) ;
#2409 = ADVANCED_FACE ( 'NONE', ( #2874 ), #995, .T. ) ;
#2410 = COLOUR_RGB ( '',1.000000000000000000, 1.000000000000000000, 1.000000000000000000 ) ;
#2411 = ADVANCED_FACE ( 'NONE', ( #2860 ), #5727, .F. ) ;
#2412 = ADVANCED_FACE ( 'NONE', ( #2872 ), #5740, .T. ) ;
#2413 = COLOUR_RGB ( '',0.2509803921568627400, 0.2509803921568627400, 0.2509803921568627400 ) ;
#2414 = EDGE_CURVE ( 'NONE', #4207, #4353, #5744, .T. ) ;
#2415 = COLOUR_RGB ( '',0.2509803921568627400, 0.2509803921568627400, 0.2509803921568627400 ) ;
#2416 = EDGE_CURVE ( 'NONE', #4181, #4120, #5748, .T. ) ;
#2417 = COLOUR_RGB ( '',1.000000000000000000, 1.000000000000000000, 0.0000000000000000000 ) ;
#2418 = COLOUR_RGB ( '',0.2509803921568627400, 0.2509803921568627400, 0.2509803921568627400 ) ;
#2419 = COLOUR_RGB ( '',0.2509803921568627400, 0.2509803921568627400, 0.2509803921568627400 ) ;
#2420 = COLOUR_RGB ( '',0.2509803921568627400, 0.2509803921568627400, 0.2509803921568627400 ) ;
#2421 = CIRCLE ( 'NONE', #26, 0.1000000000000000500 ) ;
#2422 = EDGE_CURVE ( 'NONE', #4168, #4176, #5751, .T. ) ;
#2423 = COLOUR_RGB ( '',0.2509803921568627400, 0.2509803921568627400, 0.2509803921568627400 ) ;
#2424 = EDGE_CURVE ( 'NONE', #4304, #4194, #5860, .T. ) ;
#2425 = COLOUR_RGB ( '',0.2509803921568627400, 0.2509803921568627400, 0.2509803921568627400 ) ;
#2426 = COLOUR_RGB ( '',1.000000000000000000, 1.000000000000000000, 0.0000000000000000000 ) ;
#2427 = ADVANCED_FACE ( 'NONE', ( #2877 ), #1003, .T. ) ;
#2428 = COLOUR_RGB ( '',1.000000000000000000, 1.000000000000000000, 0.0000000000000000000 ) ;
#2429 = COLOUR_RGB ( '',0.2509803921568627400, 0.2509803921568627400, 0.2509803921568627400 ) ;
#2430 = ADVANCED_FACE ( 'NONE', ( #7 ), #5812, .T. ) ;
#2431 = COLOUR_RGB ( '',1.000000000000000000, 1.000000000000000000, 0.0000000000000000000 ) ;
#2432 = EDGE_CURVE ( 'NONE', #3853, #4329, #5816, .T. ) ;
#2433 = COLOUR_RGB ( '',1.000000000000000000, 1.000000000000000000, 1.000000000000000000 ) ;
#2434 = ADVANCED_FACE ( 'NONE', ( #18 ), #1006, .T. ) ;
#2435 = EDGE_CURVE ( 'NONE', #4164, #4171, #4444, .T. ) ;
#2436 = COLOUR_RGB ( '',1.000000000000000000, 1.000000000000000000, 0.0000000000000000000 ) ;
#2437 = EDGE_CURVE ( 'NONE', #4169, #4166, #4448, .T. ) ;
#2438 = CIRCLE ( 'NONE', #1664, 0.1249999999999998900 ) ;
#2439 = EDGE_CURVE ( 'NONE', #3818, #4171, #4451, .T. ) ;
#2440 = EDGE_CURVE ( 'NONE', #4130, #4164, #4454, .T. ) ;
#2441 = EDGE_CURVE ( 'NONE', #4176, #3858, #4457, .T. ) ;
#2442 = ADVANCED_FACE ( 'NONE', ( #1032 ), #4447, .T. ) ;
#2443 = EDGE_CURVE ( 'NONE', #4169, #3819, #4472, .T. ) ;
#2444 = EDGE_CURVE ( 'NONE', #4077, #4268, #4476, .T. ) ;
#2445 = EDGE_CURVE ( 'NONE', #4119, #4077, #4479, .T. ) ;
#2446 = ADVANCED_FACE ( 'NONE', ( #1037 ), #4475, .T. ) ;
#2447 = CIRCLE ( 'NONE', #678, 0.1000000000000000500 ) ;
#2448 = COLOUR_RGB ( '',0.2509803921568627400, 0.2509803921568627400, 0.2509803921568627400 ) ;
#2449 = COLOUR_RGB ( '',1.000000000000000000, 1.000000000000000000, 0.0000000000000000000 ) ;
#2450 = COLOUR_RGB ( '',0.2509803921568627400, 0.2509803921568627400, 0.2509803921568627400 ) ;
#2451 = ADVANCED_FACE ( 'NONE', ( #1045 ), #4503, .T. ) ;
#2452 = EDGE_CURVE ( 'NONE', #4178, #3827, #4507, .T. ) ;
#2453 = ADVANCED_FACE ( 'NONE', ( #1051 ), #4510, .T. ) ;
#2454 = COLOUR_RGB ( '',0.2509803921568627400, 0.2509803921568627400, 0.2509803921568627400 ) ;
#2455 = ADVANCED_FACE ( 'NONE', ( #1050 ), #4532, .T. ) ;
#2456 = ADVANCED_FACE ( 'NONE', ( #1062 ), #4545, .T. ) ;
#2457 = COLOUR_RGB ( '',0.2509803921568627400, 0.2509803921568627400, 0.2509803921568627400 ) ;
#2458 = EDGE_CURVE ( 'NONE', #4171, #4127, #4549, .T. ) ;
#2459 = EDGE_CURVE ( 'NONE', #4262, #4265, #4553, .T. ) ;
#2460 = EDGE_CURVE ( 'NONE', #4228, #4184, #5858, .T. ) ;
#2461 = COLOUR_RGB ( '',1.000000000000000000, 1.000000000000000000, 0.0000000000000000000 ) ;
#2462 = EDGE_CURVE ( 'NONE', #4273, #4148, #4558, .T. ) ;
#2463 = ADVANCED_FACE ( 'NONE', ( #1061 ), #1008, .T. ) ;
#2464 = EDGE_CURVE ( 'NONE', #4113, #4281, #4592, .T. ) ;
#2465 = EDGE_CURVE ( 'NONE', #4148, #4113, #4596, .T. ) ;
#2466 = COLOUR_RGB ( '',0.2509803921568627400, 0.2509803921568627400, 0.2509803921568627400 ) ;
#2467 = ADVANCED_FACE ( 'NONE', ( #1074 ), #4595, .T. ) ;
#2468 = ADVANCED_FACE ( 'NONE', ( #1082 ), #1007, .T. ) ;
#2469 = COLOUR_RGB ( '',0.2509803921568627400, 0.2509803921568627400, 0.2509803921568627400 ) ;
#2470 = COLOUR_RGB ( '',0.2509803921568627400, 0.2509803921568627400, 0.2509803921568627400 ) ;
#2471 = EDGE_CURVE ( 'NONE', #4121, #4119, #2539, .T. ) ;
#2472 = COLOUR_RGB ( '',0.0000000000000000000, 0.0000000000000000000, 0.0000000000000000000 ) ;
#2473 = COLOUR_RGB ( '',1.000000000000000000, 1.000000000000000000, 1.000000000000000000 ) ;
#2474 = COLOUR_RGB ( '',0.2509803921568627400, 0.2509803921568627400, 0.2509803921568627400 ) ;
#2475 = COLOUR_RGB ( '',0.2509803921568627400, 0.2509803921568627400, 0.2509803921568627400 ) ;
#2476 = COLOUR_RGB ( '',0.2509803921568627400, 0.2509803921568627400, 0.2509803921568627400 ) ;
#2477 = COLOUR_RGB ( '',0.2509803921568627400, 0.2509803921568627400, 0.2509803921568627400 ) ;
#2478 = CIRCLE ( 'NONE', #47, 0.07499999999999998300 ) ;
#2479 = ADVANCED_FACE ( 'NONE', ( #1080 ), #2542, .T. ) ;
#2480 = CIRCLE ( 'NONE', #687, 0.1000000000000000500 ) ;
#2481 = COLOUR_RGB ( '',0.2509803921568627400, 0.2509803921568627400, 0.2509803921568627400 ) ;
#2482 = COLOUR_RGB ( '',0.2509803921568627400, 0.2509803921568627400, 0.2509803921568627400 ) ;
#2483 = ADVANCED_FACE ( 'NONE', ( #1087 ), #2564, .F. ) ;
#2484 = COLOUR_RGB ( '',1.000000000000000000, 1.000000000000000000, 0.0000000000000000000 ) ;
#2485 = CIRCLE ( 'NONE', #5898, 0.1000000000000000500 ) ;
#2486 = ADVANCED_FACE ( 'NONE', ( #1096 ), #2577, .T. ) ;
#2487 = COLOUR_RGB ( '',0.2509803921568627400, 0.2509803921568627400, 0.2509803921568627400 ) ;
#2488 = CIRCLE ( 'NONE', #3532, 0.1000000000000000500 ) ;
#2489 = EDGE_CURVE ( 'NONE', #4152, #4232, #2581, .T. ) ;
#2490 = COLOUR_RGB ( '',1.000000000000000000, 1.000000000000000000, 1.000000000000000000 ) ;
#2491 = ADVANCED_FACE ( 'NONE', ( #3971 ), #997, .T. ) ;
#2492 = COLOUR_RGB ( '',0.2509803921568627400, 0.2509803921568627400, 0.2509803921568627400 ) ;
#2493 = COLOUR_RGB ( '',1.000000000000000000, 1.000000000000000000, 0.0000000000000000000 ) ;
#2494 = ADVANCED_FACE ( 'NONE', ( #3978 ), #2640, .T. ) ;
#2495 = EDGE_CURVE ( 'NONE', #4143, #4181, #2644, .T. ) ;
#2496 = CIRCLE ( 'NONE', #2042, 0.1249999999999998900 ) ;
#2497 = EDGE_CURVE ( 'NONE', #4127, #4133, #2647, .T. ) ;
#2498 = COLOUR_RGB ( '',1.000000000000000000, 1.000000000000000000, 0.0000000000000000000 ) ;
#2499 = EDGE_CURVE ( 'NONE', #4155, #4121, #2650, .T. ) ;
#2500 = COLOUR_RGB ( '',1.000000000000000000, 1.000000000000000000, 0.0000000000000000000 ) ;
#2501 = CIRCLE ( 'NONE', #3481, 0.1249999999999998900 ) ;
#2502 = EDGE_CURVE ( 'NONE', #4319, #4193, #2653, .T. ) ;
#2503 = EDGE_CURVE ( 'NONE', #4143, #3814, #2656, .T. ) ;
#2504 = EDGE_CURVE ( 'NONE', #4187, #4179, #2659, .T. ) ;
#2505 = ADVANCED_FACE ( 'NONE', ( #3975 ), #1001, .T. ) ;
#2506 = EDGE_CURVE ( 'NONE', #4179, #3849, #2685, .T. ) ;
#2507 = EDGE_CURVE ( 'NONE', #4314, #4315, #5838, .T. ) ;
#2508 = COLOUR_RGB ( '',0.2509803921568627400, 0.2509803921568627400, 0.2509803921568627400 ) ;
#2509 = EDGE_CURVE ( 'NONE', #3848, #4288, #2692, .T. ) ;
#2510 = EDGE_CURVE ( 'NONE', #4121, #4294, #2695, .T. ) ;
#2511 = EDGE_CURVE ( 'NONE', #4097, #4101, #2698, .T. ) ;
#2512 = COLOUR_RGB ( '',1.000000000000000000, 1.000000000000000000, 1.000000000000000000 ) ;
#2513 = CIRCLE ( 'NONE', #1627, 0.07499999999999998300 ) ;
#2514 = EDGE_CURVE ( 'NONE', #4161, #4143, #2701, .T. ) ;
#2515 = ADVANCED_FACE ( 'NONE', ( #3974 ), #2691, .T. ) ;
#2516 = CIRCLE ( 'NONE', #280, 0.1249999999999998900 ) ;
#2517 = EDGE_CURVE ( 'NONE', #4081, #4145, #2716, .T. ) ;
#2518 = ADVANCED_FACE ( 'NONE', ( #3999 ), #2719, .T. ) ;
#2519 = EDGE_CURVE ( 'NONE', #4119, #4225, #2732, .T. ) ;
#2520 = EDGE_CURVE ( 'NONE', #4133, #4130, #2736, .T. ) ;
#2521 = CARTESIAN_POINT ( 'NONE',  ( -0.1169319751698900800, -0.1762674600311227300, 0.6990000000000000700 ) ) ;
#2522 = CARTESIAN_POINT ( 'NONE',  ( -0.1169319751698900800, -0.1762674600311227300, 0.7000000000000000700 ) ) ;
#2523 = CARTESIAN_POINT ( 'NONE',  ( -0.1067104867082795800, -0.1683532165270416600, 0.6990000000000002900 ) ) ;
#2524 = CARTESIAN_POINT ( 'NONE',  ( -0.1067104867082795800, -0.1683532165270416600, 0.7000000000000002900 ) ) ;
#2525 = CARTESIAN_POINT ( 'NONE',  ( -0.09787399102519223100, -0.1594925163774714400, 0.6989999999999999500 ) ) ;
#2526 = CARTESIAN_POINT ( 'NONE',  ( -0.09787399102519223100, -0.1594925163774714400, 0.6999999999999999600 ) ) ;
#2527 = CARTESIAN_POINT ( 'NONE',  ( -0.09064570822754053300, -0.1496072816875626800, 0.6990000000000001800 ) ) ;
#2528 = CARTESIAN_POINT ( 'NONE',  ( -0.09064570822754053300, -0.1496072816875626800, 0.7000000000000001800 ) ) ;
#2529 = CARTESIAN_POINT ( 'NONE',  ( -0.08510003622560989600, -0.1389759985052681800, 0.6989999999999999500 ) ) ;
#2530 = CARTESIAN_POINT ( 'NONE',  ( -0.08510003622560989600, -0.1389759985052681800, 0.6999999999999999600 ) ) ;
#2531 = CARTESIAN_POINT ( 'NONE',  ( -0.08083766397742149500, -0.1280636820529315900, 0.6989999999999999500 ) ) ;
#2532 = CARTESIAN_POINT ( 'NONE',  ( -0.08083766397742149500, -0.1280636820529315900, 0.6999999999999999600 ) ) ;
#2533 = CARTESIAN_POINT ( 'NONE',  ( -0.07847227784127765200, -0.1166989104202747600, 0.6989999999999999500 ) ) ;
#2534 = CARTESIAN_POINT ( 'NONE',  ( -0.07847227784127765200, -0.1166989104202747600, 0.6999999999999999600 ) ) ;
#2535 = CARTESIAN_POINT ( 'NONE',  ( -0.07811595916389781100, -0.1090470904420968000, 0.6989999999999999500 ) ) ;
#2536 = CARTESIAN_POINT ( 'NONE',  ( -0.07811595916389781100, -0.1090470904420968000, 0.6999999999999999600 ) ) ;
#2537 = CARTESIAN_POINT ( 'NONE',  ( -0.07793614372851587200, -0.1051856163511013500, 0.6989999999999999500 ) ) ;
#2538 = CARTESIAN_POINT ( 'NONE',  ( -0.07793614372851587200, -0.1051856163511013500, 0.6999999999999999600 ) ) ;
#2539 = LINE ( 'NONE', #2540, #1093 ) ;
#2540 = CARTESIAN_POINT ( 'NONE',  ( 0.7644692048291762400, -0.2355692301331526500, 0.6989999999999999500 ) ) ;
#2541 = DIRECTION ( 'NONE',  ( -0.6928993320646519300, 0.7210343373407116500, 0.0000000000000000000 ) ) ;
#2542 = PLANE ( 'NONE',  #1092 ) ;
#2543 = FILL_AREA_STYLE_COLOUR ( '', #5845 ) ;
#2544 = FILL_AREA_STYLE ('',( #2543 ) ) ;
#2545 = SURFACE_STYLE_FILL_AREA ( #2544 ) ;
#2546 = SURFACE_SIDE_STYLE ('',( #2545 ) ) ;
#2547 = SURFACE_STYLE_USAGE ( .BOTH. , #2546 ) ;
#2548 = PRESENTATION_STYLE_ASSIGNMENT (( #2547 ) ) ;
#2549 =( LENGTH_UNIT ( ) NAMED_UNIT ( * ) SI_UNIT ( .MILLI., .METRE. ) );
#2550 =( NAMED_UNIT ( * ) PLANE_ANGLE_UNIT ( ) SI_UNIT ( $, .RADIAN. ) );
#2551 =( NAMED_UNIT ( * ) SI_UNIT ( $, .STERADIAN. ) SOLID_ANGLE_UNIT ( ) );
#2552 = CARTESIAN_POINT ( 'NONE',  ( 0.07810018105780894300, -0.2355692301331526500, 0.6989999999999999500 ) ) ;
#2553 = DIRECTION ( 'NONE',  ( 1.000000000000000000, -0.0000000000000000000, 0.0000000000000000000 ) ) ;
#2554 = DIRECTION ( 'NONE',  ( 0.0000000000000000000, 0.0000000000000000000, -1.000000000000000000 ) ) ;
#2555 = FILL_AREA_STYLE_COLOUR ( '', #5846 ) ;
#2556 = FILL_AREA_STYLE ('',( #2555 ) ) ;
#2557 = SURFACE_STYLE_FILL_AREA ( #2556 ) ;
#2558 = SURFACE_SIDE_STYLE ('',( #2557 ) ) ;
#2559 = SURFACE_STYLE_USAGE ( .BOTH. , #2558 ) ;
#2560 = PRESENTATION_STYLE_ASSIGNMENT (( #2559 ) ) ;
#2561 =( LENGTH_UNIT ( ) NAMED_UNIT ( * ) SI_UNIT ( .MILLI., .METRE. ) );
#2562 =( NAMED_UNIT ( * ) PLANE_ANGLE_UNIT ( ) SI_UNIT ( $, .RADIAN. ) );
#2563 =( NAMED_UNIT ( * ) SI_UNIT ( $, .STERADIAN. ) SOLID_ANGLE_UNIT ( ) );
#2564 = PLANE ( 'NONE',  #1097 ) ;
#2565 = CARTESIAN_POINT ( 'NONE',  ( 1.456000000000000000, -0.4500000000000004600, -0.5000000000000000000 ) ) ;
#2566 = DIRECTION ( 'NONE',  ( -1.000000000000000000, 0.0000000000000000000, 0.0000000000000000000 ) ) ;
#2567 = DIRECTION ( 'NONE',  ( 0.0000000000000000000, 0.0000000000000000000, 1.000000000000000000 ) ) ;
#2568 = FILL_AREA_STYLE_COLOUR ( '', #5847 ) ;
#2569 = FILL_AREA_STYLE ('',( #2568 ) ) ;
#2570 = SURFACE_STYLE_FILL_AREA ( #2569 ) ;
#2571 = SURFACE_SIDE_STYLE ('',( #2570 ) ) ;
#2572 = SURFACE_STYLE_USAGE ( .BOTH. , #2571 ) ;
#2573 = PRESENTATION_STYLE_ASSIGNMENT (( #2572 ) ) ;
#2574 =( LENGTH_UNIT ( ) NAMED_UNIT ( * ) SI_UNIT ( .MILLI., .METRE. ) );
#2575 =( NAMED_UNIT ( * ) PLANE_ANGLE_UNIT ( ) SI_UNIT ( $, .RADIAN. ) );
#2576 =( NAMED_UNIT ( * ) SI_UNIT ( $, .STERADIAN. ) SOLID_ANGLE_UNIT ( ) );
#2577 = PLANE ( 'NONE',  #16 ) ;
#2578 = CARTESIAN_POINT ( 'NONE',  ( -1.325000000000000200, 0.9749999999999999800, 0.6999999999999999600 ) ) ;
#2579 = DIRECTION ( 'NONE',  ( 0.0000000000000000000, 0.0000000000000000000, 1.000000000000000000 ) ) ;
#2580 = DIRECTION ( 'NONE',  ( 1.000000000000000000, 0.0000000000000000000, -0.0000000000000000000 ) ) ;
#2581 = LINE ( 'NONE', #2582, #3973 ) ;
#2582 = CARTESIAN_POINT ( 'NONE',  ( -0.6342395625319347000, 0.2935974365335139400, 0.6989999999999999500 ) ) ;
#2583 = DIRECTION ( 'NONE',  ( -0.0000000000000000000, -0.0000000000000000000, 1.000000000000000000 ) ) ;
#2584 = FILL_AREA_STYLE_COLOUR ( '', #5848 ) ;
#2585 = FILL_AREA_STYLE ('',( #2584 ) ) ;
#2586 = SURFACE_STYLE_FILL_AREA ( #2585 ) ;
#2587 = SURFACE_SIDE_STYLE ('',( #2586 ) ) ;
#2588 = SURFACE_STYLE_USAGE ( .BOTH. , #2587 ) ;
#2589 = PRESENTATION_STYLE_ASSIGNMENT (( #2588 ) ) ;
#2590 =( LENGTH_UNIT ( ) NAMED_UNIT ( * ) SI_UNIT ( .MILLI., .METRE. ) );
#2591 =( NAMED_UNIT ( * ) PLANE_ANGLE_UNIT ( ) SI_UNIT ( $, .RADIAN. ) );
#2592 =( NAMED_UNIT ( * ) SI_UNIT ( $, .STERADIAN. ) SOLID_ANGLE_UNIT ( ) );
#2593 = CARTESIAN_POINT ( 'NONE',  ( -0.03044682748919971800, -0.1059276369173407000, 0.6989999999999999500 ) ) ;
#2594 = CARTESIAN_POINT ( 'NONE',  ( -0.03044682748919971800, -0.1059276369173407000, 0.6999999999999999600 ) ) ;
#2595 = CARTESIAN_POINT ( 'NONE',  ( -0.03054618051508390200, -0.1106717468782216500, 0.6989999999999998400 ) ) ;
#2596 = CARTESIAN_POINT ( 'NONE',  ( -0.03054618051508390200, -0.1106717468782216500, 0.6999999999999998400 ) ) ;
#2597 = CARTESIAN_POINT ( 'NONE',  ( -0.03074295719822152700, -0.1200678393900952400, 0.6989999999999999500 ) ) ;
#2598 = CARTESIAN_POINT ( 'NONE',  ( -0.03074295719822152700, -0.1200678393900952400, 0.6999999999999999600 ) ) ;
#2599 = CARTESIAN_POINT ( 'NONE',  ( -0.03300490487665536800, -0.1338647379187001000, 0.6989999999999999500 ) ) ;
#2600 = CARTESIAN_POINT ( 'NONE',  ( -0.03300490487665536800, -0.1338647379187001000, 0.6999999999999999600 ) ) ;
#2601 = CARTESIAN_POINT ( 'NONE',  ( -0.03631894949052023900, -0.1472648813113935900, 0.6990000000000000700 ) ) ;
#2602 = CARTESIAN_POINT ( 'NONE',  ( -0.03631894949052023900, -0.1472648813113935900, 0.7000000000000000700 ) ) ;
#2603 = CARTESIAN_POINT ( 'NONE',  ( -0.04131386462351926300, -0.1601026328358182700, 0.6989999999999998400 ) ) ;
#2604 = CARTESIAN_POINT ( 'NONE',  ( -0.04131386462351926300, -0.1601026328358182700, 0.6999999999999998400 ) ) ;
#2605 = CARTESIAN_POINT ( 'NONE',  ( -0.04741034212233702400, -0.1726128529081964200, 0.6990000000000001800 ) ) ;
#2606 = CARTESIAN_POINT ( 'NONE',  ( -0.04741034212233702400, -0.1726128529081964200, 0.7000000000000001800 ) ) ;
#2607 = CARTESIAN_POINT ( 'NONE',  ( -0.05514619150208178300, -0.1844673807084190900, 0.6990000000000000700 ) ) ;
#2608 = CARTESIAN_POINT ( 'NONE',  ( -0.05514619150208178300, -0.1844673807084190900, 0.7000000000000000700 ) ) ;
#2609 = CARTESIAN_POINT ( 'NONE',  ( -0.06411294859932753500, -0.1959285862090646700, 0.6989999999999999500 ) ) ;
#2610 = CARTESIAN_POINT ( 'NONE',  ( -0.06411294859932753500, -0.1959285862090646700, 0.6999999999999999600 ) ) ;
#2611 = CARTESIAN_POINT ( 'NONE',  ( -0.07439900591225233300, -0.2066908521639497800, 0.6989999999999999500 ) ) ;
#2612 = CARTESIAN_POINT ( 'NONE',  ( -0.07439900591225233300, -0.2066908521639497800, 0.6999999999999999600 ) ) ;
#2613 = CARTESIAN_POINT ( 'NONE',  ( -0.08565451733391459000, -0.2165705746522202700, 0.6989999999999999500 ) ) ;
#2614 = CARTESIAN_POINT ( 'NONE',  ( -0.08565451733391459000, -0.2165705746522202700, 0.6999999999999999600 ) ) ;
#2615 = CARTESIAN_POINT ( 'NONE',  ( -0.09755074259840525200, -0.2253591351367485700, 0.6990000000000001800 ) ) ;
#2616 = CARTESIAN_POINT ( 'NONE',  ( -0.09755074259840525200, -0.2253591351367485700, 0.7000000000000001800 ) ) ;
#2617 = CARTESIAN_POINT ( 'NONE',  ( -0.1101071529110688500, -0.2326870840310407100, 0.6989999999999999500 ) ) ;
#2618 = CARTESIAN_POINT ( 'NONE',  ( -0.1101071529110688500, -0.2326870840310407100, 0.6999999999999999600 ) ) ;
#2619 = CARTESIAN_POINT ( 'NONE',  ( -0.1232556317429386300, -0.2386667946743044300, 0.6989999999999998400 ) ) ;
#2620 = CARTESIAN_POINT ( 'NONE',  ( -0.1232556317429386300, -0.2386667946743044300, 0.6999999999999998400 ) ) ;
#2621 = CARTESIAN_POINT ( 'NONE',  ( -0.1369991993165065000, -0.2433436479193447900, 0.6990000000000001800 ) ) ;
#2622 = CARTESIAN_POINT ( 'NONE',  ( -0.1369991993165065000, -0.2433436479193447900, 0.7000000000000001800 ) ) ;
#2623 = CARTESIAN_POINT ( 'NONE',  ( -0.1513332333010099000, -0.2467322602760360600, 0.6989999999999999500 ) ) ;
#2624 = CARTESIAN_POINT ( 'NONE',  ( -0.1513332333010099000, -0.2467322602760360600, 0.6999999999999999600 ) ) ;
#2625 = CARTESIAN_POINT ( 'NONE',  ( -0.1662813617830143400, -0.2488119927593869500, 0.6989999999999998400 ) ) ;
#2626 = CARTESIAN_POINT ( 'NONE',  ( -0.1662813617830143400, -0.2488119927593869500, 0.6999999999999998400 ) ) ;
#2627 = CARTESIAN_POINT ( 'NONE',  ( -0.1764414345921869500, -0.2490278566951063800, 0.6989999999999999500 ) ) ;
#2628 = CARTESIAN_POINT ( 'NONE',  ( -0.1764414345921869500, -0.2490278566951063800, 0.6999999999999999600 ) ) ;
#2629 = CARTESIAN_POINT ( 'NONE',  ( -0.1816070171259517900, -0.2491376062015287200, 0.6989999999999999500 ) ) ;
#2630 = CARTESIAN_POINT ( 'NONE',  ( -0.1816070171259517900, -0.2491376062015287200, 0.6999999999999999600 ) ) ;
#2631 = FILL_AREA_STYLE_COLOUR ( '', #5840 ) ;
#2632 = FILL_AREA_STYLE ('',( #2631 ) ) ;
#2633 = SURFACE_STYLE_FILL_AREA ( #2632 ) ;
#2634 = SURFACE_SIDE_STYLE ('',( #2633 ) ) ;
#2635 = SURFACE_STYLE_USAGE ( .BOTH. , #2634 ) ;
#2636 = PRESENTATION_STYLE_ASSIGNMENT (( #2635 ) ) ;
#2637 =( LENGTH_UNIT ( ) NAMED_UNIT ( * ) SI_UNIT ( .MILLI., .METRE. ) );
#2638 =( NAMED_UNIT ( * ) PLANE_ANGLE_UNIT ( ) SI_UNIT ( $, .RADIAN. ) );
#2639 =( NAMED_UNIT ( * ) SI_UNIT ( $, .STERADIAN. ) SOLID_ANGLE_UNIT ( ) );
#2640 = PLANE ( 'NONE',  #3979 ) ;
#2641 = CARTESIAN_POINT ( 'NONE',  ( -0.7529628531302252600, -0.06596452927845179700, 0.6989999999999999500 ) ) ;
#2642 = DIRECTION ( 'NONE',  ( -0.9034962347415943500, 0.4285960263555436700, 0.0000000000000000000 ) ) ;
#2643 = DIRECTION ( 'NONE',  ( -0.4285960263555436700, -0.9034962347415943500, 0.0000000000000000000 ) ) ;
#2644 = LINE ( 'NONE', #2645, #3983 ) ;
#2645 = CARTESIAN_POINT ( 'NONE',  ( -1.500000000000000400, 0.4999999999999995600, -0.5010000000000000000 ) ) ;
#2646 = DIRECTION ( 'NONE',  ( 6.672013369141561300E-016, 1.000000000000000000, 0.0000000000000000000 ) ) ;
#2647 = LINE ( 'NONE', #2648, #3984 ) ;
#2648 = CARTESIAN_POINT ( 'NONE',  ( -0.6000000000000002000, -0.4999999999999998900, -0.5010000000000000000 ) ) ;
#2649 = DIRECTION ( 'NONE',  ( 0.0000000000000000000, -1.000000000000000000, 0.0000000000000000000 ) ) ;
#2650 = LINE ( 'NONE', #2651, #3986 ) ;
#2651 = CARTESIAN_POINT ( 'NONE',  ( 0.8277529588355866400, -0.2355692301331526500, 0.6989999999999999500 ) ) ;
#2652 = DIRECTION ( 'NONE',  ( -1.000000000000000000, 0.0000000000000000000, 0.0000000000000000000 ) ) ;
#2653 = LINE ( 'NONE', #2654, #3987 ) ;
#2654 = CARTESIAN_POINT ( 'NONE',  ( 1.600000000000010300, -0.4499999999999996800, 0.5000000000000000000 ) ) ;
#2655 = DIRECTION ( 'NONE',  ( 1.000000000000000000, 6.023345402697228600E-015, -0.0000000000000000000 ) ) ;
#2656 = LINE ( 'NONE', #2657, #3988 ) ;
#2657 = CARTESIAN_POINT ( 'NONE',  ( -1.500000000000000400, 0.4999999999999995600, -0.5010000000000000000 ) ) ;
#2658 = DIRECTION ( 'NONE',  ( -0.0000000000000000000, -0.0000000000000000000, 1.000000000000000000 ) ) ;
#2659 = LINE ( 'NONE', #2660, #3989 ) ;
#2660 = CARTESIAN_POINT ( 'NONE',  ( 0.5999999999999998700, 1.149999999999999700, -0.5010000000000000000 ) ) ;
#2661 = DIRECTION ( 'NONE',  ( 1.000000000000000000, 0.0000000000000000000, 0.0000000000000000000 ) ) ;
#2662 = FILL_AREA_STYLE_COLOUR ( '', #5842 ) ;
#2663 = FILL_AREA_STYLE ('',( #2662 ) ) ;
#2664 = SURFACE_STYLE_FILL_AREA ( #2663 ) ;
#2665 = SURFACE_SIDE_STYLE ('',( #2664 ) ) ;
#2666 = SURFACE_STYLE_USAGE ( .BOTH. , #2665 ) ;
#2667 = PRESENTATION_STYLE_ASSIGNMENT (( #2666 ) ) ;
#2668 =( LENGTH_UNIT ( ) NAMED_UNIT ( * ) SI_UNIT ( .MILLI., .METRE. ) );
#2669 =( NAMED_UNIT ( * ) PLANE_ANGLE_UNIT ( ) SI_UNIT ( $, .RADIAN. ) );
#2670 =( NAMED_UNIT ( * ) SI_UNIT ( $, .STERADIAN. ) SOLID_ANGLE_UNIT ( ) );
#2671 = CARTESIAN_POINT ( 'NONE',  ( -0.07793614372851587200, -0.1051856163511013500, 0.6989999999999999500 ) ) ;
#2672 = CARTESIAN_POINT ( 'NONE',  ( -0.07793614372851587200, -0.1051856163511013500, 0.6999999999999999600 ) ) ;
#2673 = CARTESIAN_POINT ( 'NONE',  ( -0.07815904546519525400, -0.1007797974072347800, 0.6990000000000000700 ) ) ;
#2674 = CARTESIAN_POINT ( 'NONE',  ( -0.07815904546519525400, -0.1007797974072347800, 0.7000000000000000700 ) ) ;
#2675 = CARTESIAN_POINT ( 'NONE',  ( -0.07861217212359120100, -0.09182341130960851300, 0.6989999999999999500 ) ) ;
#2676 = CARTESIAN_POINT ( 'NONE',  ( -0.07861217212359120100, -0.09182341130960851300, 0.6999999999999999600 ) ) ;
#2677 = CARTESIAN_POINT ( 'NONE',  ( -0.08244205065835714900, -0.07860941616061759000, 0.6990000000000002900 ) ) ;
#2678 = CARTESIAN_POINT ( 'NONE',  ( -0.08244205065835714900, -0.07860941616061759000, 0.7000000000000002900 ) ) ;
#2679 = CARTESIAN_POINT ( 'NONE',  ( -0.08846687726444910100, -0.06553256331171160300, 0.6989999999999999500 ) ) ;
#2680 = CARTESIAN_POINT ( 'NONE',  ( -0.08846687726444910100, -0.06553256331171160300, 0.6999999999999999600 ) ) ;
#2681 = CARTESIAN_POINT ( 'NONE',  ( -0.09402503887222507500, -0.05744368149221681900, 0.6989999999999999500 ) ) ;
#2682 = CARTESIAN_POINT ( 'NONE',  ( -0.09402503887222507500, -0.05744368149221681900, 0.6999999999999999600 ) ) ;
#2683 = CARTESIAN_POINT ( 'NONE',  ( -0.09691066963663561000, -0.05324417671434924400, 0.6989999999999999500 ) ) ;
#2684 = CARTESIAN_POINT ( 'NONE',  ( -0.09691066963663561000, -0.05324417671434924400, 0.6999999999999999600 ) ) ;
#2685 = LINE ( 'NONE', #2686, #3995 ) ;
#2686 = CARTESIAN_POINT ( 'NONE',  ( 1.499999999999999800, 1.149999999999999700, -0.5010000000000000000 ) ) ;
#2687 = DIRECTION ( 'NONE',  ( -0.0000000000000000000, -0.0000000000000000000, 1.000000000000000000 ) ) ;
#2688 = CARTESIAN_POINT ( 'NONE',  ( 1.600000000000000300, -1.249999999999999800, 0.5000000000000000000 ) ) ;
#2689 = DIRECTION ( 'NONE',  ( -0.0000000000000000000, -0.0000000000000000000, -1.000000000000000000 ) ) ;
#2690 = DIRECTION ( 'NONE',  ( 1.000000000000000000, 0.0000000000000000000, 0.0000000000000000000 ) ) ;
#2691 = PLANE ( 'NONE',  #4001 ) ;
#2692 = LINE ( 'NONE', #2693, #3996 ) ;
#2693 = CARTESIAN_POINT ( 'NONE',  ( -1.600000000000000100, -0.1999999999999999800, -0.5000000000000000000 ) ) ;
#2694 = DIRECTION ( 'NONE',  ( -0.0000000000000000000, -0.0000000000000000000, 1.000000000000000000 ) ) ;
#2695 = LINE ( 'NONE', #2696, #3997 ) ;
#2696 = CARTESIAN_POINT ( 'NONE',  ( 0.7644692048291762400, -0.2355692301331526500, 0.6989999999999999500 ) ) ;
#2697 = DIRECTION ( 'NONE',  ( -0.0000000000000000000, -0.0000000000000000000, 1.000000000000000000 ) ) ;
#2698 = LINE ( 'NONE', #2699, #3998 ) ;
#2699 = CARTESIAN_POINT ( 'NONE',  ( -0.5130782043588576500, -0.06596452927845179700, 0.6989999999999999500 ) ) ;
#2700 = DIRECTION ( 'NONE',  ( -1.000000000000000000, 0.0000000000000000000, 0.0000000000000000000 ) ) ;
#2701 = LINE ( 'NONE', #2702, #4000 ) ;
#2702 = CARTESIAN_POINT ( 'NONE',  ( -1.500000000000000400, 0.4999999999999995600, -0.5010000000000000000 ) ) ;
#2703 = DIRECTION ( 'NONE',  ( -1.000000000000000000, -1.204669080539448900E-016, -0.0000000000000000000 ) ) ;
#2704 = FILL_AREA_STYLE_COLOUR ( '', #5863 ) ;
#2705 = FILL_AREA_STYLE ('',( #2704 ) ) ;
#2706 = SURFACE_STYLE_FILL_AREA ( #2705 ) ;
#2707 = SURFACE_SIDE_STYLE ('',( #2706 ) ) ;
#2708 = SURFACE_STYLE_USAGE ( .BOTH. , #2707 ) ;
#2709 = PRESENTATION_STYLE_ASSIGNMENT (( #2708 ) ) ;
#2710 =( LENGTH_UNIT ( ) NAMED_UNIT ( * ) SI_UNIT ( .MILLI., .METRE. ) );
#2711 =( NAMED_UNIT ( * ) PLANE_ANGLE_UNIT ( ) SI_UNIT ( $, .RADIAN. ) );
#2712 =( NAMED_UNIT ( * ) SI_UNIT ( $, .STERADIAN. ) SOLID_ANGLE_UNIT ( ) );
#2713 = CARTESIAN_POINT ( 'NONE',  ( 0.5190724032800311200, 0.09208585133052250800, 0.6989999999999999500 ) ) ;
#2714 = DIRECTION ( 'NONE',  ( 0.6744544184908601900, -0.7383164886267646900, 0.0000000000000000000 ) ) ;
#2715 = DIRECTION ( 'NONE',  ( 0.7383164886267646900, 0.6744544184908601900, 0.0000000000000000000 ) ) ;
#2716 = LINE ( 'NONE', #2717, #4005 ) ;
#2717 = CARTESIAN_POINT ( 'NONE',  ( 0.8074003947330225000, 0.2935974365335139400, 0.6989999999999999500 ) ) ;
#2718 = DIRECTION ( 'NONE',  ( -0.7384398714069612100, -0.6743193281498540700, 0.0000000000000000000 ) ) ;
#2719 = PLANE ( 'NONE',  #4006 ) ;
#2720 = FILL_AREA_STYLE_COLOUR ( '', #5837 ) ;
#2721 = FILL_AREA_STYLE ('',( #2720 ) ) ;
#2722 = SURFACE_STYLE_FILL_AREA ( #2721 ) ;
#2723 = SURFACE_SIDE_STYLE ('',( #2722 ) ) ;
#2724 = SURFACE_STYLE_USAGE ( .BOTH. , #2723 ) ;
#2725 = PRESENTATION_STYLE_ASSIGNMENT (( #2724 ) ) ;
#2726 =( LENGTH_UNIT ( ) NAMED_UNIT ( * ) SI_UNIT ( .MILLI., .METRE. ) );
#2727 =( NAMED_UNIT ( * ) PLANE_ANGLE_UNIT ( ) SI_UNIT ( $, .RADIAN. ) );
#2728 =( NAMED_UNIT ( * ) SI_UNIT ( $, .STERADIAN. ) SOLID_ANGLE_UNIT ( ) );
#2729 = CARTESIAN_POINT ( 'NONE',  ( 0.3766044545620824100, -0.1812957258596483700, 0.6989999999999999500 ) ) ;
#2730 = DIRECTION ( 'NONE',  ( -1.000000000000000000, 0.0000000000000000000, -0.0000000000000000000 ) ) ;
#2731 = DIRECTION ( 'NONE',  ( -0.0000000000000000000, 0.0000000000000000000, 1.000000000000000000 ) ) ;
#2732 = LINE ( 'NONE', #2733, #4009 ) ;
#2733 = CARTESIAN_POINT ( 'NONE',  ( 0.5190724032800311200, 0.01979184759120632800, 0.6989999999999999500 ) ) ;
#2734 = DIRECTION ( 'NONE',  ( -0.0000000000000000000, -0.0000000000000000000, 1.000000000000000000 ) ) ;
#2735 = CARTESIAN_POINT ( 'NONE',  ( -1.500000000000000000, 1.249999999999999800, -0.5000000000000000000 ) ) ;
#2736 = LINE ( 'NONE', #2737, #4011 ) ;
#2737 = CARTESIAN_POINT ( 'NONE',  ( -1.500000000000000200, -1.149999999999999900, -0.5010000000000000000 ) ) ;
#2738 = DIRECTION ( 'NONE',  ( -1.000000000000000000, -0.0000000000000000000, -0.0000000000000000000 ) ) ;
#2739 =( GEOMETRIC_REPRESENTATION_CONTEXT ( 3 ) GLOBAL_UNCERTAINTY_ASSIGNED_CONTEXT ( ( #4697 ) ) GLOBAL_UNIT_ASSIGNED_CONTEXT ( ( #941, #940, #908 ) ) REPRESENTATION_CONTEXT ( 'NONE', 'WORKASPACE' ) );
#2740 =( GEOMETRIC_REPRESENTATION_CONTEXT ( 3 ) GLOBAL_UNCERTAINTY_ASSIGNED_CONTEXT ( ( #4698 ) ) GLOBAL_UNIT_ASSIGNED_CONTEXT ( ( #869, #847, #858 ) ) REPRESENTATION_CONTEXT ( 'NONE', 'WORKASPACE' ) );
#2741 =( GEOMETRIC_REPRESENTATION_CONTEXT ( 3 ) GLOBAL_UNCERTAINTY_ASSIGNED_CONTEXT ( ( #4754 ) ) GLOBAL_UNIT_ASSIGNED_CONTEXT ( ( #888, #887, #897 ) ) REPRESENTATION_CONTEXT ( 'NONE', 'WORKASPACE' ) );
#2742 =( GEOMETRIC_REPRESENTATION_CONTEXT ( 3 ) GLOBAL_UNCERTAINTY_ASSIGNED_CONTEXT ( ( #4699 ) ) GLOBAL_UNIT_ASSIGNED_CONTEXT ( ( #1225, #1208, #1234 ) ) REPRESENTATION_CONTEXT ( 'NONE', 'WORKASPACE' ) );
#2743 =( GEOMETRIC_REPRESENTATION_CONTEXT ( 3 ) GLOBAL_UNCERTAINTY_ASSIGNED_CONTEXT ( ( #4703 ) ) GLOBAL_UNIT_ASSIGNED_CONTEXT ( ( #1122, #1222, #1128 ) ) REPRESENTATION_CONTEXT ( 'NONE', 'WORKASPACE' ) );
#2744 =( GEOMETRIC_REPRESENTATION_CONTEXT ( 3 ) GLOBAL_UNCERTAINTY_ASSIGNED_CONTEXT ( ( #4695 ) ) GLOBAL_UNIT_ASSIGNED_CONTEXT ( ( #1192, #1164, #1121 ) ) REPRESENTATION_CONTEXT ( 'NONE', 'WORKASPACE' ) );
#2745 =( GEOMETRIC_REPRESENTATION_CONTEXT ( 3 ) GLOBAL_UNCERTAINTY_ASSIGNED_CONTEXT ( ( #4693 ) ) GLOBAL_UNIT_ASSIGNED_CONTEXT ( ( #1189, #1182, #1170 ) ) REPRESENTATION_CONTEXT ( 'NONE', 'WORKASPACE' ) );
#2746 =( GEOMETRIC_REPRESENTATION_CONTEXT ( 3 ) GLOBAL_UNCERTAINTY_ASSIGNED_CONTEXT ( ( #4690 ) ) GLOBAL_UNIT_ASSIGNED_CONTEXT ( ( #1227, #1169, #1179 ) ) REPRESENTATION_CONTEXT ( 'NONE', 'WORKASPACE' ) );
#2747 =( GEOMETRIC_REPRESENTATION_CONTEXT ( 3 ) GLOBAL_UNCERTAINTY_ASSIGNED_CONTEXT ( ( #4677 ) ) GLOBAL_UNIT_ASSIGNED_CONTEXT ( ( #1144, #1159, #1173 ) ) REPRESENTATION_CONTEXT ( 'NONE', 'WORKASPACE' ) );
#2748 =( GEOMETRIC_REPRESENTATION_CONTEXT ( 3 ) GLOBAL_UNCERTAINTY_ASSIGNED_CONTEXT ( ( #4676 ) ) GLOBAL_UNIT_ASSIGNED_CONTEXT ( ( #1108, #1224, #1126 ) ) REPRESENTATION_CONTEXT ( 'NONE', 'WORKASPACE' ) );
#2749 =( GEOMETRIC_REPRESENTATION_CONTEXT ( 3 ) GLOBAL_UNCERTAINTY_ASSIGNED_CONTEXT ( ( #4675 ) ) GLOBAL_UNIT_ASSIGNED_CONTEXT ( ( #1160, #1130, #1161 ) ) REPRESENTATION_CONTEXT ( 'NONE', 'WORKASPACE' ) );
#2750 =( GEOMETRIC_REPRESENTATION_CONTEXT ( 3 ) GLOBAL_UNCERTAINTY_ASSIGNED_CONTEXT ( ( #4674 ) ) GLOBAL_UNIT_ASSIGNED_CONTEXT ( ( #1166, #1195, #1147 ) ) REPRESENTATION_CONTEXT ( 'NONE', 'WORKASPACE' ) );
#2751 =( GEOMETRIC_REPRESENTATION_CONTEXT ( 3 ) GLOBAL_UNCERTAINTY_ASSIGNED_CONTEXT ( ( #4787 ) ) GLOBAL_UNIT_ASSIGNED_CONTEXT ( ( #1150, #1153, #1104 ) ) REPRESENTATION_CONTEXT ( 'NONE', 'WORKASPACE' ) );
#2752 =( GEOMETRIC_REPRESENTATION_CONTEXT ( 3 ) GLOBAL_UNCERTAINTY_ASSIGNED_CONTEXT ( ( #4771 ) ) GLOBAL_UNIT_ASSIGNED_CONTEXT ( ( #2921, #2922, #2962 ) ) REPRESENTATION_CONTEXT ( 'NONE', 'WORKASPACE' ) );
#2753 =( GEOMETRIC_REPRESENTATION_CONTEXT ( 3 ) GLOBAL_UNCERTAINTY_ASSIGNED_CONTEXT ( ( #4782 ) ) GLOBAL_UNIT_ASSIGNED_CONTEXT ( ( #2896, #2887, #2886 ) ) REPRESENTATION_CONTEXT ( 'NONE', 'WORKASPACE' ) );
#2754 =( GEOMETRIC_REPRESENTATION_CONTEXT ( 3 ) GLOBAL_UNCERTAINTY_ASSIGNED_CONTEXT ( ( #4750 ) ) GLOBAL_UNIT_ASSIGNED_CONTEXT ( ( #2929, #2961, #2882 ) ) REPRESENTATION_CONTEXT ( 'NONE', 'WORKASPACE' ) );
#2755 =( GEOMETRIC_REPRESENTATION_CONTEXT ( 3 ) GLOBAL_UNCERTAINTY_ASSIGNED_CONTEXT ( ( #4696 ) ) GLOBAL_UNIT_ASSIGNED_CONTEXT ( ( #2939, #2940, #2941 ) ) REPRESENTATION_CONTEXT ( 'NONE', 'WORKASPACE' ) );
#2756 =( GEOMETRIC_REPRESENTATION_CONTEXT ( 3 ) GLOBAL_UNCERTAINTY_ASSIGNED_CONTEXT ( ( #4763 ) ) GLOBAL_UNIT_ASSIGNED_CONTEXT ( ( #2950, #2949, #2964 ) ) REPRESENTATION_CONTEXT ( 'NONE', 'WORKASPACE' ) );
#2757 =( GEOMETRIC_REPRESENTATION_CONTEXT ( 3 ) GLOBAL_UNCERTAINTY_ASSIGNED_CONTEXT ( ( #4765 ) ) GLOBAL_UNIT_ASSIGNED_CONTEXT ( ( #2983, #2984, #2985 ) ) REPRESENTATION_CONTEXT ( 'NONE', 'WORKASPACE' ) );
#2758 =( GEOMETRIC_REPRESENTATION_CONTEXT ( 3 ) GLOBAL_UNCERTAINTY_ASSIGNED_CONTEXT ( ( #4796 ) ) GLOBAL_UNIT_ASSIGNED_CONTEXT ( ( #2995, #2996, #2997 ) ) REPRESENTATION_CONTEXT ( 'NONE', 'WORKASPACE' ) );
#2759 =( GEOMETRIC_REPRESENTATION_CONTEXT ( 3 ) GLOBAL_UNCERTAINTY_ASSIGNED_CONTEXT ( ( #4795 ) ) GLOBAL_UNIT_ASSIGNED_CONTEXT ( ( #3009, #3008, #2974 ) ) REPRESENTATION_CONTEXT ( 'NONE', 'WORKASPACE' ) );
#2760 =( GEOMETRIC_REPRESENTATION_CONTEXT ( 3 ) GLOBAL_UNCERTAINTY_ASSIGNED_CONTEXT ( ( #4717 ) ) GLOBAL_UNIT_ASSIGNED_CONTEXT ( ( #2928, #2884, #2895 ) ) REPRESENTATION_CONTEXT ( 'NONE', 'WORKASPACE' ) );
#2761 =( GEOMETRIC_REPRESENTATION_CONTEXT ( 3 ) GLOBAL_UNCERTAINTY_ASSIGNED_CONTEXT ( ( #4687 ) ) GLOBAL_UNIT_ASSIGNED_CONTEXT ( ( #1932, #1983, #1981 ) ) REPRESENTATION_CONTEXT ( 'NONE', 'WORKASPACE' ) );
#2762 =( GEOMETRIC_REPRESENTATION_CONTEXT ( 3 ) GLOBAL_UNCERTAINTY_ASSIGNED_CONTEXT ( ( #4701 ) ) GLOBAL_UNIT_ASSIGNED_CONTEXT ( ( #1976, #1956, #1939 ) ) REPRESENTATION_CONTEXT ( 'NONE', 'WORKASPACE' ) );
#2763 =( GEOMETRIC_REPRESENTATION_CONTEXT ( 3 ) GLOBAL_UNCERTAINTY_ASSIGNED_CONTEXT ( ( #4756 ) ) GLOBAL_UNIT_ASSIGNED_CONTEXT ( ( #1971, #1995, #1982 ) ) REPRESENTATION_CONTEXT ( 'NONE', 'WORKASPACE' ) );
#2764 =( GEOMETRIC_REPRESENTATION_CONTEXT ( 3 ) GLOBAL_UNCERTAINTY_ASSIGNED_CONTEXT ( ( #4753 ) ) GLOBAL_UNIT_ASSIGNED_CONTEXT ( ( #1970, #1966, #1973 ) ) REPRESENTATION_CONTEXT ( 'NONE', 'WORKASPACE' ) );
#2765 =( GEOMETRIC_REPRESENTATION_CONTEXT ( 3 ) GLOBAL_UNCERTAINTY_ASSIGNED_CONTEXT ( ( #4794 ) ) GLOBAL_UNIT_ASSIGNED_CONTEXT ( ( #1324, #1401, #1399 ) ) REPRESENTATION_CONTEXT ( 'NONE', 'WORKASPACE' ) );
#2766 =( GEOMETRIC_REPRESENTATION_CONTEXT ( 3 ) GLOBAL_UNCERTAINTY_ASSIGNED_CONTEXT ( ( #4764 ) ) GLOBAL_UNIT_ASSIGNED_CONTEXT ( ( #1373, #1395, #1394 ) ) REPRESENTATION_CONTEXT ( 'NONE', 'WORKASPACE' ) );
#2767 =( GEOMETRIC_REPRESENTATION_CONTEXT ( 3 ) GLOBAL_UNCERTAINTY_ASSIGNED_CONTEXT ( ( #4748 ) ) GLOBAL_UNIT_ASSIGNED_CONTEXT ( ( #1376, #1375, #1374 ) ) REPRESENTATION_CONTEXT ( 'NONE', 'WORKASPACE' ) );
#2768 =( GEOMETRIC_REPRESENTATION_CONTEXT ( 3 ) GLOBAL_UNCERTAINTY_ASSIGNED_CONTEXT ( ( #4766 ) ) GLOBAL_UNIT_ASSIGNED_CONTEXT ( ( #3952, #3881, #3947 ) ) REPRESENTATION_CONTEXT ( 'NONE', 'WORKASPACE' ) );
#2769 =( GEOMETRIC_REPRESENTATION_CONTEXT ( 3 ) GLOBAL_UNCERTAINTY_ASSIGNED_CONTEXT ( ( #4747 ) ) GLOBAL_UNIT_ASSIGNED_CONTEXT ( ( #3926, #3937, #3897 ) ) REPRESENTATION_CONTEXT ( 'NONE', 'WORKASPACE' ) );
#2770 =( GEOMETRIC_REPRESENTATION_CONTEXT ( 3 ) GLOBAL_UNCERTAINTY_ASSIGNED_CONTEXT ( ( #4755 ) ) GLOBAL_UNIT_ASSIGNED_CONTEXT ( ( #3256, #3257, #3258 ) ) REPRESENTATION_CONTEXT ( 'NONE', 'WORKASPACE' ) );
#2771 =( GEOMETRIC_REPRESENTATION_CONTEXT ( 3 ) GLOBAL_UNCERTAINTY_ASSIGNED_CONTEXT ( ( #4774 ) ) GLOBAL_UNIT_ASSIGNED_CONTEXT ( ( #3278, #3279, #3280 ) ) REPRESENTATION_CONTEXT ( 'NONE', 'WORKASPACE' ) );
#2772 =( GEOMETRIC_REPRESENTATION_CONTEXT ( 3 ) GLOBAL_UNCERTAINTY_ASSIGNED_CONTEXT ( ( #4767 ) ) GLOBAL_UNIT_ASSIGNED_CONTEXT ( ( #3290, #3291, #3292 ) ) REPRESENTATION_CONTEXT ( 'NONE', 'WORKASPACE' ) );
#2773 =( GEOMETRIC_REPRESENTATION_CONTEXT ( 3 ) GLOBAL_UNCERTAINTY_ASSIGNED_CONTEXT ( ( #4768 ) ) GLOBAL_UNIT_ASSIGNED_CONTEXT ( ( #3322, #3323, #3324 ) ) REPRESENTATION_CONTEXT ( 'NONE', 'WORKASPACE' ) );
#2774 =( GEOMETRIC_REPRESENTATION_CONTEXT ( 3 ) GLOBAL_UNCERTAINTY_ASSIGNED_CONTEXT ( ( #4761 ) ) GLOBAL_UNIT_ASSIGNED_CONTEXT ( ( #3391, #3392, #3393 ) ) REPRESENTATION_CONTEXT ( 'NONE', 'WORKASPACE' ) );
#2775 =( GEOMETRIC_REPRESENTATION_CONTEXT ( 3 ) GLOBAL_UNCERTAINTY_ASSIGNED_CONTEXT ( ( #4758 ) ) GLOBAL_UNIT_ASSIGNED_CONTEXT ( ( #3403, #3404, #3405 ) ) REPRESENTATION_CONTEXT ( 'NONE', 'WORKASPACE' ) );
#2776 =( GEOMETRIC_REPRESENTATION_CONTEXT ( 3 ) GLOBAL_UNCERTAINTY_ASSIGNED_CONTEXT ( ( #4759 ) ) GLOBAL_UNIT_ASSIGNED_CONTEXT ( ( #3423, #3424, #3425 ) ) REPRESENTATION_CONTEXT ( 'NONE', 'WORKASPACE' ) );
#2777 =( GEOMETRIC_REPRESENTATION_CONTEXT ( 3 ) GLOBAL_UNCERTAINTY_ASSIGNED_CONTEXT ( ( #4757 ) ) GLOBAL_UNIT_ASSIGNED_CONTEXT ( ( #3454, #3455, #3456 ) ) REPRESENTATION_CONTEXT ( 'NONE', 'WORKASPACE' ) );
#2778 =( GEOMETRIC_REPRESENTATION_CONTEXT ( 3 ) GLOBAL_UNCERTAINTY_ASSIGNED_CONTEXT ( ( #4749 ) ) GLOBAL_UNIT_ASSIGNED_CONTEXT ( ( #1699, #1700, #1701 ) ) REPRESENTATION_CONTEXT ( 'NONE', 'WORKASPACE' ) );
#2779 =( GEOMETRIC_REPRESENTATION_CONTEXT ( 3 ) GLOBAL_UNCERTAINTY_ASSIGNED_CONTEXT ( ( #4708 ) ) GLOBAL_UNIT_ASSIGNED_CONTEXT ( ( #1711, #1712, #1713 ) ) REPRESENTATION_CONTEXT ( 'NONE', 'WORKASPACE' ) );
#2780 =( GEOMETRIC_REPRESENTATION_CONTEXT ( 3 ) GLOBAL_UNCERTAINTY_ASSIGNED_CONTEXT ( ( #4700 ) ) GLOBAL_UNIT_ASSIGNED_CONTEXT ( ( #1733, #1734, #1735 ) ) REPRESENTATION_CONTEXT ( 'NONE', 'WORKASPACE' ) );
#2781 =( GEOMETRIC_REPRESENTATION_CONTEXT ( 3 ) GLOBAL_UNCERTAINTY_ASSIGNED_CONTEXT ( ( #4784 ) ) GLOBAL_UNIT_ASSIGNED_CONTEXT ( ( #1800, #1801, #1802 ) ) REPRESENTATION_CONTEXT ( 'NONE', 'WORKASPACE' ) );
#2782 =( GEOMETRIC_REPRESENTATION_CONTEXT ( 3 ) GLOBAL_UNCERTAINTY_ASSIGNED_CONTEXT ( ( #4689 ) ) GLOBAL_UNIT_ASSIGNED_CONTEXT ( ( #5005, #5006, #5007 ) ) REPRESENTATION_CONTEXT ( 'NONE', 'WORKASPACE' ) );
#2783 =( GEOMETRIC_REPRESENTATION_CONTEXT ( 3 ) GLOBAL_UNCERTAINTY_ASSIGNED_CONTEXT ( ( #4650 ) ) GLOBAL_UNIT_ASSIGNED_CONTEXT ( ( #5057, #5058, #5059 ) ) REPRESENTATION_CONTEXT ( 'NONE', 'WORKASPACE' ) );
#2784 =( GEOMETRIC_REPRESENTATION_CONTEXT ( 3 ) GLOBAL_UNCERTAINTY_ASSIGNED_CONTEXT ( ( #4790 ) ) GLOBAL_UNIT_ASSIGNED_CONTEXT ( ( #5076, #5077, #5078 ) ) REPRESENTATION_CONTEXT ( 'NONE', 'WORKASPACE' ) );
#2785 =( GEOMETRIC_REPRESENTATION_CONTEXT ( 3 ) GLOBAL_UNCERTAINTY_ASSIGNED_CONTEXT ( ( #4685 ) ) GLOBAL_UNIT_ASSIGNED_CONTEXT ( ( #5116, #5117, #5118 ) ) REPRESENTATION_CONTEXT ( 'NONE', 'WORKASPACE' ) );
#2786 =( GEOMETRIC_REPRESENTATION_CONTEXT ( 3 ) GLOBAL_UNCERTAINTY_ASSIGNED_CONTEXT ( ( #4783 ) ) GLOBAL_UNIT_ASSIGNED_CONTEXT ( ( #5135, #5136, #5137 ) ) REPRESENTATION_CONTEXT ( 'NONE', 'WORKASPACE' ) );
#2787 =( GEOMETRIC_REPRESENTATION_CONTEXT ( 3 ) GLOBAL_UNCERTAINTY_ASSIGNED_CONTEXT ( ( #4769 ) ) GLOBAL_UNIT_ASSIGNED_CONTEXT ( ( #5151, #5152, #5153 ) ) REPRESENTATION_CONTEXT ( 'NONE', 'WORKASPACE' ) );
#2788 =( GEOMETRIC_REPRESENTATION_CONTEXT ( 3 ) GLOBAL_UNCERTAINTY_ASSIGNED_CONTEXT ( ( #4781 ) ) GLOBAL_UNIT_ASSIGNED_CONTEXT ( ( #5215, #5216, #5217 ) ) REPRESENTATION_CONTEXT ( 'NONE', 'WORKASPACE' ) );
#2789 =( GEOMETRIC_REPRESENTATION_CONTEXT ( 3 ) GLOBAL_UNCERTAINTY_ASSIGNED_CONTEXT ( ( #4709 ) ) GLOBAL_UNIT_ASSIGNED_CONTEXT ( ( #5227, #1406, #1407 ) ) REPRESENTATION_CONTEXT ( 'NONE', 'WORKASPACE' ) );
#2790 =( GEOMETRIC_REPRESENTATION_CONTEXT ( 3 ) GLOBAL_UNCERTAINTY_ASSIGNED_CONTEXT ( ( #4714 ) ) GLOBAL_UNIT_ASSIGNED_CONTEXT ( ( #1457, #1458, #1459 ) ) REPRESENTATION_CONTEXT ( 'NONE', 'WORKASPACE' ) );
#2791 =( GEOMETRIC_REPRESENTATION_CONTEXT ( 3 ) GLOBAL_UNCERTAINTY_ASSIGNED_CONTEXT ( ( #4707 ) ) GLOBAL_UNIT_ASSIGNED_CONTEXT ( ( #1491, #1492, #1493 ) ) REPRESENTATION_CONTEXT ( 'NONE', 'WORKASPACE' ) );
#2792 =( GEOMETRIC_REPRESENTATION_CONTEXT ( 3 ) GLOBAL_UNCERTAINTY_ASSIGNED_CONTEXT ( ( #4705 ) ) GLOBAL_UNIT_ASSIGNED_CONTEXT ( ( #1507, #1508, #1509 ) ) REPRESENTATION_CONTEXT ( 'NONE', 'WORKASPACE' ) );
#2793 =( GEOMETRIC_REPRESENTATION_CONTEXT ( 3 ) GLOBAL_UNCERTAINTY_ASSIGNED_CONTEXT ( ( #4712 ) ) GLOBAL_UNIT_ASSIGNED_CONTEXT ( ( #1523, #1524, #1525 ) ) REPRESENTATION_CONTEXT ( 'NONE', 'WORKASPACE' ) );
#2794 =( GEOMETRIC_REPRESENTATION_CONTEXT ( 3 ) GLOBAL_UNCERTAINTY_ASSIGNED_CONTEXT ( ( #4713 ) ) GLOBAL_UNIT_ASSIGNED_CONTEXT ( ( #1545, #1546, #1547 ) ) REPRESENTATION_CONTEXT ( 'NONE', 'WORKASPACE' ) );
#2795 =( GEOMETRIC_REPRESENTATION_CONTEXT ( 3 ) GLOBAL_UNCERTAINTY_ASSIGNED_CONTEXT ( ( #4715 ) ) GLOBAL_UNIT_ASSIGNED_CONTEXT ( ( #1579, #1580, #1581 ) ) REPRESENTATION_CONTEXT ( 'NONE', 'WORKASPACE' ) );
#2796 =( GEOMETRIC_REPRESENTATION_CONTEXT ( 3 ) GLOBAL_UNCERTAINTY_ASSIGNED_CONTEXT ( ( #4653 ) ) GLOBAL_UNIT_ASSIGNED_CONTEXT ( ( #1595, #1596, #1597 ) ) REPRESENTATION_CONTEXT ( 'NONE', 'WORKASPACE' ) );
#2797 =( GEOMETRIC_REPRESENTATION_CONTEXT ( 3 ) GLOBAL_UNCERTAINTY_ASSIGNED_CONTEXT ( ( #4652 ) ) GLOBAL_UNIT_ASSIGNED_CONTEXT ( ( #1611, #1612, #1613 ) ) REPRESENTATION_CONTEXT ( 'NONE', 'WORKASPACE' ) );
#2798 =( GEOMETRIC_REPRESENTATION_CONTEXT ( 3 ) GLOBAL_UNCERTAINTY_ASSIGNED_CONTEXT ( ( #4660 ) ) GLOBAL_UNIT_ASSIGNED_CONTEXT ( ( #2045, #2046, #2047 ) ) REPRESENTATION_CONTEXT ( 'NONE', 'WORKASPACE' ) );
#2799 =( GEOMETRIC_REPRESENTATION_CONTEXT ( 3 ) GLOBAL_UNCERTAINTY_ASSIGNED_CONTEXT ( ( #4651 ) ) GLOBAL_UNIT_ASSIGNED_CONTEXT ( ( #2058, #2059, #2060 ) ) REPRESENTATION_CONTEXT ( 'NONE', 'WORKASPACE' ) );
#2800 =( GEOMETRIC_REPRESENTATION_CONTEXT ( 3 ) GLOBAL_UNCERTAINTY_ASSIGNED_CONTEXT ( ( #4684 ) ) GLOBAL_UNIT_ASSIGNED_CONTEXT ( ( #2153, #2154, #2155 ) ) REPRESENTATION_CONTEXT ( 'NONE', 'WORKASPACE' ) );
#2801 =( GEOMETRIC_REPRESENTATION_CONTEXT ( 3 ) GLOBAL_UNCERTAINTY_ASSIGNED_CONTEXT ( ( #4661 ) ) GLOBAL_UNIT_ASSIGNED_CONTEXT ( ( #2172, #2173, #2174 ) ) REPRESENTATION_CONTEXT ( 'NONE', 'WORKASPACE' ) );
#2802 =( GEOMETRIC_REPRESENTATION_CONTEXT ( 3 ) GLOBAL_UNCERTAINTY_ASSIGNED_CONTEXT ( ( #4662 ) ) GLOBAL_UNIT_ASSIGNED_CONTEXT ( ( #2188, #2189, #2190 ) ) REPRESENTATION_CONTEXT ( 'NONE', 'WORKASPACE' ) );
#2803 =( GEOMETRIC_REPRESENTATION_CONTEXT ( 3 ) GLOBAL_UNCERTAINTY_ASSIGNED_CONTEXT ( ( #4656 ) ) GLOBAL_UNIT_ASSIGNED_CONTEXT ( ( #2265, #2266, #2267 ) ) REPRESENTATION_CONTEXT ( 'NONE', 'WORKASPACE' ) );
#2804 =( GEOMETRIC_REPRESENTATION_CONTEXT ( 3 ) GLOBAL_UNCERTAINTY_ASSIGNED_CONTEXT ( ( #4725 ) ) GLOBAL_UNIT_ASSIGNED_CONTEXT ( ( #55, #56, #57 ) ) REPRESENTATION_CONTEXT ( 'NONE', 'WORKASPACE' ) );
#2805 =( GEOMETRIC_REPRESENTATION_CONTEXT ( 3 ) GLOBAL_UNCERTAINTY_ASSIGNED_CONTEXT ( ( #4681 ) ) GLOBAL_UNIT_ASSIGNED_CONTEXT ( ( #123, #124, #125 ) ) REPRESENTATION_CONTEXT ( 'NONE', 'WORKASPACE' ) );
#2806 =( GEOMETRIC_REPRESENTATION_CONTEXT ( 3 ) GLOBAL_UNCERTAINTY_ASSIGNED_CONTEXT ( ( #4658 ) ) GLOBAL_UNIT_ASSIGNED_CONTEXT ( ( #168, #169, #170 ) ) REPRESENTATION_CONTEXT ( 'NONE', 'WORKASPACE' ) );
#2807 =( GEOMETRIC_REPRESENTATION_CONTEXT ( 3 ) GLOBAL_UNCERTAINTY_ASSIGNED_CONTEXT ( ( #4728 ) ) GLOBAL_UNIT_ASSIGNED_CONTEXT ( ( #188, #189, #190 ) ) REPRESENTATION_CONTEXT ( 'NONE', 'WORKASPACE' ) );
#2808 =( GEOMETRIC_REPRESENTATION_CONTEXT ( 3 ) GLOBAL_UNCERTAINTY_ASSIGNED_CONTEXT ( ( #4729 ) ) GLOBAL_UNIT_ASSIGNED_CONTEXT ( ( #207, #208, #209 ) ) REPRESENTATION_CONTEXT ( 'NONE', 'WORKASPACE' ) );
#2809 =( GEOMETRIC_REPRESENTATION_CONTEXT ( 3 ) GLOBAL_UNCERTAINTY_ASSIGNED_CONTEXT ( ( #4659 ) ) GLOBAL_UNIT_ASSIGNED_CONTEXT ( ( #219, #220, #221 ) ) REPRESENTATION_CONTEXT ( 'NONE', 'WORKASPACE' ) );
#2810 =( GEOMETRIC_REPRESENTATION_CONTEXT ( 3 ) GLOBAL_UNCERTAINTY_ASSIGNED_CONTEXT ( ( #4730 ) ) GLOBAL_UNIT_ASSIGNED_CONTEXT ( ( #250, #251, #252 ) ) REPRESENTATION_CONTEXT ( 'NONE', 'WORKASPACE' ) );
#2811 =( GEOMETRIC_REPRESENTATION_CONTEXT ( 3 ) GLOBAL_UNCERTAINTY_ASSIGNED_CONTEXT ( ( #4726 ) ) GLOBAL_UNIT_ASSIGNED_CONTEXT ( ( #270, #271, #272 ) ) REPRESENTATION_CONTEXT ( 'NONE', 'WORKASPACE' ) );
#2812 =( GEOMETRIC_REPRESENTATION_CONTEXT ( 3 ) GLOBAL_UNCERTAINTY_ASSIGNED_CONTEXT ( ( #4731 ) ) GLOBAL_UNIT_ASSIGNED_CONTEXT ( ( #3019, #3020, #3021 ) ) REPRESENTATION_CONTEXT ( 'NONE', 'WORKASPACE' ) );
#2813 =( GEOMETRIC_REPRESENTATION_CONTEXT ( 3 ) GLOBAL_UNCERTAINTY_ASSIGNED_CONTEXT ( ( #4732 ) ) GLOBAL_UNIT_ASSIGNED_CONTEXT ( ( #3047, #3048, #3049 ) ) REPRESENTATION_CONTEXT ( 'NONE', 'WORKASPACE' ) );
#2814 =( GEOMETRIC_REPRESENTATION_CONTEXT ( 3 ) GLOBAL_UNCERTAINTY_ASSIGNED_CONTEXT ( ( #4655 ) ) GLOBAL_UNIT_ASSIGNED_CONTEXT ( ( #3092, #3093, #3094 ) ) REPRESENTATION_CONTEXT ( 'NONE', 'WORKASPACE' ) );
#2815 =( GEOMETRIC_REPRESENTATION_CONTEXT ( 3 ) GLOBAL_UNCERTAINTY_ASSIGNED_CONTEXT ( ( #4733 ) ) GLOBAL_UNIT_ASSIGNED_CONTEXT ( ( #3129, #3130, #3131 ) ) REPRESENTATION_CONTEXT ( 'NONE', 'WORKASPACE' ) );
#2816 =( GEOMETRIC_REPRESENTATION_CONTEXT ( 3 ) GLOBAL_UNCERTAINTY_ASSIGNED_CONTEXT ( ( #4734 ) ) GLOBAL_UNIT_ASSIGNED_CONTEXT ( ( #3160, #3161, #3162 ) ) REPRESENTATION_CONTEXT ( 'NONE', 'WORKASPACE' ) );
#2817 =( GEOMETRIC_REPRESENTATION_CONTEXT ( 3 ) GLOBAL_UNCERTAINTY_ASSIGNED_CONTEXT ( ( #4727 ) ) GLOBAL_UNIT_ASSIGNED_CONTEXT ( ( #3230, #3231, #3232 ) ) REPRESENTATION_CONTEXT ( 'NONE', 'WORKASPACE' ) );
#2818 =( GEOMETRIC_REPRESENTATION_CONTEXT ( 3 ) GLOBAL_UNCERTAINTY_ASSIGNED_CONTEXT ( ( #4737 ) ) GLOBAL_UNIT_ASSIGNED_CONTEXT ( ( #4837, #4838, #4839 ) ) REPRESENTATION_CONTEXT ( 'NONE', 'WORKASPACE' ) );
#2819 =( GEOMETRIC_REPRESENTATION_CONTEXT ( 3 ) GLOBAL_UNCERTAINTY_ASSIGNED_CONTEXT ( ( #4654 ) ) GLOBAL_UNIT_ASSIGNED_CONTEXT ( ( #4849, #4850, #4851 ) ) REPRESENTATION_CONTEXT ( 'NONE', 'WORKASPACE' ) );
#2820 =( GEOMETRIC_REPRESENTATION_CONTEXT ( 3 ) GLOBAL_UNCERTAINTY_ASSIGNED_CONTEXT ( ( #4736 ) ) GLOBAL_UNIT_ASSIGNED_CONTEXT ( ( #4872, #4873, #4874 ) ) REPRESENTATION_CONTEXT ( 'NONE', 'WORKASPACE' ) );
#2821 =( GEOMETRIC_REPRESENTATION_CONTEXT ( 3 ) GLOBAL_UNCERTAINTY_ASSIGNED_CONTEXT ( ( #4735 ) ) GLOBAL_UNIT_ASSIGNED_CONTEXT ( ( #4884, #4885, #4886 ) ) REPRESENTATION_CONTEXT ( 'NONE', 'WORKASPACE' ) );
#2822 =( GEOMETRIC_REPRESENTATION_CONTEXT ( 3 ) GLOBAL_UNCERTAINTY_ASSIGNED_CONTEXT ( ( #4663 ) ) GLOBAL_UNIT_ASSIGNED_CONTEXT ( ( #4907, #4908, #4909 ) ) REPRESENTATION_CONTEXT ( 'NONE', 'WORKASPACE' ) );
#2823 =( GEOMETRIC_REPRESENTATION_CONTEXT ( 3 ) GLOBAL_UNCERTAINTY_ASSIGNED_CONTEXT ( ( #4686 ) ) GLOBAL_UNIT_ASSIGNED_CONTEXT ( ( #4919, #4920, #4921 ) ) REPRESENTATION_CONTEXT ( 'NONE', 'WORKASPACE' ) );
#2824 =( GEOMETRIC_REPRESENTATION_CONTEXT ( 3 ) GLOBAL_UNCERTAINTY_ASSIGNED_CONTEXT ( ( #4739 ) ) GLOBAL_UNIT_ASSIGNED_CONTEXT ( ( #4939, #4940, #4941 ) ) REPRESENTATION_CONTEXT ( 'NONE', 'WORKASPACE' ) );
#2825 =( GEOMETRIC_REPRESENTATION_CONTEXT ( 3 ) GLOBAL_UNCERTAINTY_ASSIGNED_CONTEXT ( ( #4740 ) ) GLOBAL_UNIT_ASSIGNED_CONTEXT ( ( #4958, #4959, #4960 ) ) REPRESENTATION_CONTEXT ( 'NONE', 'WORKASPACE' ) );
#2826 =( GEOMETRIC_REPRESENTATION_CONTEXT ( 3 ) GLOBAL_UNCERTAINTY_ASSIGNED_CONTEXT ( ( #4741 ) ) GLOBAL_UNIT_ASSIGNED_CONTEXT ( ( #4977, #4978, #4979 ) ) REPRESENTATION_CONTEXT ( 'NONE', 'WORKASPACE' ) );
#2827 =( GEOMETRIC_REPRESENTATION_CONTEXT ( 3 ) GLOBAL_UNCERTAINTY_ASSIGNED_CONTEXT ( ( #4742 ) ) GLOBAL_UNIT_ASSIGNED_CONTEXT ( ( #5001, #5002, #5616 ) ) REPRESENTATION_CONTEXT ( 'NONE', 'WORKASPACE' ) );
#2828 =( GEOMETRIC_REPRESENTATION_CONTEXT ( 3 ) GLOBAL_UNCERTAINTY_ASSIGNED_CONTEXT ( ( #4743 ) ) GLOBAL_UNIT_ASSIGNED_CONTEXT ( ( #5660, #5661, #5662 ) ) REPRESENTATION_CONTEXT ( 'NONE', 'WORKASPACE' ) );
#2829 =( GEOMETRIC_REPRESENTATION_CONTEXT ( 3 ) GLOBAL_UNCERTAINTY_ASSIGNED_CONTEXT ( ( #4744 ) ) GLOBAL_UNIT_ASSIGNED_CONTEXT ( ( #5672, #5673, #5674 ) ) REPRESENTATION_CONTEXT ( 'NONE', 'WORKASPACE' ) );
#2830 =( GEOMETRIC_REPRESENTATION_CONTEXT ( 3 ) GLOBAL_UNCERTAINTY_ASSIGNED_CONTEXT ( ( #4745 ) ) GLOBAL_UNIT_ASSIGNED_CONTEXT ( ( #5685, #5686, #5687 ) ) REPRESENTATION_CONTEXT ( 'NONE', 'WORKASPACE' ) );
#2831 =( GEOMETRIC_REPRESENTATION_CONTEXT ( 3 ) GLOBAL_UNCERTAINTY_ASSIGNED_CONTEXT ( ( #4680 ) ) GLOBAL_UNIT_ASSIGNED_CONTEXT ( ( #5724, #5725, #5726 ) ) REPRESENTATION_CONTEXT ( 'NONE', 'WORKASPACE' ) );
#2832 =( GEOMETRIC_REPRESENTATION_CONTEXT ( 3 ) GLOBAL_UNCERTAINTY_ASSIGNED_CONTEXT ( ( #4688 ) ) GLOBAL_UNIT_ASSIGNED_CONTEXT ( ( #5737, #5738, #5739 ) ) REPRESENTATION_CONTEXT ( 'NONE', 'WORKASPACE' ) );
#2833 =( GEOMETRIC_REPRESENTATION_CONTEXT ( 3 ) GLOBAL_UNCERTAINTY_ASSIGNED_CONTEXT ( ( #4692 ) ) GLOBAL_UNIT_ASSIGNED_CONTEXT ( ( #5762, #5763, #5764 ) ) REPRESENTATION_CONTEXT ( 'NONE', 'WORKASPACE' ) );
#2834 =( GEOMETRIC_REPRESENTATION_CONTEXT ( 3 ) GLOBAL_UNCERTAINTY_ASSIGNED_CONTEXT ( ( #4752 ) ) GLOBAL_UNIT_ASSIGNED_CONTEXT ( ( #5809, #5810, #5811 ) ) REPRESENTATION_CONTEXT ( 'NONE', 'WORKASPACE' ) );
#2835 =( GEOMETRIC_REPRESENTATION_CONTEXT ( 3 ) GLOBAL_UNCERTAINTY_ASSIGNED_CONTEXT ( ( #4792 ) ) GLOBAL_UNIT_ASSIGNED_CONTEXT ( ( #5825, #5826, #5827 ) ) REPRESENTATION_CONTEXT ( 'NONE', 'WORKASPACE' ) );
#2836 =( GEOMETRIC_REPRESENTATION_CONTEXT ( 3 ) GLOBAL_UNCERTAINTY_ASSIGNED_CONTEXT ( ( #4793 ) ) GLOBAL_UNIT_ASSIGNED_CONTEXT ( ( #4466, #4467, #4468 ) ) REPRESENTATION_CONTEXT ( 'NONE', 'WORKASPACE' ) );
#2837 =( GEOMETRIC_REPRESENTATION_CONTEXT ( 3 ) GLOBAL_UNCERTAINTY_ASSIGNED_CONTEXT ( ( #4791 ) ) GLOBAL_UNIT_ASSIGNED_CONTEXT ( ( #4488, #4489, #4490 ) ) REPRESENTATION_CONTEXT ( 'NONE', 'WORKASPACE' ) );
#2838 =( GEOMETRIC_REPRESENTATION_CONTEXT ( 3 ) GLOBAL_UNCERTAINTY_ASSIGNED_CONTEXT ( ( #4678 ) ) GLOBAL_UNIT_ASSIGNED_CONTEXT ( ( #4500, #4501, #4502 ) ) REPRESENTATION_CONTEXT ( 'NONE', 'WORKASPACE' ) );
#2839 =( GEOMETRIC_REPRESENTATION_CONTEXT ( 3 ) GLOBAL_UNCERTAINTY_ASSIGNED_CONTEXT ( ( #4673 ) ) GLOBAL_UNIT_ASSIGNED_CONTEXT ( ( #4517, #4518, #4519 ) ) REPRESENTATION_CONTEXT ( 'NONE', 'WORKASPACE' ) );
#2840 =( GEOMETRIC_REPRESENTATION_CONTEXT ( 3 ) GLOBAL_UNCERTAINTY_ASSIGNED_CONTEXT ( ( #4672 ) ) GLOBAL_UNIT_ASSIGNED_CONTEXT ( ( #4529, #4530, #4531 ) ) REPRESENTATION_CONTEXT ( 'NONE', 'WORKASPACE' ) );
#2841 =( GEOMETRIC_REPRESENTATION_CONTEXT ( 3 ) GLOBAL_UNCERTAINTY_ASSIGNED_CONTEXT ( ( #4789 ) ) GLOBAL_UNIT_ASSIGNED_CONTEXT ( ( #4542, #4543, #4544 ) ) REPRESENTATION_CONTEXT ( 'NONE', 'WORKASPACE' ) );
#2842 =( GEOMETRIC_REPRESENTATION_CONTEXT ( 3 ) GLOBAL_UNCERTAINTY_ASSIGNED_CONTEXT ( ( #4679 ) ) GLOBAL_UNIT_ASSIGNED_CONTEXT ( ( #4567, #4568, #4569 ) ) REPRESENTATION_CONTEXT ( 'NONE', 'WORKASPACE' ) );
#2843 =( GEOMETRIC_REPRESENTATION_CONTEXT ( 3 ) GLOBAL_UNCERTAINTY_ASSIGNED_CONTEXT ( ( #4786 ) ) GLOBAL_UNIT_ASSIGNED_CONTEXT ( ( #4605, #4606, #4607 ) ) REPRESENTATION_CONTEXT ( 'NONE', 'WORKASPACE' ) );
#2844 =( GEOMETRIC_REPRESENTATION_CONTEXT ( 3 ) GLOBAL_UNCERTAINTY_ASSIGNED_CONTEXT ( ( #4671 ) ) GLOBAL_UNIT_ASSIGNED_CONTEXT ( ( #4617, #4618, #4619 ) ) REPRESENTATION_CONTEXT ( 'NONE', 'WORKASPACE' ) );
#2845 =( GEOMETRIC_REPRESENTATION_CONTEXT ( 3 ) GLOBAL_UNCERTAINTY_ASSIGNED_CONTEXT ( ( #4670 ) ) GLOBAL_UNIT_ASSIGNED_CONTEXT ( ( #2549, #2550, #2551 ) ) REPRESENTATION_CONTEXT ( 'NONE', 'WORKASPACE' ) );
#2846 =( GEOMETRIC_REPRESENTATION_CONTEXT ( 3 ) GLOBAL_UNCERTAINTY_ASSIGNED_CONTEXT ( ( #4669 ) ) GLOBAL_UNIT_ASSIGNED_CONTEXT ( ( #2561, #2562, #2563 ) ) REPRESENTATION_CONTEXT ( 'NONE', 'WORKASPACE' ) );
#2847 =( GEOMETRIC_REPRESENTATION_CONTEXT ( 3 ) GLOBAL_UNCERTAINTY_ASSIGNED_CONTEXT ( ( #4668 ) ) GLOBAL_UNIT_ASSIGNED_CONTEXT ( ( #2574, #2575, #2576 ) ) REPRESENTATION_CONTEXT ( 'NONE', 'WORKASPACE' ) );
#2848 =( GEOMETRIC_REPRESENTATION_CONTEXT ( 3 ) GLOBAL_UNCERTAINTY_ASSIGNED_CONTEXT ( ( #4778 ) ) GLOBAL_UNIT_ASSIGNED_CONTEXT ( ( #2590, #2591, #2592 ) ) REPRESENTATION_CONTEXT ( 'NONE', 'WORKASPACE' ) );
#2849 =( GEOMETRIC_REPRESENTATION_CONTEXT ( 3 ) GLOBAL_UNCERTAINTY_ASSIGNED_CONTEXT ( ( #4777 ) ) GLOBAL_UNIT_ASSIGNED_CONTEXT ( ( #2637, #2638, #2639 ) ) REPRESENTATION_CONTEXT ( 'NONE', 'WORKASPACE' ) );
#2850 =( GEOMETRIC_REPRESENTATION_CONTEXT ( 3 ) GLOBAL_UNCERTAINTY_ASSIGNED_CONTEXT ( ( #4776 ) ) GLOBAL_UNIT_ASSIGNED_CONTEXT ( ( #2668, #2669, #2670 ) ) REPRESENTATION_CONTEXT ( 'NONE', 'WORKASPACE' ) );
#2851 =( GEOMETRIC_REPRESENTATION_CONTEXT ( 3 ) GLOBAL_UNCERTAINTY_ASSIGNED_CONTEXT ( ( #4788 ) ) GLOBAL_UNIT_ASSIGNED_CONTEXT ( ( #2710, #2711, #2712 ) ) REPRESENTATION_CONTEXT ( 'NONE', 'WORKASPACE' ) );
#2852 =( GEOMETRIC_REPRESENTATION_CONTEXT ( 3 ) GLOBAL_UNCERTAINTY_ASSIGNED_CONTEXT ( ( #4665 ) ) GLOBAL_UNIT_ASSIGNED_CONTEXT ( ( #2726, #2727, #2728 ) ) REPRESENTATION_CONTEXT ( 'NONE', 'WORKASPACE' ) );
#2853 =( GEOMETRIC_REPRESENTATION_CONTEXT ( 3 ) GLOBAL_UNCERTAINTY_ASSIGNED_CONTEXT ( ( #4738 ) ) GLOBAL_UNIT_ASSIGNED_CONTEXT ( ( #5241, #5242, #5243 ) ) REPRESENTATION_CONTEXT ( 'NONE', 'WORKASPACE' ) );
#2854 =( GEOMETRIC_REPRESENTATION_CONTEXT ( 3 ) GLOBAL_UNCERTAINTY_ASSIGNED_CONTEXT ( ( #4666 ) ) GLOBAL_UNIT_ASSIGNED_CONTEXT ( ( #5447, #5448, #5449 ) ) REPRESENTATION_CONTEXT ( 'NONE', 'WORKASPACE' ) );
#2855 =( GEOMETRIC_REPRESENTATION_CONTEXT ( 3 ) GLOBAL_UNCERTAINTY_ASSIGNED_CONTEXT ( ( #4667 ) ) GLOBAL_UNIT_ASSIGNED_CONTEXT ( ( #5457, #5458, #5459 ) ) REPRESENTATION_CONTEXT ( 'NONE', 'WORKASPACE' ) );
#2856 = MECHANICAL_DESIGN_GEOMETRIC_PRESENTATION_REPRESENTATION (  '', ( #2857 ), #2830 ) ;
#2857 = STYLED_ITEM ( 'NONE', ( #5684 ), #2409 ) ;
#2858 = AXIS2_PLACEMENT_3D ( 'NONE', #5728, #5729, #5730 ) ;
#2859 = STYLED_ITEM ( 'NONE', ( #5659 ), #2405 ) ;
#2860 = FACE_OUTER_BOUND ( 'NONE', #718, .T. ) ;
#2861 = STYLED_ITEM ( 'NONE', ( #5000 ), #2401 ) ;
#2862 = PRESENTATION_LAYER_ASSIGNMENT (  '', '', ( #2859 ) ) ;
#2863 = VECTOR ( 'NONE', #5649, 1000.000000000000000 ) ;
#2864 = VECTOR ( 'NONE', #4991, 1000.000000000000000 ) ;
#2865 = FACE_OUTER_BOUND ( 'NONE', #825, .T. ) ;
#2866 = MECHANICAL_DESIGN_GEOMETRIC_PRESENTATION_REPRESENTATION (  '', ( #2859 ), #2828 ) ;
#2867 = VECTOR ( 'NONE', #4994, 1000.000000000000000 ) ;
#2868 = FACE_OUTER_BOUND ( 'NONE', #719, .T. ) ;
#2869 = PRESENTATION_LAYER_ASSIGNMENT (  '', '', ( #2861 ) ) ;
#2870 = AXIS2_PLACEMENT_3D ( 'NONE', #5663, #5664, #5665 ) ;
#2871 = MECHANICAL_DESIGN_GEOMETRIC_PRESENTATION_REPRESENTATION (  '', ( #2879 ), #2829 ) ;
#2872 = FACE_OUTER_BOUND ( 'NONE', #755, .T. ) ;
#2873 = VECTOR ( 'NONE', #5653, 1000.000000000000000 ) ;
#2874 = FACE_OUTER_BOUND ( 'NONE', #693, .T. ) ;
#2875 = AXIS2_PLACEMENT_3D ( 'NONE', #5676, #5677, #5678 ) ;
#2876 = PRESENTATION_LAYER_ASSIGNMENT (  '', '', ( #2879 ) ) ;
#2877 = FACE_OUTER_BOUND ( 'NONE', #788, .T. ) ;
#2878 = PRESENTATION_LAYER_ASSIGNMENT (  '', '', ( #2857 ) ) ;
#2879 = STYLED_ITEM ( 'NONE', ( #5671 ), #2406 ) ;
#2880 = MECHANICAL_DESIGN_GEOMETRIC_PRESENTATION_REPRESENTATION (  '', ( #2861 ), #2827 ) ;
#2881 = FILL_AREA_STYLE ('',( #2891 ) ) ;
#2882 =( NAMED_UNIT ( * ) SI_UNIT ( $, .STERADIAN. ) SOLID_ANGLE_UNIT ( ) );
#2883 = DIRECTION ( 'NONE',  ( -0.0000000000000000000, -0.0000000000000000000, -1.000000000000000000 ) ) ;
#2884 =( NAMED_UNIT ( * ) PLANE_ANGLE_UNIT ( ) SI_UNIT ( $, .RADIAN. ) );
#2885 = PLANE ( 'NONE',  #4384 ) ;
#2886 =( NAMED_UNIT ( * ) SI_UNIT ( $, .STERADIAN. ) SOLID_ANGLE_UNIT ( ) );
#2887 =( NAMED_UNIT ( * ) PLANE_ANGLE_UNIT ( ) SI_UNIT ( $, .RADIAN. ) );
#2888 = SURFACE_STYLE_USAGE ( .BOTH. , #2903 ) ;
#2889 = FILL_AREA_STYLE_COLOUR ( '', #2466 ) ;
#2890 = CARTESIAN_POINT ( 'NONE',  ( 0.5999999999999995300, 0.4999999999999997800, -0.5010000000000000000 ) ) ;
#2891 = FILL_AREA_STYLE_COLOUR ( '', #2413 ) ;
#2892 = DIRECTION ( 'NONE',  ( -7.529181753371558500E-016, -1.000000000000000000, 0.0000000000000000000 ) ) ;
#2893 = DIRECTION ( 'NONE',  ( 1.000000000000000000, -7.529181753371558500E-016, 0.0000000000000000000 ) ) ;
#2894 = FILL_AREA_STYLE ('',( #2889 ) ) ;
#2895 =( NAMED_UNIT ( * ) SI_UNIT ( $, .STERADIAN. ) SOLID_ANGLE_UNIT ( ) );
#2896 =( LENGTH_UNIT ( ) NAMED_UNIT ( * ) SI_UNIT ( .MILLI., .METRE. ) );
#2897 = SURFACE_STYLE_FILL_AREA ( #2894 ) ;
#2898 = CARTESIAN_POINT ( 'NONE',  ( 1.600000000000000300, -1.249999999999999800, 0.5000000000000000000 ) ) ;
#2899 = SURFACE_STYLE_FILL_AREA ( #2881 ) ;
#2900 = PLANE ( 'NONE',  #4401 ) ;
#2901 = SURFACE_SIDE_STYLE ('',( #2899 ) ) ;
#2902 = PRESENTATION_STYLE_ASSIGNMENT (( #2888 ) ) ;
#2903 = SURFACE_SIDE_STYLE ('',( #2897 ) ) ;
#2904 = SURFACE_STYLE_USAGE ( .BOTH. , #2915 ) ;
#2905 = SURFACE_STYLE_FILL_AREA ( #2912 ) ;
#2906 = CARTESIAN_POINT ( 'NONE',  ( -0.6342395625319347000, 0.2935974365335139400, 0.6989999999999999500 ) ) ;
#2907 = PRESENTATION_STYLE_ASSIGNMENT (( #2904 ) ) ;
#2908 = DIRECTION ( 'NONE',  ( -1.000000000000000000, -1.204669080539449100E-016, 0.0000000000000000000 ) ) ;
#2909 = PLANE ( 'NONE',  #650 ) ;
#2910 = DIRECTION ( 'NONE',  ( 0.0000000000000000000, -0.0000000000000000000, -1.000000000000000000 ) ) ;
#2911 = DIRECTION ( 'NONE',  ( 0.0000000000000000000, -1.000000000000000000, 0.0000000000000000000 ) ) ;
#2912 = FILL_AREA_STYLE ('',( #2918 ) ) ;
#2913 = CARTESIAN_POINT ( 'NONE',  ( -1.600000000000000100, -0.4500000000000000100, -0.5000000000000000000 ) ) ;
#2914 = DIRECTION ( 'NONE',  ( -1.000000000000000000, 0.0000000000000000000, 0.0000000000000000000 ) ) ;
#2915 = SURFACE_SIDE_STYLE ('',( #2905 ) ) ;
#2916 = DIRECTION ( 'NONE',  ( -1.204669080539449100E-016, 1.000000000000000000, 0.0000000000000000000 ) ) ;
#2917 = PRESENTATION_STYLE_ASSIGNMENT (( #2923 ) ) ;
#2918 = FILL_AREA_STYLE_COLOUR ( '', #2415 ) ;
#2919 = FILL_AREA_STYLE ('',( #2960 ) ) ;
#2920 = SURFACE_SIDE_STYLE ('',( #2963 ) ) ;
#2921 =( LENGTH_UNIT ( ) NAMED_UNIT ( * ) SI_UNIT ( .MILLI., .METRE. ) );
#2922 =( NAMED_UNIT ( * ) PLANE_ANGLE_UNIT ( ) SI_UNIT ( $, .RADIAN. ) );
#2923 = SURFACE_STYLE_USAGE ( .BOTH. , #2920 ) ;
#2924 = DIRECTION ( 'NONE',  ( 1.000000000000000000, 0.0000000000000000000, 0.0000000000000000000 ) ) ;
#2925 = CARTESIAN_POINT ( 'NONE',  ( -1.100000000000000100, -0.7499999999999997800, 0.6999000000000000800 ) ) ;
#2926 = DIRECTION ( 'NONE',  ( 0.0000000000000000000, 0.0000000000000000000, 1.000000000000000000 ) ) ;
#2927 = PLANE ( 'NONE',  #4397 ) ;
#2928 =( LENGTH_UNIT ( ) NAMED_UNIT ( * ) SI_UNIT ( .MILLI., .METRE. ) );
#2929 =( LENGTH_UNIT ( ) NAMED_UNIT ( * ) SI_UNIT ( .MILLI., .METRE. ) );
#2930 = PRESENTATION_STYLE_ASSIGNMENT (( #2932 ) ) ;
#2931 = SURFACE_STYLE_USAGE ( .BOTH. , #2901 ) ;
#2932 = SURFACE_STYLE_USAGE ( .BOTH. , #2937 ) ;
#2933 = DIRECTION ( 'NONE',  ( 0.0000000000000000000, 0.0000000000000000000, -1.000000000000000000 ) ) ;
#2934 = DIRECTION ( 'NONE',  ( 1.000000000000000000, 0.0000000000000000000, 0.0000000000000000000 ) ) ;
#2935 = CARTESIAN_POINT ( 'NONE',  ( -1.456000000000000000, 0.4500000000000001200, -0.5000000000000000000 ) ) ;
#2936 = PLANE ( 'NONE',  #4412 ) ;
#2937 = SURFACE_SIDE_STYLE ('',( #2943 ) ) ;
#2938 = PRESENTATION_STYLE_ASSIGNMENT (( #2931 ) ) ;
#2939 =( LENGTH_UNIT ( ) NAMED_UNIT ( * ) SI_UNIT ( .MILLI., .METRE. ) );
#2940 =( NAMED_UNIT ( * ) PLANE_ANGLE_UNIT ( ) SI_UNIT ( $, .RADIAN. ) );
#2941 =( NAMED_UNIT ( * ) SI_UNIT ( $, .STERADIAN. ) SOLID_ANGLE_UNIT ( ) );
#2942 = FILL_AREA_STYLE ('',( #2945 ) ) ;
#2943 = SURFACE_STYLE_FILL_AREA ( #2942 ) ;
#2944 = DIRECTION ( 'NONE',  ( 1.000000000000000000, 6.023345402697228600E-015, 0.0000000000000000000 ) ) ;
#2945 = FILL_AREA_STYLE_COLOUR ( '', #2375 ) ;
#2946 = CARTESIAN_POINT ( 'NONE',  ( 1.600000000000000500, -0.4499999999999996200, -0.5000000000000000000 ) ) ;
#2947 = DIRECTION ( 'NONE',  ( 6.023345402697228600E-015, -1.000000000000000000, 0.0000000000000000000 ) ) ;
#2948 = PLANE ( 'NONE',  #642 ) ;
#2949 =( NAMED_UNIT ( * ) PLANE_ANGLE_UNIT ( ) SI_UNIT ( $, .RADIAN. ) );
#2950 =( LENGTH_UNIT ( ) NAMED_UNIT ( * ) SI_UNIT ( .MILLI., .METRE. ) );
#2951 = PRESENTATION_STYLE_ASSIGNMENT (( #2953 ) ) ;
#2952 = SURFACE_SIDE_STYLE ('',( #2955 ) ) ;
#2953 = SURFACE_STYLE_USAGE ( .BOTH. , #2952 ) ;
#2954 = FILL_AREA_STYLE ('',( #2957 ) ) ;
#2955 = SURFACE_STYLE_FILL_AREA ( #2954 ) ;
#2956 = DIRECTION ( 'NONE',  ( 1.000000000000000000, -7.228014483236695800E-017, 0.0000000000000000000 ) ) ;
#2957 = FILL_AREA_STYLE_COLOUR ( '', #2419 ) ;
#2958 = CARTESIAN_POINT ( 'NONE',  ( 1.500000000000000000, 1.249999999999999600, 0.5000000000000000000 ) ) ;
#2959 = DIRECTION ( 'NONE',  ( -7.228014483236695800E-017, -1.000000000000000000, 0.0000000000000000000 ) ) ;
#2960 = FILL_AREA_STYLE_COLOUR ( '', #2470 ) ;
#2961 =( NAMED_UNIT ( * ) PLANE_ANGLE_UNIT ( ) SI_UNIT ( $, .RADIAN. ) );
#2962 =( NAMED_UNIT ( * ) SI_UNIT ( $, .STERADIAN. ) SOLID_ANGLE_UNIT ( ) );
#2963 = SURFACE_STYLE_FILL_AREA ( #2919 ) ;
#2964 =( NAMED_UNIT ( * ) SI_UNIT ( $, .STERADIAN. ) SOLID_ANGLE_UNIT ( ) );
#2965 = PLANE ( 'NONE',  #4373 ) ;
#2966 = CARTESIAN_POINT ( 'NONE',  ( -1.600000000000000100, 0.4500000000000000100, -0.5000000000000000000 ) ) ;
#2967 = DIRECTION ( 'NONE',  ( -7.529181753371558500E-016, 1.000000000000000000, 0.0000000000000000000 ) ) ;
#2968 = DIRECTION ( 'NONE',  ( -1.000000000000000000, -7.529181753371558500E-016, 0.0000000000000000000 ) ) ;
#2969 = LINE ( 'NONE', #2970, #4389 ) ;
#2970 = CARTESIAN_POINT ( 'NONE',  ( 1.600000000000000300, 1.150000000000000100, -0.5000000000000000000 ) ) ;
#2971 = DIRECTION ( 'NONE',  ( -9.427844978134821400E-017, 1.000000000000000000, -0.0000000000000000000 ) ) ;
#2972 = PLANE ( 'NONE',  #4383 ) ;
#2973 = LINE ( 'NONE', #2975, #4359 ) ;
#2974 =( NAMED_UNIT ( * ) SI_UNIT ( $, .STERADIAN. ) SOLID_ANGLE_UNIT ( ) );
#2975 = CARTESIAN_POINT ( 'NONE',  ( 1.599999999999998800, -0.4500000000000022900, 0.5000000000000000000 ) ) ;
#2976 = DIRECTION ( 'NONE',  ( 1.000000000000000000, -7.529181753371558500E-016, 0.0000000000000000000 ) ) ;
#2977 = FILL_AREA_STYLE_COLOUR ( '', #2474 ) ;
#2978 = FILL_AREA_STYLE ('',( #2977 ) ) ;
#2979 = SURFACE_STYLE_FILL_AREA ( #2978 ) ;
#2980 = SURFACE_SIDE_STYLE ('',( #2979 ) ) ;
#2981 = SURFACE_STYLE_USAGE ( .BOTH. , #2980 ) ;
#2982 = PRESENTATION_STYLE_ASSIGNMENT (( #2981 ) ) ;
#2983 =( LENGTH_UNIT ( ) NAMED_UNIT ( * ) SI_UNIT ( .MILLI., .METRE. ) );
#2984 =( NAMED_UNIT ( * ) PLANE_ANGLE_UNIT ( ) SI_UNIT ( $, .RADIAN. ) );
#2985 =( NAMED_UNIT ( * ) SI_UNIT ( $, .STERADIAN. ) SOLID_ANGLE_UNIT ( ) );
#2986 = CARTESIAN_POINT ( 'NONE',  ( -1.600000000000000100, 0.1999999999999999800, -0.5000000000000000000 ) ) ;
#2987 = DIRECTION ( 'NONE',  ( 1.882295438342889600E-016, -1.000000000000000000, 0.0000000000000000000 ) ) ;
#2988 = DIRECTION ( 'NONE',  ( 1.000000000000000000, 1.882295438342889600E-016, 0.0000000000000000000 ) ) ;
#2989 = FILL_AREA_STYLE_COLOUR ( '', #2364 ) ;
#2990 = FILL_AREA_STYLE ('',( #2989 ) ) ;
#2991 = SURFACE_STYLE_FILL_AREA ( #2990 ) ;
#2992 = SURFACE_SIDE_STYLE ('',( #2991 ) ) ;
#2993 = SURFACE_STYLE_USAGE ( .BOTH. , #2992 ) ;
#2994 = PRESENTATION_STYLE_ASSIGNMENT (( #2993 ) ) ;
#2995 =( LENGTH_UNIT ( ) NAMED_UNIT ( * ) SI_UNIT ( .MILLI., .METRE. ) );
#2996 =( NAMED_UNIT ( * ) PLANE_ANGLE_UNIT ( ) SI_UNIT ( $, .RADIAN. ) );
#2997 =( NAMED_UNIT ( * ) SI_UNIT ( $, .STERADIAN. ) SOLID_ANGLE_UNIT ( ) );
#2998 = PLANE ( 'NONE',  #633 ) ;
#2999 = CARTESIAN_POINT ( 'NONE',  ( -0.5130782043588576500, -0.06596452927845179700, 0.6989999999999999500 ) ) ;
#3000 = DIRECTION ( 'NONE',  ( 0.0000000000000000000, 1.000000000000000000, 0.0000000000000000000 ) ) ;
#3001 = DIRECTION ( 'NONE',  ( 0.0000000000000000000, -0.0000000000000000000, 1.000000000000000000 ) ) ;
#3002 = FILL_AREA_STYLE_COLOUR ( '', #2350 ) ;
#3003 = FILL_AREA_STYLE ('',( #3002 ) ) ;
#3004 = SURFACE_STYLE_FILL_AREA ( #3003 ) ;
#3005 = SURFACE_SIDE_STYLE ('',( #3004 ) ) ;
#3006 = SURFACE_STYLE_USAGE ( .BOTH. , #3005 ) ;
#3007 = PRESENTATION_STYLE_ASSIGNMENT (( #3006 ) ) ;
#3008 =( NAMED_UNIT ( * ) PLANE_ANGLE_UNIT ( ) SI_UNIT ( $, .RADIAN. ) );
#3009 =( LENGTH_UNIT ( ) NAMED_UNIT ( * ) SI_UNIT ( .MILLI., .METRE. ) );
#3010 = CARTESIAN_POINT ( 'NONE',  ( 0.3766044545620824100, 0.2935974365335139400, 0.6989999999999999500 ) ) ;
#3011 = DIRECTION ( 'NONE',  ( -1.000000000000000000, 0.0000000000000000000, -0.0000000000000000000 ) ) ;
#3012 = DIRECTION ( 'NONE',  ( -0.0000000000000000000, 0.0000000000000000000, 1.000000000000000000 ) ) ;
#3013 = FILL_AREA_STYLE_COLOUR ( '', #2361 ) ;
#3014 = FILL_AREA_STYLE ('',( #3013 ) ) ;
#3015 = SURFACE_STYLE_FILL_AREA ( #3014 ) ;
#3016 = SURFACE_SIDE_STYLE ('',( #3015 ) ) ;
#3017 = SURFACE_STYLE_USAGE ( .BOTH. , #3016 ) ;
#3018 = PRESENTATION_STYLE_ASSIGNMENT (( #3017 ) ) ;
#3019 =( LENGTH_UNIT ( ) NAMED_UNIT ( * ) SI_UNIT ( .MILLI., .METRE. ) );
#3020 =( NAMED_UNIT ( * ) PLANE_ANGLE_UNIT ( ) SI_UNIT ( $, .RADIAN. ) );
#3021 =( NAMED_UNIT ( * ) SI_UNIT ( $, .STERADIAN. ) SOLID_ANGLE_UNIT ( ) );
#3022 = PLANE ( 'NONE',  #4645 ) ;
#3023 = CARTESIAN_POINT ( 'NONE',  ( -0.5380948977349261400, -0.01169102500494752900, 0.6989999999999999500 ) ) ;
#3024 = DIRECTION ( 'NONE',  ( 0.9079872537420918800, 0.4189977888269748000, 0.0000000000000000000 ) ) ;
#3025 = DIRECTION ( 'NONE',  ( -0.4189977888269748000, 0.9079872537420918800, 0.0000000000000000000 ) ) ;
#3026 = LINE ( 'NONE', #3027, #4637 ) ;
#3027 = CARTESIAN_POINT ( 'NONE',  ( 1.500000000000000200, -1.249999999999999800, 0.5000000000000000000 ) ) ;
#3028 = DIRECTION ( 'NONE',  ( -0.0000000000000000000, -0.0000000000000000000, -1.000000000000000000 ) ) ;
#3029 = LINE ( 'NONE', #3030, #4644 ) ;
#3030 = CARTESIAN_POINT ( 'NONE',  ( -1.500000000000000700, -0.4999999999999995600, -0.5010000000000000000 ) ) ;
#3031 = DIRECTION ( 'NONE',  ( -0.0000000000000000000, -0.0000000000000000000, 1.000000000000000000 ) ) ;
#3032 = LINE ( 'NONE', #3033, #4636 ) ;
#3033 = CARTESIAN_POINT ( 'NONE',  ( 0.8074003947330225000, 0.2935974365335139400, 0.6989999999999999500 ) ) ;
#3034 = DIRECTION ( 'NONE',  ( -0.0000000000000000000, -0.0000000000000000000, 1.000000000000000000 ) ) ;
#3035 = LINE ( 'NONE', #3036, #4649 ) ;
#3036 = CARTESIAN_POINT ( 'NONE',  ( 1.499999999999999800, 0.4999999999999998900, -0.5010000000000000000 ) ) ;
#3037 = DIRECTION ( 'NONE',  ( -0.0000000000000000000, -0.0000000000000000000, 1.000000000000000000 ) ) ;
#3038 = LINE ( 'NONE', #3039, #4642 ) ;
#3039 = CARTESIAN_POINT ( 'NONE',  ( -1.500000000000000000, -1.249999999999999800, 0.5000000000000000000 ) ) ;
#3040 = DIRECTION ( 'NONE',  ( -0.0000000000000000000, -0.0000000000000000000, -1.000000000000000000 ) ) ;
#3041 = FILL_AREA_STYLE_COLOUR ( '', #2475 ) ;
#3042 = FILL_AREA_STYLE ('',( #3041 ) ) ;
#3043 = SURFACE_STYLE_FILL_AREA ( #3042 ) ;
#3044 = SURFACE_SIDE_STYLE ('',( #3043 ) ) ;
#3045 = SURFACE_STYLE_USAGE ( .BOTH. , #3044 ) ;
#3046 = PRESENTATION_STYLE_ASSIGNMENT (( #3045 ) ) ;
#3047 =( LENGTH_UNIT ( ) NAMED_UNIT ( * ) SI_UNIT ( .MILLI., .METRE. ) );
#3048 =( NAMED_UNIT ( * ) PLANE_ANGLE_UNIT ( ) SI_UNIT ( $, .RADIAN. ) );
#3049 =( NAMED_UNIT ( * ) SI_UNIT ( $, .STERADIAN. ) SOLID_ANGLE_UNIT ( ) );
#3050 = CARTESIAN_POINT ( 'NONE',  ( -0.3085985368909091000, 0.1836723897920609900, 0.6989999999999999500 ) ) ;
#3051 = CARTESIAN_POINT ( 'NONE',  ( -0.3085985368909091000, 0.1836723897920609900, 0.7000000000000000700 ) ) ;
#3052 = CARTESIAN_POINT ( 'NONE',  ( -0.3084012017216736200, 0.1892709390417244600, 0.6989999999999998400 ) ) ;
#3053 = CARTESIAN_POINT ( 'NONE',  ( -0.3084012017216736200, 0.1892709390417244600, 0.6999999999999999600 ) ) ;
#3054 = CARTESIAN_POINT ( 'NONE',  ( -0.3080107492836918800, 0.2003483724873770200, 0.6989999999999998400 ) ) ;
#3055 = CARTESIAN_POINT ( 'NONE',  ( -0.3080107492836918800, 0.2003483724873770200, 0.6999999999999999600 ) ) ;
#3056 = CARTESIAN_POINT ( 'NONE',  ( -0.3047086710773311800, 0.2165304147089807400, 0.6990000000000001800 ) ) ;
#3057 = CARTESIAN_POINT ( 'NONE',  ( -0.3047086710773311800, 0.2165304147089807400, 0.7000000000000002900 ) ) ;
#3058 = CARTESIAN_POINT ( 'NONE',  ( -0.2994966978700453500, 0.2319800277883026500, 0.6989999999999997300 ) ) ;
#3059 = CARTESIAN_POINT ( 'NONE',  ( -0.2994966978700453500, 0.2319800277883026500, 0.6999999999999998400 ) ) ;
#3060 = CARTESIAN_POINT ( 'NONE',  ( -0.2921949707766882100, 0.2465442568157301100, 0.6990000000000000700 ) ) ;
#3061 = CARTESIAN_POINT ( 'NONE',  ( -0.2921949707766882100, 0.2465442568157301100, 0.7000000000000001800 ) ) ;
#3062 = CARTESIAN_POINT ( 'NONE',  ( -0.2827822519426217400, 0.2598438753547812100, 0.6989999999999998400 ) ) ;
#3063 = CARTESIAN_POINT ( 'NONE',  ( -0.2827822519426217400, 0.2598438753547812100, 0.6999999999999999600 ) ) ;
#3064 = CARTESIAN_POINT ( 'NONE',  ( -0.2718895867707371000, 0.2720318668389694100, 0.6990000000000000700 ) ) ;
#3065 = CARTESIAN_POINT ( 'NONE',  ( -0.2718895867707371000, 0.2720318668389694100, 0.7000000000000001800 ) ) ;
#3066 = CARTESIAN_POINT ( 'NONE',  ( -0.2589157073038829100, 0.2822778310556980400, 0.6989999999999999500 ) ) ;
#3067 = CARTESIAN_POINT ( 'NONE',  ( -0.2589157073038829100, 0.2822778310556980400, 0.7000000000000000700 ) ) ;
#3068 = CARTESIAN_POINT ( 'NONE',  ( -0.2446807273581059200, 0.2912301303597827900, 0.6990000000000000700 ) ) ;
#3069 = CARTESIAN_POINT ( 'NONE',  ( -0.2446807273581059200, 0.2912301303597827900, 0.7000000000000001800 ) ) ;
#3070 = CARTESIAN_POINT ( 'NONE',  ( -0.2290995853884617300, 0.2982371928613262200, 0.6989999999999999500 ) ) ;
#3071 = CARTESIAN_POINT ( 'NONE',  ( -0.2290995853884617300, 0.2982371928613262200, 0.7000000000000000700 ) ) ;
#3072 = CARTESIAN_POINT ( 'NONE',  ( -0.2127723892795345700, 0.3035229600998772800, 0.6989999999999998400 ) ) ;
#3073 = CARTESIAN_POINT ( 'NONE',  ( -0.2127723892795345700, 0.3035229600998772800, 0.6999999999999999600 ) ) ;
#3074 = CARTESIAN_POINT ( 'NONE',  ( -0.1956731891042971800, 0.3065179312031529000, 0.6990000000000000700 ) ) ;
#3075 = CARTESIAN_POINT ( 'NONE',  ( -0.1956731891042971800, 0.3065179312031529000, 0.7000000000000001800 ) ) ;
#3076 = CARTESIAN_POINT ( 'NONE',  ( -0.1840915247028996100, 0.3069477301839932900, 0.6989999999999998400 ) ) ;
#3077 = CARTESIAN_POINT ( 'NONE',  ( -0.1840915247028996100, 0.3069477301839932900, 0.6999999999999999600 ) ) ;
#3078 = CARTESIAN_POINT ( 'NONE',  ( -0.1782149231088578100, 0.3071658126018900200, 0.6989999999999999500 ) ) ;
#3079 = CARTESIAN_POINT ( 'NONE',  ( -0.1782149231088578100, 0.3071658126018900200, 0.7000000000000000700 ) ) ;
#3080 = LINE ( 'NONE', #3081, #4633 ) ;
#3081 = CARTESIAN_POINT ( 'NONE',  ( -0.6000000000000000900, 1.149999999999999900, -0.5010000000000000000 ) ) ;
#3082 = DIRECTION ( 'NONE',  ( -0.0000000000000000000, -0.0000000000000000000, 1.000000000000000000 ) ) ;
#3083 = LINE ( 'NONE', #3084, #4641 ) ;
#3084 = CARTESIAN_POINT ( 'NONE',  ( 0.5190724032800311200, 0.09208585133052250800, 0.6989999999999999500 ) ) ;
#3085 = DIRECTION ( 'NONE',  ( 0.7383164886267646900, 0.6744544184908601900, 0.0000000000000000000 ) ) ;
#3086 = FILL_AREA_STYLE_COLOUR ( '', #2382 ) ;
#3087 = FILL_AREA_STYLE ('',( #3086 ) ) ;
#3088 = SURFACE_STYLE_FILL_AREA ( #3087 ) ;
#3089 = SURFACE_SIDE_STYLE ('',( #3088 ) ) ;
#3090 = SURFACE_STYLE_USAGE ( .BOTH. , #3089 ) ;
#3091 = PRESENTATION_STYLE_ASSIGNMENT (( #3090 ) ) ;
#3092 =( LENGTH_UNIT ( ) NAMED_UNIT ( * ) SI_UNIT ( .MILLI., .METRE. ) );
#3093 =( NAMED_UNIT ( * ) PLANE_ANGLE_UNIT ( ) SI_UNIT ( $, .RADIAN. ) );
#3094 =( NAMED_UNIT ( * ) SI_UNIT ( $, .STERADIAN. ) SOLID_ANGLE_UNIT ( ) );
#3095 = CARTESIAN_POINT ( 'NONE',  ( -0.2977862372114219400, -0.1066696574835800000, 0.6989999999999999500 ) ) ;
#3096 = CARTESIAN_POINT ( 'NONE',  ( -0.2977862372114219400, -0.1066696574835800000, 0.7000000000000001800 ) ) ;
#3097 = CARTESIAN_POINT ( 'NONE',  ( -0.2936257418175913800, -0.1136341537791546700, 0.6989999999999999500 ) ) ;
#3098 = CARTESIAN_POINT ( 'NONE',  ( -0.2936257418175913800, -0.1136341537791546700, 0.7000000000000001800 ) ) ;
#3099 = CARTESIAN_POINT ( 'NONE',  ( -0.2856543931987951500, -0.1269778599177704400, 0.6989999999999999500 ) ) ;
#3100 = CARTESIAN_POINT ( 'NONE',  ( -0.2856543931987951500, -0.1269778599177704400, 0.7000000000000001800 ) ) ;
#3101 = CARTESIAN_POINT ( 'NONE',  ( -0.2723569853269303700, -0.1450085398397403000, 0.6989999999999998400 ) ) ;
#3102 = CARTESIAN_POINT ( 'NONE',  ( -0.2723569853269303700, -0.1450085398397403000, 0.7000000000000000700 ) ) ;
#3103 = CARTESIAN_POINT ( 'NONE',  ( -0.2585785570911309200, -0.1603335325878264300, 0.6990000000000002900 ) ) ;
#3104 = CARTESIAN_POINT ( 'NONE',  ( -0.2585785570911309200, -0.1603335325878264300, 0.7000000000000005100 ) ) ;
#3105 = CARTESIAN_POINT ( 'NONE',  ( -0.2442170745187748100, -0.1728636863468245000, 0.6989999999999997300 ) ) ;
#3106 = CARTESIAN_POINT ( 'NONE',  ( -0.2442170745187748100, -0.1728636863468245000, 0.6999999999999999600 ) ) ;
#3107 = CARTESIAN_POINT ( 'NONE',  ( -0.2293601990288440300, -0.1827286966050954700, 0.6990000000000000700 ) ) ;
#3108 = CARTESIAN_POINT ( 'NONE',  ( -0.2293601990288440300, -0.1827286966050954700, 0.7000000000000002900 ) ) ;
#3109 = CARTESIAN_POINT ( 'NONE',  ( -0.2139109432853193700, -0.1897140340196853700, 0.6989999999999999500 ) ) ;
#3110 = CARTESIAN_POINT ( 'NONE',  ( -0.2139109432853193700, -0.1897140340196853700, 0.7000000000000001800 ) ) ;
#3111 = CARTESIAN_POINT ( 'NONE',  ( -0.1979213695229947200, -0.1940707350579715900, 0.6990000000000000700 ) ) ;
#3112 = CARTESIAN_POINT ( 'NONE',  ( -0.1979213695229947200, -0.1940707350579715900, 0.7000000000000002900 ) ) ;
#3113 = CARTESIAN_POINT ( 'NONE',  ( -0.1870396131802719900, -0.1945999148108784600, 0.6989999999999999500 ) ) ;
#3114 = CARTESIAN_POINT ( 'NONE',  ( -0.1870396131802719900, -0.1945999148108784600, 0.7000000000000001800 ) ) ;
#3115 = CARTESIAN_POINT ( 'NONE',  ( -0.1816070171259517900, -0.1948641019280244500, 0.6989999999999999500 ) ) ;
#3116 = CARTESIAN_POINT ( 'NONE',  ( -0.1816070171259517900, -0.1948641019280244500, 0.7000000000000001800 ) ) ;
#3117 = LINE ( 'NONE', #3118, #4018 ) ;
#3118 = CARTESIAN_POINT ( 'NONE',  ( -0.6000000000000002000, -0.7000000000000002900, -0.5010000000000000000 ) ) ;
#3119 = DIRECTION ( 'NONE',  ( 0.0000000000000000000, 0.0000000000000000000, 1.000000000000000000 ) ) ;
#3120 = LINE ( 'NONE', #3121, #4026 ) ;
#3121 = CARTESIAN_POINT ( 'NONE',  ( 1.500000000000000200, -1.249999999999999800, 0.5000000000000000000 ) ) ;
#3122 = DIRECTION ( 'NONE',  ( 1.000000000000000000, -0.0000000000000000000, -0.0000000000000000000 ) ) ;
#3123 = FILL_AREA_STYLE_COLOUR ( '', #2508 ) ;
#3124 = FILL_AREA_STYLE ('',( #3123 ) ) ;
#3125 = SURFACE_STYLE_FILL_AREA ( #3124 ) ;
#3126 = SURFACE_SIDE_STYLE ('',( #3125 ) ) ;
#3127 = SURFACE_STYLE_USAGE ( .BOTH. , #3126 ) ;
#3128 = PRESENTATION_STYLE_ASSIGNMENT (( #3127 ) ) ;
#3129 =( LENGTH_UNIT ( ) NAMED_UNIT ( * ) SI_UNIT ( .MILLI., .METRE. ) );
#3130 =( NAMED_UNIT ( * ) PLANE_ANGLE_UNIT ( ) SI_UNIT ( $, .RADIAN. ) );
#3131 =( NAMED_UNIT ( * ) SI_UNIT ( $, .STERADIAN. ) SOLID_ANGLE_UNIT ( ) );
#3132 = CARTESIAN_POINT ( 'NONE',  ( -0.2790237171793705800, 0.1031101568860780800, 0.6989999999999999500 ) ) ;
#3133 = CARTESIAN_POINT ( 'NONE',  ( -0.2790237171793705800, 0.1031101568860780800, 0.6999999999999999600 ) ) ;
#3134 = CARTESIAN_POINT ( 'NONE',  ( -0.2813630186607467000, 0.1062248374580821900, 0.6989999999999999500 ) ) ;
#3135 = CARTESIAN_POINT ( 'NONE',  ( -0.2813630186607467000, 0.1062248374580821900, 0.6999999999999999600 ) ) ;
#3136 = CARTESIAN_POINT ( 'NONE',  ( -0.2859635689736628200, 0.1123502748137401600, 0.6990000000000001800 ) ) ;
#3137 = CARTESIAN_POINT ( 'NONE',  ( -0.2859635689736628200, 0.1123502748137401600, 0.7000000000000001800 ) ) ;
#3138 = CARTESIAN_POINT ( 'NONE',  ( -0.2920362864665992400, 0.1219243902143339700, 0.6989999999999994000 ) ) ;
#3139 = CARTESIAN_POINT ( 'NONE',  ( -0.2920362864665992400, 0.1219243902143339700, 0.6999999999999994000 ) ) ;
#3140 = CARTESIAN_POINT ( 'NONE',  ( -0.2971978027468317700, 0.1317250505797769900, 0.6990000000000004000 ) ) ;
#3141 = CARTESIAN_POINT ( 'NONE',  ( -0.2971978027468317700, 0.1317250505797769900, 0.7000000000000004000 ) ) ;
#3142 = CARTESIAN_POINT ( 'NONE',  ( -0.3012440124864770300, 0.1417785920079943400, 0.6990000000000000700 ) ) ;
#3143 = CARTESIAN_POINT ( 'NONE',  ( -0.3012440124864770300, 0.1417785920079943400, 0.7000000000000000700 ) ) ;
#3144 = CARTESIAN_POINT ( 'NONE',  ( -0.3046512741443648300, 0.1519438729220808900, 0.6989999999999997300 ) ) ;
#3145 = CARTESIAN_POINT ( 'NONE',  ( -0.3046512741443648300, 0.1519438729220808900, 0.6999999999999997300 ) ) ;
#3146 = CARTESIAN_POINT ( 'NONE',  ( -0.3069430089076470300, 0.1623535255457135300, 0.6990000000000000700 ) ) ;
#3147 = CARTESIAN_POINT ( 'NONE',  ( -0.3069430089076470300, 0.1623535255457135300, 0.7000000000000000700 ) ) ;
#3148 = CARTESIAN_POINT ( 'NONE',  ( -0.3083780177270567500, 0.1729608404802254500, 0.6989999999999999500 ) ) ;
#3149 = CARTESIAN_POINT ( 'NONE',  ( -0.3083780177270567500, 0.1729608404802254500, 0.6999999999999999600 ) ) ;
#3150 = CARTESIAN_POINT ( 'NONE',  ( -0.3085249728338479400, 0.1800990721219618000, 0.6989999999999998400 ) ) ;
#3151 = CARTESIAN_POINT ( 'NONE',  ( -0.3085249728338479400, 0.1800990721219618000, 0.6999999999999998400 ) ) ;
#3152 = CARTESIAN_POINT ( 'NONE',  ( -0.3085985368909091600, 0.1836723897920610200, 0.6990000000000000700 ) ) ;
#3153 = CARTESIAN_POINT ( 'NONE',  ( -0.3085985368909091600, 0.1836723897920610200, 0.7000000000000000700 ) ) ;
#3154 = FILL_AREA_STYLE_COLOUR ( '', #2482 ) ;
#3155 = FILL_AREA_STYLE ('',( #3154 ) ) ;
#3156 = SURFACE_STYLE_FILL_AREA ( #3155 ) ;
#3157 = SURFACE_SIDE_STYLE ('',( #3156 ) ) ;
#3158 = SURFACE_STYLE_USAGE ( .BOTH. , #3157 ) ;
#3159 = PRESENTATION_STYLE_ASSIGNMENT (( #3158 ) ) ;
#3160 =( LENGTH_UNIT ( ) NAMED_UNIT ( * ) SI_UNIT ( .MILLI., .METRE. ) );
#3161 =( NAMED_UNIT ( * ) PLANE_ANGLE_UNIT ( ) SI_UNIT ( $, .RADIAN. ) );
#3162 =( NAMED_UNIT ( * ) SI_UNIT ( $, .STERADIAN. ) SOLID_ANGLE_UNIT ( ) );
#3163 = CARTESIAN_POINT ( 'NONE',  ( -0.2611092206515928700, 0.1858984514907789400, 0.6989999999999999500 ) ) ;
#3164 = CARTESIAN_POINT ( 'NONE',  ( -0.2611092206515928700, 0.1858984514907789400, 0.7000000000000000700 ) ) ;
#3165 = CARTESIAN_POINT ( 'NONE',  ( -0.2610497836484578200, 0.1830634065209711400, 0.6989999999999999500 ) ) ;
#3166 = CARTESIAN_POINT ( 'NONE',  ( -0.2610497836484578200, 0.1830634065209711400, 0.7000000000000000700 ) ) ;
#3167 = CARTESIAN_POINT ( 'NONE',  ( -0.2609308124509946400, 0.1773886807250868200, 0.6989999999999999500 ) ) ;
#3168 = CARTESIAN_POINT ( 'NONE',  ( -0.2609308124509946400, 0.1773886807250868200, 0.7000000000000000700 ) ) ;
#3169 = CARTESIAN_POINT ( 'NONE',  ( -0.2592715275626957800, 0.1690049538344296800, 0.6990000000000000700 ) ) ;
#3170 = CARTESIAN_POINT ( 'NONE',  ( -0.2592715275626957800, 0.1690049538344296800, 0.7000000000000001800 ) ) ;
#3171 = CARTESIAN_POINT ( 'NONE',  ( -0.2571398433035940200, 0.1606424060889941100, 0.6989999999999997300 ) ) ;
#3172 = CARTESIAN_POINT ( 'NONE',  ( -0.2571398433035940200, 0.1606424060889941100, 0.6999999999999998400 ) ) ;
#3173 = CARTESIAN_POINT ( 'NONE',  ( -0.2537618501694455200, 0.1523386346366855400, 0.6990000000000000700 ) ) ;
#3174 = CARTESIAN_POINT ( 'NONE',  ( -0.2537618501694455200, 0.1523386346366855400, 0.7000000000000001800 ) ) ;
#3175 = CARTESIAN_POINT ( 'NONE',  ( -0.2490983340275365300, 0.1439484160656886200, 0.6989999999999998400 ) ) ;
#3176 = CARTESIAN_POINT ( 'NONE',  ( -0.2490983340275365300, 0.1439484160656886200, 0.6999999999999999600 ) ) ;
#3177 = CARTESIAN_POINT ( 'NONE',  ( -0.2429743371940740500, 0.1353272724110030400, 0.6989999999999999500 ) ) ;
#3178 = CARTESIAN_POINT ( 'NONE',  ( -0.2429743371940740500, 0.1353272724110030400, 0.7000000000000000700 ) ) ;
#3179 = CARTESIAN_POINT ( 'NONE',  ( -0.2352616102531845400, 0.1263992164570034700, 0.6989999999999998400 ) ) ;
#3180 = CARTESIAN_POINT ( 'NONE',  ( -0.2352616102531845400, 0.1263992164570034700, 0.6999999999999999600 ) ) ;
#3181 = CARTESIAN_POINT ( 'NONE',  ( -0.2293535381476725900, 0.1205923873267500000, 0.6989999999999998400 ) ) ;
#3182 = CARTESIAN_POINT ( 'NONE',  ( -0.2293535381476725900, 0.1205923873267500000, 0.6999999999999999600 ) ) ;
#3183 = CARTESIAN_POINT ( 'NONE',  ( -0.2262342540383450200, 0.1175265564587276900, 0.6989999999999999500 ) ) ;
#3184 = CARTESIAN_POINT ( 'NONE',  ( -0.2262342540383450200, 0.1175265564587276900, 0.7000000000000000700 ) ) ;
#3185 = LINE ( 'NONE', #3186, #4024 ) ;
#3186 = CARTESIAN_POINT ( 'NONE',  ( 0.4715830870407147200, 0.2935974365335139400, 0.6989999999999999500 ) ) ;
#3187 = DIRECTION ( 'NONE',  ( -0.0000000000000000000, -0.0000000000000000000, 1.000000000000000000 ) ) ;
#3188 = CARTESIAN_POINT ( 'NONE',  ( 1.325000000000000200, 0.9749999999999999800, 0.5000000000000000000 ) ) ;
#3189 = LINE ( 'NONE', #3190, #4028 ) ;
#3190 = CARTESIAN_POINT ( 'NONE',  ( 1.456000000000000000, -0.2000000000000003700, -0.5000000000000000000 ) ) ;
#3191 = DIRECTION ( 'NONE',  ( -0.0000000000000000000, -0.0000000000000000000, 1.000000000000000000 ) ) ;
#3192 = LINE ( 'NONE', #3193, #4040 ) ;
#3193 = CARTESIAN_POINT ( 'NONE',  ( -0.6342395625319347000, 0.2935974365335139400, 0.6989999999999999500 ) ) ;
#3194 = DIRECTION ( 'NONE',  ( 1.000000000000000000, 0.0000000000000000000, 0.0000000000000000000 ) ) ;
#3195 = DIRECTION ( 'NONE',  ( 0.0000000000000000000, 0.0000000000000000000, 1.000000000000000000 ) ) ;
#3196 = DIRECTION ( 'NONE',  ( -1.000000000000000000, 0.0000000000000000000, 0.0000000000000000000 ) ) ;
#3197 = LINE ( 'NONE', #3198, #4044 ) ;
#3198 = CARTESIAN_POINT ( 'NONE',  ( 1.325000000000000200, -1.099999999999999900, 0.5000000000000000000 ) ) ;
#3199 = DIRECTION ( 'NONE',  ( 1.000000000000000000, -0.0000000000000000000, -0.0000000000000000000 ) ) ;
#3200 = LINE ( 'NONE', #3201, #4041 ) ;
#3201 = CARTESIAN_POINT ( 'NONE',  ( 1.499999999999999800, 0.4999999999999998900, -0.5010000000000000000 ) ) ;
#3202 = DIRECTION ( 'NONE',  ( -0.0000000000000000000, -1.000000000000000000, -0.0000000000000000000 ) ) ;
#3203 = LINE ( 'NONE', #3204, #4029 ) ;
#3204 = CARTESIAN_POINT ( 'NONE',  ( 0.5999999999999994200, -0.5000000000000004400, -0.5010000000000000000 ) ) ;
#3205 = DIRECTION ( 'NONE',  ( -0.0000000000000000000, -0.0000000000000000000, 1.000000000000000000 ) ) ;
#3206 = LINE ( 'NONE', #3207, #4025 ) ;
#3207 = CARTESIAN_POINT ( 'NONE',  ( 1.456000000000000000, 1.250000000000000200, 0.5000000000000000000 ) ) ;
#3208 = DIRECTION ( 'NONE',  ( 0.0000000000000000000, -1.000000000000000000, 0.0000000000000000000 ) ) ;
#3209 = LINE ( 'NONE', #3210, #4047 ) ;
#3210 = CARTESIAN_POINT ( 'NONE',  ( 0.5473751877351591400, 0.05615085533693277300, 0.6989999999999999500 ) ) ;
#3211 = DIRECTION ( 'NONE',  ( -0.0000000000000000000, -0.0000000000000000000, 1.000000000000000000 ) ) ;
#3212 = LINE ( 'NONE', #3213, #4043 ) ;
#3213 = CARTESIAN_POINT ( 'NONE',  ( 0.7396645173291763700, 0.2935974365335139400, 0.6989999999999999500 ) ) ;
#3214 = DIRECTION ( 'NONE',  ( 1.000000000000000000, 0.0000000000000000000, 0.0000000000000000000 ) ) ;
#3215 = LINE ( 'NONE', #3216, #4037 ) ;
#3216 = CARTESIAN_POINT ( 'NONE',  ( 1.499999999999999600, -0.5000000000000007800, -0.5010000000000000000 ) ) ;
#3217 = DIRECTION ( 'NONE',  ( 0.0000000000000000000, -1.000000000000000000, 0.0000000000000000000 ) ) ;
#3218 = LINE ( 'NONE', #3219, #4034 ) ;
#3219 = CARTESIAN_POINT ( 'NONE',  ( 1.456000000000000000, 0.4500000000000004600, -0.5000000000000000000 ) ) ;
#3220 = DIRECTION ( 'NONE',  ( -0.0000000000000000000, -0.0000000000000000000, 1.000000000000000000 ) ) ;
#3221 = LINE ( 'NONE', #3222, #4036 ) ;
#3222 = CARTESIAN_POINT ( 'NONE',  ( 0.5999999999999995300, 0.4999999999999997800, -0.5010000000000000000 ) ) ;
#3223 = DIRECTION ( 'NONE',  ( 5.004010026856174200E-016, 1.000000000000000000, 0.0000000000000000000 ) ) ;
#3224 = FILL_AREA_STYLE_COLOUR ( '', #2352 ) ;
#3225 = FILL_AREA_STYLE ('',( #3224 ) ) ;
#3226 = SURFACE_STYLE_FILL_AREA ( #3225 ) ;
#3227 = SURFACE_SIDE_STYLE ('',( #3226 ) ) ;
#3228 = SURFACE_STYLE_USAGE ( .BOTH. , #3227 ) ;
#3229 = PRESENTATION_STYLE_ASSIGNMENT (( #3228 ) ) ;
#3230 =( LENGTH_UNIT ( ) NAMED_UNIT ( * ) SI_UNIT ( .MILLI., .METRE. ) );
#3231 =( NAMED_UNIT ( * ) PLANE_ANGLE_UNIT ( ) SI_UNIT ( $, .RADIAN. ) );
#3232 =( NAMED_UNIT ( * ) SI_UNIT ( $, .STERADIAN. ) SOLID_ANGLE_UNIT ( ) );
#3233 = CARTESIAN_POINT ( 'NONE',  ( -0.2262342540383450200, 0.1175265564587276900, 0.6989999999999999500 ) ) ;
#3234 = CARTESIAN_POINT ( 'NONE',  ( -0.2262342540383450200, 0.1175265564587276900, 0.6999999999999999600 ) ) ;
#3235 = CARTESIAN_POINT ( 'NONE',  ( -0.2250759274957539200, 0.1164928632699069300, 0.6989999999999999500 ) ) ;
#3236 = CARTESIAN_POINT ( 'NONE',  ( -0.2250759274957539200, 0.1164928632699069300, 0.6999999999999999600 ) ) ;
#3237 = CARTESIAN_POINT ( 'NONE',  ( -0.2223240087738629600, 0.1140370448677456600, 0.6990000000000001800 ) ) ;
#3238 = CARTESIAN_POINT ( 'NONE',  ( -0.2223240087738629600, 0.1140370448677456600, 0.7000000000000001800 ) ) ;
#3239 = CARTESIAN_POINT ( 'NONE',  ( -0.2172930057156038400, 0.1100165452942273700, 0.6989999999999999500 ) ) ;
#3240 = CARTESIAN_POINT ( 'NONE',  ( -0.2172930057156038400, 0.1100165452942273700, 0.6999999999999999600 ) ) ;
#3241 = LINE ( 'NONE', #3242, #3510 ) ;
#3242 = CARTESIAN_POINT ( 'NONE',  ( 1.600000000000000300, 1.150000000000000100, 0.5000000000000000000 ) ) ;
#3243 = DIRECTION ( 'NONE',  ( -9.427844978134821400E-017, 1.000000000000000000, -0.0000000000000000000 ) ) ;
#3244 = LINE ( 'NONE', #3245, #3499 ) ;
#3245 = CARTESIAN_POINT ( 'NONE',  ( -0.1551062826174047500, 0.06484309625573621300, 0.6989999999999999500 ) ) ;
#3246 = DIRECTION ( 'NONE',  ( -0.0000000000000000000, -0.0000000000000000000, 1.000000000000000000 ) ) ;
#3247 = LINE ( 'NONE', #3248, #3523 ) ;
#3248 = CARTESIAN_POINT ( 'NONE',  ( 1.600000000000000500, 0.1999999999999995900, -0.5000000000000000000 ) ) ;
#3249 = DIRECTION ( 'NONE',  ( 1.000000000000000000, -5.270427227360074300E-015, -0.0000000000000000000 ) ) ;
#3250 = FILL_AREA_STYLE_COLOUR ( '', #2366 ) ;
#3251 = FILL_AREA_STYLE ('',( #3250 ) ) ;
#3252 = SURFACE_STYLE_FILL_AREA ( #3251 ) ;
#3253 = SURFACE_SIDE_STYLE ('',( #3252 ) ) ;
#3254 = SURFACE_STYLE_USAGE ( .BOTH. , #3253 ) ;
#3255 = PRESENTATION_STYLE_ASSIGNMENT (( #3254 ) ) ;
#3256 =( LENGTH_UNIT ( ) NAMED_UNIT ( * ) SI_UNIT ( .MILLI., .METRE. ) );
#3257 =( NAMED_UNIT ( * ) PLANE_ANGLE_UNIT ( ) SI_UNIT ( $, .RADIAN. ) );
#3258 =( NAMED_UNIT ( * ) SI_UNIT ( $, .STERADIAN. ) SOLID_ANGLE_UNIT ( ) );
#3259 = CARTESIAN_POINT ( 'NONE',  ( 0.0000000000000000000, 0.0000000000000000000, -0.5010000000000000000 ) ) ;
#3260 = DIRECTION ( 'NONE',  ( 0.0000000000000000000, 0.0000000000000000000, -1.000000000000000000 ) ) ;
#3261 = DIRECTION ( 'NONE',  ( -1.000000000000000000, 0.0000000000000000000, -0.0000000000000000000 ) ) ;
#3262 = LINE ( 'NONE', #3263, #3506 ) ;
#3263 = CARTESIAN_POINT ( 'NONE',  ( -1.500000000000000700, -0.4999999999999995600, -0.5000000000000000000 ) ) ;
#3264 = DIRECTION ( 'NONE',  ( 1.000000000000000000, -3.614007241618346800E-016, 0.0000000000000000000 ) ) ;
#3265 = PLANE ( 'NONE',  #3502 ) ;
#3266 = LINE ( 'NONE', #3267, #3509 ) ;
#3267 = CARTESIAN_POINT ( 'NONE',  ( -0.6313774832050116400, 0.1904565778262490000, 0.6989999999999999500 ) ) ;
#3268 = DIRECTION ( 'NONE',  ( -0.0000000000000000000, -0.0000000000000000000, 1.000000000000000000 ) ) ;
#3269 = LINE ( 'NONE', #3270, #3492 ) ;
#3270 = CARTESIAN_POINT ( 'NONE',  ( -0.3832246052669774400, -0.2355692301331526500, 0.6999999999999999600 ) ) ;
#3271 = DIRECTION ( 'NONE',  ( -1.000000000000000000, 0.0000000000000000000, 0.0000000000000000000 ) ) ;
#3272 = FILL_AREA_STYLE_COLOUR ( '', #2461 ) ;
#3273 = FILL_AREA_STYLE ('',( #3272 ) ) ;
#3274 = SURFACE_STYLE_FILL_AREA ( #3273 ) ;
#3275 = SURFACE_SIDE_STYLE ('',( #3274 ) ) ;
#3276 = SURFACE_STYLE_USAGE ( .BOTH. , #3275 ) ;
#3277 = PRESENTATION_STYLE_ASSIGNMENT (( #3276 ) ) ;
#3278 =( LENGTH_UNIT ( ) NAMED_UNIT ( * ) SI_UNIT ( .MILLI., .METRE. ) );
#3279 =( NAMED_UNIT ( * ) PLANE_ANGLE_UNIT ( ) SI_UNIT ( $, .RADIAN. ) );
#3280 =( NAMED_UNIT ( * ) SI_UNIT ( $, .STERADIAN. ) SOLID_ANGLE_UNIT ( ) );
#3281 = CARTESIAN_POINT ( 'NONE',  ( -1.500000000000000700, -0.4999999999999995600, -0.5010000000000000000 ) ) ;
#3282 = DIRECTION ( 'NONE',  ( -3.614007241618346300E-016, -1.000000000000000000, 0.0000000000000000000 ) ) ;
#3283 = DIRECTION ( 'NONE',  ( 1.000000000000000000, -3.614007241618346300E-016, 0.0000000000000000000 ) ) ;
#3284 = FILL_AREA_STYLE_COLOUR ( '', #2454 ) ;
#3285 = FILL_AREA_STYLE ('',( #3284 ) ) ;
#3286 = SURFACE_STYLE_FILL_AREA ( #3285 ) ;
#3287 = SURFACE_SIDE_STYLE ('',( #3286 ) ) ;
#3288 = SURFACE_STYLE_USAGE ( .BOTH. , #3287 ) ;
#3289 = PRESENTATION_STYLE_ASSIGNMENT (( #3288 ) ) ;
#3290 =( LENGTH_UNIT ( ) NAMED_UNIT ( * ) SI_UNIT ( .MILLI., .METRE. ) );
#3291 =( NAMED_UNIT ( * ) PLANE_ANGLE_UNIT ( ) SI_UNIT ( $, .RADIAN. ) );
#3292 =( NAMED_UNIT ( * ) SI_UNIT ( $, .STERADIAN. ) SOLID_ANGLE_UNIT ( ) );
#3293 = PLANE ( 'NONE',  #3513 ) ;
#3294 = CARTESIAN_POINT ( 'NONE',  ( -1.456000000000000000, -0.4500000000000001200, -0.5000000000000000000 ) ) ;
#3295 = DIRECTION ( 'NONE',  ( 1.000000000000000000, -0.0000000000000000000, 0.0000000000000000000 ) ) ;
#3296 = DIRECTION ( 'NONE',  ( 0.0000000000000000000, 0.0000000000000000000, -1.000000000000000000 ) ) ;
#3297 = LINE ( 'NONE', #3298, #3522 ) ;
#3298 = CARTESIAN_POINT ( 'NONE',  ( -0.8334190830981739200, -0.2355692301331526500, 0.6989999999999999500 ) ) ;
#3299 = DIRECTION ( 'NONE',  ( -1.000000000000000000, 0.0000000000000000000, 0.0000000000000000000 ) ) ;
#3300 = PLANE ( 'NONE',  #3518 ) ;
#3301 = LINE ( 'NONE', #3302, #3490 ) ;
#3302 = CARTESIAN_POINT ( 'NONE',  ( -1.500000000000000200, -1.149999999999999900, -0.5000000000000000000 ) ) ;
#3303 = DIRECTION ( 'NONE',  ( -1.000000000000000000, -0.0000000000000000000, -0.0000000000000000000 ) ) ;
#3304 = LINE ( 'NONE', #3305, #3498 ) ;
#3305 = CARTESIAN_POINT ( 'NONE',  ( -1.175000000000000000, -0.7499999999999997800, 0.6999000000000000800 ) ) ;
#3306 = DIRECTION ( 'NONE',  ( -0.0000000000000000000, -0.0000000000000000000, 1.000000000000000000 ) ) ;
#3307 = LINE ( 'NONE', #3308, #3515 ) ;
#3308 = CARTESIAN_POINT ( 'NONE',  ( 0.3766044545620824100, -0.1812957258596483700, 0.6999999999999999600 ) ) ;
#3309 = DIRECTION ( 'NONE',  ( 0.0000000000000000000, -1.000000000000000000, 0.0000000000000000000 ) ) ;
#3310 = LINE ( 'NONE', #3311, #3497 ) ;
#3311 = CARTESIAN_POINT ( 'NONE',  ( 1.600000000000000500, -0.4499999999999996200, -0.5000000000000000000 ) ) ;
#3312 = DIRECTION ( 'NONE',  ( -0.0000000000000000000, -0.0000000000000000000, 1.000000000000000000 ) ) ;
#3313 = LINE ( 'NONE', #3314, #3508 ) ;
#3314 = CARTESIAN_POINT ( 'NONE',  ( -0.3832246052669774400, -0.2355692301331526500, 0.6989999999999999500 ) ) ;
#3315 = DIRECTION ( 'NONE',  ( -0.0000000000000000000, -0.0000000000000000000, 1.000000000000000000 ) ) ;
#3316 = FILL_AREA_STYLE_COLOUR ( '', #2370 ) ;
#3317 = FILL_AREA_STYLE ('',( #3316 ) ) ;
#3318 = SURFACE_STYLE_FILL_AREA ( #3317 ) ;
#3319 = SURFACE_SIDE_STYLE ('',( #3318 ) ) ;
#3320 = SURFACE_STYLE_USAGE ( .BOTH. , #3319 ) ;
#3321 = PRESENTATION_STYLE_ASSIGNMENT (( #3320 ) ) ;
#3322 =( LENGTH_UNIT ( ) NAMED_UNIT ( * ) SI_UNIT ( .MILLI., .METRE. ) );
#3323 =( NAMED_UNIT ( * ) PLANE_ANGLE_UNIT ( ) SI_UNIT ( $, .RADIAN. ) );
#3324 =( NAMED_UNIT ( * ) SI_UNIT ( $, .STERADIAN. ) SOLID_ANGLE_UNIT ( ) );
#3325 = CARTESIAN_POINT ( 'NONE',  ( -1.100000000000000100, -0.7499999999999997800, 0.6999000000000000800 ) ) ;
#3326 = DIRECTION ( 'NONE',  ( 0.0000000000000000000, 0.0000000000000000000, 1.000000000000000000 ) ) ;
#3327 = DIRECTION ( 'NONE',  ( 1.000000000000000000, 0.0000000000000000000, -0.0000000000000000000 ) ) ;
#3328 = LINE ( 'NONE', #3329, #3524 ) ;
#3329 = CARTESIAN_POINT ( 'NONE',  ( 0.5190724032800311200, 0.09208585133052250800, 0.6999999999999999600 ) ) ;
#3330 = DIRECTION ( 'NONE',  ( 0.7383164886267646900, 0.6744544184908601900, 0.0000000000000000000 ) ) ;
#3331 = CARTESIAN_POINT ( 'NONE',  ( -0.2790237171793705800, 0.1031101568860780800, 0.6989999999999999500 ) ) ;
#3332 = LINE ( 'NONE', #3333, #3505 ) ;
#3333 = CARTESIAN_POINT ( 'NONE',  ( -0.3832246052669774400, -0.2355692301331526500, 0.6989999999999999500 ) ) ;
#3334 = DIRECTION ( 'NONE',  ( -1.000000000000000000, 0.0000000000000000000, 0.0000000000000000000 ) ) ;
#3335 = LINE ( 'NONE', #3336, #3504 ) ;
#3336 = CARTESIAN_POINT ( 'NONE',  ( -1.600000000000000100, 1.149999999999999500, -0.5000000000000000000 ) ) ;
#3337 = DIRECTION ( 'NONE',  ( 0.0000000000000000000, -1.000000000000000000, 0.0000000000000000000 ) ) ;
#3338 = LINE ( 'NONE', #3339, #3494 ) ;
#3339 = CARTESIAN_POINT ( 'NONE',  ( -1.600000000000000100, 0.4500000000000000100, -0.5000000000000000000 ) ) ;
#3340 = DIRECTION ( 'NONE',  ( -0.0000000000000000000, -0.0000000000000000000, 1.000000000000000000 ) ) ;
#3341 = LINE ( 'NONE', #3342, #3500 ) ;
#3342 = CARTESIAN_POINT ( 'NONE',  ( -1.456000000000000000, 1.250000000000000200, 0.5000000000000000000 ) ) ;
#3343 = DIRECTION ( 'NONE',  ( 0.0000000000000000000, 1.000000000000000000, 0.0000000000000000000 ) ) ;
#3344 = LINE ( 'NONE', #3345, #3516 ) ;
#3345 = CARTESIAN_POINT ( 'NONE',  ( 0.3766044545620824100, 0.2393239322600097000, 0.6999999999999999600 ) ) ;
#3346 = DIRECTION ( 'NONE',  ( -1.000000000000000000, 0.0000000000000000000, 0.0000000000000000000 ) ) ;
#3347 = LINE ( 'NONE', #3348, #3503 ) ;
#3348 = CARTESIAN_POINT ( 'NONE',  ( 0.07810018105780894300, 0.2935974365335139400, 0.6999999999999999600 ) ) ;
#3349 = DIRECTION ( 'NONE',  ( 1.000000000000000000, 0.0000000000000000000, 0.0000000000000000000 ) ) ;
#3350 = LINE ( 'NONE', #3351, #3493 ) ;
#3351 = CARTESIAN_POINT ( 'NONE',  ( 0.3766044545620824100, 0.2393239322600097000, 0.6989999999999999500 ) ) ;
#3352 = DIRECTION ( 'NONE',  ( -0.0000000000000000000, -0.0000000000000000000, 1.000000000000000000 ) ) ;
#3353 = LINE ( 'NONE', #3354, #1312 ) ;
#3354 = CARTESIAN_POINT ( 'NONE',  ( 1.600000000000000500, -0.1999999999999995900, -0.5000000000000000000 ) ) ;
#3355 = DIRECTION ( 'NONE',  ( -1.000000000000000000, -5.270427227360074300E-015, 0.0000000000000000000 ) ) ;
#3356 = LINE ( 'NONE', #3357, #1315 ) ;
#3357 = CARTESIAN_POINT ( 'NONE',  ( -0.3425194770618492100, -0.1334884008062295900, 0.6999999999999999600 ) ) ;
#3358 = DIRECTION ( 'NONE',  ( 0.8576722029112564500, 0.5141968420297352600, 0.0000000000000000000 ) ) ;
#3359 = LINE ( 'NONE', #3360, #1319 ) ;
#3360 = CARTESIAN_POINT ( 'NONE',  ( 1.450000000000000200, -0.9750000000000000900, 0.6999999999999999600 ) ) ;
#3361 = DIRECTION ( 'NONE',  ( -0.0000000000000000000, -0.0000000000000000000, -1.000000000000000000 ) ) ;
#3362 = LINE ( 'NONE', #3363, #1306 ) ;
#3363 = CARTESIAN_POINT ( 'NONE',  ( -0.03723101552338768000, 0.2175933299630011800, 0.6989999999999999500 ) ) ;
#3364 = DIRECTION ( 'NONE',  ( -0.7969199129874917600, -0.6040849710794075100, 0.0000000000000000000 ) ) ;
#3365 = LINE ( 'NONE', #3366, #1320 ) ;
#3366 = CARTESIAN_POINT ( 'NONE',  ( -0.6274553744977466900, 0.2935974365335139400, 0.6989999999999999500 ) ) ;
#3367 = DIRECTION ( 'NONE',  ( 0.4190581774617470100, -0.9079593845004516600, 0.0000000000000000000 ) ) ;
#3368 = LINE ( 'NONE', #3369, #1300 ) ;
#3369 = CARTESIAN_POINT ( 'NONE',  ( -0.8334190830981739200, -0.2355692301331526500, 0.6989999999999999500 ) ) ;
#3370 = DIRECTION ( 'NONE',  ( -0.0000000000000000000, -0.0000000000000000000, 1.000000000000000000 ) ) ;
#3371 = LINE ( 'NONE', #3372, #1309 ) ;
#3372 = CARTESIAN_POINT ( 'NONE',  ( 1.600000000000000800, 0.4500000000000024000, 0.5000000000000000000 ) ) ;
#3373 = DIRECTION ( 'NONE',  ( -1.000000000000000000, -7.529181753371558500E-016, 0.0000000000000000000 ) ) ;
#3374 = CARTESIAN_POINT ( 'NONE',  ( -0.2813630186607467000, 0.1062248374580821900, 0.6989999999999999500 ) ) ;
#3375 = CARTESIAN_POINT ( 'NONE',  ( -0.2859635689736628200, 0.1123502748137401600, 0.6990000000000001800 ) ) ;
#3376 = CARTESIAN_POINT ( 'NONE',  ( -0.2920362864665992400, 0.1219243902143339700, 0.6989999999999994000 ) ) ;
#3377 = CARTESIAN_POINT ( 'NONE',  ( -0.2971978027468317700, 0.1317250505797769900, 0.6990000000000004000 ) ) ;
#3378 = CARTESIAN_POINT ( 'NONE',  ( -0.3012440124864770300, 0.1417785920079943400, 0.6990000000000000700 ) ) ;
#3379 = CARTESIAN_POINT ( 'NONE',  ( -0.3046512741443648300, 0.1519438729220808900, 0.6989999999999997300 ) ) ;
#3380 = CARTESIAN_POINT ( 'NONE',  ( -0.3069430089076470300, 0.1623535255457135300, 0.6990000000000000700 ) ) ;
#3381 = CARTESIAN_POINT ( 'NONE',  ( -0.3083780177270567500, 0.1729608404802254500, 0.6989999999999999500 ) ) ;
#3382 = CARTESIAN_POINT ( 'NONE',  ( -0.3085249728338479400, 0.1800990721219618000, 0.6989999999999998400 ) ) ;
#3383 = CARTESIAN_POINT ( 'NONE',  ( -0.3085985368909091600, 0.1836723897920610200, 0.6990000000000000700 ) ) ;
#3384 = PLANE ( 'NONE',  #3495 ) ;
#3385 = FILL_AREA_STYLE_COLOUR ( '', #2426 ) ;
#3386 = FILL_AREA_STYLE ('',( #3385 ) ) ;
#3387 = SURFACE_STYLE_FILL_AREA ( #3386 ) ;
#3388 = SURFACE_SIDE_STYLE ('',( #3387 ) ) ;
#3389 = SURFACE_STYLE_USAGE ( .BOTH. , #3388 ) ;
#3390 = PRESENTATION_STYLE_ASSIGNMENT (( #3389 ) ) ;
#3391 =( LENGTH_UNIT ( ) NAMED_UNIT ( * ) SI_UNIT ( .MILLI., .METRE. ) );
#3392 =( NAMED_UNIT ( * ) PLANE_ANGLE_UNIT ( ) SI_UNIT ( $, .RADIAN. ) );
#3393 =( NAMED_UNIT ( * ) SI_UNIT ( $, .STERADIAN. ) SOLID_ANGLE_UNIT ( ) );
#3394 = CARTESIAN_POINT ( 'NONE',  ( -1.500000000000000000, 1.149999999999999900, -0.5010000000000000000 ) ) ;
#3395 = DIRECTION ( 'NONE',  ( 0.0000000000000000000, -1.000000000000000000, 0.0000000000000000000 ) ) ;
#3396 = DIRECTION ( 'NONE',  ( 0.0000000000000000000, -0.0000000000000000000, -1.000000000000000000 ) ) ;
#3397 = FILL_AREA_STYLE_COLOUR ( '', #2335 ) ;
#3398 = FILL_AREA_STYLE ('',( #3397 ) ) ;
#3399 = SURFACE_STYLE_FILL_AREA ( #3398 ) ;
#3400 = SURFACE_SIDE_STYLE ('',( #3399 ) ) ;
#3401 = SURFACE_STYLE_USAGE ( .BOTH. , #3400 ) ;
#3402 = PRESENTATION_STYLE_ASSIGNMENT (( #3401 ) ) ;
#3403 =( LENGTH_UNIT ( ) NAMED_UNIT ( * ) SI_UNIT ( .MILLI., .METRE. ) );
#3404 =( NAMED_UNIT ( * ) PLANE_ANGLE_UNIT ( ) SI_UNIT ( $, .RADIAN. ) );
#3405 =( NAMED_UNIT ( * ) SI_UNIT ( $, .STERADIAN. ) SOLID_ANGLE_UNIT ( ) );
#3406 = PLANE ( 'NONE',  #1318 ) ;
#3407 = CARTESIAN_POINT ( 'NONE',  ( -0.8334190830981739200, -0.2355692301331526500, 0.6989999999999999500 ) ) ;
#3408 = DIRECTION ( 'NONE',  ( 0.0000000000000000000, 1.000000000000000000, 0.0000000000000000000 ) ) ;
#3409 = DIRECTION ( 'NONE',  ( 0.0000000000000000000, -0.0000000000000000000, 1.000000000000000000 ) ) ;
#3410 = LINE ( 'NONE', #3411, #1298 ) ;
#3411 = CARTESIAN_POINT ( 'NONE',  ( 1.456000000000000000, 0.4500000000000004600, -0.5000000000000000000 ) ) ;
#3412 = DIRECTION ( 'NONE',  ( 0.0000000000000000000, -1.000000000000000000, 0.0000000000000000000 ) ) ;
#3413 = PLANE ( 'NONE',  #1316 ) ;
#3414 = LINE ( 'NONE', #3415, #1305 ) ;
#3415 = CARTESIAN_POINT ( 'NONE',  ( -1.456000000000000000, 1.250000000000000200, 0.5000000000000000000 ) ) ;
#3416 = DIRECTION ( 'NONE',  ( 0.0000000000000000000, 1.000000000000000000, -0.0000000000000000000 ) ) ;
#3417 = FILL_AREA_STYLE_COLOUR ( '', #2431 ) ;
#3418 = FILL_AREA_STYLE ('',( #3417 ) ) ;
#3419 = SURFACE_STYLE_FILL_AREA ( #3418 ) ;
#3420 = SURFACE_SIDE_STYLE ('',( #3419 ) ) ;
#3421 = SURFACE_STYLE_USAGE ( .BOTH. , #3420 ) ;
#3422 = PRESENTATION_STYLE_ASSIGNMENT (( #3421 ) ) ;
#3423 =( LENGTH_UNIT ( ) NAMED_UNIT ( * ) SI_UNIT ( .MILLI., .METRE. ) );
#3424 =( NAMED_UNIT ( * ) PLANE_ANGLE_UNIT ( ) SI_UNIT ( $, .RADIAN. ) );
#3425 =( NAMED_UNIT ( * ) SI_UNIT ( $, .STERADIAN. ) SOLID_ANGLE_UNIT ( ) );
#3426 = CARTESIAN_POINT ( 'NONE',  ( -0.6000000000000002000, -0.4999999999999998900, -0.5010000000000000000 ) ) ;
#3427 = DIRECTION ( 'NONE',  ( -1.000000000000000000, 0.0000000000000000000, -0.0000000000000000000 ) ) ;
#3428 = DIRECTION ( 'NONE',  ( -0.0000000000000000000, 0.0000000000000000000, 1.000000000000000000 ) ) ;
#3429 = LINE ( 'NONE', #3430, #1295 ) ;
#3430 = CARTESIAN_POINT ( 'NONE',  ( -0.08016220542723387400, 0.1850504279865054200, 0.6989999999999999500 ) ) ;
#3431 = DIRECTION ( 'NONE',  ( -0.0000000000000000000, -0.0000000000000000000, 1.000000000000000000 ) ) ;
#3432 = CARTESIAN_POINT ( 'NONE',  ( -1.325000000000000200, -0.9749999999999998700, 0.6999999999999999600 ) ) ;
#3433 = LINE ( 'NONE', #3434, #1297 ) ;
#3434 = CARTESIAN_POINT ( 'NONE',  ( 0.3766044545620824100, 0.07650341943949692800, 0.6989999999999999500 ) ) ;
#3435 = DIRECTION ( 'NONE',  ( 0.0000000000000000000, -1.000000000000000000, 0.0000000000000000000 ) ) ;
#3436 = LINE ( 'NONE', #3437, #1296 ) ;
#3437 = CARTESIAN_POINT ( 'NONE',  ( -0.03044682748919971800, -0.1059276369173407000, 0.6989999999999999500 ) ) ;
#3438 = DIRECTION ( 'NONE',  ( -0.0000000000000000000, -0.0000000000000000000, 1.000000000000000000 ) ) ;
#3439 = LINE ( 'NONE', #3440, #277 ) ;
#3440 = CARTESIAN_POINT ( 'NONE',  ( -1.450000000000000200, 0.9750000000000000900, 0.6999999999999999600 ) ) ;
#3441 = DIRECTION ( 'NONE',  ( 0.0000000000000000000, -1.000000000000000000, 0.0000000000000000000 ) ) ;
#3442 = LINE ( 'NONE', #3443, #274 ) ;
#3443 = CARTESIAN_POINT ( 'NONE',  ( 0.3766044545620824100, -0.2355692301331526500, 0.6989999999999999500 ) ) ;
#3444 = DIRECTION ( 'NONE',  ( -0.0000000000000000000, -0.0000000000000000000, 1.000000000000000000 ) ) ;
#3445 = DIRECTION ( 'NONE',  ( 0.0000000000000000000, 0.0000000000000000000, 1.000000000000000000 ) ) ;
#3446 = DIRECTION ( 'NONE',  ( -1.000000000000000000, 0.0000000000000000000, 0.0000000000000000000 ) ) ;
#3447 = PLANE ( 'NONE',  #275 ) ;
#3448 = FILL_AREA_STYLE_COLOUR ( '', #2449 ) ;
#3449 = FILL_AREA_STYLE ('',( #3448 ) ) ;
#3450 = SURFACE_STYLE_FILL_AREA ( #3449 ) ;
#3451 = SURFACE_SIDE_STYLE ('',( #3450 ) ) ;
#3452 = SURFACE_STYLE_USAGE ( .BOTH. , #3451 ) ;
#3453 = PRESENTATION_STYLE_ASSIGNMENT (( #3452 ) ) ;
#3454 =( LENGTH_UNIT ( ) NAMED_UNIT ( * ) SI_UNIT ( .MILLI., .METRE. ) );
#3455 =( NAMED_UNIT ( * ) PLANE_ANGLE_UNIT ( ) SI_UNIT ( $, .RADIAN. ) );
#3456 =( NAMED_UNIT ( * ) SI_UNIT ( $, .STERADIAN. ) SOLID_ANGLE_UNIT ( ) );
#3457 = CARTESIAN_POINT ( 'NONE',  ( -1.500000000000000400, 0.4999999999999995600, -0.5010000000000000000 ) ) ;
#3458 = DIRECTION ( 'NONE',  ( -1.204669080539448900E-016, 1.000000000000000000, 0.0000000000000000000 ) ) ;
#3459 = DIRECTION ( 'NONE',  ( -1.000000000000000000, -1.204669080539448900E-016, 0.0000000000000000000 ) ) ;
#3460 = LINE ( 'NONE', #1666, #297 ) ;
#3461 = AXIS2_PLACEMENT_3D ( 'NONE', #4853, #4854, #4855 ) ;
#3462 = STYLED_ITEM ( 'NONE', ( #4848 ), #2360 ) ;
#3463 = FACE_OUTER_BOUND ( 'NONE', #775, .T. ) ;
#3464 = VECTOR ( 'NONE', #4858, 1000.000000000000000 ) ;
#3465 = FACE_OUTER_BOUND ( 'NONE', #756, .T. ) ;
#3466 = MECHANICAL_DESIGN_GEOMETRIC_PRESENTATION_REPRESENTATION (  '', ( #3462 ), #2819 ) ;
#3467 = PRESENTATION_LAYER_ASSIGNMENT (  '', '', ( #4033 ) ) ;
#3468 = VECTOR ( 'NONE', #4862, 1000.000000000000000 ) ;
#3469 = MECHANICAL_DESIGN_GEOMETRIC_PRESENTATION_REPRESENTATION (  '', ( #4033 ), #2818 ) ;
#3470 = VECTOR ( 'NONE', #4865, 1000.000000000000000 ) ;
#3471 = STYLED_ITEM ( 'NONE', ( #4871 ), #2368 ) ;
#3472 = PRESENTATION_LAYER_ASSIGNMENT (  '', '', ( #3462 ) ) ;
#3473 = MECHANICAL_DESIGN_GEOMETRIC_PRESENTATION_REPRESENTATION (  '', ( #1633 ), #2803 ) ;
#3474 = VECTOR ( 'NONE', #2255, 1000.000000000000000 ) ;
#3475 = VECTOR ( 'NONE', #2258, 1000.000000000000000 ) ;
#3476 = FACE_OUTER_BOUND ( 'NONE', #729, .T. ) ;
#3477 = VECTOR ( 'NONE', #2235, 1000.000000000000000 ) ;
#3478 = VECTOR ( 'NONE', #2232, 1000.000000000000000 ) ;
#3479 = VECTOR ( 'NONE', #2229, 1000.000000000000000 ) ;
#3480 = AXIS2_PLACEMENT_3D ( 'NONE', #2249, #2268, #2269 ) ;
#3481 = AXIS2_PLACEMENT_3D ( 'NONE', #2223, #2236, #2237 ) ;
#3482 = CYLINDRICAL_SURFACE ( 'NONE', #3480, 0.07499999999999998300 ) ;
#3483 = VECTOR ( 'NONE', #2252, 1000.000000000000000 ) ;
#3484 = FACE_OUTER_BOUND ( 'NONE', #709, .T. ) ;
#3485 = PRESENTATION_LAYER_ASSIGNMENT (  '', '', ( #1633 ) ) ;
#3486 = VECTOR ( 'NONE', #263, 1000.000000000000000 ) ;
#3487 = PRODUCT_DEFINITION_SHAPE ( 'NONE', 'NONE',  #5841 ) ;
#3488 = MANIFOLD_SOLID_BREP ( 'Cut-Extrude8', #963 ) ;
#3489 = PRODUCT_DEFINITION_CONTEXT ( 'detailed design', #21, 'design' ) ;
#3490 = VECTOR ( 'NONE', #3303, 1000.000000000000000 ) ;
#3491 = PRESENTATION_LAYER_ASSIGNMENT (  '', '', ( #3501 ) ) ;
#3492 = VECTOR ( 'NONE', #3271, 1000.000000000000000 ) ;
#3493 = VECTOR ( 'NONE', #3352, 1000.000000000000000 ) ;
#3494 = VECTOR ( 'NONE', #3340, 1000.000000000000000 ) ;
#3495 = AXIS2_PLACEMENT_3D ( 'NONE', #3394, #3395, #3396 ) ;
#3496 = MECHANICAL_DESIGN_GEOMETRIC_PRESENTATION_REPRESENTATION (  '', ( #3528 ), #2773 ) ;
#3497 = VECTOR ( 'NONE', #3312, 1000.000000000000000 ) ;
#3498 = VECTOR ( 'NONE', #3306, 1000.000000000000000 ) ;
#3499 = VECTOR ( 'NONE', #3246, 1000.000000000000000 ) ;
#3500 = VECTOR ( 'NONE', #3343, 1000.000000000000000 ) ;
#3501 = STYLED_ITEM ( 'NONE', ( #3289 ), #383 ) ;
#3502 = AXIS2_PLACEMENT_3D ( 'NONE', #3281, #3282, #3283 ) ;
#3503 = VECTOR ( 'NONE', #3349, 1000.000000000000000 ) ;
#3504 = VECTOR ( 'NONE', #3337, 1000.000000000000000 ) ;
#3505 = VECTOR ( 'NONE', #3334, 1000.000000000000000 ) ;
#3506 = VECTOR ( 'NONE', #3264, 1000.000000000000000 ) ;
#3507 = PRESENTATION_LAYER_ASSIGNMENT (  '', '', ( #3520 ) ) ;
#3508 = VECTOR ( 'NONE', #3315, 1000.000000000000000 ) ;
#3509 = VECTOR ( 'NONE', #3268, 1000.000000000000000 ) ;
#3510 = VECTOR ( 'NONE', #3243, 1000.000000000000000 ) ;
#3511 = PRESENTATION_LAYER_ASSIGNMENT (  '', '', ( #3512 ) ) ;
#3512 = STYLED_ITEM ( 'NONE', ( #3255 ), #378 ) ;
#3513 = AXIS2_PLACEMENT_3D ( 'NONE', #3294, #3295, #3296 ) ;
#3514 = MECHANICAL_DESIGN_GEOMETRIC_PRESENTATION_REPRESENTATION (  '', ( #3520 ), #2771 ) ;
#3515 = VECTOR ( 'NONE', #3309, 1000.000000000000000 ) ;
#3516 = VECTOR ( 'NONE', #3346, 1000.000000000000000 ) ;
#3517 = FACE_OUTER_BOUND ( 'NONE', #726, .T. ) ;
#3518 = AXIS2_PLACEMENT_3D ( 'NONE', #3325, #3326, #3327 ) ;
#3519 = MECHANICAL_DESIGN_GEOMETRIC_PRESENTATION_REPRESENTATION (  '', ( #3501 ), #2772 ) ;
#3520 = STYLED_ITEM ( 'NONE', ( #3277 ), #382 ) ;
#3521 = FACE_OUTER_BOUND ( 'NONE', #738, .T. ) ;
#3522 = VECTOR ( 'NONE', #3299, 1000.000000000000000 ) ;
#3523 = VECTOR ( 'NONE', #3249, 1000.000000000000000 ) ;
#3524 = VECTOR ( 'NONE', #3330, 1000.000000000000000 ) ;
#3525 = FACE_OUTER_BOUND ( 'NONE', #728, .T. ) ;
#3526 = PRESENTATION_LAYER_ASSIGNMENT (  '', '', ( #3528 ) ) ;
#3527 = AXIS2_PLACEMENT_3D ( 'NONE', #3259, #3260, #3261 ) ;
#3528 = STYLED_ITEM ( 'NONE', ( #3321 ), #390 ) ;
#3529 = MECHANICAL_DESIGN_GEOMETRIC_PRESENTATION_REPRESENTATION (  '', ( #3512 ), #2770 ) ;
#3530 = AXIS2_PLACEMENT_3D ( 'NONE', #5218, #5219, #5220 ) ;
#3531 = AXIS2_PLACEMENT_3D ( 'NONE', #1548, #1549, #1550 ) ;
#3532 = AXIS2_PLACEMENT_3D ( 'NONE', #5187, #5200, #5201 ) ;
#3533 = PRESENTATION_LAYER_ASSIGNMENT (  '', '', ( #3544 ) ) ;
#3534 = PRESENTATION_LAYER_ASSIGNMENT (  '', '', ( #3546 ) ) ;
#3535 = VECTOR ( 'NONE', #1531, 1000.000000000000000 ) ;
#3536 = MECHANICAL_DESIGN_GEOMETRIC_PRESENTATION_REPRESENTATION (  '', ( #3546 ), #2793 ) ;
#3537 = VECTOR ( 'NONE', #2226, 1000.000000000000000 ) ;
#3538 = AXIS2_PLACEMENT_3D ( 'NONE', #1526, #1527, #1528 ) ;
#3539 = STYLED_ITEM ( 'NONE', ( #5214 ), #508 ) ;
#3540 = VECTOR ( 'NONE', #5193, 1000.000000000000000 ) ;
#3541 = FACE_OUTER_BOUND ( 'NONE', #746, .T. ) ;
#3542 = MECHANICAL_DESIGN_GEOMETRIC_PRESENTATION_REPRESENTATION (  '', ( #3544 ), #2794 ) ;
#3543 = MECHANICAL_DESIGN_GEOMETRIC_PRESENTATION_REPRESENTATION (  '', ( #3539 ), #2788 ) ;
#3544 = STYLED_ITEM ( 'NONE', ( #1544 ), #527 ) ;
#3545 = FACE_OUTER_BOUND ( 'NONE', #710, .T. ) ;
#3546 = STYLED_ITEM ( 'NONE', ( #1522 ), #523 ) ;
#3547 = FACE_OUTER_BOUND ( 'NONE', #696, .T. ) ;
#3548 = PRESENTATION_LAYER_ASSIGNMENT (  '', '', ( #3549 ) ) ;
#3549 = STYLED_ITEM ( 'NONE', ( #1490 ), #519 ) ;
#3550 = MECHANICAL_DESIGN_GEOMETRIC_PRESENTATION_REPRESENTATION (  '', ( #682 ), #2787 ) ;
#3551 = FACE_OUTER_BOUND ( 'NONE', #721, .T. ) ;
#3552 = PRESENTATION_LAYER_ASSIGNMENT (  '', '', ( #3582 ) ) ;
#3553 = MECHANICAL_DESIGN_GEOMETRIC_PRESENTATION_REPRESENTATION (  '', ( #3575 ), #2790 ) ;
#3554 = VECTOR ( 'NONE', #1535, 1000.000000000000000 ) ;
#3555 = MECHANICAL_DESIGN_GEOMETRIC_PRESENTATION_REPRESENTATION (  '', ( #3582 ), #2792 ) ;
#3556 = VECTOR ( 'NONE', #1484, 1000.000000000000000 ) ;
#3557 = AXIS2_PLACEMENT_3D ( 'NONE', #1494, #1495, #1496 ) ;
#3558 = PRESENTATION_LAYER_ASSIGNMENT (  '', '', ( #3575 ) ) ;
#3559 = VECTOR ( 'NONE', #5173, 1000.000000000000100 ) ;
#3560 = AXIS2_PLACEMENT_3D ( 'NONE', #1441, #1460, #1461 ) ;
#3561 = VECTOR ( 'NONE', #5196, 1000.000000000000000 ) ;
#3562 = VECTOR ( 'NONE', #1447, 1000.000000000000000 ) ;
#3563 = FACE_OUTER_BOUND ( 'NONE', #740, .T. ) ;
#3564 = CYLINDRICAL_SURFACE ( 'NONE', #3560, 0.1249999999999998900 ) ;
#3565 = MECHANICAL_DESIGN_GEOMETRIC_PRESENTATION_REPRESENTATION (  '', ( #3549 ), #2791 ) ;
#3566 = PRESENTATION_LAYER_ASSIGNMENT (  '', '', ( #3567 ) ) ;
#3567 = STYLED_ITEM ( 'NONE', ( #5226 ), #509 ) ;
#3568 = AXIS2_PLACEMENT_3D ( 'NONE', #5144, #5154, #5155 ) ;
#3569 = VECTOR ( 'NONE', #5176, 1000.000000000000000 ) ;
#3570 = VECTOR ( 'NONE', #5190, 1000.000000000000000 ) ;
#3571 = PRESENTATION_LAYER_ASSIGNMENT (  '', '', ( #3539 ) ) ;
#3572 = MECHANICAL_DESIGN_GEOMETRIC_PRESENTATION_REPRESENTATION (  '', ( #3567 ), #2789 ) ;
#3573 = FACE_OUTER_BOUND ( 'NONE', #767, .T. ) ;
#3574 = VECTOR ( 'NONE', #5199, 1000.000000000000000 ) ;
#3575 = STYLED_ITEM ( 'NONE', ( #1456 ), #516 ) ;
#3576 = VECTOR ( 'NONE', #1450, 1000.000000000000000 ) ;
#3577 = VECTOR ( 'NONE', #5205, 1000.000000000000000 ) ;
#3578 = AXIS2_PLACEMENT_3D ( 'NONE', #1409, #1410, #1411 ) ;
#3579 = FACE_OUTER_BOUND ( 'NONE', #730, .T. ) ;
#3580 = VECTOR ( 'NONE', #1414, 1000.000000000000100 ) ;
#3581 = VECTOR ( 'NONE', #5158, 1000.000000000000100 ) ;
#3582 = STYLED_ITEM ( 'NONE', ( #1506 ), #521 ) ;
#3583 = AXIS2_PLACEMENT_3D ( 'NONE', #1510, #1511, #1512 ) ;
#3584 = VECTOR ( 'NONE', #1499, 1000.000000000000000 ) ;
#3585 = VECTOR ( 'NONE', #5208, 1000.000000000000000 ) ;
#3586 = VECTOR ( 'NONE', #1538, 1000.000000000000000 ) ;
#3587 = VECTOR ( 'NONE', #1444, 1000.000000000000000 ) ;
#3588 = VECTOR ( 'NONE', #1515, 1000.000000000000000 ) ;
#3589 = VERTEX_POINT ( 'NONE', #5244 ) ;
#3590 = ORIENTED_EDGE ( 'NONE', *, *, #585, .F. ) ;
#3591 = ORIENTED_EDGE ( 'NONE', *, *, #585, .T. ) ;
#3592 = ORIENTED_EDGE ( 'NONE', *, *, #387, .F. ) ;
#3593 = ORIENTED_EDGE ( 'NONE', *, *, #532, .T. ) ;
#3594 = ORIENTED_EDGE ( 'NONE', *, *, #446, .F. ) ;
#3595 = ORIENTED_EDGE ( 'NONE', *, *, #446, .T. ) ;
#3596 = ORIENTED_EDGE ( 'NONE', *, *, #563, .T. ) ;
#3597 = ORIENTED_EDGE ( 'NONE', *, *, #434, .F. ) ;
#3598 = ORIENTED_EDGE ( 'NONE', *, *, #354, .T. ) ;
#3599 = ORIENTED_EDGE ( 'NONE', *, *, #366, .F. ) ;
#3600 = ORIENTED_EDGE ( 'NONE', *, *, #2509, .F. ) ;
#3601 = ORIENTED_EDGE ( 'NONE', *, *, #320, .F. ) ;
#3602 = ORIENTED_EDGE ( 'NONE', *, *, #541, .T. ) ;
#3603 = ORIENTED_EDGE ( 'NONE', *, *, #568, .F. ) ;
#3604 = ORIENTED_EDGE ( 'NONE', *, *, #393, .F. ) ;
#3605 = ORIENTED_EDGE ( 'NONE', *, *, #338, .T. ) ;
#3606 = ORIENTED_EDGE ( 'NONE', *, *, #492, .F. ) ;
#3607 = ORIENTED_EDGE ( 'NONE', *, *, #366, .T. ) ;
#3608 = ORIENTED_EDGE ( 'NONE', *, *, #476, .T. ) ;
#3609 = ORIENTED_EDGE ( 'NONE', *, *, #484, .F. ) ;
#3610 = VERTEX_POINT ( 'NONE', #2735 ) ;
#3611 = ORIENTED_EDGE ( 'NONE', *, *, #538, .F. ) ;
#3612 = ORIENTED_EDGE ( 'NONE', *, *, #543, .F. ) ;
#3613 = ORIENTED_EDGE ( 'NONE', *, *, #570, .T. ) ;
#3614 = ORIENTED_EDGE ( 'NONE', *, *, #2414, .T. ) ;
#3615 = ORIENTED_EDGE ( 'NONE', *, *, #380, .F. ) ;
#3616 = ORIENTED_EDGE ( 'NONE', *, *, #370, .T. ) ;
#3617 = ORIENTED_EDGE ( 'NONE', *, *, #2414, .F. ) ;
#3618 = ORIENTED_EDGE ( 'NONE', *, *, #419, .T. ) ;
#3619 = ORIENTED_EDGE ( 'NONE', *, *, #436, .T. ) ;
#3620 = ORIENTED_EDGE ( 'NONE', *, *, #487, .T. ) ;
#3621 = ORIENTED_EDGE ( 'NONE', *, *, #482, .T. ) ;
#3622 = ORIENTED_EDGE ( 'NONE', *, *, #337, .T. ) ;
#3623 = ORIENTED_EDGE ( 'NONE', *, *, #507, .T. ) ;
#3624 = ORIENTED_EDGE ( 'NONE', *, *, #498, .T. ) ;
#3625 = ORIENTED_EDGE ( 'NONE', *, *, #529, .T. ) ;
#3626 = ORIENTED_EDGE ( 'NONE', *, *, #572, .T. ) ;
#3627 = ORIENTED_EDGE ( 'NONE', *, *, #455, .T. ) ;
#3628 = ORIENTED_EDGE ( 'NONE', *, *, #501, .T. ) ;
#3629 = ORIENTED_EDGE ( 'NONE', *, *, #442, .F. ) ;
#3630 = ORIENTED_EDGE ( 'NONE', *, *, #548, .F. ) ;
#3631 = ORIENTED_EDGE ( 'NONE', *, *, #372, .T. ) ;
#3632 = ORIENTED_EDGE ( 'NONE', *, *, #394, .T. ) ;
#3633 = ORIENTED_EDGE ( 'NONE', *, *, #465, .F. ) ;
#3634 = ORIENTED_EDGE ( 'NONE', *, *, #534, .F. ) ;
#3635 = ORIENTED_EDGE ( 'NONE', *, *, #334, .F. ) ;
#3636 = ORIENTED_EDGE ( 'NONE', *, *, #463, .T. ) ;
#3637 = ORIENTED_EDGE ( 'NONE', *, *, #356, .F. ) ;
#3638 = ORIENTED_EDGE ( 'NONE', *, *, #551, .T. ) ;
#3639 = ORIENTED_EDGE ( 'NONE', *, *, #388, .T. ) ;
#3640 = ORIENTED_EDGE ( 'NONE', *, *, #568, .T. ) ;
#3641 = ORIENTED_EDGE ( 'NONE', *, *, #356, .T. ) ;
#3642 = ORIENTED_EDGE ( 'NONE', *, *, #525, .F. ) ;
#3643 = ORIENTED_EDGE ( 'NONE', *, *, #431, .F. ) ;
#3644 = ORIENTED_EDGE ( 'NONE', *, *, #327, .F. ) ;
#3645 = ORIENTED_EDGE ( 'NONE', *, *, #457, .T. ) ;
#3646 = ORIENTED_EDGE ( 'NONE', *, *, #359, .T. ) ;
#3647 = ORIENTED_EDGE ( 'NONE', *, *, #465, .T. ) ;
#3648 = ORIENTED_EDGE ( 'NONE', *, *, #405, .F. ) ;
#3649 = ORIENTED_EDGE ( 'NONE', *, *, #540, .F. ) ;
#3650 = ORIENTED_EDGE ( 'NONE', *, *, #395, .F. ) ;
#3651 = ORIENTED_EDGE ( 'NONE', *, *, #375, .T. ) ;
#3652 = ORIENTED_EDGE ( 'NONE', *, *, #544, .T. ) ;
#3653 = ORIENTED_EDGE ( 'NONE', *, *, #494, .T. ) ;
#3654 = ORIENTED_EDGE ( 'NONE', *, *, #520, .T. ) ;
#3655 = ORIENTED_EDGE ( 'NONE', *, *, #483, .T. ) ;
#3656 = ORIENTED_EDGE ( 'NONE', *, *, #512, .T. ) ;
#3657 = ORIENTED_EDGE ( 'NONE', *, *, #578, .T. ) ;
#3658 = ORIENTED_EDGE ( 'NONE', *, *, #579, .T. ) ;
#3659 = ORIENTED_EDGE ( 'NONE', *, *, #410, .F. ) ;
#3660 = ORIENTED_EDGE ( 'NONE', *, *, #469, .F. ) ;
#3661 = ORIENTED_EDGE ( 'NONE', *, *, #557, .T. ) ;
#3662 = ORIENTED_EDGE ( 'NONE', *, *, #510, .T. ) ;
#3663 = ORIENTED_EDGE ( 'NONE', *, *, #400, .T. ) ;
#3664 = ORIENTED_EDGE ( 'NONE', *, *, #547, .T. ) ;
#3665 = ORIENTED_EDGE ( 'NONE', *, *, #468, .T. ) ;
#3666 = ORIENTED_EDGE ( 'NONE', *, *, #475, .T. ) ;
#3667 = ORIENTED_EDGE ( 'NONE', *, *, #415, .T. ) ;
#3668 = ORIENTED_EDGE ( 'NONE', *, *, #478, .T. ) ;
#3669 = ORIENTED_EDGE ( 'NONE', *, *, #577, .T. ) ;
#3670 = ORIENTED_EDGE ( 'NONE', *, *, #567, .T. ) ;
#3671 = ORIENTED_EDGE ( 'NONE', *, *, #496, .T. ) ;
#3672 = ORIENTED_EDGE ( 'NONE', *, *, #560, .T. ) ;
#3673 = ORIENTED_EDGE ( 'NONE', *, *, #449, .T. ) ;
#3674 = ORIENTED_EDGE ( 'NONE', *, *, #496, .F. ) ;
#3675 = ORIENTED_EDGE ( 'NONE', *, *, #437, .T. ) ;
#3676 = ORIENTED_EDGE ( 'NONE', *, *, #391, .T. ) ;
#3677 = ORIENTED_EDGE ( 'NONE', *, *, #375, .F. ) ;
#3678 = ORIENTED_EDGE ( 'NONE', *, *, #326, .T. ) ;
#3679 = ORIENTED_EDGE ( 'NONE', *, *, #583, .T. ) ;
#3680 = ORIENTED_EDGE ( 'NONE', *, *, #381, .T. ) ;
#3681 = ORIENTED_EDGE ( 'NONE', *, *, #326, .F. ) ;
#3682 = ORIENTED_EDGE ( 'NONE', *, *, #368, .T. ) ;
#3683 = ORIENTED_EDGE ( 'NONE', *, *, #463, .F. ) ;
#3684 = ORIENTED_EDGE ( 'NONE', *, *, #564, .T. ) ;
#3685 = ORIENTED_EDGE ( 'NONE', *, *, #406, .T. ) ;
#3686 = ORIENTED_EDGE ( 'NONE', *, *, #547, .F. ) ;
#3687 = ORIENTED_EDGE ( 'NONE', *, *, #580, .T. ) ;
#3688 = ORIENTED_EDGE ( 'NONE', *, *, #580, .F. ) ;
#3689 = ORIENTED_EDGE ( 'NONE', *, *, #364, .T. ) ;
#3690 = ORIENTED_EDGE ( 'NONE', *, *, #441, .F. ) ;
#3691 = ORIENTED_EDGE ( 'NONE', *, *, #456, .T. ) ;
#3692 = ORIENTED_EDGE ( 'NONE', *, *, #456, .F. ) ;
#3693 = ORIENTED_EDGE ( 'NONE', *, *, #351, .T. ) ;
#3694 = ORIENTED_EDGE ( 'NONE', *, *, #520, .F. ) ;
#3695 = ORIENTED_EDGE ( 'NONE', *, *, #347, .T. ) ;
#3696 = ORIENTED_EDGE ( 'NONE', *, *, #347, .F. ) ;
#3697 = ORIENTED_EDGE ( 'NONE', *, *, #402, .T. ) ;
#3698 = ORIENTED_EDGE ( 'NONE', *, *, #474, .F. ) ;
#3699 = ORIENTED_EDGE ( 'NONE', *, *, #412, .T. ) ;
#3700 = ORIENTED_EDGE ( 'NONE', *, *, #412, .F. ) ;
#3701 = ORIENTED_EDGE ( 'NONE', *, *, #561, .T. ) ;
#3702 = ORIENTED_EDGE ( 'NONE', *, *, #457, .F. ) ;
#3703 = ORIENTED_EDGE ( 'NONE', *, *, #374, .T. ) ;
#3704 = ORIENTED_EDGE ( 'NONE', *, *, #374, .F. ) ;
#3705 = ORIENTED_EDGE ( 'NONE', *, *, #559, .T. ) ;
#3706 = ORIENTED_EDGE ( 'NONE', *, *, #578, .F. ) ;
#3707 = ORIENTED_EDGE ( 'NONE', *, *, #473, .T. ) ;
#3708 = ORIENTED_EDGE ( 'NONE', *, *, #473, .F. ) ;
#3709 = ORIENTED_EDGE ( 'NONE', *, *, #313, .T. ) ;
#3710 = ORIENTED_EDGE ( 'NONE', *, *, #579, .F. ) ;
#3711 = ORIENTED_EDGE ( 'NONE', *, *, #502, .T. ) ;
#3712 = ORIENTED_EDGE ( 'NONE', *, *, #502, .F. ) ;
#3713 = ORIENTED_EDGE ( 'NONE', *, *, #511, .T. ) ;
#3714 = ORIENTED_EDGE ( 'NONE', *, *, #512, .F. ) ;
#3715 = ORIENTED_EDGE ( 'NONE', *, *, #376, .T. ) ;
#3716 = ORIENTED_EDGE ( 'NONE', *, *, #376, .F. ) ;
#3717 = ORIENTED_EDGE ( 'NONE', *, *, #447, .T. ) ;
#3718 = ORIENTED_EDGE ( 'NONE', *, *, #450, .F. ) ;
#3719 = ORIENTED_EDGE ( 'NONE', *, *, #414, .T. ) ;
#3720 = ORIENTED_EDGE ( 'NONE', *, *, #414, .F. ) ;
#3721 = ORIENTED_EDGE ( 'NONE', *, *, #517, .T. ) ;
#3722 = ORIENTED_EDGE ( 'NONE', *, *, #511, .F. ) ;
#3723 = ORIENTED_EDGE ( 'NONE', *, *, #543, .T. ) ;
#3724 = ORIENTED_EDGE ( 'NONE', *, *, #370, .F. ) ;
#3725 = ORIENTED_EDGE ( 'NONE', *, *, #517, .F. ) ;
#3726 = ORIENTED_EDGE ( 'NONE', *, *, #447, .F. ) ;
#3727 = ORIENTED_EDGE ( 'NONE', *, *, #313, .F. ) ;
#3728 = ORIENTED_EDGE ( 'NONE', *, *, #559, .F. ) ;
#3729 = ORIENTED_EDGE ( 'NONE', *, *, #561, .F. ) ;
#3730 = ORIENTED_EDGE ( 'NONE', *, *, #402, .F. ) ;
#3731 = ORIENTED_EDGE ( 'NONE', *, *, #351, .F. ) ;
#3732 = ORIENTED_EDGE ( 'NONE', *, *, #364, .F. ) ;
#3733 = ORIENTED_EDGE ( 'NONE', *, *, #406, .F. ) ;
#3734 = ORIENTED_EDGE ( 'NONE', *, *, #497, .F. ) ;
#3735 = ORIENTED_EDGE ( 'NONE', *, *, #500, .F. ) ;
#3736 = ORIENTED_EDGE ( 'NONE', *, *, #460, .F. ) ;
#3737 = ORIENTED_EDGE ( 'NONE', *, *, #423, .F. ) ;
#3738 = ORIENTED_EDGE ( 'NONE', *, *, #335, .F. ) ;
#3739 = ORIENTED_EDGE ( 'NONE', *, *, #491, .F. ) ;
#3740 = ORIENTED_EDGE ( 'NONE', *, *, #513, .T. ) ;
#3741 = ORIENTED_EDGE ( 'NONE', *, *, #586, .F. ) ;
#3742 = ORIENTED_EDGE ( 'NONE', *, *, #573, .F. ) ;
#3743 = ORIENTED_EDGE ( 'NONE', *, *, #514, .T. ) ;
#3744 = ORIENTED_EDGE ( 'NONE', *, *, #397, .F. ) ;
#3745 = ORIENTED_EDGE ( 'NONE', *, *, #514, .F. ) ;
#3746 = ORIENTED_EDGE ( 'NONE', *, *, #575, .T. ) ;
#3747 = ORIENTED_EDGE ( 'NONE', *, *, #569, .F. ) ;
#3748 = ORIENTED_EDGE ( 'NONE', *, *, #546, .T. ) ;
#3749 = ORIENTED_EDGE ( 'NONE', *, *, #546, .F. ) ;
#3750 = ORIENTED_EDGE ( 'NONE', *, *, #350, .T. ) ;
#3751 = ORIENTED_EDGE ( 'NONE', *, *, #396, .F. ) ;
#3752 = ORIENTED_EDGE ( 'NONE', *, *, #398, .T. ) ;
#3753 = ORIENTED_EDGE ( 'NONE', *, *, #398, .F. ) ;
#3754 = ORIENTED_EDGE ( 'NONE', *, *, #582, .T. ) ;
#3755 = ORIENTED_EDGE ( 'NONE', *, *, #515, .F. ) ;
#3756 = ORIENTED_EDGE ( 'NONE', *, *, #562, .T. ) ;
#3757 = ORIENTED_EDGE ( 'NONE', *, *, #562, .F. ) ;
#3758 = ORIENTED_EDGE ( 'NONE', *, *, #352, .T. ) ;
#3759 = ORIENTED_EDGE ( 'NONE', *, *, #453, .F. ) ;
#3760 = ORIENTED_EDGE ( 'NONE', *, *, #341, .T. ) ;
#3761 = ORIENTED_EDGE ( 'NONE', *, *, #341, .F. ) ;
#3762 = ORIENTED_EDGE ( 'NONE', *, *, #340, .T. ) ;
#3763 = ORIENTED_EDGE ( 'NONE', *, *, #555, .F. ) ;
#3764 = ORIENTED_EDGE ( 'NONE', *, *, #348, .T. ) ;
#3765 = ORIENTED_EDGE ( 'NONE', *, *, #348, .F. ) ;
#3766 = ORIENTED_EDGE ( 'NONE', *, *, #413, .T. ) ;
#3767 = ORIENTED_EDGE ( 'NONE', *, *, #576, .F. ) ;
#3768 = ORIENTED_EDGE ( 'NONE', *, *, #584, .F. ) ;
#3769 = ORIENTED_EDGE ( 'NONE', *, *, #441, .T. ) ;
#3770 = ORIENTED_EDGE ( 'NONE', *, *, #570, .F. ) ;
#3771 = ORIENTED_EDGE ( 'NONE', *, *, #491, .T. ) ;
#3772 = ORIENTED_EDGE ( 'NONE', *, *, #462, .F. ) ;
#3773 = ORIENTED_EDGE ( 'NONE', *, *, #503, .T. ) ;
#3774 = ORIENTED_EDGE ( 'NONE', *, *, #503, .F. ) ;
#3775 = ORIENTED_EDGE ( 'NONE', *, *, #335, .T. ) ;
#3776 = ORIENTED_EDGE ( 'NONE', *, *, #530, .F. ) ;
#3777 = ORIENTED_EDGE ( 'NONE', *, *, #421, .T. ) ;
#3778 = ORIENTED_EDGE ( 'NONE', *, *, #421, .F. ) ;
#3779 = ORIENTED_EDGE ( 'NONE', *, *, #423, .T. ) ;
#3780 = ORIENTED_EDGE ( 'NONE', *, *, #581, .F. ) ;
#3781 = ORIENTED_EDGE ( 'NONE', *, *, #504, .T. ) ;
#3782 = ORIENTED_EDGE ( 'NONE', *, *, #504, .F. ) ;
#3783 = ORIENTED_EDGE ( 'NONE', *, *, #460, .T. ) ;
#3784 = ORIENTED_EDGE ( 'NONE', *, *, #550, .F. ) ;
#3785 = ORIENTED_EDGE ( 'NONE', *, *, #371, .T. ) ;
#3786 = ORIENTED_EDGE ( 'NONE', *, *, #371, .F. ) ;
#3787 = ORIENTED_EDGE ( 'NONE', *, *, #500, .T. ) ;
#3788 = ORIENTED_EDGE ( 'NONE', *, *, #567, .F. ) ;
#3789 = ORIENTED_EDGE ( 'NONE', *, *, #549, .T. ) ;
#3790 = ORIENTED_EDGE ( 'NONE', *, *, #549, .F. ) ;
#3791 = ORIENTED_EDGE ( 'NONE', *, *, #497, .T. ) ;
#3792 = ORIENTED_EDGE ( 'NONE', *, *, #368, .F. ) ;
#3793 = ORIENTED_EDGE ( 'NONE', *, *, #584, .T. ) ;
#3794 = ORIENTED_EDGE ( 'NONE', *, *, #400, .F. ) ;
#3795 = ORIENTED_EDGE ( 'NONE', *, *, #458, .T. ) ;
#3796 = ORIENTED_EDGE ( 'NONE', *, *, #474, .T. ) ;
#3797 = VERTEX_POINT ( 'NONE', #5245 ) ;
#3798 = ORIENTED_EDGE ( 'NONE', *, *, #499, .F. ) ;
#3799 = ORIENTED_EDGE ( 'NONE', *, *, #416, .T. ) ;
#3800 = ORIENTED_EDGE ( 'NONE', *, *, #416, .F. ) ;
#3801 = ORIENTED_EDGE ( 'NONE', *, *, #343, .T. ) ;
#3802 = ORIENTED_EDGE ( 'NONE', *, *, #563, .F. ) ;
#3803 = ORIENTED_EDGE ( 'NONE', *, *, #573, .T. ) ;
#3804 = ORIENTED_EDGE ( 'NONE', *, *, #513, .F. ) ;
#3805 = ORIENTED_EDGE ( 'NONE', *, *, #560, .F. ) ;
#3806 = ORIENTED_EDGE ( 'NONE', *, *, #2439, .F. ) ;
#3807 = ORIENTED_EDGE ( 'NONE', *, *, #349, .F. ) ;
#3808 = ORIENTED_EDGE ( 'NONE', *, *, #334, .T. ) ;
#3809 = ORIENTED_EDGE ( 'NONE', *, *, #346, .T. ) ;
#3810 = ORIENTED_EDGE ( 'NONE', *, *, #528, .F. ) ;
#3811 = VERTEX_POINT ( 'NONE', #5246 ) ;
#3812 = VERTEX_POINT ( 'NONE', #5247 ) ;
#3813 = ORIENTED_EDGE ( 'NONE', *, *, #554, .T. ) ;
#3814 = VERTEX_POINT ( 'NONE', #5248 ) ;
#3815 = ORIENTED_EDGE ( 'NONE', *, *, #386, .F. ) ;
#3816 = VERTEX_POINT ( 'NONE', #5249 ) ;
#3817 = VERTEX_POINT ( 'NONE', #5250 ) ;
#3818 = VERTEX_POINT ( 'NONE', #5251 ) ;
#3819 = VERTEX_POINT ( 'NONE', #5252 ) ;
#3820 = VERTEX_POINT ( 'NONE', #5253 ) ;
#3821 = VERTEX_POINT ( 'NONE', #5254 ) ;
#3822 = VERTEX_POINT ( 'NONE', #5255 ) ;
#3823 = VERTEX_POINT ( 'NONE', #5256 ) ;
#3824 = VERTEX_POINT ( 'NONE', #5257 ) ;
#3825 = VERTEX_POINT ( 'NONE', #5258 ) ;
#3826 = VERTEX_POINT ( 'NONE', #5259 ) ;
#3827 = VERTEX_POINT ( 'NONE', #5260 ) ;
#3828 = VERTEX_POINT ( 'NONE', #5261 ) ;
#3829 = VERTEX_POINT ( 'NONE', #5262 ) ;
#3830 = VERTEX_POINT ( 'NONE', #5263 ) ;
#3831 = VERTEX_POINT ( 'NONE', #5264 ) ;
#3832 = VERTEX_POINT ( 'NONE', #5265 ) ;
#3833 = VERTEX_POINT ( 'NONE', #5266 ) ;
#3834 = VERTEX_POINT ( 'NONE', #5267 ) ;
#3835 = VERTEX_POINT ( 'NONE', #5268 ) ;
#3836 = ORIENTED_EDGE ( 'NONE', *, *, #320, .T. ) ;
#3837 = VERTEX_POINT ( 'NONE', #5269 ) ;
#3838 = ORIENTED_EDGE ( 'NONE', *, *, #454, .T. ) ;
#3839 = VERTEX_POINT ( 'NONE', #5270 ) ;
#3840 = VERTEX_POINT ( 'NONE', #5271 ) ;
#3841 = VERTEX_POINT ( 'NONE', #5272 ) ;
#3842 = VERTEX_POINT ( 'NONE', #5273 ) ;
#3843 = VERTEX_POINT ( 'NONE', #5274 ) ;
#3844 = VERTEX_POINT ( 'NONE', #5275 ) ;
#3845 = VERTEX_POINT ( 'NONE', #5276 ) ;
#3846 = VERTEX_POINT ( 'NONE', #5277 ) ;
#3847 = VERTEX_POINT ( 'NONE', #5278 ) ;
#3848 = VERTEX_POINT ( 'NONE', #5279 ) ;
#3849 = VERTEX_POINT ( 'NONE', #5280 ) ;
#3850 = VERTEX_POINT ( 'NONE', #5281 ) ;
#3851 = VERTEX_POINT ( 'NONE', #5282 ) ;
#3852 = VERTEX_POINT ( 'NONE', #5283 ) ;
#3853 = VERTEX_POINT ( 'NONE', #5284 ) ;
#3854 = VERTEX_POINT ( 'NONE', #5285 ) ;
#3855 = VERTEX_POINT ( 'NONE', #5286 ) ;
#3856 = VERTEX_POINT ( 'NONE', #5287 ) ;
#3857 = VERTEX_POINT ( 'NONE', #5288 ) ;
#3858 = VERTEX_POINT ( 'NONE', #5289 ) ;
#3859 = VERTEX_POINT ( 'NONE', #5290 ) ;
#3860 = ORIENTED_EDGE ( 'NONE', *, *, #486, .F. ) ;
#3861 = ORIENTED_EDGE ( 'NONE', *, *, #443, .T. ) ;
#3862 = ORIENTED_EDGE ( 'NONE', *, *, #2327, .T. ) ;
#3863 = ORIENTED_EDGE ( 'NONE', *, *, #476, .F. ) ;
#3864 = ORIENTED_EDGE ( 'NONE', *, *, #388, .F. ) ;
#3865 = ORIENTED_EDGE ( 'NONE', *, *, #2287, .T. ) ;
#3866 = ORIENTED_EDGE ( 'NONE', *, *, #2374, .T. ) ;
#3867 = ORIENTED_EDGE ( 'NONE', *, *, #2358, .T. ) ;
#3868 = ORIENTED_EDGE ( 'NONE', *, *, #469, .T. ) ;
#3869 = ORIENTED_EDGE ( 'NONE', *, *, #2391, .T. ) ;
#3870 = ORIENTED_EDGE ( 'NONE', *, *, #2327, .F. ) ;
#3871 = ORIENTED_EDGE ( 'NONE', *, *, #358, .F. ) ;
#3872 = ORIENTED_EDGE ( 'NONE', *, *, #2432, .F. ) ;
#3873 = ORIENTED_EDGE ( 'NONE', *, *, #2391, .F. ) ;
#3874 = ORIENTED_EDGE ( 'NONE', *, *, #338, .F. ) ;
#3875 = ORIENTED_EDGE ( 'NONE', *, *, #2502, .T. ) ;
#3876 = ORIENTED_EDGE ( 'NONE', *, *, #2432, .T. ) ;
#3877 = ORIENTED_EDGE ( 'NONE', *, *, #410, .T. ) ;
#3878 = CARTESIAN_POINT ( 'NONE',  ( -0.2597592121650969500, -0.2288596262584197100, 0.6989999999999999500 ) ) ;
#3879 = CARTESIAN_POINT ( 'NONE',  ( -0.3046512741443648300, 0.1519438729220808900, 0.6999999999999997300 ) ) ;
#3880 = CARTESIAN_POINT ( 'NONE',  ( -0.2494342552130777700, -0.2343202031439152500, 0.6989999999999999500 ) ) ;
#3881 =( NAMED_UNIT ( * ) PLANE_ANGLE_UNIT ( ) SI_UNIT ( $, .RADIAN. ) );
#3882 = CARTESIAN_POINT ( 'NONE',  ( -0.2279372908520088700, -0.2425775178157207100, 0.6990000000000001800 ) ) ;
#3883 = SURFACE_SIDE_STYLE ('',( #3959 ) ) ;
#3884 = LINE ( 'NONE', #1010, #5905 ) ;
#3885 = CARTESIAN_POINT ( 'NONE',  ( -0.1935469981801258000, -0.2489067221690147700, 0.6989999999999997300 ) ) ;
#3886 = CARTESIAN_POINT ( 'NONE',  ( -0.2859635689736628200, 0.1123502748137401600, 0.7000000000000001800 ) ) ;
#3887 = CARTESIAN_POINT ( 'NONE',  ( -0.1856037892195040500, -0.2490603204123962900, 0.6989999999999998400 ) ) ;
#3888 = DIRECTION ( 'NONE',  ( -1.000000000000000000, 0.0000000000000000000, 0.0000000000000000000 ) ) ;
#3889 = LINE ( 'NONE', #3907, #5875 ) ;
#3890 = CARTESIAN_POINT ( 'NONE',  ( -1.500000000000000400, 0.4999999999999995600, -0.5000000000000000000 ) ) ;
#3891 = LINE ( 'NONE', #3890, #5878 ) ;
#3892 = CARTESIAN_POINT ( 'NONE',  ( -0.2168075124968484000, -0.2456276450622339700, 0.6989999999999997300 ) ) ;
#3893 = LINE ( 'NONE', #3901, #5888 ) ;
#3894 = CARTESIAN_POINT ( 'NONE',  ( -0.1816070171259517900, -0.2491376062015287200, 0.6989999999999999500 ) ) ;
#3895 = CARTESIAN_POINT ( 'NONE',  ( -0.2790237171793705800, 0.1031101568860780800, 0.6999999999999999600 ) ) ;
#3896 = DIRECTION ( 'NONE',  ( 6.672013369141561300E-016, 1.000000000000000000, 0.0000000000000000000 ) ) ;
#3897 =( NAMED_UNIT ( * ) SI_UNIT ( $, .STERADIAN. ) SOLID_ANGLE_UNIT ( ) );
#3898 = DIRECTION ( 'NONE',  ( -0.0000000000000000000, -0.0000000000000000000, 1.000000000000000000 ) ) ;
#3899 = PLANE ( 'NONE',  #5874 ) ;
#3900 = CARTESIAN_POINT ( 'NONE',  ( -0.2052959317490455300, -0.2475488381051859900, 0.6990000000000001800 ) ) ;
#3901 = CARTESIAN_POINT ( 'NONE',  ( 1.500000000000000200, -1.249999999999999800, -0.5000000000000000000 ) ) ;
#3902 = CARTESIAN_POINT ( 'NONE',  ( 0.0000000000000000000, 0.0000000000000000000, 0.6989999999999999500 ) ) ;
#3903 = CARTESIAN_POINT ( 'NONE',  ( -0.2127723892795345700, 0.3035229600998772800, 0.6989999999999998400 ) ) ;
#3904 = CARTESIAN_POINT ( 'NONE',  ( -0.2388286614216534900, -0.2388768320010228000, 0.6989999999999998400 ) ) ;
#3905 = CARTESIAN_POINT ( 'NONE',  ( -0.2920362864665992400, 0.1219243902143339700, 0.6999999999999994000 ) ) ;
#3906 = DIRECTION ( 'NONE',  ( -9.427844978134821400E-017, 1.000000000000000000, -0.0000000000000000000 ) ) ;
#3907 = CARTESIAN_POINT ( 'NONE',  ( 1.600000000000000300, 1.150000000000000100, -0.5000000000000000000 ) ) ;
#3908 = DIRECTION ( 'NONE',  ( 0.0000000000000000000, 0.0000000000000000000, -1.000000000000000000 ) ) ;
#3909 = DIRECTION ( 'NONE',  ( 0.0000000000000000000, 0.0000000000000000000, 1.000000000000000000 ) ) ;
#3910 = CARTESIAN_POINT ( 'NONE',  ( -0.2797151088278577200, -0.2153503385353064700, 0.6990000000000000700 ) ) ;
#3911 = CARTESIAN_POINT ( 'NONE',  ( -0.3085249728338479400, 0.1800990721219618000, 0.6999999999999998400 ) ) ;
#3912 = CARTESIAN_POINT ( 'NONE',  ( -0.3397354281341331000, -0.1385305678725710100, 0.6989999999999999500 ) ) ;
#3913 = FILL_AREA_STYLE_COLOUR ( '', #2420 ) ;
#3914 = CARTESIAN_POINT ( 'NONE',  ( -0.3343204704983373000, -0.1483375510706864700, 0.6989999999999997300 ) ) ;
#3915 = CARTESIAN_POINT ( 'NONE',  ( -0.3083780177270567500, 0.1729608404802254500, 0.6999999999999999600 ) ) ;
#3916 = CARTESIAN_POINT ( 'NONE',  ( -0.3078873449230887800, -0.1868162257633059200, 0.6989999999999999500 ) ) ;
#3917 = CARTESIAN_POINT ( 'NONE',  ( -0.3169395941217034200, -0.1751234441883808600, 0.6989999999999999500 ) ) ;
#3918 = CARTESIAN_POINT ( 'NONE',  ( -0.3256902584206742300, -0.1622738890794838400, 0.6989999999999998400 ) ) ;
#3919 = DIRECTION ( 'NONE',  ( -0.0000000000000000000, -0.0000000000000000000, 1.000000000000000000 ) ) ;
#3920 = CARTESIAN_POINT ( 'NONE',  ( -0.2987119885744682300, -0.1974616323668007800, 0.6990000000000000700 ) ) ;
#3921 = CARTESIAN_POINT ( 'NONE',  ( -0.1956731891042971800, 0.3065179312031529000, 0.6990000000000000700 ) ) ;
#3922 = CARTESIAN_POINT ( 'NONE',  ( -0.2892279331456728600, -0.2068876789547708700, 0.6989999999999999500 ) ) ;
#3923 = SURFACE_STYLE_USAGE ( .BOTH. , #3883 ) ;
#3924 = CARTESIAN_POINT ( 'NONE',  ( -0.09691066963663561000, -0.05324417671434924400, 0.6989999999999999500 ) ) ;
#3925 = SURFACE_STYLE_FILL_AREA ( #3933 ) ;
#3926 =( LENGTH_UNIT ( ) NAMED_UNIT ( * ) SI_UNIT ( .MILLI., .METRE. ) );
#3927 = CARTESIAN_POINT ( 'NONE',  ( -0.2290995853884617300, 0.2982371928613262200, 0.6989999999999999500 ) ) ;
#3928 = CARTESIAN_POINT ( 'NONE',  ( -0.2698613943368597900, -0.2226162118205170800, 0.6990000000000000700 ) ) ;
#3929 = DIRECTION ( 'NONE',  ( 1.000000000000000000, -0.0000000000000000000, -0.0000000000000000000 ) ) ;
#3930 = PRESENTATION_STYLE_ASSIGNMENT (( #3934 ) ) ;
#3931 = CARTESIAN_POINT ( 'NONE',  ( -0.3012440124864770300, 0.1417785920079943400, 0.7000000000000000700 ) ) ;
#3932 = CARTESIAN_POINT ( 'NONE',  ( -0.2589157073038829100, 0.2822778310556980400, 0.6989999999999999500 ) ) ;
#3933 = FILL_AREA_STYLE ('',( #3913 ) ) ;
#3934 = SURFACE_STYLE_USAGE ( .BOTH. , #3940 ) ;
#3935 = CARTESIAN_POINT ( 'NONE',  ( -0.2813630186607467000, 0.1062248374580821900, 0.6999999999999999600 ) ) ;
#3936 = PLANE ( 'NONE',  #5889 ) ;
#3937 =( NAMED_UNIT ( * ) PLANE_ANGLE_UNIT ( ) SI_UNIT ( $, .RADIAN. ) );
#3938 = CARTESIAN_POINT ( 'NONE',  ( -0.1840915247028996100, 0.3069477301839932900, 0.6989999999999998400 ) ) ;
#3939 = LINE ( 'NONE', #3924, #5870 ) ;
#3940 = SURFACE_SIDE_STYLE ('',( #3925 ) ) ;
#3941 = CARTESIAN_POINT ( 'NONE',  ( -0.3425194770618492100, -0.1334884008062295900, 0.6989999999999999500 ) ) ;
#3942 = CARTESIAN_POINT ( 'NONE',  ( -0.3080107492836918800, 0.2003483724873770200, 0.6989999999999998400 ) ) ;
#3943 = PLANE ( 'NONE',  #3527 ) ;
#3944 = DIRECTION ( 'NONE',  ( 1.000000000000000000, 0.0000000000000000000, 0.0000000000000000000 ) ) ;
#3945 = CARTESIAN_POINT ( 'NONE',  ( -0.2921949707766882100, 0.2465442568157301100, 0.6990000000000000700 ) ) ;
#3946 = CARTESIAN_POINT ( 'NONE',  ( -0.2827822519426217400, 0.2598438753547812100, 0.6989999999999998400 ) ) ;
#3947 =( NAMED_UNIT ( * ) SI_UNIT ( $, .STERADIAN. ) SOLID_ANGLE_UNIT ( ) );
#3948 = CARTESIAN_POINT ( 'NONE',  ( -0.2994966978700453500, 0.2319800277883026500, 0.6989999999999997300 ) ) ;
#3949 = CARTESIAN_POINT ( 'NONE',  ( 0.1255894972971251000, 0.02222991516599265000, 0.6989999999999999500 ) ) ;
#3950 = CARTESIAN_POINT ( 'NONE',  ( -0.1782149231088578100, 0.3071658126018900200, 0.6989999999999999500 ) ) ;
#3951 = CARTESIAN_POINT ( 'NONE',  ( -0.2446807273581059200, 0.2912301303597827900, 0.6990000000000000700 ) ) ;
#3952 =( LENGTH_UNIT ( ) NAMED_UNIT ( * ) SI_UNIT ( .MILLI., .METRE. ) );
#3953 = CARTESIAN_POINT ( 'NONE',  ( 1.499999999999999800, 0.4999999999999998900, -0.5010000000000000000 ) ) ;
#3954 = CARTESIAN_POINT ( 'NONE',  ( -0.3047086710773311800, 0.2165304147089807400, 0.6990000000000001800 ) ) ;
#3955 = CARTESIAN_POINT ( 'NONE',  ( -0.3084012017216736200, 0.1892709390417244600, 0.6989999999999998400 ) ) ;
#3956 = CARTESIAN_POINT ( 'NONE',  ( -0.2718895867707371000, 0.2720318668389694100, 0.6990000000000000700 ) ) ;
#3957 = CARTESIAN_POINT ( 'NONE',  ( -0.3085985368909091600, 0.1836723897920610200, 0.6990000000000000700 ) ) ;
#3958 = CARTESIAN_POINT ( 'NONE',  ( -0.2971978027468317700, 0.1317250505797769900, 0.7000000000000004000 ) ) ;
#3959 = SURFACE_STYLE_FILL_AREA ( #3964 ) ;
#3960 = FILL_AREA_STYLE_COLOUR ( '', #2417 ) ;
#3961 = LINE ( 'NONE', #3949, #5886 ) ;
#3962 = DIRECTION ( 'NONE',  ( -0.0000000000000000000, -0.0000000000000000000, 1.000000000000000000 ) ) ;
#3963 = CARTESIAN_POINT ( 'NONE',  ( -0.3085985368909091600, 0.1836723897920610200, 0.7000000000000000700 ) ) ;
#3964 = FILL_AREA_STYLE ('',( #3960 ) ) ;
#3965 = CARTESIAN_POINT ( 'NONE',  ( -0.3069430089076470300, 0.1623535255457135300, 0.7000000000000000700 ) ) ;
#3966 = PRESENTATION_STYLE_ASSIGNMENT (( #3923 ) ) ;
#3967 = DIRECTION ( 'NONE',  ( -1.000000000000000000, 0.0000000000000000000, -0.0000000000000000000 ) ) ;
#3968 = STYLED_ITEM ( 'NONE', ( #2573 ), #2486 ) ;
#3969 = PRESENTATION_LAYER_ASSIGNMENT (  '', '', ( #3968 ) ) ;
#3970 = MECHANICAL_DESIGN_GEOMETRIC_PRESENTATION_REPRESENTATION (  '', ( #3968 ), #2847 ) ;
#3971 = FACE_OUTER_BOUND ( 'NONE', #784, .T. ) ;
#3972 = STYLED_ITEM ( 'NONE', ( #2589 ), #2491 ) ;
#3973 = VECTOR ( 'NONE', #2583, 1000.000000000000000 ) ;
#3974 = FACE_OUTER_BOUND ( 'NONE', #761, .T. ) ;
#3975 = FACE_OUTER_BOUND ( 'NONE', #840, .T. ) ;
#3976 = PRESENTATION_LAYER_ASSIGNMENT (  '', '', ( #3972 ) ) ;
#3977 = MECHANICAL_DESIGN_GEOMETRIC_PRESENTATION_REPRESENTATION (  '', ( #3972 ), #2848 ) ;
#3978 = FACE_OUTER_BOUND ( 'NONE', #838, .T. ) ;
#3979 = AXIS2_PLACEMENT_3D ( 'NONE', #2641, #2642, #2643 ) ;
#3980 = STYLED_ITEM ( 'NONE', ( #2636 ), #2494 ) ;
#3981 = PRESENTATION_LAYER_ASSIGNMENT (  '', '', ( #3980 ) ) ;
#3982 = MECHANICAL_DESIGN_GEOMETRIC_PRESENTATION_REPRESENTATION (  '', ( #3980 ), #2849 ) ;
#3983 = VECTOR ( 'NONE', #2646, 1000.000000000000000 ) ;
#3984 = VECTOR ( 'NONE', #2649, 1000.000000000000000 ) ;
#3985 = STYLED_ITEM ( 'NONE', ( #2667 ), #2505 ) ;
#3986 = VECTOR ( 'NONE', #2652, 1000.000000000000000 ) ;
#3987 = VECTOR ( 'NONE', #2655, 1000.000000000000000 ) ;
#3988 = VECTOR ( 'NONE', #2658, 1000.000000000000000 ) ;
#3989 = VECTOR ( 'NONE', #2661, 1000.000000000000000 ) ;
#3990 = STYLED_ITEM ( 'NONE', ( #5240 ), #3488 ) ;
#3991 = PRESENTATION_LAYER_ASSIGNMENT (  '', '', ( #3985 ) ) ;
#3992 = MECHANICAL_DESIGN_GEOMETRIC_PRESENTATION_REPRESENTATION (  '', ( #3985 ), #2850 ) ;
#3993 = STYLED_ITEM ( 'NONE', ( #2709 ), #2515 ) ;
#3994 = AXIS2_PLACEMENT_3D ( 'NONE', #2688, #2689, #2690 ) ;
#3995 = VECTOR ( 'NONE', #2687, 1000.000000000000000 ) ;
#3996 = VECTOR ( 'NONE', #2694, 1000.000000000000000 ) ;
#3997 = VECTOR ( 'NONE', #2697, 1000.000000000000000 ) ;
#3998 = VECTOR ( 'NONE', #2700, 1000.000000000000000 ) ;
#3999 = FACE_OUTER_BOUND ( 'NONE', #758, .T. ) ;
#4000 = VECTOR ( 'NONE', #2703, 1000.000000000000000 ) ;
#4001 = AXIS2_PLACEMENT_3D ( 'NONE', #2713, #2714, #2715 ) ;
#4002 = PRESENTATION_LAYER_ASSIGNMENT (  '', '', ( #3993 ) ) ;
#4003 = MECHANICAL_DESIGN_GEOMETRIC_PRESENTATION_REPRESENTATION (  '', ( #3993 ), #2851 ) ;
#4004 = STYLED_ITEM ( 'NONE', ( #2725 ), #2518 ) ;
#4005 = VECTOR ( 'NONE', #2718, 1000.000000000000000 ) ;
#4006 = AXIS2_PLACEMENT_3D ( 'NONE', #2729, #2730, #2731 ) ;
#4007 = PRESENTATION_LAYER_ASSIGNMENT (  '', '', ( #4004 ) ) ;
#4008 = MECHANICAL_DESIGN_GEOMETRIC_PRESENTATION_REPRESENTATION (  '', ( #4004 ), #2852 ) ;
#4009 = VECTOR ( 'NONE', #2734, 1000.000000000000000 ) ;
#4010 = PRESENTATION_LAYER_ASSIGNMENT (  '', '', ( #3990 ) ) ;
#4011 = VECTOR ( 'NONE', #2738, 1000.000000000000000 ) ;
#4012 = MECHANICAL_DESIGN_GEOMETRIC_PRESENTATION_REPRESENTATION (  '', ( #3990 ), #2853 ) ;
#4013 = STYLED_ITEM ( 'NONE', ( #5456 ), #4664 ) ;
#4014 = PRESENTATION_LAYER_ASSIGNMENT (  '', '', ( #4013 ) ) ;
#4015 = MECHANICAL_DESIGN_GEOMETRIC_PRESENTATION_REPRESENTATION (  '', ( #4013 ), #2855 ) ;
#4016 = AXIS2_PLACEMENT_3D ( 'NONE', #5460, #5461, #5462 ) ;
#4017 = PRODUCT_DEFINITION_FORMATION_WITH_SPECIFIED_SOURCE ( 'ANY', '', #4068, .NOT_KNOWN. ) ;
#4018 = VECTOR ( 'NONE', #3119, 1000.000000000000000 ) ;
#4019 = VECTOR ( 'NONE', #4827, 1000.000000000000100 ) ;
#4020 = MECHANICAL_DESIGN_GEOMETRIC_PRESENTATION_REPRESENTATION (  '', ( #4031 ), #2817 ) ;
#4021 = AXIS2_PLACEMENT_3D ( 'NONE', #4840, #4841, #4842 ) ;
#4022 = FACE_OUTER_BOUND ( 'NONE', #848, .T. ) ;
#4023 = MECHANICAL_DESIGN_GEOMETRIC_PRESENTATION_REPRESENTATION (  '', ( #4632 ), #2814 ) ;
#4024 = VECTOR ( 'NONE', #3187, 1000.000000000000000 ) ;
#4025 = VECTOR ( 'NONE', #3208, 1000.000000000000000 ) ;
#4026 = VECTOR ( 'NONE', #3122, 1000.000000000000000 ) ;
#4027 = PRESENTATION_LAYER_ASSIGNMENT (  '', '', ( #4046 ) ) ;
#4028 = VECTOR ( 'NONE', #3191, 1000.000000000000000 ) ;
#4029 = VECTOR ( 'NONE', #3205, 1000.000000000000000 ) ;
#4030 = MECHANICAL_DESIGN_GEOMETRIC_PRESENTATION_REPRESENTATION (  '', ( #4039 ), #2816 ) ;
#4031 = STYLED_ITEM ( 'NONE', ( #3229 ), #2344 ) ;
#4032 = AXIS2_PLACEMENT_3D ( 'NONE', #3188, #3195, #3196 ) ;
#4033 = STYLED_ITEM ( 'NONE', ( #4836 ), #2359 ) ;
#4034 = VECTOR ( 'NONE', #3220, 1000.000000000000000 ) ;
#4035 = PRESENTATION_LAYER_ASSIGNMENT (  '', '', ( #4031 ) ) ;
#4036 = VECTOR ( 'NONE', #3223, 1000.000000000000000 ) ;
#4037 = VECTOR ( 'NONE', #3217, 1000.000000000000000 ) ;
#4038 = FACE_OUTER_BOUND ( 'NONE', #691, .T. ) ;
#4039 = STYLED_ITEM ( 'NONE', ( #3159 ), #2321 ) ;
#4040 = VECTOR ( 'NONE', #3194, 1000.000000000000000 ) ;
#4041 = VECTOR ( 'NONE', #3202, 1000.000000000000000 ) ;
#4042 = MECHANICAL_DESIGN_GEOMETRIC_PRESENTATION_REPRESENTATION (  '', ( #4046 ), #2815 ) ;
#4043 = VECTOR ( 'NONE', #3214, 1000.000000000000000 ) ;
#4044 = VECTOR ( 'NONE', #3199, 1000.000000000000000 ) ;
#4045 = FACE_OUTER_BOUND ( 'NONE', #846, .T. ) ;
#4046 = STYLED_ITEM ( 'NONE', ( #3128 ), #2320 ) ;
#4047 = VECTOR ( 'NONE', #3211, 1000.000000000000000 ) ;
#4048 = PRESENTATION_LAYER_ASSIGNMENT (  '', '', ( #4039 ) ) ;
#4049 = PRESENTATION_LAYER_ASSIGNMENT (  '', '', ( #4632 ) ) ;
#4050 = VECTOR ( 'NONE', #4821, 1000.000000000000000 ) ;
#4051 = VECTOR ( 'NONE', #4814, 1000.000000000000000 ) ;
#4052 = VECTOR ( 'NONE', #4824, 1000.000000000000000 ) ;
#4053 = VECTOR ( 'NONE', #4818, 1000.000000000000000 ) ;
#4054 = VECTOR ( 'NONE', #5050, 1000.000000000000000 ) ;
#4055 = PRESENTATION_LAYER_ASSIGNMENT (  '', '', ( #4067 ) ) ;
#4056 = VECTOR ( 'NONE', #5013, 1000.000000000000000 ) ;
#4057 = MECHANICAL_DESIGN_GEOMETRIC_PRESENTATION_REPRESENTATION (  '', ( #4067 ), #2783 ) ;
#4058 = VECTOR ( 'NONE', #5029, 1000.000000000000000 ) ;
#4059 = CYLINDRICAL_SURFACE ( 'NONE', #3568, 0.1249999999999998900 ) ;
#4060 = AXIS2_PLACEMENT_3D ( 'NONE', #5060, #5061, #5062 ) ;
#4061 = VECTOR ( 'NONE', #5026, 1000.000000000000000 ) ;
#4062 = FACE_OUTER_BOUND ( 'NONE', #714, .T. ) ;
#4063 = VECTOR ( 'NONE', #5020, 1000.000000000000000 ) ;
#4064 = FACE_OUTER_BOUND ( 'NONE', #689, .T. ) ;
#4065 = VECTOR ( 'NONE', #5017, 1000.000000000000000 ) ;
#4066 = VECTOR ( 'NONE', #5023, 1000.000000000000000 ) ;
#4067 = STYLED_ITEM ( 'NONE', ( #5056 ), #477 ) ;
#4068 = PRODUCT ( 'ASEK', 'ASEK', '', ( #5464 ) ) ;
#4069 = ORIENTED_EDGE ( 'NONE', *, *, #522, .T. ) ;
#4070 = ORIENTED_EDGE ( 'NONE', *, *, #455, .F. ) ;
#4071 = ORIENTED_EDGE ( 'NONE', *, *, #2441, .T. ) ;
#4072 = ORIENTED_EDGE ( 'NONE', *, *, #2356, .F. ) ;
#4073 = VERTEX_POINT ( 'NONE', #5291 ) ;
#4074 = VERTEX_POINT ( 'NONE', #5292 ) ;
#4075 = ORIENTED_EDGE ( 'NONE', *, *, #2338, .T. ) ;
#4076 = VERTEX_POINT ( 'NONE', #5293 ) ;
#4077 = VERTEX_POINT ( 'NONE', #5294 ) ;
#4078 = ORIENTED_EDGE ( 'NONE', *, *, #2389, .T. ) ;
#4079 = ORIENTED_EDGE ( 'NONE', *, *, #2313, .F. ) ;
#4080 = ORIENTED_EDGE ( 'NONE', *, *, #501, .F. ) ;
#4081 = VERTEX_POINT ( 'NONE', #5295 ) ;
#4082 = ORIENTED_EDGE ( 'NONE', *, *, #2388, .T. ) ;
#4083 = ORIENTED_EDGE ( 'NONE', *, *, #2416, .F. ) ;
#4084 = VERTEX_POINT ( 'NONE', #5296 ) ;
#4085 = ORIENTED_EDGE ( 'NONE', *, *, #2314, .T. ) ;
#4086 = VERTEX_POINT ( 'NONE', #5297 ) ;
#4087 = ORIENTED_EDGE ( 'NONE', *, *, #2503, .T. ) ;
#4088 = VERTEX_POINT ( 'NONE', #5298 ) ;
#4089 = VERTEX_POINT ( 'NONE', #5299 ) ;
#4090 = ORIENTED_EDGE ( 'NONE', *, *, #2464, .F. ) ;
#4091 = ORIENTED_EDGE ( 'NONE', *, *, #2464, .T. ) ;
#4092 = ORIENTED_EDGE ( 'NONE', *, *, #2388, .F. ) ;
#4093 = VERTEX_POINT ( 'NONE', #5300 ) ;
#4094 = ORIENTED_EDGE ( 'NONE', *, *, #479, .T. ) ;
#4095 = ORIENTED_EDGE ( 'NONE', *, *, #391, .F. ) ;
#4096 = VERTEX_POINT ( 'NONE', #5301 ) ;
#4097 = VERTEX_POINT ( 'NONE', #5302 ) ;
#4098 = ORIENTED_EDGE ( 'NONE', *, *, #2362, .F. ) ;
#4099 = ORIENTED_EDGE ( 'NONE', *, *, #2462, .F. ) ;
#4100 = VERTEX_POINT ( 'NONE', #5303 ) ;
#4101 = VERTEX_POINT ( 'NONE', #5304 ) ;
#4102 = VERTEX_POINT ( 'NONE', #5305 ) ;
#4103 = VERTEX_POINT ( 'NONE', #5306 ) ;
#4104 = ORIENTED_EDGE ( 'NONE', *, *, #2462, .T. ) ;
#4105 = ORIENTED_EDGE ( 'NONE', *, *, #373, .T. ) ;
#4106 = VERTEX_POINT ( 'NONE', #5307 ) ;
#4107 = VERTEX_POINT ( 'NONE', #5308 ) ;
#4108 = ORIENTED_EDGE ( 'NONE', *, *, #2465, .F. ) ;
#4109 = ORIENTED_EDGE ( 'NONE', *, *, #2465, .T. ) ;
#4110 = ORIENTED_EDGE ( 'NONE', *, *, #2517, .F. ) ;
#4111 = ORIENTED_EDGE ( 'NONE', *, *, #485, .T. ) ;
#4112 = VERTEX_POINT ( 'NONE', #5309 ) ;
#4113 = VERTEX_POINT ( 'NONE', #5310 ) ;
#4114 = ORIENTED_EDGE ( 'NONE', *, *, #544, .F. ) ;
#4115 = ORIENTED_EDGE ( 'NONE', *, *, #487, .F. ) ;
#4116 = ORIENTED_EDGE ( 'NONE', *, *, #2495, .F. ) ;
#4117 = VERTEX_POINT ( 'NONE', #5311 ) ;
#4118 = ORIENTED_EDGE ( 'NONE', *, *, #2362, .T. ) ;
#4119 = VERTEX_POINT ( 'NONE', #5312 ) ;
#4120 = VERTEX_POINT ( 'NONE', #5313 ) ;
#4121 = VERTEX_POINT ( 'NONE', #5314 ) ;
#4122 = ORIENTED_EDGE ( 'NONE', *, *, #2338, .F. ) ;
#4123 = ORIENTED_EDGE ( 'NONE', *, *, #2323, .F. ) ;
#4124 = VERTEX_POINT ( 'NONE', #5315 ) ;
#4125 = ORIENTED_EDGE ( 'NONE', *, *, #2323, .T. ) ;
#4126 = ORIENTED_EDGE ( 'NONE', *, *, #2445, .F. ) ;
#4127 = VERTEX_POINT ( 'NONE', #5316 ) ;
#4128 = ORIENTED_EDGE ( 'NONE', *, *, #2403, .F. ) ;
#4129 = VERTEX_POINT ( 'NONE', #5317 ) ;
#4130 = VERTEX_POINT ( 'NONE', #5318 ) ;
#4131 = ORIENTED_EDGE ( 'NONE', *, *, #2314, .F. ) ;
#4132 = ORIENTED_EDGE ( 'NONE', *, *, #350, .F. ) ;
#4133 = VERTEX_POINT ( 'NONE', #5319 ) ;
#4134 = ORIENTED_EDGE ( 'NONE', *, *, #2499, .F. ) ;
#4135 = VERTEX_POINT ( 'NONE', #5320 ) ;
#4136 = VERTEX_POINT ( 'NONE', #5321 ) ;
#4137 = ORIENTED_EDGE ( 'NONE', *, *, #2394, .T. ) ;
#4138 = VERTEX_POINT ( 'NONE', #5322 ) ;
#4139 = ORIENTED_EDGE ( 'NONE', *, *, #2403, .T. ) ;
#4140 = ORIENTED_EDGE ( 'NONE', *, *, #482, .F. ) ;
#4141 = VERTEX_POINT ( 'NONE', #5323 ) ;
#4142 = ORIENTED_EDGE ( 'NONE', *, *, #2357, .F. ) ;
#4143 = VERTEX_POINT ( 'NONE', #5324 ) ;
#4144 = ORIENTED_EDGE ( 'NONE', *, *, #2394, .F. ) ;
#4145 = VERTEX_POINT ( 'NONE', #5325 ) ;
#4146 = VERTEX_POINT ( 'NONE', #5326 ) ;
#4147 = ORIENTED_EDGE ( 'NONE', *, *, #352, .F. ) ;
#4148 = VERTEX_POINT ( 'NONE', #5327 ) ;
#4149 = VERTEX_POINT ( 'NONE', #5328 ) ;
#4150 = ORIENTED_EDGE ( 'NONE', *, *, #575, .F. ) ;
#4151 = ORIENTED_EDGE ( 'NONE', *, *, #2399, .F. ) ;
#4152 = VERTEX_POINT ( 'NONE', #5329 ) ;
#4153 = ORIENTED_EDGE ( 'NONE', *, *, #2444, .F. ) ;
#4154 = ORIENTED_EDGE ( 'NONE', *, *, #466, .T. ) ;
#4155 = VERTEX_POINT ( 'NONE', #5330 ) ;
#4156 = ORIENTED_EDGE ( 'NONE', *, *, #2444, .T. ) ;
#4157 = ORIENTED_EDGE ( 'NONE', *, *, #436, .F. ) ;
#4158 = VERTEX_POINT ( 'NONE', #5331 ) ;
#4159 = ORIENTED_EDGE ( 'NONE', *, *, #582, .F. ) ;
#4160 = VERTEX_POINT ( 'NONE', #5332 ) ;
#4161 = VERTEX_POINT ( 'NONE', #5333 ) ;
#4162 = ORIENTED_EDGE ( 'NONE', *, *, #541, .F. ) ;
#4163 = VERTEX_POINT ( 'NONE', #5334 ) ;
#4164 = VERTEX_POINT ( 'NONE', #5335 ) ;
#4165 = ORIENTED_EDGE ( 'NONE', *, *, #2506, .F. ) ;
#4166 = VERTEX_POINT ( 'NONE', #5336 ) ;
#4167 = VERTEX_POINT ( 'NONE', #5337 ) ;
#4168 = VERTEX_POINT ( 'NONE', #5338 ) ;
#4169 = VERTEX_POINT ( 'NONE', #5339 ) ;
#4170 = VERTEX_POINT ( 'NONE', #5340 ) ;
#4171 = VERTEX_POINT ( 'NONE', #5341 ) ;
#4172 = ORIENTED_EDGE ( 'NONE', *, *, #2333, .T. ) ;
#4173 = VERTEX_POINT ( 'NONE', #5342 ) ;
#4174 = VERTEX_POINT ( 'NONE', #5343 ) ;
#4175 = ORIENTED_EDGE ( 'NONE', *, *, #2445, .T. ) ;
#4176 = VERTEX_POINT ( 'NONE', #5344 ) ;
#4177 = ORIENTED_EDGE ( 'NONE', *, *, #481, .T. ) ;
#4178 = VERTEX_POINT ( 'NONE', #5345 ) ;
#4179 = VERTEX_POINT ( 'NONE', #5346 ) ;
#4180 = ORIENTED_EDGE ( 'NONE', *, *, #524, .T. ) ;
#4181 = VERTEX_POINT ( 'NONE', #5347 ) ;
#4182 = ORIENTED_EDGE ( 'NONE', *, *, #2333, .F. ) ;
#4183 = VERTEX_POINT ( 'NONE', #5348 ) ;
#4184 = VERTEX_POINT ( 'NONE', #5349 ) ;
#4185 = VERTEX_POINT ( 'NONE', #5350 ) ;
#4186 = VERTEX_POINT ( 'NONE', #5351 ) ;
#4187 = VERTEX_POINT ( 'NONE', #5352 ) ;
#4188 = VERTEX_POINT ( 'NONE', #5353 ) ;
#4189 = ORIENTED_EDGE ( 'NONE', *, *, #2283, .T. ) ;
#4190 = VERTEX_POINT ( 'NONE', #5354 ) ;
#4191 = ORIENTED_EDGE ( 'NONE', *, *, #2504, .F. ) ;
#4192 = VERTEX_POINT ( 'NONE', #5355 ) ;
#4193 = VERTEX_POINT ( 'NONE', #5356 ) ;
#4194 = VERTEX_POINT ( 'NONE', #5357 ) ;
#4195 = ORIENTED_EDGE ( 'NONE', *, *, #2471, .F. ) ;
#4196 = VERTEX_POINT ( 'NONE', #5358 ) ;
#4197 = VERTEX_POINT ( 'NONE', #5359 ) ;
#4198 = ORIENTED_EDGE ( 'NONE', *, *, #2304, .F. ) ;
#4199 = VERTEX_POINT ( 'NONE', #5360 ) ;
#4200 = ORIENTED_EDGE ( 'NONE', *, *, #2343, .F. ) ;
#4201 = ORIENTED_EDGE ( 'NONE', *, *, #2385, .F. ) ;
#4202 = VERTEX_POINT ( 'NONE', #5361 ) ;
#4203 = ORIENTED_EDGE ( 'NONE', *, *, #2437, .F. ) ;
#4204 = ORIENTED_EDGE ( 'NONE', *, *, #2443, .T. ) ;
#4205 = VERTEX_POINT ( 'NONE', #5362 ) ;
#4206 = VERTEX_POINT ( 'NONE', #5363 ) ;
#4207 = VERTEX_POINT ( 'NONE', #5364 ) ;
#4208 = VERTEX_POINT ( 'NONE', #5365 ) ;
#4209 = ORIENTED_EDGE ( 'NONE', *, *, #340, .F. ) ;
#4210 = ORIENTED_EDGE ( 'NONE', *, *, #2452, .F. ) ;
#4211 = VERTEX_POINT ( 'NONE', #5366 ) ;
#4212 = VERTEX_POINT ( 'NONE', #5367 ) ;
#4213 = ORIENTED_EDGE ( 'NONE', *, *, #2395, .F. ) ;
#4214 = ORIENTED_EDGE ( 'NONE', *, *, #354, .F. ) ;
#4215 = VERTEX_POINT ( 'NONE', #5368 ) ;
#4216 = VERTEX_POINT ( 'NONE', #5369 ) ;
#4217 = ORIENTED_EDGE ( 'NONE', *, *, #532, .F. ) ;
#4218 = VERTEX_POINT ( 'NONE', #5370 ) ;
#4219 = VERTEX_POINT ( 'NONE', #5371 ) ;
#4220 = ORIENTED_EDGE ( 'NONE', *, *, #478, .F. ) ;
#4221 = VERTEX_POINT ( 'NONE', #5372 ) ;
#4222 = ORIENTED_EDGE ( 'NONE', *, *, #413, .F. ) ;
#4223 = VERTEX_POINT ( 'NONE', #5373 ) ;
#4224 = VERTEX_POINT ( 'NONE', #5374 ) ;
#4225 = VERTEX_POINT ( 'NONE', #5375 ) ;
#4226 = ORIENTED_EDGE ( 'NONE', *, *, #343, .F. ) ;
#4227 = VERTEX_POINT ( 'NONE', #5376 ) ;
#4228 = VERTEX_POINT ( 'NONE', #5377 ) ;
#4229 = VERTEX_POINT ( 'NONE', #5378 ) ;
#4230 = VERTEX_POINT ( 'NONE', #5379 ) ;
#4231 = ORIENTED_EDGE ( 'NONE', *, *, #355, .T. ) ;
#4232 = VERTEX_POINT ( 'NONE', #5380 ) ;
#4233 = VERTEX_POINT ( 'NONE', #5381 ) ;
#4234 = ORIENTED_EDGE ( 'NONE', *, *, #353, .T. ) ;
#4235 = VERTEX_POINT ( 'NONE', #5382 ) ;
#4236 = VERTEX_POINT ( 'NONE', #5383 ) ;
#4237 = ORIENTED_EDGE ( 'NONE', *, *, #483, .F. ) ;
#4238 = ORIENTED_EDGE ( 'NONE', *, *, #2441, .F. ) ;
#4239 = VERTEX_POINT ( 'NONE', #5384 ) ;
#4240 = VERTEX_POINT ( 'NONE', #5385 ) ;
#4241 = ORIENTED_EDGE ( 'NONE', *, *, #2399, .T. ) ;
#4242 = ORIENTED_EDGE ( 'NONE', *, *, #507, .F. ) ;
#4243 = VERTEX_POINT ( 'NONE', #5386 ) ;
#4244 = VERTEX_POINT ( 'NONE', #5387 ) ;
#4245 = VERTEX_POINT ( 'NONE', #5388 ) ;
#4246 = ORIENTED_EDGE ( 'NONE', *, *, #2519, .T. ) ;
#4247 = VERTEX_POINT ( 'NONE', #5389 ) ;
#4248 = VERTEX_POINT ( 'NONE', #5390 ) ;
#4249 = VERTEX_POINT ( 'NONE', #5391 ) ;
#4250 = ORIENTED_EDGE ( 'NONE', *, *, #2395, .T. ) ;
#4251 = VERTEX_POINT ( 'NONE', #5392 ) ;
#4252 = VERTEX_POINT ( 'NONE', #5393 ) ;
#4253 = VERTEX_POINT ( 'NONE', #5394 ) ;
#4254 = ORIENTED_EDGE ( 'NONE', *, *, #2510, .T. ) ;
#4255 = ORIENTED_EDGE ( 'NONE', *, *, #2332, .T. ) ;
#4256 = VERTEX_POINT ( 'NONE', #5395 ) ;
#4257 = VERTEX_POINT ( 'NONE', #5396 ) ;
#4258 = VERTEX_POINT ( 'NONE', #5397 ) ;
#4259 = VERTEX_POINT ( 'NONE', #5398 ) ;
#4260 = VERTEX_POINT ( 'NONE', #5399 ) ;
#4261 = ORIENTED_EDGE ( 'NONE', *, *, #2519, .F. ) ;
#4262 = VERTEX_POINT ( 'NONE', #5400 ) ;
#4263 = VERTEX_POINT ( 'NONE', #5401 ) ;
#4264 = ORIENTED_EDGE ( 'NONE', *, *, #498, .F. ) ;
#4265 = VERTEX_POINT ( 'NONE', #5402 ) ;
#4266 = ORIENTED_EDGE ( 'NONE', *, *, #2471, .T. ) ;
#4267 = VERTEX_POINT ( 'NONE', #5403 ) ;
#4268 = VERTEX_POINT ( 'NONE', #5404 ) ;
#4269 = ORIENTED_EDGE ( 'NONE', *, *, #2499, .T. ) ;
#4270 = ORIENTED_EDGE ( 'NONE', *, *, #2354, .T. ) ;
#4271 = VERTEX_POINT ( 'NONE', #5405 ) ;
#4272 = VERTEX_POINT ( 'NONE', #5406 ) ;
#4273 = VERTEX_POINT ( 'NONE', #5407 ) ;
#4274 = ORIENTED_EDGE ( 'NONE', *, *, #2510, .F. ) ;
#4275 = ORIENTED_EDGE ( 'NONE', *, *, #2354, .F. ) ;
#4276 = VERTEX_POINT ( 'NONE', #5408 ) ;
#4277 = ORIENTED_EDGE ( 'NONE', *, *, #529, .F. ) ;
#4278 = VERTEX_POINT ( 'NONE', #5409 ) ;
#4279 = ORIENTED_EDGE ( 'NONE', *, *, #2392, .F. ) ;
#4280 = ORIENTED_EDGE ( 'NONE', *, *, #2392, .T. ) ;
#4281 = VERTEX_POINT ( 'NONE', #5410 ) ;
#4282 = ORIENTED_EDGE ( 'NONE', *, *, #2437, .T. ) ;
#4283 = VERTEX_POINT ( 'NONE', #5411 ) ;
#4284 = VERTEX_POINT ( 'NONE', #5412 ) ;
#4285 = ORIENTED_EDGE ( 'NONE', *, *, #2298, .F. ) ;
#4286 = VERTEX_POINT ( 'NONE', #5413 ) ;
#4287 = VERTEX_POINT ( 'NONE', #5414 ) ;
#4288 = VERTEX_POINT ( 'NONE', #5415 ) ;
#4289 = ORIENTED_EDGE ( 'NONE', *, *, #2506, .T. ) ;
#4290 = ORIENTED_EDGE ( 'NONE', *, *, #2443, .F. ) ;
#4291 = ORIENTED_EDGE ( 'NONE', *, *, #2286, .T. ) ;
#4292 = ORIENTED_EDGE ( 'NONE', *, *, #2291, .T. ) ;
#4293 = ORIENTED_EDGE ( 'NONE', *, *, #2511, .T. ) ;
#4294 = VERTEX_POINT ( 'NONE', #5416 ) ;
#4295 = ORIENTED_EDGE ( 'NONE', *, *, #2504, .T. ) ;
#4296 = VERTEX_POINT ( 'NONE', #5417 ) ;
#4297 = ORIENTED_EDGE ( 'NONE', *, *, #470, .T. ) ;
#4298 = VERTEX_POINT ( 'NONE', #5418 ) ;
#4299 = VERTEX_POINT ( 'NONE', #5419 ) ;
#4300 = ORIENTED_EDGE ( 'NONE', *, *, #2356, .T. ) ;
#4301 = VERTEX_POINT ( 'NONE', #5420 ) ;
#4302 = ORIENTED_EDGE ( 'NONE', *, *, #2452, .T. ) ;
#4303 = ORIENTED_EDGE ( 'NONE', *, *, #2283, .F. ) ;
#4304 = VERTEX_POINT ( 'NONE', #5421 ) ;
#4305 = VERTEX_POINT ( 'NONE', #5422 ) ;
#4306 = VERTEX_POINT ( 'NONE', #5423 ) ;
#4307 = VERTEX_POINT ( 'NONE', #5424 ) ;
#4308 = VERTEX_POINT ( 'NONE', #5425 ) ;
#4309 = ORIENTED_EDGE ( 'NONE', *, *, #2332, .F. ) ;
#4310 = ORIENTED_EDGE ( 'NONE', *, *, #2495, .T. ) ;
#4311 = VERTEX_POINT ( 'NONE', #5426 ) ;
#4312 = ORIENTED_EDGE ( 'NONE', *, *, #2298, .T. ) ;
#4313 = ORIENTED_EDGE ( 'NONE', *, *, #2304, .T. ) ;
#4314 = VERTEX_POINT ( 'NONE', #5427 ) ;
#4315 = VERTEX_POINT ( 'NONE', #5428 ) ;
#4316 = ORIENTED_EDGE ( 'NONE', *, *, #430, .T. ) ;
#4317 = VERTEX_POINT ( 'NONE', #5429 ) ;
#4318 = ORIENTED_EDGE ( 'NONE', *, *, #2343, .T. ) ;
#4319 = VERTEX_POINT ( 'NONE', #5430 ) ;
#4320 = ORIENTED_EDGE ( 'NONE', *, *, #2291, .F. ) ;
#4321 = ORIENTED_EDGE ( 'NONE', *, *, #2422, .F. ) ;
#4322 = VERTEX_POINT ( 'NONE', #5431 ) ;
#4323 = ORIENTED_EDGE ( 'NONE', *, *, #472, .T. ) ;
#4324 = ORIENTED_EDGE ( 'NONE', *, *, #2416, .T. ) ;
#4325 = VERTEX_POINT ( 'NONE', #5432 ) ;
#4326 = ORIENTED_EDGE ( 'NONE', *, *, #2514, .T. ) ;
#4327 = ORIENTED_EDGE ( 'NONE', *, *, #2402, .T. ) ;
#4328 = VERTEX_POINT ( 'NONE', #5433 ) ;
#4329 = VERTEX_POINT ( 'NONE', #5434 ) ;
#4330 = ORIENTED_EDGE ( 'NONE', *, *, #2340, .F. ) ;
#4331 = ORIENTED_EDGE ( 'NONE', *, *, #2503, .F. ) ;
#4332 = ORIENTED_EDGE ( 'NONE', *, *, #461, .F. ) ;
#4333 = VERTEX_POINT ( 'NONE', #5435 ) ;
#4334 = VERTEX_POINT ( 'NONE', #5436 ) ;
#4335 = VERTEX_POINT ( 'NONE', #5437 ) ;
#4336 = ORIENTED_EDGE ( 'NONE', *, *, #2313, .T. ) ;
#4337 = ORIENTED_EDGE ( 'NONE', *, *, #2514, .F. ) ;
#4338 = VERTEX_POINT ( 'NONE', #5438 ) ;
#4339 = ORIENTED_EDGE ( 'NONE', *, *, #2402, .F. ) ;
#4340 = VERTEX_POINT ( 'NONE', #5439 ) ;
#4341 = ORIENTED_EDGE ( 'NONE', *, *, #489, .T. ) ;
#4342 = VERTEX_POINT ( 'NONE', #5440 ) ;
#4343 = VERTEX_POINT ( 'NONE', #5441 ) ;
#4344 = ORIENTED_EDGE ( 'NONE', *, *, #2337, .T. ) ;
#4345 = VERTEX_POINT ( 'NONE', #5442 ) ;
#4346 = ORIENTED_EDGE ( 'NONE', *, *, #2357, .T. ) ;
#4347 = ORIENTED_EDGE ( 'NONE', *, *, #2337, .F. ) ;
#4348 = VERTEX_POINT ( 'NONE', #5443 ) ;
#4349 = ORIENTED_EDGE ( 'NONE', *, *, #572, .F. ) ;
#4350 = VERTEX_POINT ( 'NONE', #5444 ) ;
#4351 = ORIENTED_EDGE ( 'NONE', *, *, #2303, .T. ) ;
#4352 = ORIENTED_EDGE ( 'NONE', *, *, #2517, .T. ) ;
#4353 = VERTEX_POINT ( 'NONE', #5445 ) ;
#4354 = ORIENTED_EDGE ( 'NONE', *, *, #2303, .F. ) ;
#4355 = VERTEX_POINT ( 'NONE', #5446 ) ;
#4356 = ORIENTED_EDGE ( 'NONE', *, *, #2389, .F. ) ;
#4357 = MECHANICAL_DESIGN_GEOMETRIC_PRESENTATION_REPRESENTATION (  '', ( #1929 ), #2831 ) ;
#4358 = PRESENTATION_LAYER_ASSIGNMENT (  '', '', ( #4374 ) ) ;
#4359 = VECTOR ( 'NONE', #2976, 1000.000000000000000 ) ;
#4360 = FACE_BOUND ( 'NONE', #798, .T. ) ;
#4361 = STYLED_ITEM ( 'NONE', ( #2902 ), #322 ) ;
#4362 = AXIS2_PLACEMENT_3D ( 'NONE', #2925, #2926, #2924 ) ;
#4363 = FACE_OUTER_BOUND ( 'NONE', #700, .T. ) ;
#4364 = AXIS2_PLACEMENT_3D ( 'NONE', #1193, #1196, #1191 ) ;
#4365 = PRESENTATION_LAYER_ASSIGNMENT (  '', '', ( #967 ) ) ;
#4366 = STYLED_ITEM ( 'NONE', ( #1177 ), #314 ) ;
#4367 = AXIS2_PLACEMENT_3D ( 'NONE', #1137, #1132, #1202 ) ;
#4368 = PRESENTATION_LAYER_ASSIGNMENT (  '', '', ( #4406 ) ) ;
#4369 = PRESENTATION_LAYER_ASSIGNMENT (  '', '', ( #4404 ) ) ;
#4370 = MECHANICAL_DESIGN_GEOMETRIC_PRESENTATION_REPRESENTATION (  '', ( #4413 ), #2752 ) ;
#4371 = FACE_OUTER_BOUND ( 'NONE', #837, .T. ) ;
#4372 = FACE_OUTER_BOUND ( 'NONE', #695, .T. ) ;
#4373 = AXIS2_PLACEMENT_3D ( 'NONE', #2966, #2967, #2968 ) ;
#4374 = STYLED_ITEM ( 'NONE', ( #1194 ), #316 ) ;
#4375 = MECHANICAL_DESIGN_GEOMETRIC_PRESENTATION_REPRESENTATION (  '', ( #4361 ), #2753 ) ;
#4376 = MECHANICAL_DESIGN_GEOMETRIC_PRESENTATION_REPRESENTATION (  '', ( #4382 ), #2755 ) ;
#4377 = AXIS2_PLACEMENT_3D ( 'NONE', #1210, #1167, #1116 ) ;
#4378 = PRESENTATION_LAYER_ASSIGNMENT (  '', '', ( #4382 ) ) ;
#4379 = FACE_OUTER_BOUND ( 'NONE', #889, .T. ) ;
#4380 = FACE_OUTER_BOUND ( 'NONE', #772, .T. ) ;
#4381 = STYLED_ITEM ( 'NONE', ( #2982 ), #328 ) ;
#4382 = STYLED_ITEM ( 'NONE', ( #2938 ), #324 ) ;
#4383 = AXIS2_PLACEMENT_3D ( 'NONE', #2986, #2987, #2988 ) ;
#4384 = AXIS2_PLACEMENT_3D ( 'NONE', #2958, #2959, #2956 ) ;
#4385 = FACE_OUTER_BOUND ( 'NONE', #826, .T. ) ;
#4386 = FACE_OUTER_BOUND ( 'NONE', #841, .T. ) ;
#4387 = CYLINDRICAL_SURFACE ( 'NONE', #4421, 0.1000000000000000500 ) ;
#4388 = PRESENTATION_LAYER_ASSIGNMENT (  '', '', ( #4413 ) ) ;
#4389 = VECTOR ( 'NONE', #2971, 1000.000000000000000 ) ;
#4390 = MECHANICAL_DESIGN_GEOMETRIC_PRESENTATION_REPRESENTATION (  '', ( #4406 ), #2751 ) ;
#4391 = MECHANICAL_DESIGN_GEOMETRIC_PRESENTATION_REPRESENTATION (  '', ( #4374 ), #2748 ) ;
#4392 = MECHANICAL_DESIGN_GEOMETRIC_PRESENTATION_REPRESENTATION (  '', ( #4398 ), #2750 ) ;
#4393 = STYLED_ITEM ( 'NONE', ( #2907 ), #323 ) ;
#4394 = FACE_OUTER_BOUND ( 'NONE', #699, .T. ) ;
#4395 = PRESENTATION_LAYER_ASSIGNMENT (  '', '', ( #4398 ) ) ;
#4396 = AXIS2_PLACEMENT_3D ( 'NONE', #1200, #1107, #1133 ) ;
#4397 = AXIS2_PLACEMENT_3D ( 'NONE', #2913, #2892, #2893 ) ;
#4398 = STYLED_ITEM ( 'NONE', ( #1186 ), #318 ) ;
#4399 = FACE_OUTER_BOUND ( 'NONE', #878, .T. ) ;
#4400 = PRESENTATION_LAYER_ASSIGNMENT (  '', '', ( #4393 ) ) ;
#4401 = AXIS2_PLACEMENT_3D ( 'NONE', #2906, #2911, #2910 ) ;
#4402 = MECHANICAL_DESIGN_GEOMETRIC_PRESENTATION_REPRESENTATION (  '', ( #4366 ), #2747 ) ;
#4403 = PRESENTATION_LAYER_ASSIGNMENT (  '', '', ( #4416 ) ) ;
#4404 = STYLED_ITEM ( 'NONE', ( #2951 ), #325 ) ;
#4405 = MECHANICAL_DESIGN_GEOMETRIC_PRESENTATION_REPRESENTATION (  '', ( #967 ), #2746 ) ;
#4406 = STYLED_ITEM ( 'NONE', ( #1165 ), #319 ) ;
#4407 = FACE_OUTER_BOUND ( 'NONE', #799, .T. ) ;
#4408 = PRESENTATION_LAYER_ASSIGNMENT (  '', '', ( #4381 ) ) ;
#4409 = VECTOR ( 'NONE', #1131, 1000.000000000000100 ) ;
#4410 = PRESENTATION_LAYER_ASSIGNMENT (  '', '', ( #4366 ) ) ;
#4411 = FACE_BOUND ( 'NONE', #708, .T. ) ;
#4412 = AXIS2_PLACEMENT_3D ( 'NONE', #2935, #2934, #2933 ) ;
#4413 = STYLED_ITEM ( 'NONE', ( #2917 ), #321 ) ;
#4414 = MECHANICAL_DESIGN_GEOMETRIC_PRESENTATION_REPRESENTATION (  '', ( #4393 ), #2754 ) ;
#4415 = PRESENTATION_LAYER_ASSIGNMENT (  '', '', ( #4361 ) ) ;
#4416 = STYLED_ITEM ( 'NONE', ( #1115 ), #317 ) ;
#4417 = FACE_OUTER_BOUND ( 'NONE', #716, .T. ) ;
#4418 = FACE_OUTER_BOUND ( 'NONE', #732, .T. ) ;
#4419 = FACE_BOUND ( 'NONE', #704, .T. ) ;
#4420 = MECHANICAL_DESIGN_GEOMETRIC_PRESENTATION_REPRESENTATION (  '', ( #4404 ), #2756 ) ;
#4421 = AXIS2_PLACEMENT_3D ( 'NONE', #2898, #2883, #2914 ) ;
#4422 = MECHANICAL_DESIGN_GEOMETRIC_PRESENTATION_REPRESENTATION (  '', ( #4416 ), #2749 ) ;
#4423 = CARTESIAN_POINT ( 'NONE',  ( -0.1835150700105672200, 0.2528923083283857700, 0.6999999999999999600 ) ) ;
#4424 = CARTESIAN_POINT ( 'NONE',  ( -0.1889815918504421400, 0.2527091108356598900, 0.6989999999999999500 ) ) ;
#4425 = CARTESIAN_POINT ( 'NONE',  ( -0.1889815918504421400, 0.2527091108356598900, 0.6999999999999999600 ) ) ;
#4426 = CARTESIAN_POINT ( 'NONE',  ( -0.1995232642571339000, 0.2523558317286495000, 0.6990000000000000700 ) ) ;
#4427 = CARTESIAN_POINT ( 'NONE',  ( -0.1995232642571339000, 0.2523558317286495000, 0.7000000000000000700 ) ) ;
#4428 = CARTESIAN_POINT ( 'NONE',  ( -0.2144896451924449300, 0.2484974530000316200, 0.6989999999999998400 ) ) ;
#4429 = CARTESIAN_POINT ( 'NONE',  ( -0.2144896451924449300, 0.2484974530000316200, 0.6999999999999998400 ) ) ;
#4430 = CARTESIAN_POINT ( 'NONE',  ( -0.2279597981484354800, 0.2424223384061705800, 0.6989999999999998400 ) ) ;
#4431 = CARTESIAN_POINT ( 'NONE',  ( -0.2279597981484354800, 0.2424223384061705800, 0.6999999999999998400 ) ) ;
#4432 = CARTESIAN_POINT ( 'NONE',  ( -0.2395338169128852200, 0.2339080500512303600, 0.6990000000000000700 ) ) ;
#4433 = CARTESIAN_POINT ( 'NONE',  ( -0.2395338169128852200, 0.2339080500512303600, 0.7000000000000000700 ) ) ;
#4434 = CARTESIAN_POINT ( 'NONE',  ( -0.2491702408229640500, 0.2238204713952663700, 0.6990000000000000700 ) ) ;
#4435 = CARTESIAN_POINT ( 'NONE',  ( -0.2491702408229640500, 0.2238204713952663700, 0.7000000000000000700 ) ) ;
#4436 = CARTESIAN_POINT ( 'NONE',  ( -0.2561409470886093500, 0.2122122397351297600, 0.6989999999999998400 ) ) ;
#4437 = CARTESIAN_POINT ( 'NONE',  ( -0.2561409470886093500, 0.2122122397351297600, 0.6999999999999998400 ) ) ;
#4438 = CARTESIAN_POINT ( 'NONE',  ( -0.2603365076815975000, 0.1993939479127773400, 0.6989999999999998400 ) ) ;
#4439 = CARTESIAN_POINT ( 'NONE',  ( -0.2603365076815975000, 0.1993939479127773400, 0.6999999999999998400 ) ) ;
#4440 = CARTESIAN_POINT ( 'NONE',  ( -0.2608484809145525900, 0.1904522927292925100, 0.6989999999999999500 ) ) ;
#4441 = CARTESIAN_POINT ( 'NONE',  ( -0.2608484809145525900, 0.1904522927292925100, 0.6999999999999999600 ) ) ;
#4442 = CARTESIAN_POINT ( 'NONE',  ( -0.2611092206515928700, 0.1858984514907789400, 0.6989999999999999500 ) ) ;
#4443 = CARTESIAN_POINT ( 'NONE',  ( -0.2611092206515928700, 0.1858984514907789400, 0.6999999999999999600 ) ) ;
#4444 = LINE ( 'NONE', #4445, #1033 ) ;
#4445 = CARTESIAN_POINT ( 'NONE',  ( -1.500000000000000700, -0.4999999999999995600, -0.5010000000000000000 ) ) ;
#4446 = DIRECTION ( 'NONE',  ( 1.000000000000000000, -3.614007241618346800E-016, 0.0000000000000000000 ) ) ;
#4447 = PLANE ( 'NONE',  #1039 ) ;
#4448 = LINE ( 'NONE', #4449, #1034 ) ;
#4449 = CARTESIAN_POINT ( 'NONE',  ( 0.5999999999999995300, -1.150000000000000100, -0.5010000000000000000 ) ) ;
#4450 = DIRECTION ( 'NONE',  ( -1.000000000000000000, 4.818676322157797400E-016, -0.0000000000000000000 ) ) ;
#4451 = LINE ( 'NONE', #4452, #1035 ) ;
#4452 = CARTESIAN_POINT ( 'NONE',  ( -0.8000000000000016000, -0.4999999999999997800, -0.5010000000000000000 ) ) ;
#4453 = DIRECTION ( 'NONE',  ( 0.0000000000000000000, 0.0000000000000000000, -1.000000000000000000 ) ) ;
#4454 = LINE ( 'NONE', #4455, #1036 ) ;
#4455 = CARTESIAN_POINT ( 'NONE',  ( -1.500000000000000700, -0.4999999999999995600, -0.5010000000000000000 ) ) ;
#4456 = DIRECTION ( 'NONE',  ( -6.672013369141561300E-016, 1.000000000000000000, -0.0000000000000000000 ) ) ;
#4457 = LINE ( 'NONE', #4458, #1038 ) ;
#4458 = CARTESIAN_POINT ( 'NONE',  ( 1.499999999999999600, -0.5000000000000007800, -0.5010000000000000000 ) ) ;
#4459 = DIRECTION ( 'NONE',  ( -0.0000000000000000000, -0.0000000000000000000, 1.000000000000000000 ) ) ;
#4460 = FILL_AREA_STYLE_COLOUR ( '', #5852 ) ;
#4461 = FILL_AREA_STYLE ('',( #4460 ) ) ;
#4462 = SURFACE_STYLE_FILL_AREA ( #4461 ) ;
#4463 = SURFACE_SIDE_STYLE ('',( #4462 ) ) ;
#4464 = SURFACE_STYLE_USAGE ( .BOTH. , #4463 ) ;
#4465 = PRESENTATION_STYLE_ASSIGNMENT (( #4464 ) ) ;
#4466 =( LENGTH_UNIT ( ) NAMED_UNIT ( * ) SI_UNIT ( .MILLI., .METRE. ) );
#4467 =( NAMED_UNIT ( * ) PLANE_ANGLE_UNIT ( ) SI_UNIT ( $, .RADIAN. ) );
#4468 =( NAMED_UNIT ( * ) SI_UNIT ( $, .STERADIAN. ) SOLID_ANGLE_UNIT ( ) );
#4469 = CARTESIAN_POINT ( 'NONE',  ( 0.1255894972971251000, 0.2393239322600097000, 0.6989999999999999500 ) ) ;
#4470 = DIRECTION ( 'NONE',  ( -1.000000000000000000, 0.0000000000000000000, -0.0000000000000000000 ) ) ;
#4471 = DIRECTION ( 'NONE',  ( -0.0000000000000000000, 0.0000000000000000000, 1.000000000000000000 ) ) ;
#4472 = LINE ( 'NONE', #4473, #1043 ) ;
#4473 = CARTESIAN_POINT ( 'NONE',  ( 1.499999999999999600, -1.150000000000000600, -0.5010000000000000000 ) ) ;
#4474 = DIRECTION ( 'NONE',  ( -0.0000000000000000000, -0.0000000000000000000, 1.000000000000000000 ) ) ;
#4475 = PLANE ( 'NONE',  #1047 ) ;
#4476 = LINE ( 'NONE', #4477, #1044 ) ;
#4477 = CARTESIAN_POINT ( 'NONE',  ( 0.5190724032800311200, -0.2355692301331526500, 0.6989999999999999500 ) ) ;
#4478 = DIRECTION ( 'NONE',  ( -1.000000000000000000, 0.0000000000000000000, 0.0000000000000000000 ) ) ;
#4479 = LINE ( 'NONE', #4480, #1046 ) ;
#4480 = CARTESIAN_POINT ( 'NONE',  ( 0.5190724032800311200, 0.01979184759120632800, 0.6989999999999999500 ) ) ;
#4481 = DIRECTION ( 'NONE',  ( 0.0000000000000000000, -1.000000000000000000, 0.0000000000000000000 ) ) ;
#4482 = FILL_AREA_STYLE_COLOUR ( '', #5855 ) ;
#4483 = FILL_AREA_STYLE ('',( #4482 ) ) ;
#4484 = SURFACE_STYLE_FILL_AREA ( #4483 ) ;
#4485 = SURFACE_SIDE_STYLE ('',( #4484 ) ) ;
#4486 = SURFACE_STYLE_USAGE ( .BOTH. , #4485 ) ;
#4487 = PRESENTATION_STYLE_ASSIGNMENT (( #4486 ) ) ;
#4488 =( LENGTH_UNIT ( ) NAMED_UNIT ( * ) SI_UNIT ( .MILLI., .METRE. ) );
#4489 =( NAMED_UNIT ( * ) PLANE_ANGLE_UNIT ( ) SI_UNIT ( $, .RADIAN. ) );
#4490 =( NAMED_UNIT ( * ) SI_UNIT ( $, .STERADIAN. ) SOLID_ANGLE_UNIT ( ) );
#4491 = CARTESIAN_POINT ( 'NONE',  ( 0.3766044545620824100, 0.07650341943949692800, 0.6989999999999999500 ) ) ;
#4492 = DIRECTION ( 'NONE',  ( -1.000000000000000000, 0.0000000000000000000, -0.0000000000000000000 ) ) ;
#4493 = DIRECTION ( 'NONE',  ( -0.0000000000000000000, 0.0000000000000000000, 1.000000000000000000 ) ) ;
#4494 = FILL_AREA_STYLE_COLOUR ( '', #5854 ) ;
#4495 = FILL_AREA_STYLE ('',( #4494 ) ) ;
#4496 = SURFACE_STYLE_FILL_AREA ( #4495 ) ;
#4497 = SURFACE_SIDE_STYLE ('',( #4496 ) ) ;
#4498 = SURFACE_STYLE_USAGE ( .BOTH. , #4497 ) ;
#4499 = PRESENTATION_STYLE_ASSIGNMENT (( #4498 ) ) ;
#4500 =( LENGTH_UNIT ( ) NAMED_UNIT ( * ) SI_UNIT ( .MILLI., .METRE. ) );
#4501 =( NAMED_UNIT ( * ) PLANE_ANGLE_UNIT ( ) SI_UNIT ( $, .RADIAN. ) );
#4502 =( NAMED_UNIT ( * ) SI_UNIT ( $, .STERADIAN. ) SOLID_ANGLE_UNIT ( ) );
#4503 = PLANE ( 'NONE',  #1052 ) ;
#4504 = CARTESIAN_POINT ( 'NONE',  ( 0.1255894972971251000, 0.07650341943949692800, 0.6989999999999999500 ) ) ;
#4505 = DIRECTION ( 'NONE',  ( 0.0000000000000000000, -1.000000000000000000, 0.0000000000000000000 ) ) ;
#4506 = DIRECTION ( 'NONE',  ( 0.0000000000000000000, -0.0000000000000000000, -1.000000000000000000 ) ) ;
#4507 = LINE ( 'NONE', #4508, #1057 ) ;
#4508 = CARTESIAN_POINT ( 'NONE',  ( 0.5999999999999995300, 0.4999999999999997800, -0.5010000000000000000 ) ) ;
#4509 = DIRECTION ( 'NONE',  ( -0.0000000000000000000, -0.0000000000000000000, 1.000000000000000000 ) ) ;
#4510 = PLANE ( 'NONE',  #1058 ) ;
#4511 = FILL_AREA_STYLE_COLOUR ( '', #5857 ) ;
#4512 = FILL_AREA_STYLE ('',( #4511 ) ) ;
#4513 = SURFACE_STYLE_FILL_AREA ( #4512 ) ;
#4514 = SURFACE_SIDE_STYLE ('',( #4513 ) ) ;
#4515 = SURFACE_STYLE_USAGE ( .BOTH. , #4514 ) ;
#4516 = PRESENTATION_STYLE_ASSIGNMENT (( #4515 ) ) ;
#4517 =( LENGTH_UNIT ( ) NAMED_UNIT ( * ) SI_UNIT ( .MILLI., .METRE. ) );
#4518 =( NAMED_UNIT ( * ) PLANE_ANGLE_UNIT ( ) SI_UNIT ( $, .RADIAN. ) );
#4519 =( NAMED_UNIT ( * ) SI_UNIT ( $, .STERADIAN. ) SOLID_ANGLE_UNIT ( ) );
#4520 = CARTESIAN_POINT ( 'NONE',  ( 0.1255894972971251000, -0.1812957258596483700, 0.6989999999999999500 ) ) ;
#4521 = DIRECTION ( 'NONE',  ( 0.0000000000000000000, -1.000000000000000000, 0.0000000000000000000 ) ) ;
#4522 = DIRECTION ( 'NONE',  ( 0.0000000000000000000, -0.0000000000000000000, -1.000000000000000000 ) ) ;
#4523 = FILL_AREA_STYLE_COLOUR ( '', #5856 ) ;
#4524 = FILL_AREA_STYLE ('',( #4523 ) ) ;
#4525 = SURFACE_STYLE_FILL_AREA ( #4524 ) ;
#4526 = SURFACE_SIDE_STYLE ('',( #4525 ) ) ;
#4527 = SURFACE_STYLE_USAGE ( .BOTH. , #4526 ) ;
#4528 = PRESENTATION_STYLE_ASSIGNMENT (( #4527 ) ) ;
#4529 =( LENGTH_UNIT ( ) NAMED_UNIT ( * ) SI_UNIT ( .MILLI., .METRE. ) );
#4530 =( NAMED_UNIT ( * ) PLANE_ANGLE_UNIT ( ) SI_UNIT ( $, .RADIAN. ) );
#4531 =( NAMED_UNIT ( * ) SI_UNIT ( $, .STERADIAN. ) SOLID_ANGLE_UNIT ( ) );
#4532 = PLANE ( 'NONE',  #1063 ) ;
#4533 = CARTESIAN_POINT ( 'NONE',  ( -0.2788428543447393200, -0.2158090948368491000, 0.6990000000000000700 ) ) ;
#4534 = DIRECTION ( 'NONE',  ( -4.182516757796567200E-014, -7.601066896597667500E-013, 1.000000000000000000 ) ) ;
#4535 = DIRECTION ( 'NONE',  ( 0.0000000000000000000, -1.000000000000000000, -7.601066896597667500E-013 ) ) ;
#4536 = FILL_AREA_STYLE_COLOUR ( '', #5859 ) ;
#4537 = FILL_AREA_STYLE ('',( #4536 ) ) ;
#4538 = SURFACE_STYLE_FILL_AREA ( #4537 ) ;
#4539 = SURFACE_SIDE_STYLE ('',( #4538 ) ) ;
#4540 = SURFACE_STYLE_USAGE ( .BOTH. , #4539 ) ;
#4541 = PRESENTATION_STYLE_ASSIGNMENT (( #4540 ) ) ;
#4542 =( LENGTH_UNIT ( ) NAMED_UNIT ( * ) SI_UNIT ( .MILLI., .METRE. ) );
#4543 =( NAMED_UNIT ( * ) PLANE_ANGLE_UNIT ( ) SI_UNIT ( $, .RADIAN. ) );
#4544 =( NAMED_UNIT ( * ) SI_UNIT ( $, .STERADIAN. ) SOLID_ANGLE_UNIT ( ) );
#4545 = PLANE ( 'NONE',  #1068 ) ;
#4546 = CARTESIAN_POINT ( 'NONE',  ( 0.07810018105780894300, 0.2935974365335139400, 0.6989999999999999500 ) ) ;
#4547 = DIRECTION ( 'NONE',  ( 0.0000000000000000000, -1.000000000000000000, 0.0000000000000000000 ) ) ;
#4548 = DIRECTION ( 'NONE',  ( 0.0000000000000000000, -0.0000000000000000000, -1.000000000000000000 ) ) ;
#4549 = LINE ( 'NONE', #4550, #1073 ) ;
#4550 = CARTESIAN_POINT ( 'NONE',  ( -0.6499999999999989100, -0.6500000000000015800, -0.5010000000000000000 ) ) ;
#4551 = DIRECTION ( 'NONE',  ( 0.7071067811865489100, -0.7071067811865460200, -0.0000000000000000000 ) ) ;
#4552 = CARTESIAN_POINT ( 'NONE',  ( 1.325000000000000200, -0.9749999999999999800, 0.5000000000000000000 ) ) ;
#4553 = LINE ( 'NONE', #4554, #1075 ) ;
#4554 = CARTESIAN_POINT ( 'NONE',  ( 1.600000000000000300, 1.150000000000000100, 0.5000000000000000000 ) ) ;
#4555 = DIRECTION ( 'NONE',  ( -9.427844978134821400E-017, 1.000000000000000000, -0.0000000000000000000 ) ) ;
#4556 = DIRECTION ( 'NONE',  ( 0.0000000000000000000, 0.0000000000000000000, 1.000000000000000000 ) ) ;
#4557 = DIRECTION ( 'NONE',  ( -1.000000000000000000, 0.0000000000000000000, 0.0000000000000000000 ) ) ;
#4558 = LINE ( 'NONE', #4559, #1076 ) ;
#4559 = CARTESIAN_POINT ( 'NONE',  ( 0.4715830870407147200, 0.2935974365335139400, 0.6989999999999999500 ) ) ;
#4560 = DIRECTION ( 'NONE',  ( 1.000000000000000000, 0.0000000000000000000, 0.0000000000000000000 ) ) ;
#4561 = FILL_AREA_STYLE_COLOUR ( '', #5861 ) ;
#4562 = FILL_AREA_STYLE ('',( #4561 ) ) ;
#4563 = SURFACE_STYLE_FILL_AREA ( #4562 ) ;
#4564 = SURFACE_SIDE_STYLE ('',( #4563 ) ) ;
#4565 = SURFACE_STYLE_USAGE ( .BOTH. , #4564 ) ;
#4566 = PRESENTATION_STYLE_ASSIGNMENT (( #4565 ) ) ;
#4567 =( LENGTH_UNIT ( ) NAMED_UNIT ( * ) SI_UNIT ( .MILLI., .METRE. ) );
#4568 =( NAMED_UNIT ( * ) PLANE_ANGLE_UNIT ( ) SI_UNIT ( $, .RADIAN. ) );
#4569 =( NAMED_UNIT ( * ) SI_UNIT ( $, .STERADIAN. ) SOLID_ANGLE_UNIT ( ) );
#4570 = CARTESIAN_POINT ( 'NONE',  ( -0.1923133138674047700, 0.03113416196086441600, 0.6989999999999999500 ) ) ;
#4571 = CARTESIAN_POINT ( 'NONE',  ( -0.1923133138674047700, 0.03113416196086441600, 0.6999999999999999600 ) ) ;
#4572 = CARTESIAN_POINT ( 'NONE',  ( -0.1978807513849523100, 0.03509967461283410700, 0.6989999999999998400 ) ) ;
#4573 = CARTESIAN_POINT ( 'NONE',  ( -0.1978807513849523100, 0.03509967461283410700, 0.6999999999999998400 ) ) ;
#4574 = CARTESIAN_POINT ( 'NONE',  ( -0.2085252679631466000, 0.04268143283318044000, 0.6989999999999998400 ) ) ;
#4575 = CARTESIAN_POINT ( 'NONE',  ( -0.2085252679631466000, 0.04268143283318044000, 0.6999999999999998400 ) ) ;
#4576 = CARTESIAN_POINT ( 'NONE',  ( -0.2234112679131335400, 0.05393367577333489600, 0.6990000000000002900 ) ) ;
#4577 = CARTESIAN_POINT ( 'NONE',  ( -0.2234112679131335400, 0.05393367577333489600, 0.7000000000000002900 ) ) ;
#4578 = CARTESIAN_POINT ( 'NONE',  ( -0.2367227522015367400, 0.06422126081121769200, 0.6989999999999999500 ) ) ;
#4579 = CARTESIAN_POINT ( 'NONE',  ( -0.2367227522015367400, 0.06422126081121769200, 0.6999999999999999600 ) ) ;
#4580 = CARTESIAN_POINT ( 'NONE',  ( -0.2484005558901802000, 0.07364103406957715800, 0.6989999999999999500 ) ) ;
#4581 = CARTESIAN_POINT ( 'NONE',  ( -0.2484005558901802000, 0.07364103406957715800, 0.6999999999999999600 ) ) ;
#4582 = CARTESIAN_POINT ( 'NONE',  ( -0.2584395425561917300, 0.08219427311802288100, 0.6990000000000001800 ) ) ;
#4583 = CARTESIAN_POINT ( 'NONE',  ( -0.2584395425561917300, 0.08219427311802288100, 0.7000000000000001800 ) ) ;
#4584 = CARTESIAN_POINT ( 'NONE',  ( -0.2669188201738066400, 0.08979884248832704900, 0.6990000000000000700 ) ) ;
#4585 = CARTESIAN_POINT ( 'NONE',  ( -0.2669188201738066400, 0.08979884248832704900, 0.7000000000000000700 ) ) ;
#4586 = CARTESIAN_POINT ( 'NONE',  ( -0.2736223877346835000, 0.09666040466723360700, 0.6989999999999998400 ) ) ;
#4587 = CARTESIAN_POINT ( 'NONE',  ( -0.2736223877346835000, 0.09666040466723360700, 0.6999999999999998400 ) ) ;
#4588 = CARTESIAN_POINT ( 'NONE',  ( -0.2773500767151986200, 0.1011116551453707200, 0.6990000000000000700 ) ) ;
#4589 = CARTESIAN_POINT ( 'NONE',  ( -0.2773500767151986200, 0.1011116551453707200, 0.7000000000000000700 ) ) ;
#4590 = CARTESIAN_POINT ( 'NONE',  ( -0.2790237171793705800, 0.1031101568860780800, 0.6989999999999999500 ) ) ;
#4591 = CARTESIAN_POINT ( 'NONE',  ( -0.2790237171793705800, 0.1031101568860780800, 0.6999999999999999600 ) ) ;
#4592 = LINE ( 'NONE', #4593, #1081 ) ;
#4593 = CARTESIAN_POINT ( 'NONE',  ( 0.5190724032800311200, 0.09208585133052250800, 0.6989999999999999500 ) ) ;
#4594 = DIRECTION ( 'NONE',  ( -0.0000000000000000000, -0.0000000000000000000, 1.000000000000000000 ) ) ;
#4595 = PLANE ( 'NONE',  #1084 ) ;
#4596 = LINE ( 'NONE', #4597, #1083 ) ;
#4597 = CARTESIAN_POINT ( 'NONE',  ( 0.5190724032800311200, 0.2935974365335139400, 0.6989999999999999500 ) ) ;
#4598 = DIRECTION ( 'NONE',  ( 0.0000000000000000000, -1.000000000000000000, 0.0000000000000000000 ) ) ;
#4599 = FILL_AREA_STYLE_COLOUR ( '', #5849 ) ;
#4600 = FILL_AREA_STYLE ('',( #4599 ) ) ;
#4601 = SURFACE_STYLE_FILL_AREA ( #4600 ) ;
#4602 = SURFACE_SIDE_STYLE ('',( #4601 ) ) ;
#4603 = SURFACE_STYLE_USAGE ( .BOTH. , #4602 ) ;
#4604 = PRESENTATION_STYLE_ASSIGNMENT (( #4603 ) ) ;
#4605 =( LENGTH_UNIT ( ) NAMED_UNIT ( * ) SI_UNIT ( .MILLI., .METRE. ) );
#4606 =( NAMED_UNIT ( * ) PLANE_ANGLE_UNIT ( ) SI_UNIT ( $, .RADIAN. ) );
#4607 =( NAMED_UNIT ( * ) SI_UNIT ( $, .STERADIAN. ) SOLID_ANGLE_UNIT ( ) );
#4608 = CARTESIAN_POINT ( 'NONE',  ( 0.4715830870407147200, -0.2355692301331526500, 0.6989999999999999500 ) ) ;
#4609 = DIRECTION ( 'NONE',  ( 1.000000000000000000, -0.0000000000000000000, 0.0000000000000000000 ) ) ;
#4610 = DIRECTION ( 'NONE',  ( 0.0000000000000000000, 0.0000000000000000000, -1.000000000000000000 ) ) ;
#4611 = FILL_AREA_STYLE_COLOUR ( '', #5850 ) ;
#4612 = FILL_AREA_STYLE ('',( #4611 ) ) ;
#4613 = SURFACE_STYLE_FILL_AREA ( #4612 ) ;
#4614 = SURFACE_SIDE_STYLE ('',( #4613 ) ) ;
#4615 = SURFACE_STYLE_USAGE ( .BOTH. , #4614 ) ;
#4616 = PRESENTATION_STYLE_ASSIGNMENT (( #4615 ) ) ;
#4617 =( LENGTH_UNIT ( ) NAMED_UNIT ( * ) SI_UNIT ( .MILLI., .METRE. ) );
#4618 =( NAMED_UNIT ( * ) PLANE_ANGLE_UNIT ( ) SI_UNIT ( $, .RADIAN. ) );
#4619 =( NAMED_UNIT ( * ) SI_UNIT ( $, .STERADIAN. ) SOLID_ANGLE_UNIT ( ) );
#4620 = CARTESIAN_POINT ( 'NONE',  ( -0.1816070171259517900, -0.1948641019280244500, 0.6989999999999999500 ) ) ;
#4621 = CARTESIAN_POINT ( 'NONE',  ( -0.1816070171259517900, -0.1948641019280244500, 0.6999999999999999600 ) ) ;
#4622 = CARTESIAN_POINT ( 'NONE',  ( -0.1769674560724284200, -0.1947348835839155800, 0.6989999999999999500 ) ) ;
#4623 = CARTESIAN_POINT ( 'NONE',  ( -0.1769674560724284200, -0.1947348835839155800, 0.6999999999999999600 ) ) ;
#4624 = CARTESIAN_POINT ( 'NONE',  ( -0.1677695153855244000, -0.1944787079131868300, 0.6989999999999997300 ) ) ;
#4625 = CARTESIAN_POINT ( 'NONE',  ( -0.1677695153855244000, -0.1944787079131868300, 0.6999999999999997300 ) ) ;
#4626 = CARTESIAN_POINT ( 'NONE',  ( -0.1542285572235473600, -0.1920172056985757800, 0.6990000000000000700 ) ) ;
#4627 = CARTESIAN_POINT ( 'NONE',  ( -0.1542285572235473600, -0.1920172056985757800, 0.7000000000000000700 ) ) ;
#4628 = CARTESIAN_POINT ( 'NONE',  ( -0.1410777371190362100, -0.1882356100176113800, 0.6989999999999997300 ) ) ;
#4629 = CARTESIAN_POINT ( 'NONE',  ( -0.1410777371190362100, -0.1882356100176113800, 0.6999999999999997300 ) ) ;
#4630 = CARTESIAN_POINT ( 'NONE',  ( -0.1285880978431094600, -0.1828198263252571700, 0.6989999999999996200 ) ) ;
#4631 = CARTESIAN_POINT ( 'NONE',  ( -0.1285880978431094600, -0.1828198263252571700, 0.6999999999999996200 ) ) ;
#4632 = STYLED_ITEM ( 'NONE', ( #3091 ), #2315 ) ;
#4633 = VECTOR ( 'NONE', #3082, 1000.000000000000000 ) ;
#4634 = MECHANICAL_DESIGN_GEOMETRIC_PRESENTATION_REPRESENTATION (  '', ( #4646 ), #2813 ) ;
#4635 = MECHANICAL_DESIGN_GEOMETRIC_PRESENTATION_REPRESENTATION (  '', ( #4640 ), #2812 ) ;
#4636 = VECTOR ( 'NONE', #3034, 1000.000000000000000 ) ;
#4637 = VECTOR ( 'NONE', #3028, 1000.000000000000000 ) ;
#4638 = FACE_OUTER_BOUND ( 'NONE', #715, .T. ) ;
#4639 = FACE_OUTER_BOUND ( 'NONE', #769, .T. ) ;
#4640 = STYLED_ITEM ( 'NONE', ( #3018 ), #2300 ) ;
#4641 = VECTOR ( 'NONE', #3085, 1000.000000000000000 ) ;
#4642 = VECTOR ( 'NONE', #3040, 1000.000000000000000 ) ;
#4643 = PRESENTATION_LAYER_ASSIGNMENT (  '', '', ( #4646 ) ) ;
#4644 = VECTOR ( 'NONE', #3031, 1000.000000000000000 ) ;
#4645 = AXIS2_PLACEMENT_3D ( 'NONE', #3023, #3024, #3025 ) ;
#4646 = STYLED_ITEM ( 'NONE', ( #3046 ), #2306 ) ;
#4647 = PRESENTATION_LAYER_ASSIGNMENT (  '', '', ( #4640 ) ) ;
#4648 = FACE_OUTER_BOUND ( 'NONE', #717, .T. ) ;
#4649 = VECTOR ( 'NONE', #3037, 1000.000000000000000 ) ;
#4650 = UNCERTAINTY_MEASURE_WITH_UNIT (LENGTH_MEASURE( 1.000000000000000100E-005 ), #5057, 'distance_accuracy_value', 'NONE');
#4651 = UNCERTAINTY_MEASURE_WITH_UNIT (LENGTH_MEASURE( 1.000000000000000100E-005 ), #2058, 'distance_accuracy_value', 'NONE');
#4652 = UNCERTAINTY_MEASURE_WITH_UNIT (LENGTH_MEASURE( 1.000000000000000100E-005 ), #1611, 'distance_accuracy_value', 'NONE');
#4653 = UNCERTAINTY_MEASURE_WITH_UNIT (LENGTH_MEASURE( 1.000000000000000100E-005 ), #1595, 'distance_accuracy_value', 'NONE');
#4654 = UNCERTAINTY_MEASURE_WITH_UNIT (LENGTH_MEASURE( 1.000000000000000100E-005 ), #4849, 'distance_accuracy_value', 'NONE');
#4655 = UNCERTAINTY_MEASURE_WITH_UNIT (LENGTH_MEASURE( 1.000000000000000100E-005 ), #3092, 'distance_accuracy_value', 'NONE');
#4656 = UNCERTAINTY_MEASURE_WITH_UNIT (LENGTH_MEASURE( 1.000000000000000100E-005 ), #2265, 'distance_accuracy_value', 'NONE');
#4657 = B_SPLINE_CURVE_WITH_KNOTS ( 'NONE', 3,
 ( #81, #82, #83, #84, #85, #86, #87, #88, #89, #90, #91 ),
 .UNSPECIFIED., .F., .F.,
 ( 4, 1, 1, 1, 1, 1, 1, 1, 4 ),
 ( 0.0000000000000000000, 0.05259428152913731700, 0.1249519739750398900, 0.2180938989285948500, 0.3335024107325191800, 0.4687891785044472900, 0.6249375859645970300, 0.8016830479282266400, 1.000000000000000000 ),
 .UNSPECIFIED. ) ;
#4658 = UNCERTAINTY_MEASURE_WITH_UNIT (LENGTH_MEASURE( 1.000000000000000100E-005 ), #168, 'distance_accuracy_value', 'NONE');
#4659 = UNCERTAINTY_MEASURE_WITH_UNIT (LENGTH_MEASURE( 1.000000000000000100E-005 ), #219, 'distance_accuracy_value', 'NONE');
#4660 = UNCERTAINTY_MEASURE_WITH_UNIT (LENGTH_MEASURE( 1.000000000000000100E-005 ), #2045, 'distance_accuracy_value', 'NONE');
#4661 = UNCERTAINTY_MEASURE_WITH_UNIT (LENGTH_MEASURE( 1.000000000000000100E-005 ), #2172, 'distance_accuracy_value', 'NONE');
#4662 = UNCERTAINTY_MEASURE_WITH_UNIT (LENGTH_MEASURE( 1.000000000000000100E-005 ), #2188, 'distance_accuracy_value', 'NONE');
#4663 = UNCERTAINTY_MEASURE_WITH_UNIT (LENGTH_MEASURE( 1.000000000000000100E-005 ), #4907, 'distance_accuracy_value', 'NONE');
#4664 = ADVANCED_BREP_SHAPE_REPRESENTATION ( 'ASEK', ( #3488, #4016 ), #2854 ) ;
#4665 = UNCERTAINTY_MEASURE_WITH_UNIT (LENGTH_MEASURE( 1.000000000000000100E-005 ), #2726, 'distance_accuracy_value', 'NONE');
#4666 = UNCERTAINTY_MEASURE_WITH_UNIT (LENGTH_MEASURE( 1.000000000000000100E-005 ), #5447, 'distance_accuracy_value', 'NONE');
#4667 = UNCERTAINTY_MEASURE_WITH_UNIT (LENGTH_MEASURE( 1.000000000000000100E-005 ), #5457, 'distance_accuracy_value', 'NONE');
#4668 = UNCERTAINTY_MEASURE_WITH_UNIT (LENGTH_MEASURE( 1.000000000000000100E-005 ), #2574, 'distance_accuracy_value', 'NONE');
#4669 = UNCERTAINTY_MEASURE_WITH_UNIT (LENGTH_MEASURE( 1.000000000000000100E-005 ), #2561, 'distance_accuracy_value', 'NONE');
#4670 = UNCERTAINTY_MEASURE_WITH_UNIT (LENGTH_MEASURE( 1.000000000000000100E-005 ), #2549, 'distance_accuracy_value', 'NONE');
#4671 = UNCERTAINTY_MEASURE_WITH_UNIT (LENGTH_MEASURE( 1.000000000000000100E-005 ), #4617, 'distance_accuracy_value', 'NONE');
#4672 = UNCERTAINTY_MEASURE_WITH_UNIT (LENGTH_MEASURE( 1.000000000000000100E-005 ), #4529, 'distance_accuracy_value', 'NONE');
#4673 = UNCERTAINTY_MEASURE_WITH_UNIT (LENGTH_MEASURE( 1.000000000000000100E-005 ), #4517, 'distance_accuracy_value', 'NONE');
#4674 = UNCERTAINTY_MEASURE_WITH_UNIT (LENGTH_MEASURE( 1.000000000000000100E-005 ), #1166, 'distance_accuracy_value', 'NONE');
#4675 = UNCERTAINTY_MEASURE_WITH_UNIT (LENGTH_MEASURE( 1.000000000000000100E-005 ), #1160, 'distance_accuracy_value', 'NONE');
#4676 = UNCERTAINTY_MEASURE_WITH_UNIT (LENGTH_MEASURE( 1.000000000000000100E-005 ), #1108, 'distance_accuracy_value', 'NONE');
#4677 = UNCERTAINTY_MEASURE_WITH_UNIT (LENGTH_MEASURE( 1.000000000000000100E-005 ), #1144, 'distance_accuracy_value', 'NONE');
#4678 = UNCERTAINTY_MEASURE_WITH_UNIT (LENGTH_MEASURE( 1.000000000000000100E-005 ), #4500, 'distance_accuracy_value', 'NONE');
#4679 = UNCERTAINTY_MEASURE_WITH_UNIT (LENGTH_MEASURE( 1.000000000000000100E-005 ), #4567, 'distance_accuracy_value', 'NONE');
#4680 = UNCERTAINTY_MEASURE_WITH_UNIT (LENGTH_MEASURE( 1.000000000000000100E-005 ), #5724, 'distance_accuracy_value', 'NONE');
#4681 = UNCERTAINTY_MEASURE_WITH_UNIT (LENGTH_MEASURE( 1.000000000000000100E-005 ), #123, 'distance_accuracy_value', 'NONE');
#4682 = B_SPLINE_CURVE_WITH_KNOTS ( 'NONE', 3,
 ( #2065, #2066, #2067, #2068, #2069, #2070, #2071, #2072, #2073, #2074, #2075, #2076, #2077, #2078, #2079, #2080, #2081, #2082, #2083 ),
 .UNSPECIFIED., .F., .F.,
 ( 4, 1, 1, 1, 1, 1, 1, 1, 1, 1, 1, 1, 1, 1, 1, 1, 4 ),
 ( 0.0000000000000000000, 0.05720826943350943600, 0.1136960596574909000, 0.1691779164171949600, 0.2241592165805428000, 0.2787198783810436200, 0.3337942174469889500, 0.3892414593400029300, 0.4458220733936215100, 0.5037042811090202100, 0.5642938918193635100, 0.6279754158952236500, 0.6950382596840514200, 0.7653727258510126800, 0.8396114430907353200, 0.9175377500777892600, 1.000000000000000000 ),
 .UNSPECIFIED. ) ;
#4683 = B_SPLINE_CURVE_WITH_KNOTS ( 'NONE', 3,
 ( #3894, #3887, #3885, #3900, #3892, #3882, #3904, #3880, #3878, #3928, #3910, #3922, #3920, #3916, #3917, #3918, #3914, #3912, #3941 ),
 .UNSPECIFIED., .F., .F.,
 ( 4, 1, 1, 1, 1, 1, 1, 1, 1, 1, 1, 1, 1, 1, 1, 1, 4 ),
 ( 0.0000000000000000000, 0.05720826943350943600, 0.1136960596574909000, 0.1691779164171949600, 0.2241592165805428000, 0.2787198783810436200, 0.3337942174469889500, 0.3892414593400029300, 0.4458220733936215100, 0.5037042811090202100, 0.5642938918193635100, 0.6279754158952236500, 0.6950382596840514200, 0.7653727258510126800, 0.8396114430907353200, 0.9175377500777892600, 1.000000000000000000 ),
 .UNSPECIFIED. ) ;
#4684 = UNCERTAINTY_MEASURE_WITH_UNIT (LENGTH_MEASURE( 1.000000000000000100E-005 ), #2153, 'distance_accuracy_value', 'NONE');
#4685 = UNCERTAINTY_MEASURE_WITH_UNIT (LENGTH_MEASURE( 1.000000000000000100E-005 ), #5116, 'distance_accuracy_value', 'NONE');
#4686 = UNCERTAINTY_MEASURE_WITH_UNIT (LENGTH_MEASURE( 1.000000000000000100E-005 ), #4919, 'distance_accuracy_value', 'NONE');
#4687 = UNCERTAINTY_MEASURE_WITH_UNIT (LENGTH_MEASURE( 1.000000000000000100E-005 ), #1932, 'distance_accuracy_value', 'NONE');
#4688 = UNCERTAINTY_MEASURE_WITH_UNIT (LENGTH_MEASURE( 1.000000000000000100E-005 ), #5737, 'distance_accuracy_value', 'NONE');
#4689 = UNCERTAINTY_MEASURE_WITH_UNIT (LENGTH_MEASURE( 1.000000000000000100E-005 ), #5005, 'distance_accuracy_value', 'NONE');
#4690 = UNCERTAINTY_MEASURE_WITH_UNIT (LENGTH_MEASURE( 1.000000000000000100E-005 ), #1227, 'distance_accuracy_value', 'NONE');
#4691 = B_SPLINE_CURVE_WITH_KNOTS ( 'NONE', 3,
 ( #1891, #1895, #1896, #1897, #1898, #1899, #1900, #1901, #1902, #1903, #1904 ),
 .UNSPECIFIED., .F., .F.,
 ( 4, 1, 1, 1, 1, 1, 1, 1, 4 ),
 ( 0.0000000000000000000, 0.1590042985173776600, 0.3046460998968143500, 0.4385469045795922800, 0.5623222987759278800, 0.6774325425257310400, 0.7868973929387543800, 0.8936108891042668900, 1.000000000000000000 ),
 .UNSPECIFIED. ) ;
#4692 = UNCERTAINTY_MEASURE_WITH_UNIT (LENGTH_MEASURE( 1.000000000000000100E-005 ), #5762, 'distance_accuracy_value', 'NONE');
#4693 = UNCERTAINTY_MEASURE_WITH_UNIT (LENGTH_MEASURE( 1.000000000000000100E-005 ), #1189, 'distance_accuracy_value', 'NONE');
#4694 = B_SPLINE_CURVE_WITH_KNOTS ( 'NONE', 3,
 ( #3957, #3955, #3942, #3954, #3948, #3945, #3946, #3956, #3932, #3951, #3927, #3903, #3921, #3938, #3950 ),
 .UNSPECIFIED., .F., .F.,
 ( 4, 1, 1, 1, 1, 1, 1, 1, 1, 1, 1, 1, 4 ),
 ( 0.0000000000000000000, 0.08378537065370989000, 0.1657798879221417400, 0.2462800078932625700, 0.3274609277363896300, 0.4087969540320679500, 0.4897152412309880900, 0.5713760321300525000, 0.6555233211112770900, 0.7410194827999729800, 0.8265467605037608600, 0.9119888516548334500, 1.000000000000000000 ),
 .UNSPECIFIED. ) ;
#4695 = UNCERTAINTY_MEASURE_WITH_UNIT (LENGTH_MEASURE( 1.000000000000000100E-005 ), #1192, 'distance_accuracy_value', 'NONE');
#4696 = UNCERTAINTY_MEASURE_WITH_UNIT (LENGTH_MEASURE( 1.000000000000000100E-005 ), #2939, 'distance_accuracy_value', 'NONE');
#4697 = UNCERTAINTY_MEASURE_WITH_UNIT (LENGTH_MEASURE( 1.000000000000000100E-005 ), #941, 'distance_accuracy_value', 'NONE');
#4698 = UNCERTAINTY_MEASURE_WITH_UNIT (LENGTH_MEASURE( 1.000000000000000100E-005 ), #869, 'distance_accuracy_value', 'NONE');
#4699 = UNCERTAINTY_MEASURE_WITH_UNIT (LENGTH_MEASURE( 1.000000000000000100E-005 ), #1225, 'distance_accuracy_value', 'NONE');
#4700 = UNCERTAINTY_MEASURE_WITH_UNIT (LENGTH_MEASURE( 1.000000000000000100E-005 ), #1733, 'distance_accuracy_value', 'NONE');
#4701 = UNCERTAINTY_MEASURE_WITH_UNIT (LENGTH_MEASURE( 1.000000000000000100E-005 ), #1976, 'distance_accuracy_value', 'NONE');
#4702 = B_SPLINE_CURVE_WITH_KNOTS ( 'NONE', 3,
 ( #1742, #1773, #1774, #1775, #1776, #1777, #1778, #1779, #1780, #1781, #1782, #1783, #1784, #1785, #1786 ),
 .UNSPECIFIED., .F., .F.,
 ( 4, 1, 1, 1, 1, 1, 1, 1, 1, 1, 1, 1, 4 ),
 ( 0.0000000000000000000, 0.1072327993600885500, 0.2132518127818492100, 0.3188304473075877500, 0.4267935306342752200, 0.4836459507827187700, 0.5436038220211424400, 0.6083076495640832300, 0.6771267602600410400, 0.7506856360204960900, 0.8287134184432877200, 0.9121903482234525700, 1.000000000000000000 ),
 .UNSPECIFIED. ) ;
#4703 = UNCERTAINTY_MEASURE_WITH_UNIT (LENGTH_MEASURE( 1.000000000000000100E-005 ), #1122, 'distance_accuracy_value', 'NONE');
#4704 = B_SPLINE_CURVE_WITH_KNOTS ( 'NONE', 3,
 ( #1861, #1868, #1869, #1870, #1871, #1872, #1873, #1874, #1875, #1876, #1877 ),
 .UNSPECIFIED., .F., .F.,
 ( 4, 1, 1, 1, 1, 1, 1, 1, 4 ),
 ( 0.0000000000000000000, 0.1430730837303635400, 0.2759029640930096800, 0.4023708562739964900, 0.5284136450935953400, 0.6503563791869509900, 0.7658950861246937000, 0.8807741308440212300, 1.000000000000000000 ),
 .UNSPECIFIED. ) ;
#4705 = UNCERTAINTY_MEASURE_WITH_UNIT (LENGTH_MEASURE( 1.000000000000000100E-005 ), #1507, 'distance_accuracy_value', 'NONE');
#4706 = B_SPLINE_CURVE_WITH_KNOTS ( 'NONE', 3,
 ( #1462, #1463, #1464, #1465, #1466, #1467, #1468, #1469, #1470, #1471, #1472, #1473, #1474, #1475, #1476, #1477, #1478, #1479, #1480 ),
 .UNSPECIFIED., .F., .F.,
 ( 4, 1, 1, 1, 1, 1, 1, 1, 1, 1, 1, 1, 1, 1, 1, 1, 4 ),
 ( 0.0000000000000000000, 0.06148425519689051900, 0.1217745277022103000, 0.1809195598139317600, 0.2402561150782711000, 0.3001144444023514700, 0.3611459476126116500, 0.4235005824125855900, 0.4886693612807191400, 0.5539541046535622100, 0.6175812610152620100, 0.6802384268167394100, 0.7421873887724538300, 0.8046632117692933400, 0.8682589893126627700, 0.9330202571803758400, 1.000000000000000000 ),
 .UNSPECIFIED. ) ;
#4707 = UNCERTAINTY_MEASURE_WITH_UNIT (LENGTH_MEASURE( 1.000000000000000100E-005 ), #1491, 'distance_accuracy_value', 'NONE');
#4708 = UNCERTAINTY_MEASURE_WITH_UNIT (LENGTH_MEASURE( 1.000000000000000100E-005 ), #1711, 'distance_accuracy_value', 'NONE');
#4709 = UNCERTAINTY_MEASURE_WITH_UNIT (LENGTH_MEASURE( 1.000000000000000100E-005 ), #5227, 'distance_accuracy_value', 'NONE');
#4710 = B_SPLINE_CURVE_WITH_KNOTS ( 'NONE', 3,
 ( #1415, #1416, #1417, #1418, #1419, #1420, #1421, #1422, #1423, #1424, #1425 ),
 .UNSPECIFIED., .F., .F.,
 ( 4, 1, 1, 1, 1, 1, 1, 1, 4 ),
 ( 0.0000000000000000000, 0.05259428152913731700, 0.1249519739750398900, 0.2180938989285948500, 0.3335024107325191800, 0.4687891785044472900, 0.6249375859645970300, 0.8016830479282266400, 1.000000000000000000 ),
 .UNSPECIFIED. ) ;
#4711 = B_SPLINE_CURVE_WITH_KNOTS ( 'NONE', 3,
 ( #1426, #1427, #1428, #1429, #1430, #1431, #1432, #1433, #1434, #1435, #1436, #1437, #1438, #1439, #1440 ),
 .UNSPECIFIED., .F., .F.,
 ( 4, 1, 1, 1, 1, 1, 1, 1, 1, 1, 1, 1, 4 ),
 ( 0.0000000000000000000, 0.09697231038151572800, 0.1877734389628680500, 0.2723961390136931900, 0.3513209973752889900, 0.4243347744514673300, 0.4919087840005270700, 0.5542332197968004000, 0.6112676582441550800, 0.7163478449915536800, 0.8145400858216158600, 0.9084954561491857000, 1.000000000000000000 ),
 .UNSPECIFIED. ) ;
#4712 = UNCERTAINTY_MEASURE_WITH_UNIT (LENGTH_MEASURE( 1.000000000000000100E-005 ), #1523, 'distance_accuracy_value', 'NONE');
#4713 = UNCERTAINTY_MEASURE_WITH_UNIT (LENGTH_MEASURE( 1.000000000000000100E-005 ), #1545, 'distance_accuracy_value', 'NONE');
#4714 = UNCERTAINTY_MEASURE_WITH_UNIT (LENGTH_MEASURE( 1.000000000000000100E-005 ), #1457, 'distance_accuracy_value', 'NONE');
#4715 = UNCERTAINTY_MEASURE_WITH_UNIT (LENGTH_MEASURE( 1.000000000000000100E-005 ), #1579, 'distance_accuracy_value', 'NONE');
#4716 = B_SPLINE_CURVE_WITH_KNOTS ( 'NONE', 3,
 ( #1554, #1558, #1559, #1560, #1561, #1562, #1563, #1564, #1565, #1566, #1567, #1568, #1569, #1570, #1571 ),
 .UNSPECIFIED., .F., .F.,
 ( 4, 1, 1, 1, 1, 1, 1, 1, 1, 1, 1, 1, 4 ),
 ( 0.0000000000000000000, 0.09126360489662613300, 0.1809303110850814800, 0.2700882198317227600, 0.3601561333877265100, 0.4483425324981534800, 0.5326658421383302400, 0.6138337041070480700, 0.6939815272835584400, 0.7727159770890038600, 0.8493351720622464000, 0.9239673265752321700, 1.000000000000000000 ),
 .UNSPECIFIED. ) ;
#4717 = UNCERTAINTY_MEASURE_WITH_UNIT (LENGTH_MEASURE( 1.000000000000000100E-005 ), #2928, 'distance_accuracy_value', 'NONE');
#4718 = B_SPLINE_CURVE_WITH_KNOTS ( 'NONE', 3,
 ( #2087, #2109, #2110, #2111, #2112, #2113, #2114, #2115, #2116, #2117, #2118, #2119, #2120, #2121, #2122 ),
 .UNSPECIFIED., .F., .F.,
 ( 4, 1, 1, 1, 1, 1, 1, 1, 1, 1, 1, 1, 4 ),
 ( 0.0000000000000000000, 0.08378537065370989000, 0.1657798879221417400, 0.2462800078932625700, 0.3274609277363896300, 0.4087969540320679500, 0.4897152412309880900, 0.5713760321300525000, 0.6555233211112770900, 0.7410194827999729800, 0.8265467605037608600, 0.9119888516548334500, 1.000000000000000000 ),
 .UNSPECIFIED. ) ;
#4719 = B_SPLINE_CURVE_WITH_KNOTS ( 'NONE', 3,
 ( #2194, #2195, #2196, #2197, #2198, #2199, #2200, #2201, #2202, #2203, #2204 ),
 .UNSPECIFIED., .F., .F.,
 ( 4, 1, 1, 1, 1, 1, 1, 1, 4 ),
 ( 0.0000000000000000000, 0.1430730837303635400, 0.2759029640930096800, 0.4023708562739964900, 0.5284136450935953400, 0.6503563791869509900, 0.7658950861246937000, 0.8807741308440212300, 1.000000000000000000 ),
 .UNSPECIFIED. ) ;
#4720 = B_SPLINE_CURVE_WITH_KNOTS ( 'NONE', 3,
 ( #2123, #2130, #2131, #2132, #2133, #2134, #2135, #2136, #2137, #2138, #2139 ),
 .UNSPECIFIED., .F., .F.,
 ( 4, 1, 1, 1, 1, 1, 1, 1, 4 ),
 ( 0.0000000000000000000, 0.09027921465001494100, 0.1895299184469588200, 0.2991978724002882200, 0.4189258867738197000, 0.5483762854012479400, 0.6881363695386807400, 0.8390835016589196500, 1.000000000000000000 ),
 .UNSPECIFIED. ) ;
#4721 = B_SPLINE_CURVE_WITH_KNOTS ( 'NONE', 3,
 ( #2238, #2239, #2240, #2241, #2242, #2243, #2244, #2245, #2246, #2247, #2248 ),
 .UNSPECIFIED., .F., .F.,
 ( 4, 1, 1, 1, 1, 1, 1, 1, 4 ),
 ( 0.0000000000000000000, 0.1815353013762854000, 0.3470816724816289100, 0.4955678164315539000, 0.6283573018772139500, 0.7455196699921561300, 0.8458307507576521300, 0.9307818073847579100, 0.9999999999999998900 ),
 .UNSPECIFIED. ) ;
#4722 = B_SPLINE_CURVE_WITH_KNOTS ( 'NONE', 3,
 ( #2205, #2209, #2210, #2211, #2212, #2213, #2214, #2215, #2216, #2217, #2218, #2219, #2220, #2221, #2222 ),
 .UNSPECIFIED., .F., .F.,
 ( 4, 1, 1, 1, 1, 1, 1, 1, 1, 1, 1, 1, 4 ),
 ( 0.0000000000000000000, 0.09846943102555745500, 0.1896291011376322600, 0.2741840894379707900, 0.3521831609671542400, 0.4231988731834699900, 0.4885509460005331200, 0.5484733460279374000, 0.6014401636178720000, 0.7011980824257659800, 0.7995918021381845900, 0.8985450984822273000, 1.000000000000000000 ),
 .UNSPECIFIED. ) ;
#4723 = B_SPLINE_CURVE_WITH_KNOTS ( 'NONE', 3,
 ( #92, #96, #97, #98, #99, #100, #101 ),
 .UNSPECIFIED., .F., .F.,
 ( 4, 1, 1, 1, 4 ),
 ( 0.0000000000000000000, 0.2347233736739013900, 0.4771583189289870800, 0.7285562842030538500, 1.000000000000000000 ),
 .UNSPECIFIED. ) ;
#4724 = B_SPLINE_CURVE_WITH_KNOTS ( 'NONE', 3,
 ( #64, #71, #72, #73, #74, #75, #76, #77, #78, #79, #80 ),
 .UNSPECIFIED., .F., .F.,
 ( 4, 1, 1, 1, 1, 1, 1, 1, 4 ),
 ( 0.0000000000000000000, 0.1072852142689562400, 0.2147458609696398500, 0.3229385595552863300, 0.4341161625174666000, 0.5534123109627950800, 0.6860729848107310900, 0.8342559920595845600, 1.000000000000000000 ),
 .UNSPECIFIED. ) ;
#4725 = UNCERTAINTY_MEASURE_WITH_UNIT (LENGTH_MEASURE( 1.000000000000000100E-005 ), #55, 'distance_accuracy_value', 'NONE');
#4726 = UNCERTAINTY_MEASURE_WITH_UNIT (LENGTH_MEASURE( 1.000000000000000100E-005 ), #270, 'distance_accuracy_value', 'NONE');
#4727 = UNCERTAINTY_MEASURE_WITH_UNIT (LENGTH_MEASURE( 1.000000000000000100E-005 ), #3230, 'distance_accuracy_value', 'NONE');
#4728 = UNCERTAINTY_MEASURE_WITH_UNIT (LENGTH_MEASURE( 1.000000000000000100E-005 ), #188, 'distance_accuracy_value', 'NONE');
#4729 = UNCERTAINTY_MEASURE_WITH_UNIT (LENGTH_MEASURE( 1.000000000000000100E-005 ), #207, 'distance_accuracy_value', 'NONE');
#4730 = UNCERTAINTY_MEASURE_WITH_UNIT (LENGTH_MEASURE( 1.000000000000000100E-005 ), #250, 'distance_accuracy_value', 'NONE');
#4731 = UNCERTAINTY_MEASURE_WITH_UNIT (LENGTH_MEASURE( 1.000000000000000100E-005 ), #3019, 'distance_accuracy_value', 'NONE');
#4732 = UNCERTAINTY_MEASURE_WITH_UNIT (LENGTH_MEASURE( 1.000000000000000100E-005 ), #3047, 'distance_accuracy_value', 'NONE');
#4733 = UNCERTAINTY_MEASURE_WITH_UNIT (LENGTH_MEASURE( 1.000000000000000100E-005 ), #3129, 'distance_accuracy_value', 'NONE');
#4734 = UNCERTAINTY_MEASURE_WITH_UNIT (LENGTH_MEASURE( 1.000000000000000100E-005 ), #3160, 'distance_accuracy_value', 'NONE');
#4735 = UNCERTAINTY_MEASURE_WITH_UNIT (LENGTH_MEASURE( 1.000000000000000100E-005 ), #4884, 'distance_accuracy_value', 'NONE');
#4736 = UNCERTAINTY_MEASURE_WITH_UNIT (LENGTH_MEASURE( 1.000000000000000100E-005 ), #4872, 'distance_accuracy_value', 'NONE');
#4737 = UNCERTAINTY_MEASURE_WITH_UNIT (LENGTH_MEASURE( 1.000000000000000100E-005 ), #4837, 'distance_accuracy_value', 'NONE');
#4738 = UNCERTAINTY_MEASURE_WITH_UNIT (LENGTH_MEASURE( 1.000000000000000100E-005 ), #5241, 'distance_accuracy_value', 'NONE');
#4739 = UNCERTAINTY_MEASURE_WITH_UNIT (LENGTH_MEASURE( 1.000000000000000100E-005 ), #4939, 'distance_accuracy_value', 'NONE');
#4740 = UNCERTAINTY_MEASURE_WITH_UNIT (LENGTH_MEASURE( 1.000000000000000100E-005 ), #4958, 'distance_accuracy_value', 'NONE');
#4741 = UNCERTAINTY_MEASURE_WITH_UNIT (LENGTH_MEASURE( 1.000000000000000100E-005 ), #4977, 'distance_accuracy_value', 'NONE');
#4742 = UNCERTAINTY_MEASURE_WITH_UNIT (LENGTH_MEASURE( 1.000000000000000100E-005 ), #5001, 'distance_accuracy_value', 'NONE');
#4743 = UNCERTAINTY_MEASURE_WITH_UNIT (LENGTH_MEASURE( 1.000000000000000100E-005 ), #5660, 'distance_accuracy_value', 'NONE');
#4744 = UNCERTAINTY_MEASURE_WITH_UNIT (LENGTH_MEASURE( 1.000000000000000100E-005 ), #5672, 'distance_accuracy_value', 'NONE');
#4745 = UNCERTAINTY_MEASURE_WITH_UNIT (LENGTH_MEASURE( 1.000000000000000100E-005 ), #5685, 'distance_accuracy_value', 'NONE');
#4746 = B_SPLINE_CURVE_WITH_KNOTS ( 'NONE', 3,
 ( #1809, #1813, #1814, #1815, #1816, #1817, #1818, #1819, #1820, #1821, #1822, #1823, #1824, #1825, #1826 ),
 .UNSPECIFIED., .F., .F.,
 ( 4, 1, 1, 1, 1, 1, 1, 1, 1, 1, 1, 1, 4 ),
 ( 0.0000000000000000000, 0.09697231038151572800, 0.1877734389628680500, 0.2723961390136931900, 0.3513209973752889900, 0.4243347744514673300, 0.4919087840005270700, 0.5542332197968004000, 0.6112676582441550800, 0.7163478449915536800, 0.8145400858216158600, 0.9084954561491857000, 1.000000000000000000 ),
 .UNSPECIFIED. ) ;
#4747 = UNCERTAINTY_MEASURE_WITH_UNIT (LENGTH_MEASURE( 1.000000000000000100E-005 ), #3926, 'distance_accuracy_value', 'NONE');
#4748 = UNCERTAINTY_MEASURE_WITH_UNIT (LENGTH_MEASURE( 1.000000000000000100E-005 ), #1376, 'distance_accuracy_value', 'NONE');
#4749 = UNCERTAINTY_MEASURE_WITH_UNIT (LENGTH_MEASURE( 1.000000000000000100E-005 ), #1699, 'distance_accuracy_value', 'NONE');
#4750 = UNCERTAINTY_MEASURE_WITH_UNIT (LENGTH_MEASURE( 1.000000000000000100E-005 ), #2929, 'distance_accuracy_value', 'NONE');
#4751 = B_SPLINE_CURVE_WITH_KNOTS ( 'NONE', 3,
 ( #1989, #1335, #1405, #1328, #1347, #1403, #1350, #1331, #1330, #1343, #1336, #1323, #1326, #1368, #1360 ),
 .UNSPECIFIED., .F., .F.,
 ( 4, 1, 1, 1, 1, 1, 1, 1, 1, 1, 1, 1, 4 ),
 ( 0.0000000000000000000, 0.1072327993600885500, 0.2132518127818492100, 0.3188304473075877500, 0.4267935306342752200, 0.4836459507827187700, 0.5436038220211424400, 0.6083076495640832300, 0.6771267602600410400, 0.7506856360204960900, 0.8287134184432877200, 0.9121903482234525700, 1.000000000000000000 ),
 .UNSPECIFIED. ) ;
#4752 = UNCERTAINTY_MEASURE_WITH_UNIT (LENGTH_MEASURE( 1.000000000000000100E-005 ), #5809, 'distance_accuracy_value', 'NONE');
#4753 = UNCERTAINTY_MEASURE_WITH_UNIT (LENGTH_MEASURE( 1.000000000000000100E-005 ), #1970, 'distance_accuracy_value', 'NONE');
#4754 = UNCERTAINTY_MEASURE_WITH_UNIT (LENGTH_MEASURE( 1.000000000000000100E-005 ), #888, 'distance_accuracy_value', 'NONE');
#4755 = UNCERTAINTY_MEASURE_WITH_UNIT (LENGTH_MEASURE( 1.000000000000000100E-005 ), #3256, 'distance_accuracy_value', 'NONE');
#4756 = UNCERTAINTY_MEASURE_WITH_UNIT (LENGTH_MEASURE( 1.000000000000000100E-005 ), #1971, 'distance_accuracy_value', 'NONE');
#4757 = UNCERTAINTY_MEASURE_WITH_UNIT (LENGTH_MEASURE( 1.000000000000000100E-005 ), #3454, 'distance_accuracy_value', 'NONE');
#4758 = UNCERTAINTY_MEASURE_WITH_UNIT (LENGTH_MEASURE( 1.000000000000000100E-005 ), #3403, 'distance_accuracy_value', 'NONE');
#4759 = UNCERTAINTY_MEASURE_WITH_UNIT (LENGTH_MEASURE( 1.000000000000000100E-005 ), #3423, 'distance_accuracy_value', 'NONE');
#4760 = B_SPLINE_CURVE_WITH_KNOTS ( 'NONE', 3,
 ( #1827, #1834, #1835, #1836, #1837, #1838, #1839, #1840, #1841, #1842, #1843, #1844, #1845, #1846, #1847, #1848, #1849, #1850, #1851 ),
 .UNSPECIFIED., .F., .F.,
 ( 4, 1, 1, 1, 1, 1, 1, 1, 1, 1, 1, 1, 1, 1, 1, 1, 4 ),
 ( 0.0000000000000000000, 0.06148425519689051900, 0.1217745277022103000, 0.1809195598139317600, 0.2402561150782711000, 0.3001144444023514700, 0.3611459476126116500, 0.4235005824125855900, 0.4886693612807191400, 0.5539541046535622100, 0.6175812610152620100, 0.6802384268167394100, 0.7421873887724538300, 0.8046632117692933400, 0.8682589893126627700, 0.9330202571803758400, 1.000000000000000000 ),
 .UNSPECIFIED. ) ;
#4761 = UNCERTAINTY_MEASURE_WITH_UNIT (LENGTH_MEASURE( 1.000000000000000100E-005 ), #3391, 'distance_accuracy_value', 'NONE');
#4762 = B_SPLINE_CURVE_WITH_KNOTS ( 'NONE', 3,
 ( #3331, #3374, #3375, #3376, #3377, #3378, #3379, #3380, #3381, #3382, #3383 ),
 .UNSPECIFIED., .F., .F.,
 ( 4, 1, 1, 1, 1, 1, 1, 1, 4 ),
 ( 0.0000000000000000000, 0.1335067689985186800, 0.2625589787303702100, 0.3882644471488787000, 0.5126673546814275500, 0.6337222699657596400, 0.7553938601370943100, 0.8775529450912779000, 0.9999999999999998900 ),
 .UNSPECIFIED. ) ;
#4763 = UNCERTAINTY_MEASURE_WITH_UNIT (LENGTH_MEASURE( 1.000000000000000100E-005 ), #2950, 'distance_accuracy_value', 'NONE');
#4764 = UNCERTAINTY_MEASURE_WITH_UNIT (LENGTH_MEASURE( 1.000000000000000100E-005 ), #1373, 'distance_accuracy_value', 'NONE');
#4765 = UNCERTAINTY_MEASURE_WITH_UNIT (LENGTH_MEASURE( 1.000000000000000100E-005 ), #2983, 'distance_accuracy_value', 'NONE');
#4766 = UNCERTAINTY_MEASURE_WITH_UNIT (LENGTH_MEASURE( 1.000000000000000100E-005 ), #3952, 'distance_accuracy_value', 'NONE');
#4767 = UNCERTAINTY_MEASURE_WITH_UNIT (LENGTH_MEASURE( 1.000000000000000100E-005 ), #3290, 'distance_accuracy_value', 'NONE');
#4768 = UNCERTAINTY_MEASURE_WITH_UNIT (LENGTH_MEASURE( 1.000000000000000100E-005 ), #3322, 'distance_accuracy_value', 'NONE');
#4769 = UNCERTAINTY_MEASURE_WITH_UNIT (LENGTH_MEASURE( 1.000000000000000100E-005 ), #5151, 'distance_accuracy_value', 'NONE');
#4770 = B_SPLINE_CURVE_WITH_KNOTS ( 'NONE', 3,
 ( #1668, #1678, #1679, #1680, #1681, #1682, #1683, #1684, #1685, #1686, #1687, #1688, #1689, #1690, #1691 ),
 .UNSPECIFIED., .F., .F.,
 ( 4, 1, 1, 1, 1, 1, 1, 1, 1, 1, 1, 1, 4 ),
 ( 0.0000000000000000000, 0.09126360489662613300, 0.1809303110850814800, 0.2700882198317227600, 0.3601561333877265100, 0.4483425324981534800, 0.5326658421383302400, 0.6138337041070480700, 0.6939815272835584400, 0.7727159770890038600, 0.8493351720622464000, 0.9239673265752321700, 1.000000000000000000 ),
 .UNSPECIFIED. ) ;
#4771 = UNCERTAINTY_MEASURE_WITH_UNIT (LENGTH_MEASURE( 1.000000000000000100E-005 ), #2921, 'distance_accuracy_value', 'NONE');
#4772 = B_SPLINE_CURVE_WITH_KNOTS ( 'NONE', 3,
 ( #5170, #5177, #5178, #5179, #5180, #5181, #5182, #5183, #5184, #5185, #5186 ),
 .UNSPECIFIED., .F., .F.,
 ( 4, 1, 1, 1, 1, 1, 1, 1, 4 ),
 ( 0.0000000000000000000, 0.09027921465001494100, 0.1895299184469588200, 0.2991978724002882200, 0.4189258867738197000, 0.5483762854012479400, 0.6881363695386807400, 0.8390835016589196500, 1.000000000000000000 ),
 .UNSPECIFIED. ) ;
#4773 = B_SPLINE_CURVE_WITH_KNOTS ( 'NONE', 3,
 ( #3895, #3935, #3886, #3905, #3958, #3931, #3879, #3965, #3915, #3911, #3963 ),
 .UNSPECIFIED., .F., .F.,
 ( 4, 1, 1, 1, 1, 1, 1, 1, 4 ),
 ( 0.0000000000000000000, 0.1335067689985186800, 0.2625589787303702100, 0.3882644471488787000, 0.5126673546814275500, 0.6337222699657596400, 0.7553938601370943100, 0.8775529450912779000, 0.9999999999999998900 ),
 .UNSPECIFIED. ) ;
#4774 = UNCERTAINTY_MEASURE_WITH_UNIT (LENGTH_MEASURE( 1.000000000000000100E-005 ), #3278, 'distance_accuracy_value', 'NONE');
#4775 = B_SPLINE_CURVE_WITH_KNOTS ( 'NONE', 3,
 ( #5159, #5160, #5161, #5162, #5163, #5164, #5165, #5166, #5167, #5168, #5169 ),
 .UNSPECIFIED., .F., .F.,
 ( 4, 1, 1, 1, 1, 1, 1, 1, 4 ),
 ( 0.0000000000000000000, 0.1815353013762854000, 0.3470816724816289100, 0.4955678164315539000, 0.6283573018772139500, 0.7455196699921561300, 0.8458307507576521300, 0.9307818073847579100, 0.9999999999999998900 ),
 .UNSPECIFIED. ) ;
#4776 = UNCERTAINTY_MEASURE_WITH_UNIT (LENGTH_MEASURE( 1.000000000000000100E-005 ), #2668, 'distance_accuracy_value', 'NONE');
#4777 = UNCERTAINTY_MEASURE_WITH_UNIT (LENGTH_MEASURE( 1.000000000000000100E-005 ), #2637, 'distance_accuracy_value', 'NONE');
#4778 = UNCERTAINTY_MEASURE_WITH_UNIT (LENGTH_MEASURE( 1.000000000000000100E-005 ), #2590, 'distance_accuracy_value', 'NONE');
#4779 = B_SPLINE_CURVE_WITH_KNOTS ( 'NONE', 3,
 ( #1878, #1885, #1886, #1887, #1888, #1889, #1890 ),
 .UNSPECIFIED., .F., .F.,
 ( 4, 1, 1, 1, 4 ),
 ( 0.0000000000000000000, 0.2347233736739013900, 0.4771583189289870800, 0.7285562842030538500, 1.000000000000000000 ),
 .UNSPECIFIED. ) ;
#4780 = B_SPLINE_CURVE_WITH_KNOTS ( 'NONE', 3,
 ( #5014, #5030, #5031, #5032, #5033, #5034, #5035, #5036, #5037, #5038, #5039, #5040, #5041, #5042, #5043 ),
 .UNSPECIFIED., .F., .F.,
 ( 4, 1, 1, 1, 1, 1, 1, 1, 1, 1, 1, 1, 4 ),
 ( 0.0000000000000000000, 0.09846943102555745500, 0.1896291011376322600, 0.2741840894379707900, 0.3521831609671542400, 0.4231988731834699900, 0.4885509460005331200, 0.5484733460279374000, 0.6014401636178720000, 0.7011980824257659800, 0.7995918021381845900, 0.8985450984822273000, 1.000000000000000000 ),
 .UNSPECIFIED. ) ;
#4781 = UNCERTAINTY_MEASURE_WITH_UNIT (LENGTH_MEASURE( 1.000000000000000100E-005 ), #5215, 'distance_accuracy_value', 'NONE');
#4782 = UNCERTAINTY_MEASURE_WITH_UNIT (LENGTH_MEASURE( 1.000000000000000100E-005 ), #2896, 'distance_accuracy_value', 'NONE');
#4783 = UNCERTAINTY_MEASURE_WITH_UNIT (LENGTH_MEASURE( 1.000000000000000100E-005 ), #5135, 'distance_accuracy_value', 'NONE');
#4784 = UNCERTAINTY_MEASURE_WITH_UNIT (LENGTH_MEASURE( 1.000000000000000100E-005 ), #1800, 'distance_accuracy_value', 'NONE');
#4785 = B_SPLINE_CURVE_WITH_KNOTS ( 'NONE', 3,
 ( #1106, #1229, #1127, #1213, #1118, #1172, #1124, #1162, #1135, #1111, #1157 ),
 .UNSPECIFIED., .F., .F.,
 ( 4, 1, 1, 1, 1, 1, 1, 1, 4 ),
 ( 0.0000000000000000000, 0.1072852142689562400, 0.2147458609696398500, 0.3229385595552863300, 0.4341161625174666000, 0.5534123109627950800, 0.6860729848107310900, 0.8342559920595845600, 1.000000000000000000 ),
 .UNSPECIFIED. ) ;
#4786 = UNCERTAINTY_MEASURE_WITH_UNIT (LENGTH_MEASURE( 1.000000000000000100E-005 ), #4605, 'distance_accuracy_value', 'NONE');
#4787 = UNCERTAINTY_MEASURE_WITH_UNIT (LENGTH_MEASURE( 1.000000000000000100E-005 ), #1150, 'distance_accuracy_value', 'NONE');
#4788 = UNCERTAINTY_MEASURE_WITH_UNIT (LENGTH_MEASURE( 1.000000000000000100E-005 ), #2710, 'distance_accuracy_value', 'NONE');
#4789 = UNCERTAINTY_MEASURE_WITH_UNIT (LENGTH_MEASURE( 1.000000000000000100E-005 ), #4542, 'distance_accuracy_value', 'NONE');
#4790 = UNCERTAINTY_MEASURE_WITH_UNIT (LENGTH_MEASURE( 1.000000000000000100E-005 ), #5076, 'distance_accuracy_value', 'NONE');
#4791 = UNCERTAINTY_MEASURE_WITH_UNIT (LENGTH_MEASURE( 1.000000000000000100E-005 ), #4488, 'distance_accuracy_value', 'NONE');
#4792 = UNCERTAINTY_MEASURE_WITH_UNIT (LENGTH_MEASURE( 1.000000000000000100E-005 ), #5825, 'distance_accuracy_value', 'NONE');
#4793 = UNCERTAINTY_MEASURE_WITH_UNIT (LENGTH_MEASURE( 1.000000000000000100E-005 ), #4466, 'distance_accuracy_value', 'NONE');
#4794 = UNCERTAINTY_MEASURE_WITH_UNIT (LENGTH_MEASURE( 1.000000000000000100E-005 ), #1324, 'distance_accuracy_value', 'NONE');
#4795 = UNCERTAINTY_MEASURE_WITH_UNIT (LENGTH_MEASURE( 1.000000000000000100E-005 ), #3009, 'distance_accuracy_value', 'NONE');
#4796 = UNCERTAINTY_MEASURE_WITH_UNIT (LENGTH_MEASURE( 1.000000000000000100E-005 ), #2995, 'distance_accuracy_value', 'NONE');
#4797 = B_SPLINE_CURVE_WITH_KNOTS ( 'NONE', 3,
 ( #2023, #1965, #1945, #1974, #2006, #1984, #1975, #1972, #2019, #2020, #1949 ),
 .UNSPECIFIED., .F., .F.,
 ( 4, 1, 1, 1, 1, 1, 1, 1, 4 ),
 ( 0.0000000000000000000, 0.1590042985173776600, 0.3046460998968143500, 0.4385469045795922800, 0.5623222987759278800, 0.6774325425257310400, 0.7868973929387543800, 0.8936108891042668900, 1.000000000000000000 ),
 .UNSPECIFIED. ) ;
#4798 = CARTESIAN_POINT ( 'NONE',  ( -0.2106492731260769800, 0.1050570785305377100, 0.6990000000000001800 ) ) ;
#4799 = CARTESIAN_POINT ( 'NONE',  ( -0.2106492731260769800, 0.1050570785305377100, 0.7000000000000001800 ) ) ;
#4800 = CARTESIAN_POINT ( 'NONE',  ( -0.2025662974719588700, 0.09892066282542062700, 0.6989999999999999500 ) ) ;
#4801 = CARTESIAN_POINT ( 'NONE',  ( -0.2025662974719588700, 0.09892066282542062700, 0.6999999999999999600 ) ) ;
#4802 = CARTESIAN_POINT ( 'NONE',  ( -0.1928950415917972400, 0.09180239414816640500, 0.6989999999999998400 ) ) ;
#4803 = CARTESIAN_POINT ( 'NONE',  ( -0.1928950415917972400, 0.09180239414816640500, 0.6999999999999998400 ) ) ;
#4804 = CARTESIAN_POINT ( 'NONE',  ( -0.1816344420318386200, 0.08379328849959247200, 0.6990000000000001800 ) ) ;
#4805 = CARTESIAN_POINT ( 'NONE',  ( -0.1816344420318386200, 0.08379328849959247200, 0.7000000000000001800 ) ) ;
#4806 = CARTESIAN_POINT ( 'NONE',  ( -0.1689100198056039900, 0.07463334410212306400, 0.6989999999999996200 ) ) ;
#4807 = CARTESIAN_POINT ( 'NONE',  ( -0.1689100198056039900, 0.07463334410212306400, 0.6999999999999996200 ) ) ;
#4808 = CARTESIAN_POINT ( 'NONE',  ( -0.1598806349017382300, 0.06822928736704969600, 0.6989999999999999500 ) ) ;
#4809 = CARTESIAN_POINT ( 'NONE',  ( -0.1598806349017382300, 0.06822928736704969600, 0.6999999999999999600 ) ) ;
#4810 = CARTESIAN_POINT ( 'NONE',  ( -0.1551062826174047500, 0.06484309625573621300, 0.6989999999999999500 ) ) ;
#4811 = CARTESIAN_POINT ( 'NONE',  ( -0.1551062826174047500, 0.06484309625573621300, 0.6999999999999999600 ) ) ;
#4812 = LINE ( 'NONE', #4813, #4051 ) ;
#4813 = CARTESIAN_POINT ( 'NONE',  ( -1.500000000000000000, 1.249999999999999800, 0.5000000000000000000 ) ) ;
#4814 = DIRECTION ( 'NONE',  ( -0.0000000000000000000, -0.0000000000000000000, -1.000000000000000000 ) ) ;
#4815 = PLANE ( 'NONE',  #4021 ) ;
#4816 = LINE ( 'NONE', #4817, #4053 ) ;
#4817 = CARTESIAN_POINT ( 'NONE',  ( -0.5130782043588576500, -0.06596452927845179700, 0.6989999999999999500 ) ) ;
#4818 = DIRECTION ( 'NONE',  ( -0.0000000000000000000, -0.0000000000000000000, 1.000000000000000000 ) ) ;
#4819 = LINE ( 'NONE', #4820, #4050 ) ;
#4820 = CARTESIAN_POINT ( 'NONE',  ( 1.456000000000000000, 0.2000000000000003700, -0.5000000000000000000 ) ) ;
#4821 = DIRECTION ( 'NONE',  ( -0.0000000000000000000, -0.0000000000000000000, 1.000000000000000000 ) ) ;
#4822 = LINE ( 'NONE', #4823, #4052 ) ;
#4823 = CARTESIAN_POINT ( 'NONE',  ( -0.6000000000000000900, 0.4999999999999996700, -0.5010000000000000000 ) ) ;
#4824 = DIRECTION ( 'NONE',  ( -0.0000000000000000000, -1.000000000000000000, -0.0000000000000000000 ) ) ;
#4825 = LINE ( 'NONE', #4826, #4019 ) ;
#4826 = CARTESIAN_POINT ( 'NONE',  ( 0.5473751877351591400, 0.05615085533693277300, 0.6989999999999999500 ) ) ;
#4827 = DIRECTION ( 'NONE',  ( 0.6929516293246063000, -0.7209840770893440900, 0.0000000000000000000 ) ) ;
#4828 = LINE ( 'NONE', #4829, #5906 ) ;
#4829 = CARTESIAN_POINT ( 'NONE',  ( 1.456000000000000000, 1.250000000000000200, 0.5000000000000000000 ) ) ;
#4830 = DIRECTION ( 'NONE',  ( 0.0000000000000000000, -1.000000000000000000, 0.0000000000000000000 ) ) ;
#4831 = FILL_AREA_STYLE_COLOUR ( '', #2384 ) ;
#4832 = FILL_AREA_STYLE ('',( #4831 ) ) ;
#4833 = SURFACE_STYLE_FILL_AREA ( #4832 ) ;
#4834 = SURFACE_SIDE_STYLE ('',( #4833 ) ) ;
#4835 = SURFACE_STYLE_USAGE ( .BOTH. , #4834 ) ;
#4836 = PRESENTATION_STYLE_ASSIGNMENT (( #4835 ) ) ;
#4837 =( LENGTH_UNIT ( ) NAMED_UNIT ( * ) SI_UNIT ( .MILLI., .METRE. ) );
#4838 =( NAMED_UNIT ( * ) PLANE_ANGLE_UNIT ( ) SI_UNIT ( $, .RADIAN. ) );
#4839 =( NAMED_UNIT ( * ) SI_UNIT ( $, .STERADIAN. ) SOLID_ANGLE_UNIT ( ) );
#4840 = CARTESIAN_POINT ( 'NONE',  ( 1.600000000000000500, -0.1999999999999995900, -0.5000000000000000000 ) ) ;
#4841 = DIRECTION ( 'NONE',  ( -5.270427227360075000E-015, 1.000000000000000000, 0.0000000000000000000 ) ) ;
#4842 = DIRECTION ( 'NONE',  ( -1.000000000000000000, -5.270427227360075000E-015, 0.0000000000000000000 ) ) ;
#4843 = FILL_AREA_STYLE_COLOUR ( '', #2351 ) ;
#4844 = FILL_AREA_STYLE ('',( #4843 ) ) ;
#4845 = SURFACE_STYLE_FILL_AREA ( #4844 ) ;
#4846 = SURFACE_SIDE_STYLE ('',( #4845 ) ) ;
#4847 = SURFACE_STYLE_USAGE ( .BOTH. , #4846 ) ;
#4848 = PRESENTATION_STYLE_ASSIGNMENT (( #4847 ) ) ;
#4849 =( LENGTH_UNIT ( ) NAMED_UNIT ( * ) SI_UNIT ( .MILLI., .METRE. ) );
#4850 =( NAMED_UNIT ( * ) PLANE_ANGLE_UNIT ( ) SI_UNIT ( $, .RADIAN. ) );
#4851 =( NAMED_UNIT ( * ) SI_UNIT ( $, .STERADIAN. ) SOLID_ANGLE_UNIT ( ) );
#4852 = PLANE ( 'NONE',  #3461 ) ;
#4853 = CARTESIAN_POINT ( 'NONE',  ( -0.8852545197968918500, -0.2355692301331526500, 0.6989999999999999500 ) ) ;
#4854 = DIRECTION ( 'NONE',  ( 0.9035018415143105700, -0.4285842068721730200, 0.0000000000000000000 ) ) ;
#4855 = DIRECTION ( 'NONE',  ( 0.4285842068721730200, 0.9035018415143105700, 0.0000000000000000000 ) ) ;
#4856 = LINE ( 'NONE', #4857, #3464 ) ;
#4857 = CARTESIAN_POINT ( 'NONE',  ( 0.5190724032800311200, 0.2935974365335139400, 0.6989999999999999500 ) ) ;
#4858 = DIRECTION ( 'NONE',  ( -0.0000000000000000000, -0.0000000000000000000, 1.000000000000000000 ) ) ;
#4859 = PLANE ( 'NONE',  #1249 ) ;
#4860 = LINE ( 'NONE', #4861, #3468 ) ;
#4861 = CARTESIAN_POINT ( 'NONE',  ( 1.599999999999994500, 0.1999999999999996500, 0.5000000000000000000 ) ) ;
#4862 = DIRECTION ( 'NONE',  ( 1.000000000000000000, -5.270427227360075000E-015, 0.0000000000000000000 ) ) ;
#4863 = LINE ( 'NONE', #4864, #3470 ) ;
#4864 = CARTESIAN_POINT ( 'NONE',  ( 1.325000000000000200, 1.099999999999999900, 0.5000000000000000000 ) ) ;
#4865 = DIRECTION ( 'NONE',  ( -1.000000000000000000, 0.0000000000000000000, 0.0000000000000000000 ) ) ;
#4866 = FILL_AREA_STYLE_COLOUR ( '', #2404 ) ;
#4867 = FILL_AREA_STYLE ('',( #4866 ) ) ;
#4868 = SURFACE_STYLE_FILL_AREA ( #4867 ) ;
#4869 = SURFACE_SIDE_STYLE ('',( #4868 ) ) ;
#4870 = SURFACE_STYLE_USAGE ( .BOTH. , #4869 ) ;
#4871 = PRESENTATION_STYLE_ASSIGNMENT (( #4870 ) ) ;
#4872 =( LENGTH_UNIT ( ) NAMED_UNIT ( * ) SI_UNIT ( .MILLI., .METRE. ) );
#4873 =( NAMED_UNIT ( * ) PLANE_ANGLE_UNIT ( ) SI_UNIT ( $, .RADIAN. ) );
#4874 =( NAMED_UNIT ( * ) SI_UNIT ( $, .STERADIAN. ) SOLID_ANGLE_UNIT ( ) );
#4875 = CARTESIAN_POINT ( 'NONE',  ( 0.0000000000000000000, 0.0000000000000000000, 0.6989999999999999500 ) ) ;
#4876 = DIRECTION ( 'NONE',  ( 0.0000000000000000000, 0.0000000000000000000, -1.000000000000000000 ) ) ;
#4877 = DIRECTION ( 'NONE',  ( -1.000000000000000000, 0.0000000000000000000, -0.0000000000000000000 ) ) ;
#4878 = FILL_AREA_STYLE_COLOUR ( '', #2294 ) ;
#4879 = FILL_AREA_STYLE ('',( #4878 ) ) ;
#4880 = SURFACE_STYLE_FILL_AREA ( #4879 ) ;
#4881 = SURFACE_SIDE_STYLE ('',( #4880 ) ) ;
#4882 = SURFACE_STYLE_USAGE ( .BOTH. , #4881 ) ;
#4883 = PRESENTATION_STYLE_ASSIGNMENT (( #4882 ) ) ;
#4884 =( LENGTH_UNIT ( ) NAMED_UNIT ( * ) SI_UNIT ( .MILLI., .METRE. ) );
#4885 =( NAMED_UNIT ( * ) PLANE_ANGLE_UNIT ( ) SI_UNIT ( $, .RADIAN. ) );
#4886 =( NAMED_UNIT ( * ) SI_UNIT ( $, .STERADIAN. ) SOLID_ANGLE_UNIT ( ) );
#4887 = PLANE ( 'NONE',  #1261 ) ;
#4888 = CARTESIAN_POINT ( 'NONE',  ( 0.7396645173291763700, 0.2935974365335139400, 0.6989999999999999500 ) ) ;
#4889 = DIRECTION ( 'NONE',  ( 0.0000000000000000000, -1.000000000000000000, 0.0000000000000000000 ) ) ;
#4890 = DIRECTION ( 'NONE',  ( 0.0000000000000000000, -0.0000000000000000000, -1.000000000000000000 ) ) ;
#4891 = LINE ( 'NONE', #4892, #1251 ) ;
#4892 = CARTESIAN_POINT ( 'NONE',  ( -1.456000000000000000, -0.4500000000000001200, -0.5000000000000000000 ) ) ;
#4893 = DIRECTION ( 'NONE',  ( -0.0000000000000000000, -0.0000000000000000000, 1.000000000000000000 ) ) ;
#4894 = PLANE ( 'NONE',  #1259 ) ;
#4895 = LINE ( 'NONE', #4896, #1267 ) ;
#4896 = CARTESIAN_POINT ( 'NONE',  ( -1.450000000000000200, 0.9750000000000000900, 0.5000000000000000000 ) ) ;
#4897 = DIRECTION ( 'NONE',  ( 0.0000000000000000000, -1.000000000000000000, 0.0000000000000000000 ) ) ;
#4898 = LINE ( 'NONE', #4899, #1254 ) ;
#4899 = CARTESIAN_POINT ( 'NONE',  ( -1.500000000000000200, -1.149999999999999900, -0.5010000000000000000 ) ) ;
#4900 = DIRECTION ( 'NONE',  ( -0.0000000000000000000, -0.0000000000000000000, 1.000000000000000000 ) ) ;
#4901 = FILL_AREA_STYLE_COLOUR ( '', #2457 ) ;
#4902 = FILL_AREA_STYLE ('',( #4901 ) ) ;
#4903 = SURFACE_STYLE_FILL_AREA ( #4902 ) ;
#4904 = SURFACE_SIDE_STYLE ('',( #4903 ) ) ;
#4905 = SURFACE_STYLE_USAGE ( .BOTH. , #4904 ) ;
#4906 = PRESENTATION_STYLE_ASSIGNMENT (( #4905 ) ) ;
#4907 =( LENGTH_UNIT ( ) NAMED_UNIT ( * ) SI_UNIT ( .MILLI., .METRE. ) );
#4908 =( NAMED_UNIT ( * ) PLANE_ANGLE_UNIT ( ) SI_UNIT ( $, .RADIAN. ) );
#4909 =( NAMED_UNIT ( * ) SI_UNIT ( $, .STERADIAN. ) SOLID_ANGLE_UNIT ( ) );
#4910 = CARTESIAN_POINT ( 'NONE',  ( 0.4715830870407147200, 0.2935974365335139400, 0.6989999999999999500 ) ) ;
#4911 = DIRECTION ( 'NONE',  ( 0.0000000000000000000, -1.000000000000000000, 0.0000000000000000000 ) ) ;
#4912 = DIRECTION ( 'NONE',  ( 0.0000000000000000000, -0.0000000000000000000, -1.000000000000000000 ) ) ;
#4913 = FILL_AREA_STYLE_COLOUR ( '', #2371 ) ;
#4914 = FILL_AREA_STYLE ('',( #4913 ) ) ;
#4915 = SURFACE_STYLE_FILL_AREA ( #4914 ) ;
#4916 = SURFACE_SIDE_STYLE ('',( #4915 ) ) ;
#4917 = SURFACE_STYLE_USAGE ( .BOTH. , #4916 ) ;
#4918 = PRESENTATION_STYLE_ASSIGNMENT (( #4917 ) ) ;
#4919 =( LENGTH_UNIT ( ) NAMED_UNIT ( * ) SI_UNIT ( .MILLI., .METRE. ) );
#4920 =( NAMED_UNIT ( * ) PLANE_ANGLE_UNIT ( ) SI_UNIT ( $, .RADIAN. ) );
#4921 =( NAMED_UNIT ( * ) SI_UNIT ( $, .STERADIAN. ) SOLID_ANGLE_UNIT ( ) );
#4922 = PLANE ( 'NONE',  #1264 ) ;
#4923 = CARTESIAN_POINT ( 'NONE',  ( 0.3766044545620824100, 0.02222991516599265000, 0.6989999999999999500 ) ) ;
#4924 = DIRECTION ( 'NONE',  ( 0.0000000000000000000, 1.000000000000000000, 0.0000000000000000000 ) ) ;
#4925 = DIRECTION ( 'NONE',  ( 0.0000000000000000000, -0.0000000000000000000, 1.000000000000000000 ) ) ;
#4926 = LINE ( 'NONE', #4927, #1266 ) ;
#4927 = CARTESIAN_POINT ( 'NONE',  ( 0.5999999999999994200, -0.5000000000000004400, -0.5010000000000000000 ) ) ;
#4928 = DIRECTION ( 'NONE',  ( -1.668003342285392000E-016, 1.000000000000000000, -0.0000000000000000000 ) ) ;
#4929 = PLANE ( 'NONE',  #1270 ) ;
#4930 = LINE ( 'NONE', #4931, #1260 ) ;
#4931 = CARTESIAN_POINT ( 'NONE',  ( -0.6000000000000002000, -1.149999999999999900, -0.5010000000000000000 ) ) ;
#4932 = DIRECTION ( 'NONE',  ( -0.0000000000000000000, -0.0000000000000000000, 1.000000000000000000 ) ) ;
#4933 = FILL_AREA_STYLE_COLOUR ( '', #5833 ) ;
#4934 = FILL_AREA_STYLE ('',( #4933 ) ) ;
#4935 = SURFACE_STYLE_FILL_AREA ( #4934 ) ;
#4936 = SURFACE_SIDE_STYLE ('',( #4935 ) ) ;
#4937 = SURFACE_STYLE_USAGE ( .BOTH. , #4936 ) ;
#4938 = PRESENTATION_STYLE_ASSIGNMENT (( #4937 ) ) ;
#4939 =( LENGTH_UNIT ( ) NAMED_UNIT ( * ) SI_UNIT ( .MILLI., .METRE. ) );
#4940 =( NAMED_UNIT ( * ) PLANE_ANGLE_UNIT ( ) SI_UNIT ( $, .RADIAN. ) );
#4941 =( NAMED_UNIT ( * ) SI_UNIT ( $, .STERADIAN. ) SOLID_ANGLE_UNIT ( ) );
#4942 = CARTESIAN_POINT ( 'NONE',  ( -0.6313774832050116400, 0.1904565778262490000, 0.6989999999999999500 ) ) ;
#4943 = DIRECTION ( 'NONE',  ( -0.9036123719369735200, 0.4283511191562789400, 0.0000000000000000000 ) ) ;
#4944 = DIRECTION ( 'NONE',  ( -0.4283511191562789400, -0.9036123719369735200, 0.0000000000000000000 ) ) ;
#4945 = LINE ( 'NONE', #4946, #1252 ) ;
#4946 = CARTESIAN_POINT ( 'NONE',  ( -1.500000000000000000, 1.149999999999999900, -0.5010000000000000000 ) ) ;
#4947 = DIRECTION ( 'NONE',  ( -0.0000000000000000000, -0.0000000000000000000, 1.000000000000000000 ) ) ;
#4948 = PLANE ( 'NONE',  #1255 ) ;
#4949 = LINE ( 'NONE', #4950, #1239 ) ;
#4950 = CARTESIAN_POINT ( 'NONE',  ( 0.7396645173291763700, 0.2935974365335139400, 0.6989999999999999500 ) ) ;
#4951 = DIRECTION ( 'NONE',  ( -0.0000000000000000000, -0.0000000000000000000, 1.000000000000000000 ) ) ;
#4952 = FILL_AREA_STYLE_COLOUR ( '', #5834 ) ;
#4953 = FILL_AREA_STYLE ('',( #4952 ) ) ;
#4954 = SURFACE_STYLE_FILL_AREA ( #4953 ) ;
#4955 = SURFACE_SIDE_STYLE ('',( #4954 ) ) ;
#4956 = SURFACE_STYLE_USAGE ( .BOTH. , #4955 ) ;
#4957 = PRESENTATION_STYLE_ASSIGNMENT (( #4956 ) ) ;
#4958 =( LENGTH_UNIT ( ) NAMED_UNIT ( * ) SI_UNIT ( .MILLI., .METRE. ) );
#4959 =( NAMED_UNIT ( * ) PLANE_ANGLE_UNIT ( ) SI_UNIT ( $, .RADIAN. ) );
#4960 =( NAMED_UNIT ( * ) SI_UNIT ( $, .STERADIAN. ) SOLID_ANGLE_UNIT ( ) );
#4961 = CARTESIAN_POINT ( 'NONE',  ( 0.3766044545620824100, -0.2355692301331526500, 0.6989999999999999500 ) ) ;
#4962 = DIRECTION ( 'NONE',  ( 0.0000000000000000000, 1.000000000000000000, 0.0000000000000000000 ) ) ;
#4963 = DIRECTION ( 'NONE',  ( 0.0000000000000000000, -0.0000000000000000000, 1.000000000000000000 ) ) ;
#4964 = LINE ( 'NONE', #4965, #1923 ) ;
#4965 = CARTESIAN_POINT ( 'NONE',  ( 1.456000000000000000, -0.4500000000000004600, -0.5000000000000000000 ) ) ;
#4966 = DIRECTION ( 'NONE',  ( -0.0000000000000000000, -0.0000000000000000000, 1.000000000000000000 ) ) ;
#4967 = PLANE ( 'NONE',  #1922 ) ;
#4968 = LINE ( 'NONE', #4969, #1924 ) ;
#4969 = CARTESIAN_POINT ( 'NONE',  ( 0.8277529588355866400, -0.2355692301331526500, 0.6989999999999999500 ) ) ;
#4970 = DIRECTION ( 'NONE',  ( -0.0000000000000000000, -0.0000000000000000000, 1.000000000000000000 ) ) ;
#4971 = FILL_AREA_STYLE_COLOUR ( '', #5831 ) ;
#4972 = FILL_AREA_STYLE ('',( #4971 ) ) ;
#4973 = SURFACE_STYLE_FILL_AREA ( #4972 ) ;
#4974 = SURFACE_SIDE_STYLE ('',( #4973 ) ) ;
#4975 = SURFACE_STYLE_USAGE ( .BOTH. , #4974 ) ;
#4976 = PRESENTATION_STYLE_ASSIGNMENT (( #4975 ) ) ;
#4977 =( LENGTH_UNIT ( ) NAMED_UNIT ( * ) SI_UNIT ( .MILLI., .METRE. ) );
#4978 =( NAMED_UNIT ( * ) PLANE_ANGLE_UNIT ( ) SI_UNIT ( $, .RADIAN. ) );
#4979 =( NAMED_UNIT ( * ) SI_UNIT ( $, .STERADIAN. ) SOLID_ANGLE_UNIT ( ) );
#4980 = CARTESIAN_POINT ( 'NONE',  ( 0.3766044545620824100, 0.2393239322600097000, 0.6989999999999999500 ) ) ;
#4981 = DIRECTION ( 'NONE',  ( 0.0000000000000000000, 1.000000000000000000, 0.0000000000000000000 ) ) ;
#4982 = DIRECTION ( 'NONE',  ( 0.0000000000000000000, -0.0000000000000000000, 1.000000000000000000 ) ) ;
#4983 = LINE ( 'NONE', #4984, #1928 ) ;
#4984 = CARTESIAN_POINT ( 'NONE',  ( 0.4715830870407147200, -0.2355692301331526500, 0.6989999999999999500 ) ) ;
#4985 = DIRECTION ( 'NONE',  ( 0.0000000000000000000, 1.000000000000000000, 0.0000000000000000000 ) ) ;
#4986 = LINE ( 'NONE', #4987, #1926 ) ;
#4987 = CARTESIAN_POINT ( 'NONE',  ( -0.4348480360896270200, -0.2355692301331526500, 0.6989999999999999500 ) ) ;
#4988 = DIRECTION ( 'NONE',  ( -0.0000000000000000000, -0.0000000000000000000, 1.000000000000000000 ) ) ;
#4989 = LINE ( 'NONE', #4990, #2864 ) ;
#4990 = CARTESIAN_POINT ( 'NONE',  ( -1.600000000000000100, 0.1999999999999999800, -0.5000000000000000000 ) ) ;
#4991 = DIRECTION ( 'NONE',  ( -0.0000000000000000000, -0.0000000000000000000, 1.000000000000000000 ) ) ;
#4992 = LINE ( 'NONE', #4993, #2867 ) ;
#4993 = CARTESIAN_POINT ( 'NONE',  ( 0.5190724032800311200, -0.2355692301331526500, 0.6989999999999999500 ) ) ;
#4994 = DIRECTION ( 'NONE',  ( -0.0000000000000000000, -0.0000000000000000000, 1.000000000000000000 ) ) ;
#4995 = FILL_AREA_STYLE_COLOUR ( '', #5830 ) ;
#4996 = FILL_AREA_STYLE ('',( #4995 ) ) ;
#4997 = SURFACE_STYLE_FILL_AREA ( #4996 ) ;
#4998 = SURFACE_SIDE_STYLE ('',( #4997 ) ) ;
#4999 = SURFACE_STYLE_USAGE ( .BOTH. , #4998 ) ;
#5000 = PRESENTATION_STYLE_ASSIGNMENT (( #4999 ) ) ;
#5001 =( LENGTH_UNIT ( ) NAMED_UNIT ( * ) SI_UNIT ( .MILLI., .METRE. ) );
#5002 =( NAMED_UNIT ( * ) PLANE_ANGLE_UNIT ( ) SI_UNIT ( $, .RADIAN. ) );
#5003 = SURFACE_STYLE_USAGE ( .BOTH. , #1921 ) ;
#5004 = PRESENTATION_STYLE_ASSIGNMENT (( #5003 ) ) ;
#5005 =( LENGTH_UNIT ( ) NAMED_UNIT ( * ) SI_UNIT ( .MILLI., .METRE. ) );
#5006 =( NAMED_UNIT ( * ) PLANE_ANGLE_UNIT ( ) SI_UNIT ( $, .RADIAN. ) );
#5007 =( NAMED_UNIT ( * ) SI_UNIT ( $, .STERADIAN. ) SOLID_ANGLE_UNIT ( ) );
#5008 = CARTESIAN_POINT ( 'NONE',  ( 1.600000000000000300, 1.150000000000000100, 0.5000000000000000000 ) ) ;
#5009 = DIRECTION ( 'NONE',  ( -1.000000000000000000, -9.427844978134822700E-017, 0.0000000000000000000 ) ) ;
#5010 = DIRECTION ( 'NONE',  ( 9.427844978134822700E-017, -1.000000000000000000, 0.0000000000000000000 ) ) ;
#5011 = LINE ( 'NONE', #5012, #4056 ) ;
#5012 = CARTESIAN_POINT ( 'NONE',  ( 1.325000000000000200, 1.099999999999999900, 0.6999999999999999600 ) ) ;
#5013 = DIRECTION ( 'NONE',  ( -1.000000000000000000, 0.0000000000000000000, 0.0000000000000000000 ) ) ;
#5014 = CARTESIAN_POINT ( 'NONE',  ( -0.08016220542723387400, 0.1850504279865054200, 0.6999999999999999600 ) ) ;
#5015 = LINE ( 'NONE', #5016, #4065 ) ;
#5016 = CARTESIAN_POINT ( 'NONE',  ( 1.599999999999999900, -0.2000000000000007300, 0.5000000000000000000 ) ) ;
#5017 = DIRECTION ( 'NONE',  ( -1.000000000000000000, 1.882295438342889600E-016, 0.0000000000000000000 ) ) ;
#5018 = LINE ( 'NONE', #5019, #4063 ) ;
#5019 = CARTESIAN_POINT ( 'NONE',  ( 1.499999999999999800, 0.4999999999999998900, -0.5000000000000000000 ) ) ;
#5020 = DIRECTION ( 'NONE',  ( -0.0000000000000000000, -1.000000000000000000, -0.0000000000000000000 ) ) ;
#5021 = LINE ( 'NONE', #5022, #4066 ) ;
#5022 = CARTESIAN_POINT ( 'NONE',  ( 1.500000000000000000, 1.249999999999999600, -0.5000000000000000000 ) ) ;
#5023 = DIRECTION ( 'NONE',  ( -1.000000000000000000, 7.228014483236695800E-017, 0.0000000000000000000 ) ) ;
#5024 = LINE ( 'NONE', #5025, #4061 ) ;
#5025 = CARTESIAN_POINT ( 'NONE',  ( 0.5999999999999995300, 0.4999999999999997800, -0.5000000000000000000 ) ) ;
#5026 = DIRECTION ( 'NONE',  ( -1.000000000000000000, -1.204669080539449100E-016, -0.0000000000000000000 ) ) ;
#5027 = LINE ( 'NONE', #5028, #4058 ) ;
#5028 = CARTESIAN_POINT ( 'NONE',  ( -0.2611092206515928700, 0.1858984514907789400, 0.6989999999999999500 ) ) ;
#5029 = DIRECTION ( 'NONE',  ( -0.0000000000000000000, -0.0000000000000000000, 1.000000000000000000 ) ) ;
#5030 = CARTESIAN_POINT ( 'NONE',  ( -0.08275450712245303900, 0.1883900276099256500, 0.6999999999999999600 ) ) ;
#5031 = CARTESIAN_POINT ( 'NONE',  ( -0.08774667408454696300, 0.1948213156569174600, 0.6999999999999999600 ) ) ;
#5032 = CARTESIAN_POINT ( 'NONE',  ( -0.09532577507417247500, 0.2038279312307212900, 0.7000000000000000700 ) ) ;
#5033 = CARTESIAN_POINT ( 'NONE',  ( -0.1024693206525956900, 0.2120551846837640300, 0.6999999999999998400 ) ) ;
#5034 = CARTESIAN_POINT ( 'NONE',  ( -0.1095072977628286100, 0.2192012218978301700, 0.7000000000000002900 ) ) ;
#5035 = CARTESIAN_POINT ( 'NONE',  ( -0.1160680015677942600, 0.2256573777715339400, 0.7000000000000000700 ) ) ;
#5036 = CARTESIAN_POINT ( 'NONE',  ( -0.1224356972408463800, 0.2311848648152316200, 0.7000000000000000700 ) ) ;
#5037 = CARTESIAN_POINT ( 'NONE',  ( -0.1285187479636443500, 0.2358378417433520400, 0.6999999999999999600 ) ) ;
#5038 = CARTESIAN_POINT ( 'NONE',  ( -0.1361866618351290400, 0.2408034752133684000, 0.7000000000000000700 ) ) ;
#5039 = CARTESIAN_POINT ( 'NONE',  ( -0.1458201740101831600, 0.2457257084889091200, 0.6999999999999997300 ) ) ;
#5040 = CARTESIAN_POINT ( 'NONE',  ( -0.1579130741320801700, 0.2498908667220883200, 0.7000000000000000700 ) ) ;
#5041 = CARTESIAN_POINT ( 'NONE',  ( -0.1705505228576060200, 0.2523938344169523500, 0.6999999999999999600 ) ) ;
#5042 = CARTESIAN_POINT ( 'NONE',  ( -0.1791577409520319600, 0.2527247733706596300, 0.7000000000000000700 ) ) ;
#5043 = CARTESIAN_POINT ( 'NONE',  ( -0.1835150700105672200, 0.2528923083283857700, 0.6999999999999999600 ) ) ;
#5044 = CARTESIAN_POINT ( 'NONE',  ( 1.325000000000000200, -0.9749999999999999800, 0.6999999999999999600 ) ) ;
#5045 = DIRECTION ( 'NONE',  ( 0.0000000000000000000, 0.0000000000000000000, 1.000000000000000000 ) ) ;
#5046 = DIRECTION ( 'NONE',  ( -1.000000000000000000, 0.0000000000000000000, 0.0000000000000000000 ) ) ;
#5047 = PLANE ( 'NONE',  #4060 ) ;
#5048 = LINE ( 'NONE', #5049, #4054 ) ;
#5049 = CARTESIAN_POINT ( 'NONE',  ( -1.600000000000000100, -0.1999999999999999800, -0.5000000000000000000 ) ) ;
#5050 = DIRECTION ( 'NONE',  ( -1.000000000000000000, 1.882295438342889600E-016, -0.0000000000000000000 ) ) ;
#5051 = FILL_AREA_STYLE_COLOUR ( '', #2324 ) ;
#5052 = FILL_AREA_STYLE ('',( #5051 ) ) ;
#5053 = SURFACE_STYLE_FILL_AREA ( #5052 ) ;
#5054 = SURFACE_SIDE_STYLE ('',( #5053 ) ) ;
#5055 = SURFACE_STYLE_USAGE ( .BOTH. , #5054 ) ;
#5056 = PRESENTATION_STYLE_ASSIGNMENT (( #5055 ) ) ;
#5057 =( LENGTH_UNIT ( ) NAMED_UNIT ( * ) SI_UNIT ( .MILLI., .METRE. ) );
#5058 =( NAMED_UNIT ( * ) PLANE_ANGLE_UNIT ( ) SI_UNIT ( $, .RADIAN. ) );
#5059 =( NAMED_UNIT ( * ) SI_UNIT ( $, .STERADIAN. ) SOLID_ANGLE_UNIT ( ) );
#5060 = CARTESIAN_POINT ( 'NONE',  ( 1.600000000000000300, 1.150000000000000100, 0.5000000000000000000 ) ) ;
#5061 = DIRECTION ( 'NONE',  ( -1.000000000000000000, -9.427844978134822700E-017, 0.0000000000000000000 ) ) ;
#5062 = DIRECTION ( 'NONE',  ( 9.427844978134822700E-017, -1.000000000000000000, 0.0000000000000000000 ) ) ;
#5063 = LINE ( 'NONE', #5064, #24 ) ;
#5064 = CARTESIAN_POINT ( 'NONE',  ( -0.4348480360896270200, -0.2355692301331526500, 0.6999999999999999600 ) ) ;
#5065 = DIRECTION ( 'NONE',  ( -0.4188422247446079700, 0.9080590238365494600, 0.0000000000000000000 ) ) ;
#5066 = PLANE ( 'NONE',  #29 ) ;
#5067 = LINE ( 'NONE', #5068, #28 ) ;
#5068 = CARTESIAN_POINT ( 'NONE',  ( -1.500000000000000000, 1.149999999999999900, -0.5000000000000000000 ) ) ;
#5069 = DIRECTION ( 'NONE',  ( 1.000000000000000000, 0.0000000000000000000, 0.0000000000000000000 ) ) ;
#5070 = FILL_AREA_STYLE_COLOUR ( '', #2493 ) ;
#5071 = FILL_AREA_STYLE ('',( #5070 ) ) ;
#5072 = SURFACE_STYLE_FILL_AREA ( #5071 ) ;
#5073 = SURFACE_SIDE_STYLE ('',( #5072 ) ) ;
#5074 = SURFACE_STYLE_USAGE ( .BOTH. , #5073 ) ;
#5075 = PRESENTATION_STYLE_ASSIGNMENT (( #5074 ) ) ;
#5076 =( LENGTH_UNIT ( ) NAMED_UNIT ( * ) SI_UNIT ( .MILLI., .METRE. ) );
#5077 =( NAMED_UNIT ( * ) PLANE_ANGLE_UNIT ( ) SI_UNIT ( $, .RADIAN. ) );
#5078 =( NAMED_UNIT ( * ) SI_UNIT ( $, .STERADIAN. ) SOLID_ANGLE_UNIT ( ) );
#5079 = CARTESIAN_POINT ( 'NONE',  ( -1.500000000000000400, 0.4999999999999995600, -0.5010000000000000000 ) ) ;
#5080 = DIRECTION ( 'NONE',  ( 1.000000000000000000, -6.672013369141561300E-016, 0.0000000000000000000 ) ) ;
#5081 = DIRECTION ( 'NONE',  ( 6.672013369141561300E-016, 1.000000000000000000, 0.0000000000000000000 ) ) ;
#5082 = LINE ( 'NONE', #5083, #5230 ) ;
#5083 = CARTESIAN_POINT ( 'NONE',  ( 0.5999999999999998700, 1.149999999999999700, -0.5000000000000000000 ) ) ;
#5084 = DIRECTION ( 'NONE',  ( 1.000000000000000000, 0.0000000000000000000, 0.0000000000000000000 ) ) ;
#5085 = CARTESIAN_POINT ( 'NONE',  ( -1.600000000000000100, -1.250000000000000000, -0.5000000000000000000 ) ) ;
#5086 = LINE ( 'NONE', #5087, #5231 ) ;
#5087 = CARTESIAN_POINT ( 'NONE',  ( 0.4715830870407147200, -0.2355692301331526500, 0.6999999999999999600 ) ) ;
#5088 = DIRECTION ( 'NONE',  ( 0.0000000000000000000, 1.000000000000000000, 0.0000000000000000000 ) ) ;
#5089 = LINE ( 'NONE', #5090, #5229 ) ;
#5090 = CARTESIAN_POINT ( 'NONE',  ( 0.5190724032800311200, -0.2355692301331526500, 0.6999999999999999600 ) ) ;
#5091 = DIRECTION ( 'NONE',  ( -1.000000000000000000, 0.0000000000000000000, 0.0000000000000000000 ) ) ;
#5092 = DIRECTION ( 'NONE',  ( -0.0000000000000000000, -0.0000000000000000000, -1.000000000000000000 ) ) ;
#5093 = DIRECTION ( 'NONE',  ( 1.000000000000000000, 0.0000000000000000000, 0.0000000000000000000 ) ) ;
#5094 = CARTESIAN_POINT ( 'NONE',  ( -1.100000000000000100, -0.7499999999999997800, 0.6999999999999999600 ) ) ;
#5095 = LINE ( 'NONE', #5096, #5233 ) ;
#5096 = CARTESIAN_POINT ( 'NONE',  ( 0.5999999999999995300, -1.150000000000000100, -0.5000000000000000000 ) ) ;
#5097 = DIRECTION ( 'NONE',  ( -1.000000000000000000, 4.818676322157797400E-016, -0.0000000000000000000 ) ) ;
#5098 = LINE ( 'NONE', #5099, #1 ) ;
#5099 = CARTESIAN_POINT ( 'NONE',  ( 1.456000000000000000, -0.4500000000000004600, -0.5000000000000000000 ) ) ;
#5100 = DIRECTION ( 'NONE',  ( -0.0000000000000000000, -1.000000000000000000, -0.0000000000000000000 ) ) ;
#5101 = LINE ( 'NONE', #5102, #674 ) ;
#5102 = CARTESIAN_POINT ( 'NONE',  ( 0.5190724032800311200, 0.2935974365335139400, 0.6999999999999999600 ) ) ;
#5103 = DIRECTION ( 'NONE',  ( 0.0000000000000000000, -1.000000000000000000, 0.0000000000000000000 ) ) ;
#5104 = DIRECTION ( 'NONE',  ( 0.0000000000000000000, 0.0000000000000000000, 1.000000000000000000 ) ) ;
#5105 = DIRECTION ( 'NONE',  ( 1.000000000000000000, 0.0000000000000000000, 0.0000000000000000000 ) ) ;
#5106 = PLANE ( 'NONE',  #5228 ) ;
#5107 = LINE ( 'NONE', #5108, #676 ) ;
#5108 = CARTESIAN_POINT ( 'NONE',  ( -0.6000000000000000900, 0.4999999999999996700, -0.5000000000000000000 ) ) ;
#5109 = DIRECTION ( 'NONE',  ( -0.0000000000000000000, -1.000000000000000000, -0.0000000000000000000 ) ) ;
#5110 = FILL_AREA_STYLE_COLOUR ( '', #2367 ) ;
#5111 = FILL_AREA_STYLE ('',( #5110 ) ) ;
#5112 = SURFACE_STYLE_FILL_AREA ( #5111 ) ;
#5113 = SURFACE_SIDE_STYLE ('',( #5112 ) ) ;
#5114 = SURFACE_STYLE_USAGE ( .BOTH. , #5113 ) ;
#5115 = PRESENTATION_STYLE_ASSIGNMENT (( #5114 ) ) ;
#5116 =( LENGTH_UNIT ( ) NAMED_UNIT ( * ) SI_UNIT ( .MILLI., .METRE. ) );
#5117 =( NAMED_UNIT ( * ) PLANE_ANGLE_UNIT ( ) SI_UNIT ( $, .RADIAN. ) );
#5118 =( NAMED_UNIT ( * ) SI_UNIT ( $, .STERADIAN. ) SOLID_ANGLE_UNIT ( ) );
#5119 = CARTESIAN_POINT ( 'NONE',  ( 0.8277529588355866400, -0.2355692301331526500, 0.6989999999999999500 ) ) ;
#5120 = DIRECTION ( 'NONE',  ( 0.0000000000000000000, 1.000000000000000000, 0.0000000000000000000 ) ) ;
#5121 = DIRECTION ( 'NONE',  ( 0.0000000000000000000, -0.0000000000000000000, 1.000000000000000000 ) ) ;
#5122 = LINE ( 'NONE', #5123, #673 ) ;
#5123 = CARTESIAN_POINT ( 'NONE',  ( -0.3425194770618492100, -0.1334884008062295900, 0.6989999999999999500 ) ) ;
#5124 = DIRECTION ( 'NONE',  ( 0.8576722029112564500, 0.5141968420297352600, 0.0000000000000000000 ) ) ;
#5125 = CARTESIAN_POINT ( 'NONE',  ( 1.600000000000000300, -1.249999999999999800, -0.5000000000000000000 ) ) ;
#5126 = DIRECTION ( 'NONE',  ( -0.0000000000000000000, -0.0000000000000000000, -1.000000000000000000 ) ) ;
#5127 = DIRECTION ( 'NONE',  ( 1.000000000000000000, 0.0000000000000000000, 0.0000000000000000000 ) ) ;
#5128 = PLANE ( 'NONE',  #677 ) ;
#5129 = FILL_AREA_STYLE_COLOUR ( '', #2498 ) ;
#5130 = FILL_AREA_STYLE ('',( #5129 ) ) ;
#5131 = SURFACE_STYLE_FILL_AREA ( #5130 ) ;
#5132 = SURFACE_SIDE_STYLE ('',( #5131 ) ) ;
#5133 = SURFACE_STYLE_USAGE ( .BOTH. , #5132 ) ;
#5134 = PRESENTATION_STYLE_ASSIGNMENT (( #5133 ) ) ;
#5135 =( LENGTH_UNIT ( ) NAMED_UNIT ( * ) SI_UNIT ( .MILLI., .METRE. ) );
#5136 =( NAMED_UNIT ( * ) PLANE_ANGLE_UNIT ( ) SI_UNIT ( $, .RADIAN. ) );
#5137 =( NAMED_UNIT ( * ) SI_UNIT ( $, .STERADIAN. ) SOLID_ANGLE_UNIT ( ) );
#5138 = CARTESIAN_POINT ( 'NONE',  ( 0.0000000000000000000, 0.0000000000000000000, -0.5010000000000000000 ) ) ;
#5139 = DIRECTION ( 'NONE',  ( 0.0000000000000000000, 0.0000000000000000000, -1.000000000000000000 ) ) ;
#5140 = DIRECTION ( 'NONE',  ( -1.000000000000000000, 0.0000000000000000000, -0.0000000000000000000 ) ) ;
#5141 = CARTESIAN_POINT ( 'NONE',  ( 1.600000000000000100, 1.250000000000000200, 0.5000000000000000000 ) ) ;
#5142 = DIRECTION ( 'NONE',  ( -0.0000000000000000000, -0.0000000000000000000, -1.000000000000000000 ) ) ;
#5143 = DIRECTION ( 'NONE',  ( 1.000000000000000000, 0.0000000000000000000, 0.0000000000000000000 ) ) ;
#5144 = CARTESIAN_POINT ( 'NONE',  ( -1.325000000000000200, -0.9749999999999998700, 0.6999999999999999600 ) ) ;
#5145 = FILL_AREA_STYLE_COLOUR ( '', #2490 ) ;
#5146 = FILL_AREA_STYLE ('',( #5145 ) ) ;
#5147 = SURFACE_STYLE_FILL_AREA ( #5146 ) ;
#5148 = SURFACE_SIDE_STYLE ('',( #5147 ) ) ;
#5149 = SURFACE_STYLE_USAGE ( .BOTH. , #5148 ) ;
#5150 = PRESENTATION_STYLE_ASSIGNMENT (( #5149 ) ) ;
#5151 =( LENGTH_UNIT ( ) NAMED_UNIT ( * ) SI_UNIT ( .MILLI., .METRE. ) );
#5152 =( NAMED_UNIT ( * ) PLANE_ANGLE_UNIT ( ) SI_UNIT ( $, .RADIAN. ) );
#5153 =( NAMED_UNIT ( * ) SI_UNIT ( $, .STERADIAN. ) SOLID_ANGLE_UNIT ( ) );
#5154 = DIRECTION ( 'NONE',  ( -0.0000000000000000000, -0.0000000000000000000, -1.000000000000000000 ) ) ;
#5155 = DIRECTION ( 'NONE',  ( -1.000000000000000000, 0.0000000000000000000, 0.0000000000000000000 ) ) ;
#5156 = LINE ( 'NONE', #5157, #3581 ) ;
#5157 = CARTESIAN_POINT ( 'NONE',  ( -0.6313774832050116400, 0.1904565778262490000, 0.6999999999999999600 ) ) ;
#5158 = DIRECTION ( 'NONE',  ( -0.4283511191562788800, -0.9036123719369735200, 0.0000000000000000000 ) ) ;
#5159 = CARTESIAN_POINT ( 'NONE',  ( -0.1923133138674047700, 0.03113416196086441600, 0.6989999999999999500 ) ) ;
#5160 = CARTESIAN_POINT ( 'NONE',  ( -0.1978807513849523100, 0.03509967461283410700, 0.6989999999999998400 ) ) ;
#5161 = CARTESIAN_POINT ( 'NONE',  ( -0.2085252679631466000, 0.04268143283318044000, 0.6989999999999998400 ) ) ;
#5162 = CARTESIAN_POINT ( 'NONE',  ( -0.2234112679131335400, 0.05393367577333489600, 0.6990000000000002900 ) ) ;
#5163 = CARTESIAN_POINT ( 'NONE',  ( -0.2367227522015367400, 0.06422126081121769200, 0.6989999999999999500 ) ) ;
#5164 = CARTESIAN_POINT ( 'NONE',  ( -0.2484005558901802000, 0.07364103406957715800, 0.6989999999999999500 ) ) ;
#5165 = CARTESIAN_POINT ( 'NONE',  ( -0.2584395425561917300, 0.08219427311802288100, 0.6990000000000001800 ) ) ;
#5166 = CARTESIAN_POINT ( 'NONE',  ( -0.2669188201738066400, 0.08979884248832704900, 0.6990000000000000700 ) ) ;
#5167 = CARTESIAN_POINT ( 'NONE',  ( -0.2736223877346835000, 0.09666040466723360700, 0.6989999999999998400 ) ) ;
#5168 = CARTESIAN_POINT ( 'NONE',  ( -0.2773500767151986200, 0.1011116551453707200, 0.6990000000000000700 ) ) ;
#5169 = CARTESIAN_POINT ( 'NONE',  ( -0.2790237171793705800, 0.1031101568860780800, 0.6989999999999999500 ) ) ;
#5170 = CARTESIAN_POINT ( 'NONE',  ( -0.09691066963663561000, -0.05324417671434924400, 0.6989999999999999500 ) ) ;
#5171 = LINE ( 'NONE', #5172, #3559 ) ;
#5172 = CARTESIAN_POINT ( 'NONE',  ( 0.7644692048291762400, -0.2355692301331526500, 0.6999999999999999600 ) ) ;
#5173 = DIRECTION ( 'NONE',  ( -0.6928993320646519300, 0.7210343373407116500, 0.0000000000000000000 ) ) ;
#5174 = LINE ( 'NONE', #5175, #3569 ) ;
#5175 = CARTESIAN_POINT ( 'NONE',  ( 0.3766044545620824100, -0.2355692301331526500, 0.6999999999999999600 ) ) ;
#5176 = DIRECTION ( 'NONE',  ( -1.000000000000000000, 0.0000000000000000000, 0.0000000000000000000 ) ) ;
#5177 = CARTESIAN_POINT ( 'NONE',  ( -0.09927991725679714800, -0.05021328790765367700, 0.6989999999999998400 ) ) ;
#5178 = CARTESIAN_POINT ( 'NONE',  ( -0.1042538562744401000, -0.04385031598126116300, 0.6989999999999999500 ) ) ;
#5179 = CARTESIAN_POINT ( 'NONE',  ( -0.1128048135355271800, -0.03437895299866462800, 0.6989999999999999500 ) ) ;
#5180 = CARTESIAN_POINT ( 'NONE',  ( -0.1228387379602706700, -0.02460926346662788800, 0.6990000000000000700 ) ) ;
#5181 = CARTESIAN_POINT ( 'NONE',  ( -0.1340122516195347000, -0.01416819176119248800, 0.6990000000000000700 ) ) ;
#5182 = CARTESIAN_POINT ( 'NONE',  ( -0.1467323733847225900, -0.003541346309548655300, 0.6989999999999998400 ) ) ;
#5183 = CARTESIAN_POINT ( 'NONE',  ( -0.1606006999671036600, 0.007778024283602319300, 0.6990000000000001800 ) ) ;
#5184 = CARTESIAN_POINT ( 'NONE',  ( -0.1759713072155540400, 0.01935945319423067900, 0.6989999999999998400 ) ) ;
#5185 = CARTESIAN_POINT ( 'NONE',  ( -0.1867511120613691600, 0.02712649584234055900, 0.6989999999999999500 ) ) ;
#5186 = CARTESIAN_POINT ( 'NONE',  ( -0.1923133138674047700, 0.03113416196086441600, 0.6989999999999999500 ) ) ;
#5187 = CARTESIAN_POINT ( 'NONE',  ( -1.600000000000000100, 1.249999999999999800, -0.5000000000000000000 ) ) ;
#5188 = LINE ( 'NONE', #5189, #3570 ) ;
#5189 = CARTESIAN_POINT ( 'NONE',  ( 0.7396645173291763700, 0.2935974365335139400, 0.6999999999999999600 ) ) ;
#5190 = DIRECTION ( 'NONE',  ( 1.000000000000000000, 0.0000000000000000000, 0.0000000000000000000 ) ) ;
#5191 = LINE ( 'NONE', #5192, #3540 ) ;
#5192 = CARTESIAN_POINT ( 'NONE',  ( -0.2262342540383450200, 0.1175265564587276900, 0.6989999999999999500 ) ) ;
#5193 = DIRECTION ( 'NONE',  ( -0.0000000000000000000, -0.0000000000000000000, 1.000000000000000000 ) ) ;
#5194 = LINE ( 'NONE', #5195, #3561 ) ;
#5195 = CARTESIAN_POINT ( 'NONE',  ( -0.2977862372114219400, -0.1066696574835800000, 0.6989999999999999500 ) ) ;
#5196 = DIRECTION ( 'NONE',  ( -0.0000000000000000000, -0.0000000000000000000, 1.000000000000000000 ) ) ;
#5197 = LINE ( 'NONE', #5198, #3574 ) ;
#5198 = CARTESIAN_POINT ( 'NONE',  ( -0.07793614372851587200, -0.1051856163511013500, 0.6989999999999999500 ) ) ;
#5199 = DIRECTION ( 'NONE',  ( -0.0000000000000000000, -0.0000000000000000000, 1.000000000000000000 ) ) ;
#5200 = DIRECTION ( 'NONE',  ( -0.0000000000000000000, -0.0000000000000000000, -1.000000000000000000 ) ) ;
#5201 = DIRECTION ( 'NONE',  ( 1.000000000000000000, 0.0000000000000000000, 0.0000000000000000000 ) ) ;
#5202 = PLANE ( 'NONE',  #3530 ) ;
#5203 = LINE ( 'NONE', #5204, #3577 ) ;
#5204 = CARTESIAN_POINT ( 'NONE',  ( 1.600000000000000500, 0.4499999999999996200, -0.5000000000000000000 ) ) ;
#5205 = DIRECTION ( 'NONE',  ( -1.000000000000000000, 6.023345402697228600E-015, 0.0000000000000000000 ) ) ;
#5206 = LINE ( 'NONE', #5207, #3585 ) ;
#5207 = CARTESIAN_POINT ( 'NONE',  ( 0.5190724032800311200, 0.01979184759120632800, 0.6999999999999999600 ) ) ;
#5208 = DIRECTION ( 'NONE',  ( 0.0000000000000000000, -1.000000000000000000, 0.0000000000000000000 ) ) ;
#5209 = FILL_AREA_STYLE_COLOUR ( '', #2487 ) ;
#5210 = FILL_AREA_STYLE ('',( #5209 ) ) ;
#5211 = SURFACE_STYLE_FILL_AREA ( #5210 ) ;
#5212 = SURFACE_SIDE_STYLE ('',( #5211 ) ) ;
#5213 = SURFACE_STYLE_USAGE ( .BOTH. , #5212 ) ;
#5214 = PRESENTATION_STYLE_ASSIGNMENT (( #5213 ) ) ;
#5215 =( LENGTH_UNIT ( ) NAMED_UNIT ( * ) SI_UNIT ( .MILLI., .METRE. ) );
#5216 =( NAMED_UNIT ( * ) PLANE_ANGLE_UNIT ( ) SI_UNIT ( $, .RADIAN. ) );
#5217 =( NAMED_UNIT ( * ) SI_UNIT ( $, .STERADIAN. ) SOLID_ANGLE_UNIT ( ) );
#5218 = CARTESIAN_POINT ( 'NONE',  ( -1.600000000000000100, 1.149999999999999500, 0.5000000000000000000 ) ) ;
#5219 = DIRECTION ( 'NONE',  ( 1.000000000000000000, 0.0000000000000000000, -0.0000000000000000000 ) ) ;
#5220 = DIRECTION ( 'NONE',  ( -0.0000000000000000000, 0.0000000000000000000, -1.000000000000000000 ) ) ;
#5221 = FILL_AREA_STYLE_COLOUR ( '', #2341 ) ;
#5222 = FILL_AREA_STYLE ('',( #5221 ) ) ;
#5223 = SURFACE_STYLE_FILL_AREA ( #5222 ) ;
#5224 = SURFACE_SIDE_STYLE ('',( #5223 ) ) ;
#5225 = SURFACE_STYLE_USAGE ( .BOTH. , #5224 ) ;
#5226 = PRESENTATION_STYLE_ASSIGNMENT (( #5225 ) ) ;
#5227 =( LENGTH_UNIT ( ) NAMED_UNIT ( * ) SI_UNIT ( .MILLI., .METRE. ) );
#5228 = AXIS2_PLACEMENT_3D ( 'NONE', #5119, #5120, #5121 ) ;
#5229 = VECTOR ( 'NONE', #5091, 1000.000000000000000 ) ;
#5230 = VECTOR ( 'NONE', #5084, 1000.000000000000000 ) ;
#5231 = VECTOR ( 'NONE', #5088, 1000.000000000000000 ) ;
#5232 = FACE_OUTER_BOUND ( 'NONE', #751, .T. ) ;
#5233 = VECTOR ( 'NONE', #5097, 1000.000000000000000 ) ;
#5234 = AXIS2_PLACEMENT_3D ( 'NONE', #5094, #5104, #5105 ) ;
#5235 = FILL_AREA_STYLE_COLOUR ( '', #5839 ) ;
#5236 = FILL_AREA_STYLE ('',( #5235 ) ) ;
#5237 = SURFACE_STYLE_FILL_AREA ( #5236 ) ;
#5238 = SURFACE_SIDE_STYLE ('',( #5237 ) ) ;
#5239 = SURFACE_STYLE_USAGE ( .BOTH. , #5238 ) ;
#5240 = PRESENTATION_STYLE_ASSIGNMENT (( #5239 ) ) ;
#5241 =( LENGTH_UNIT ( ) NAMED_UNIT ( * ) SI_UNIT ( .MILLI., .METRE. ) );
#5242 =( NAMED_UNIT ( * ) PLANE_ANGLE_UNIT ( ) SI_UNIT ( $, .RADIAN. ) );
#5243 =( NAMED_UNIT ( * ) SI_UNIT ( $, .STERADIAN. ) SOLID_ANGLE_UNIT ( ) );
#5244 = CARTESIAN_POINT ( 'NONE',  ( -1.025000000000000100, -0.7499999999999997800, 0.6999999999999999600 ) ) ;
#5245 = CARTESIAN_POINT ( 'NONE',  ( -1.500000000000000000, -1.249999999999999800, -0.5000000000000000000 ) ) ;
#5246 = CARTESIAN_POINT ( 'NONE',  ( 1.456000000000000000, -0.4500000000000004600, -0.5000000000000000000 ) ) ;
#5247 = CARTESIAN_POINT ( 'NONE',  ( -0.6000000000000002000, -0.7000000000000002900, -0.5000000000000000000 ) ) ;
#5248 = CARTESIAN_POINT ( 'NONE',  ( -1.500000000000000400, 0.4999999999999995600, -0.5000000000000000000 ) ) ;
#5249 = CARTESIAN_POINT ( 'NONE',  ( 1.600000000000000500, -0.1999999999999995900, -0.5000000000000000000 ) ) ;
#5250 = CARTESIAN_POINT ( 'NONE',  ( 0.5999999999999992000, -0.5000000000000005600, -0.5000000000000000000 ) ) ;
#5251 = CARTESIAN_POINT ( 'NONE',  ( -0.8000000000000018200, -0.4999999999999997800, -0.5000000000000000000 ) ) ;
#5252 = CARTESIAN_POINT ( 'NONE',  ( 1.499999999999999600, -1.150000000000000400, -0.5000000000000000000 ) ) ;
#5253 = CARTESIAN_POINT ( 'NONE',  ( 1.500000000000000200, -1.249999999999999800, -0.5000000000000000000 ) ) ;
#5254 = CARTESIAN_POINT ( 'NONE',  ( -1.600000000000000100, 0.4500000000000000100, -0.5000000000000000000 ) ) ;
#5255 = CARTESIAN_POINT ( 'NONE',  ( 1.600000000000000500, -0.4499999999999996200, -0.5000000000000000000 ) ) ;
#5256 = CARTESIAN_POINT ( 'NONE',  ( 1.456000000000000000, 0.4500000000000004600, -0.5000000000000000000 ) ) ;
#5257 = CARTESIAN_POINT ( 'NONE',  ( 1.600000000000000500, 0.1999999999999995900, -0.5000000000000000000 ) ) ;
#5258 = CARTESIAN_POINT ( 'NONE',  ( -1.600000000000000100, -1.149999999999999900, -0.5000000000000000000 ) ) ;
#5259 = CARTESIAN_POINT ( 'NONE',  ( -1.600000000000000100, 1.149999999999999500, -0.5000000000000000000 ) ) ;
#5260 = CARTESIAN_POINT ( 'NONE',  ( 0.5999999999999997600, 0.4999999999999997800, -0.5000000000000000000 ) ) ;
#5261 = CARTESIAN_POINT ( 'NONE',  ( -1.175000000000000000, -0.7499999999999997800, 0.6999000000000000800 ) ) ;
#5262 = CARTESIAN_POINT ( 'NONE',  ( 1.500000000000000000, 1.249999999999999600, -0.5000000000000000000 ) ) ;
#5263 = CARTESIAN_POINT ( 'NONE',  ( -1.025000000000000100, -0.7499999999999997800, 0.6999000000000000800 ) ) ;
#5264 = CARTESIAN_POINT ( 'NONE',  ( 1.600000000000000500, -1.149999999999999700, -0.5000000000000000000 ) ) ;
#5265 = CARTESIAN_POINT ( 'NONE',  ( -1.500000000000000400, -1.149999999999999900, -0.5000000000000000000 ) ) ;
#5266 = CARTESIAN_POINT ( 'NONE',  ( -1.600000000000000100, 0.1999999999999999800, -0.5000000000000000000 ) ) ;
#5267 = CARTESIAN_POINT ( 'NONE',  ( 0.3766044545620824100, -0.2355692301331526500, 0.6999999999999999600 ) ) ;
#5268 = CARTESIAN_POINT ( 'NONE',  ( -1.500000000000000700, -0.4999999999999995600, -0.5000000000000000000 ) ) ;
#5269 = CARTESIAN_POINT ( 'NONE',  ( 1.499999999999999800, 0.4999999999999998900, -0.5000000000000000000 ) ) ;
#5270 = CARTESIAN_POINT ( 'NONE',  ( -1.499999999999999800, 1.149999999999999900, -0.5000000000000000000 ) ) ;
#5271 = CARTESIAN_POINT ( 'NONE',  ( -0.6000000000000000900, 0.4999999999999996700, -0.5000000000000000000 ) ) ;
#5272 = CARTESIAN_POINT ( 'NONE',  ( 0.5999999999999998700, 1.149999999999999700, -0.5000000000000000000 ) ) ;
#5273 = CARTESIAN_POINT ( 'NONE',  ( 1.600000000000000500, 0.4499999999999996200, -0.5000000000000000000 ) ) ;
#5274 = CARTESIAN_POINT ( 'NONE',  ( 1.600000000000000300, 1.150000000000000100, -0.5000000000000000000 ) ) ;
#5275 = CARTESIAN_POINT ( 'NONE',  ( -1.456000000000000000, 0.4500000000000001200, -0.5000000000000000000 ) ) ;
#5276 = CARTESIAN_POINT ( 'NONE',  ( -1.456000000000000200, 0.2000000000000001800, -0.5000000000000000000 ) ) ;
#5277 = CARTESIAN_POINT ( 'NONE',  ( 1.456000000000000000, 0.2000000000000003200, -0.5000000000000000000 ) ) ;
#5278 = CARTESIAN_POINT ( 'NONE',  ( -0.6000000000000000900, -1.149999999999999900, -0.5000000000000000000 ) ) ;
#5279 = CARTESIAN_POINT ( 'NONE',  ( -1.600000000000000100, -0.1999999999999999800, -0.5000000000000000000 ) ) ;
#5280 = CARTESIAN_POINT ( 'NONE',  ( 1.499999999999999800, 1.149999999999999700, -0.5000000000000000000 ) ) ;
#5281 = CARTESIAN_POINT ( 'NONE',  ( 0.07810018105780894300, -0.2355692301331527000, 0.6999999999999999600 ) ) ;
#5282 = CARTESIAN_POINT ( 'NONE',  ( 0.07810018105780894300, 0.2935974365335139400, 0.6999999999999999600 ) ) ;
#5283 = CARTESIAN_POINT ( 'NONE',  ( 0.5999999999999995300, -1.150000000000000100, -0.5000000000000000000 ) ) ;
#5284 = CARTESIAN_POINT ( 'NONE',  ( -1.456000000000000000, -0.1999999999999998700, -0.5000000000000000000 ) ) ;
#5285 = CARTESIAN_POINT ( 'NONE',  ( 1.456000000000000000, -0.2000000000000004300, -0.5000000000000000000 ) ) ;
#5286 = CARTESIAN_POINT ( 'NONE',  ( -0.6000000000000000900, 1.149999999999999900, -0.5000000000000000000 ) ) ;
#5287 = CARTESIAN_POINT ( 'NONE',  ( -1.600000000000000100, -0.4500000000000000100, -0.5000000000000000000 ) ) ;
#5288 = CARTESIAN_POINT ( 'NONE',  ( -1.175000000000000000, -0.7499999999999997800, 0.6999999999999999600 ) ) ;
#5289 = CARTESIAN_POINT ( 'NONE',  ( 1.499999999999999600, -0.5000000000000006700, -0.5000000000000000000 ) ) ;
#5290 = CARTESIAN_POINT ( 'NONE',  ( -1.456000000000000000, -0.4500000000000001200, -0.5000000000000000000 ) ) ;
#5291 = CARTESIAN_POINT ( 'NONE',  ( -0.1816070171259517900, -0.2491376062015287200, 0.6989999999999999500 ) ) ;
#5292 = CARTESIAN_POINT ( 'NONE',  ( -1.325000000000000200, 1.099999999999999900, 0.6999999999999999600 ) ) ;
#5293 = CARTESIAN_POINT ( 'NONE',  ( -0.2790237171793705800, 0.1031101568860780800, 0.6989999999999999500 ) ) ;
#5294 = CARTESIAN_POINT ( 'NONE',  ( 0.5190724032800311200, -0.2355692301331526500, 0.6989999999999999500 ) ) ;
#5295 = CARTESIAN_POINT ( 'NONE',  ( 0.8074003947330225000, 0.2935974365335139400, 0.6989999999999999500 ) ) ;
#5296 = CARTESIAN_POINT ( 'NONE',  ( -0.3085985368909091600, 0.1836723897920610200, 0.6990000000000000700 ) ) ;
#5297 = CARTESIAN_POINT ( 'NONE',  ( -0.8334190830981739200, -0.2355692301331526500, 0.6989999999999999500 ) ) ;
#5298 = CARTESIAN_POINT ( 'NONE',  ( -0.2262342540383450200, 0.1175265564587276900, 0.6989999999999999500 ) ) ;
#5299 = CARTESIAN_POINT ( 'NONE',  ( -0.4348480360896270200, -0.2355692301331526500, 0.6989999999999999500 ) ) ;
#5300 = CARTESIAN_POINT ( 'NONE',  ( -0.2611092206515928700, 0.1858984514907789400, 0.6989999999999999500 ) ) ;
#5301 = CARTESIAN_POINT ( 'NONE',  ( -0.1835150700105672200, 0.2528923083283857700, 0.6989999999999999500 ) ) ;
#5302 = CARTESIAN_POINT ( 'NONE',  ( -0.5130782043588576500, -0.06596452927845179700, 0.6989999999999999500 ) ) ;
#5303 = CARTESIAN_POINT ( 'NONE',  ( -1.325000000000000200, -1.099999999999999900, 0.5000000000000000000 ) ) ;
#5304 = CARTESIAN_POINT ( 'NONE',  ( -0.7529628531302252600, -0.06596452927845179700, 0.6989999999999999500 ) ) ;
#5305 = CARTESIAN_POINT ( 'NONE',  ( -0.3085985368909091600, 0.1836723897920610200, 0.7000000000000000700 ) ) ;
#5306 = CARTESIAN_POINT ( 'NONE',  ( -0.8852545197968918500, -0.2355692301331526500, 0.6989999999999999500 ) ) ;
#5307 = CARTESIAN_POINT ( 'NONE',  ( -0.08016220542723387400, 0.1850504279865054200, 0.6989999999999999500 ) ) ;
#5308 = CARTESIAN_POINT ( 'NONE',  ( -0.1923133138674047700, 0.03113416196086441600, 0.6999999999999999600 ) ) ;
#5309 = CARTESIAN_POINT ( 'NONE',  ( -0.03723101552338768000, 0.2175933299630011800, 0.6989999999999999500 ) ) ;
#5310 = CARTESIAN_POINT ( 'NONE',  ( 0.5190724032800311200, 0.09208585133052250800, 0.6989999999999999500 ) ) ;
#5311 = CARTESIAN_POINT ( 'NONE',  ( -0.1782149231088578100, 0.3071658126018900200, 0.6989999999999999500 ) ) ;
#5312 = CARTESIAN_POINT ( 'NONE',  ( 0.5190724032800311200, 0.01979184759120632800, 0.6989999999999999500 ) ) ;
#5313 = CARTESIAN_POINT ( 'NONE',  ( -0.6000000000000000900, 1.149999999999999900, -0.5010000000000000000 ) ) ;
#5314 = CARTESIAN_POINT ( 'NONE',  ( 0.7644692048291762400, -0.2355692301331526500, 0.6989999999999999500 ) ) ;
#5315 = CARTESIAN_POINT ( 'NONE',  ( -1.325000000000000200, -1.099999999999999900, 0.6999999999999999600 ) ) ;
#5316 = CARTESIAN_POINT ( 'NONE',  ( -0.6000000000000002000, -0.7000000000000000700, -0.5010000000000000000 ) ) ;
#5317 = CARTESIAN_POINT ( 'NONE',  ( 0.5190724032800311200, 0.2935974365335139400, 0.6999999999999999600 ) ) ;
#5318 = CARTESIAN_POINT ( 'NONE',  ( -1.500000000000000200, -1.149999999999999900, -0.5010000000000000000 ) ) ;
#5319 = CARTESIAN_POINT ( 'NONE',  ( -0.6000000000000002000, -1.149999999999999900, -0.5010000000000000000 ) ) ;
#5320 = CARTESIAN_POINT ( 'NONE',  ( -0.2977862372114219400, -0.1066696574835800000, 0.6999999999999999600 ) ) ;
#5321 = CARTESIAN_POINT ( 'NONE',  ( 0.1255894972971251000, -0.1812957258596483700, 0.6999999999999999600 ) ) ;
#5322 = CARTESIAN_POINT ( 'NONE',  ( 0.07810018105780894300, 0.2935974365335139400, 0.6989999999999999500 ) ) ;
#5323 = CARTESIAN_POINT ( 'NONE',  ( -0.3832246052669774400, -0.2355692301331526500, 0.6989999999999999500 ) ) ;
#5324 = CARTESIAN_POINT ( 'NONE',  ( -1.500000000000000400, 0.4999999999999995600, -0.5010000000000000000 ) ) ;
#5325 = CARTESIAN_POINT ( 'NONE',  ( 0.5473751877351591400, 0.05615085533693277300, 0.6989999999999999500 ) ) ;
#5326 = CARTESIAN_POINT ( 'NONE',  ( -0.6274553744977466900, 0.2935974365335139400, 0.6989999999999999500 ) ) ;
#5327 = CARTESIAN_POINT ( 'NONE',  ( 0.5190724032800311200, 0.2935974365335139400, 0.6989999999999999500 ) ) ;
#5328 = CARTESIAN_POINT ( 'NONE',  ( -1.600000000000000100, -1.149999999999999900, 0.5000000000000000000 ) ) ;
#5329 = CARTESIAN_POINT ( 'NONE',  ( -0.6342395625319347000, 0.2935974365335139400, 0.6989999999999999500 ) ) ;
#5330 = CARTESIAN_POINT ( 'NONE',  ( 0.8277529588355866400, -0.2355692301331526500, 0.6989999999999999500 ) ) ;
#5331 = CARTESIAN_POINT ( 'NONE',  ( -0.1551062826174047500, 0.06484309625573621300, 0.6989999999999999500 ) ) ;
#5332 = CARTESIAN_POINT ( 'NONE',  ( -1.450000000000000200, -0.9749999999999998700, 0.5000000000000000000 ) ) ;
#5333 = CARTESIAN_POINT ( 'NONE',  ( -0.6000000000000000900, 0.4999999999999996700, -0.5010000000000000000 ) ) ;
#5334 = CARTESIAN_POINT ( 'NONE',  ( -0.03044682748919971800, -0.1059276369173407000, 0.6989999999999999500 ) ) ;
#5335 = CARTESIAN_POINT ( 'NONE',  ( -1.500000000000000700, -0.4999999999999995600, -0.5010000000000000000 ) ) ;
#5336 = CARTESIAN_POINT ( 'NONE',  ( 0.5999999999999995300, -1.150000000000000100, -0.5010000000000000000 ) ) ;
#5337 = CARTESIAN_POINT ( 'NONE',  ( -0.8334190830981739200, -0.2355692301331526500, 0.6999999999999999600 ) ) ;
#5338 = CARTESIAN_POINT ( 'NONE',  ( 0.5999999999999994200, -0.5000000000000004400, -0.5010000000000000000 ) ) ;
#5339 = CARTESIAN_POINT ( 'NONE',  ( 1.499999999999999600, -1.150000000000000600, -0.5010000000000000000 ) ) ;
#5340 = CARTESIAN_POINT ( 'NONE',  ( 1.600000000000000500, 0.4499999999999996200, 0.5000000000000000000 ) ) ;
#5341 = CARTESIAN_POINT ( 'NONE',  ( -0.8000000000000012700, -0.4999999999999997800, -0.5010000000000000000 ) ) ;
#5342 = CARTESIAN_POINT ( 'NONE',  ( -1.450000000000000200, -0.9749999999999998700, 0.6999999999999999600 ) ) ;
#5343 = CARTESIAN_POINT ( 'NONE',  ( -0.6274553744977466900, 0.2935974365335139400, 0.6999999999999999600 ) ) ;
#5344 = CARTESIAN_POINT ( 'NONE',  ( 1.499999999999999600, -0.5000000000000007800, -0.5010000000000000000 ) ) ;
#5345 = CARTESIAN_POINT ( 'NONE',  ( 0.5999999999999995300, 0.4999999999999997800, -0.5010000000000000000 ) ) ;
#5346 = CARTESIAN_POINT ( 'NONE',  ( 1.499999999999999800, 1.149999999999999700, -0.5010000000000000000 ) ) ;
#5347 = CARTESIAN_POINT ( 'NONE',  ( -1.500000000000000000, 1.149999999999999900, -0.5010000000000000000 ) ) ;
#5348 = CARTESIAN_POINT ( 'NONE',  ( 1.325000000000000200, -1.099999999999999900, 0.6999999999999999600 ) ) ;
#5349 = CARTESIAN_POINT ( 'NONE',  ( 1.450000000000000200, -0.9750000000000000900, 0.5000000000000000000 ) ) ;
#5350 = CARTESIAN_POINT ( 'NONE',  ( -0.07793614372851587200, -0.1051856163511013500, 0.6999999999999999600 ) ) ;
#5351 = CARTESIAN_POINT ( 'NONE',  ( 1.450000000000000200, 0.9750000000000000900, 0.5000000000000000000 ) ) ;
#5352 = CARTESIAN_POINT ( 'NONE',  ( 0.5999999999999998700, 1.149999999999999700, -0.5010000000000000000 ) ) ;
#5353 = CARTESIAN_POINT ( 'NONE',  ( -0.1923133138674047700, 0.03113416196086441600, 0.6989999999999999500 ) ) ;
#5354 = CARTESIAN_POINT ( 'NONE',  ( -1.600000000000000100, -0.4500000000000000100, 0.5000000000000000000 ) ) ;
#5355 = CARTESIAN_POINT ( 'NONE',  ( 0.3766044545620824100, 0.07650341943949692800, 0.6989999999999999500 ) ) ;
#5356 = CARTESIAN_POINT ( 'NONE',  ( 1.600000000000000500, -0.4499999999999996200, 0.5000000000000000000 ) ) ;
#5357 = CARTESIAN_POINT ( 'NONE',  ( -1.450000000000000200, 0.9750000000000000900, 0.5000000000000000000 ) ) ;
#5358 = CARTESIAN_POINT ( 'NONE',  ( 1.499999999999999800, 0.4999999999999998900, -0.5010000000000000000 ) ) ;
#5359 = CARTESIAN_POINT ( 'NONE',  ( 0.5473751877351591400, 0.05615085533693277300, 0.6999999999999999600 ) ) ;
#5360 = CARTESIAN_POINT ( 'NONE',  ( 0.3766044545620824100, 0.2393239322600097000, 0.6989999999999999500 ) ) ;
#5361 = CARTESIAN_POINT ( 'NONE',  ( -0.1816070171259517900, -0.1948641019280244500, 0.6999999999999999600 ) ) ;
#5362 = CARTESIAN_POINT ( 'NONE',  ( -1.600000000000000100, 1.149999999999999500, 0.5000000000000000000 ) ) ;
#5363 = CARTESIAN_POINT ( 'NONE',  ( -0.3425194770618492100, -0.1334884008062295900, 0.6999999999999999600 ) ) ;
#5364 = CARTESIAN_POINT ( 'NONE',  ( -0.7272041391879176000, -0.01169102500494747400, 0.6989999999999999500 ) ) ;
#5365 = CARTESIAN_POINT ( 'NONE',  ( -1.456000000000000000, 0.2000000000000000100, 0.5000000000000000000 ) ) ;
#5366 = CARTESIAN_POINT ( 'NONE',  ( 0.1255894972971251000, 0.2393239322600097000, 0.6989999999999999500 ) ) ;
#5367 = CARTESIAN_POINT ( 'NONE',  ( 0.1255894972971251000, 0.07650341943949692800, 0.6989999999999999500 ) ) ;
#5368 = CARTESIAN_POINT ( 'NONE',  ( -1.600000000000000100, 0.1999999999999999800, 0.5000000000000000000 ) ) ;
#5369 = CARTESIAN_POINT ( 'NONE',  ( 0.3766044545620824100, 0.2935974365335139400, 0.6989999999999999500 ) ) ;
#5370 = CARTESIAN_POINT ( 'NONE',  ( 0.8277529588355866400, -0.2355692301331526500, 0.6999999999999999600 ) ) ;
#5371 = CARTESIAN_POINT ( 'NONE',  ( 0.3766044545620824100, 0.02222991516599265000, 0.6999999999999999600 ) ) ;
#5372 = CARTESIAN_POINT ( 'NONE',  ( -0.03044682748919971800, -0.1059276369173407000, 0.6999999999999999600 ) ) ;
#5373 = CARTESIAN_POINT ( 'NONE',  ( 0.1255894972971251000, -0.1812957258596483700, 0.6989999999999999500 ) ) ;
#5374 = CARTESIAN_POINT ( 'NONE',  ( 1.325000000000000200, 1.099999999999999900, 0.6999999999999999600 ) ) ;
#5375 = CARTESIAN_POINT ( 'NONE',  ( 0.5190724032800311200, 0.01979184759120632800, 0.6999999999999999600 ) ) ;
#5376 = CARTESIAN_POINT ( 'NONE',  ( 1.450000000000000200, 0.9750000000000000900, 0.6999999999999999600 ) ) ;
#5377 = CARTESIAN_POINT ( 'NONE',  ( 1.325000000000000200, -1.099999999999999900, 0.5000000000000000000 ) ) ;
#5378 = CARTESIAN_POINT ( 'NONE',  ( -0.1816070171259517900, -0.2491376062015287200, 0.6999999999999998400 ) ) ;
#5379 = CARTESIAN_POINT ( 'NONE',  ( -1.456000000000000000, 0.4500000000000001200, 0.5000000000000000000 ) ) ;
#5380 = CARTESIAN_POINT ( 'NONE',  ( -0.6342395625319347000, 0.2935974365335138900, 0.6999999999999999600 ) ) ;
#5381 = CARTESIAN_POINT ( 'NONE',  ( 1.600000000000000300, 1.150000000000000100, 0.5000000000000000000 ) ) ;
#5382 = CARTESIAN_POINT ( 'NONE',  ( 1.450000000000000200, -0.9750000000000000900, 0.6999999999999999600 ) ) ;
#5383 = CARTESIAN_POINT ( 'NONE',  ( -0.1782149231088578100, 0.3071658126018900200, 0.6999999999999999600 ) ) ;
#5384 = CARTESIAN_POINT ( 'NONE',  ( 0.07810018105780894300, -0.2355692301331526500, 0.6989999999999999500 ) ) ;
#5385 = CARTESIAN_POINT ( 'NONE',  ( -0.09691066963663561000, -0.05324417671434924400, 0.6999999999999999600 ) ) ;
#5386 = CARTESIAN_POINT ( 'NONE',  ( 1.456000000000000000, 0.2000000000000003700, 0.5000000000000000000 ) ) ;
#5387 = CARTESIAN_POINT ( 'NONE',  ( 0.4715830870407147200, 0.2935974365335139400, 0.6999999999999999600 ) ) ;
#5388 = CARTESIAN_POINT ( 'NONE',  ( 0.3766044545620824100, 0.2393239322600097000, 0.6999999999999999600 ) ) ;
#5389 = CARTESIAN_POINT ( 'NONE',  ( 0.4715830870407147200, -0.2355692301331527000, 0.6999999999999999600 ) ) ;
#5390 = CARTESIAN_POINT ( 'NONE',  ( -1.600000000000000100, 0.4500000000000000100, 0.5000000000000000000 ) ) ;
#5391 = CARTESIAN_POINT ( 'NONE',  ( -0.7529628531302252600, -0.06596452927845179700, 0.6999999999999999600 ) ) ;
#5392 = CARTESIAN_POINT ( 'NONE',  ( 0.1255894972971251000, 0.2393239322600097000, 0.6999999999999999600 ) ) ;
#5393 = CARTESIAN_POINT ( 'NONE',  ( -0.1551062826174047500, 0.06484309625573621300, 0.6999999999999999600 ) ) ;
#5394 = CARTESIAN_POINT ( 'NONE',  ( 0.3766044545620824100, -0.1812957258596483700, 0.6999999999999999600 ) ) ;
#5395 = CARTESIAN_POINT ( 'NONE',  ( 0.5190724032800311200, -0.2355692301331526500, 0.6999999999999999600 ) ) ;
#5396 = CARTESIAN_POINT ( 'NONE',  ( 0.3766044545620824100, 0.2935974365335139400, 0.6999999999999999600 ) ) ;
#5397 = CARTESIAN_POINT ( 'NONE',  ( -0.03723101552338768000, 0.2175933299630011800, 0.6999999999999999600 ) ) ;
#5398 = CARTESIAN_POINT ( 'NONE',  ( -0.1835150700105672200, 0.2528923083283857700, 0.6999999999999999600 ) ) ;
#5399 = CARTESIAN_POINT ( 'NONE',  ( 0.7396645173291763700, 0.2935974365335139400, 0.6999999999999999600 ) ) ;
#5400 = CARTESIAN_POINT ( 'NONE',  ( 1.600000000000000500, -0.1999999999999995900, 0.5000000000000000000 ) ) ;
#5401 = CARTESIAN_POINT ( 'NONE',  ( -0.08016220542723387400, 0.1850504279865054200, 0.6999999999999999600 ) ) ;
#5402 = CARTESIAN_POINT ( 'NONE',  ( 1.600000000000000500, 0.1999999999999995900, 0.5000000000000000000 ) ) ;
#5403 = CARTESIAN_POINT ( 'NONE',  ( -0.8852545197968918500, -0.2355692301331526500, 0.6999999999999999600 ) ) ;
#5404 = CARTESIAN_POINT ( 'NONE',  ( 0.4715830870407147200, -0.2355692301331526500, 0.6989999999999999500 ) ) ;
#5405 = CARTESIAN_POINT ( 'NONE',  ( 0.1255894972971251000, 0.02222991516599265000, 0.6989999999999999500 ) ) ;
#5406 = CARTESIAN_POINT ( 'NONE',  ( 0.1255894972971251000, 0.07650341943949692800, 0.6999999999999999600 ) ) ;
#5407 = CARTESIAN_POINT ( 'NONE',  ( 0.4715830870407147200, 0.2935974365335139400, 0.6989999999999999500 ) ) ;
#5408 = CARTESIAN_POINT ( 'NONE',  ( -0.2611092206515928700, 0.1858984514907789400, 0.6999999999999999600 ) ) ;
#5409 = CARTESIAN_POINT ( 'NONE',  ( 0.3766044545620824100, 0.02222991516599265000, 0.6989999999999999500 ) ) ;
#5410 = CARTESIAN_POINT ( 'NONE',  ( 0.5190724032800311200, 0.09208585133052250800, 0.6999999999999999600 ) ) ;
#5411 = CARTESIAN_POINT ( 'NONE',  ( -0.2790237171793705800, 0.1031101568860780800, 0.6999999999999999600 ) ) ;
#5412 = CARTESIAN_POINT ( 'NONE',  ( 0.3766044545620824100, 0.07650341943949692800, 0.6999999999999999600 ) ) ;
#5413 = CARTESIAN_POINT ( 'NONE',  ( -0.3832246052669774400, -0.2355692301331526500, 0.6999999999999999600 ) ) ;
#5414 = CARTESIAN_POINT ( 'NONE',  ( 0.8074003947330225000, 0.2935974365335139400, 0.6999999999999999600 ) ) ;
#5415 = CARTESIAN_POINT ( 'NONE',  ( -1.600000000000000100, -0.1999999999999999800, 0.5000000000000000000 ) ) ;
#5416 = CARTESIAN_POINT ( 'NONE',  ( 0.7644692048291762400, -0.2355692301331526500, 0.6999999999999999600 ) ) ;
#5417 = CARTESIAN_POINT ( 'NONE',  ( 1.456000000000000000, -0.2000000000000003700, 0.5000000000000000000 ) ) ;
#5418 = CARTESIAN_POINT ( 'NONE',  ( 0.1255894972971251000, 0.02222991516599265000, 0.6999999999999999600 ) ) ;
#5419 = CARTESIAN_POINT ( 'NONE',  ( -0.07793614372851587200, -0.1051856163511013500, 0.6989999999999999500 ) ) ;
#5420 = CARTESIAN_POINT ( 'NONE',  ( 1.325000000000000200, 1.099999999999999900, 0.5000000000000000000 ) ) ;
#5421 = CARTESIAN_POINT ( 'NONE',  ( -1.325000000000000200, 1.099999999999999900, 0.5000000000000000000 ) ) ;
#5422 = CARTESIAN_POINT ( 'NONE',  ( -1.500000000000000000, -1.249999999999999800, 0.5000000000000000000 ) ) ;
#5423 = CARTESIAN_POINT ( 'NONE',  ( -0.4348480360896270200, -0.2355692301331526500, 0.6999999999999999600 ) ) ;
#5424 = CARTESIAN_POINT ( 'NONE',  ( -0.1816070171259517900, -0.1948641019280244500, 0.6989999999999999500 ) ) ;
#5425 = CARTESIAN_POINT ( 'NONE',  ( 1.456000000000000000, 0.4500000000000004600, 0.5000000000000000000 ) ) ;
#5426 = CARTESIAN_POINT ( 'NONE',  ( 1.500000000000000000, 1.249999999999999600, 0.5000000000000000000 ) ) ;
#5427 = CARTESIAN_POINT ( 'NONE',  ( 1.500000000000000200, -1.249999999999999800, 0.5000000000000000000 ) ) ;
#5428 = CARTESIAN_POINT ( 'NONE',  ( 1.600000000000000500, -1.149999999999999700, 0.5000000000000000000 ) ) ;
#5429 = CARTESIAN_POINT ( 'NONE',  ( -1.450000000000000200, 0.9750000000000000900, 0.6999999999999999600 ) ) ;
#5430 = CARTESIAN_POINT ( 'NONE',  ( 1.456000000000000000, -0.4500000000000004600, 0.5000000000000000000 ) ) ;
#5431 = CARTESIAN_POINT ( 'NONE',  ( -0.2262342540383450200, 0.1175265564587276900, 0.6999999999999999600 ) ) ;
#5432 = CARTESIAN_POINT ( 'NONE',  ( -0.5130782043588576500, -0.06596452927845179700, 0.6999999999999999600 ) ) ;
#5433 = CARTESIAN_POINT ( 'NONE',  ( -0.5380948977349261400, -0.01169102500494752900, 0.6989999999999999500 ) ) ;
#5434 = CARTESIAN_POINT ( 'NONE',  ( -1.456000000000000000, -0.2000000000000000100, 0.5000000000000000000 ) ) ;
#5435 = CARTESIAN_POINT ( 'NONE',  ( -0.09691066963663561000, -0.05324417671434924400, 0.6989999999999999500 ) ) ;
#5436 = CARTESIAN_POINT ( 'NONE',  ( -1.456000000000000000, -0.4500000000000001200, 0.5000000000000000000 ) ) ;
#5437 = CARTESIAN_POINT ( 'NONE',  ( -1.500000000000000000, 1.249999999999999800, 0.5000000000000000000 ) ) ;
#5438 = CARTESIAN_POINT ( 'NONE',  ( -0.2977862372114219400, -0.1066696574835800000, 0.6989999999999999500 ) ) ;
#5439 = CARTESIAN_POINT ( 'NONE',  ( -0.6313774832050116400, 0.1904565778262490000, 0.6989999999999999500 ) ) ;
#5440 = CARTESIAN_POINT ( 'NONE',  ( -0.3425194770618492100, -0.1334884008062295900, 0.6989999999999999500 ) ) ;
#5441 = CARTESIAN_POINT ( 'NONE',  ( 0.3766044545620824100, -0.1812957258596483700, 0.6989999999999999500 ) ) ;
#5442 = CARTESIAN_POINT ( 'NONE',  ( 0.3766044545620824100, -0.2355692301331526500, 0.6989999999999999500 ) ) ;
#5443 = CARTESIAN_POINT ( 'NONE',  ( -0.5380948977349261400, -0.01169102500494752900, 0.6999999999999999600 ) ) ;
#5444 = CARTESIAN_POINT ( 'NONE',  ( -0.6313774832050116400, 0.1904565778262490000, 0.6999999999999999600 ) ) ;
#5445 = CARTESIAN_POINT ( 'NONE',  ( -0.7272041391879174900, -0.01169102500494752900, 0.6999999999999999600 ) ) ;
#5446 = CARTESIAN_POINT ( 'NONE',  ( 0.7396645173291763700, 0.2935974365335139400, 0.6989999999999999500 ) ) ;
#5447 =( LENGTH_UNIT ( ) NAMED_UNIT ( * ) SI_UNIT ( .MILLI., .METRE. ) );
#5448 =( NAMED_UNIT ( * ) PLANE_ANGLE_UNIT ( ) SI_UNIT ( $, .RADIAN. ) );
#5449 =( NAMED_UNIT ( * ) SI_UNIT ( $, .STERADIAN. ) SOLID_ANGLE_UNIT ( ) );
#5450 = APPLICATION_PROTOCOL_DEFINITION ( 'draft international standard', 'automotive_design', 1998, #20 ) ;
#5451 = FILL_AREA_STYLE_COLOUR ( '', #5844 ) ;
#5452 = FILL_AREA_STYLE ('',( #5451 ) ) ;
#5453 = SURFACE_STYLE_FILL_AREA ( #5452 ) ;
#5454 = SURFACE_SIDE_STYLE ('',( #5453 ) ) ;
#5455 = SURFACE_STYLE_USAGE ( .BOTH. , #5454 ) ;
#5456 = PRESENTATION_STYLE_ASSIGNMENT (( #5455 ) ) ;
#5457 =( LENGTH_UNIT ( ) NAMED_UNIT ( * ) SI_UNIT ( .MILLI., .METRE. ) );
#5458 =( NAMED_UNIT ( * ) PLANE_ANGLE_UNIT ( ) SI_UNIT ( $, .RADIAN. ) );
#5459 =( NAMED_UNIT ( * ) SI_UNIT ( $, .STERADIAN. ) SOLID_ANGLE_UNIT ( ) );
#5460 = CARTESIAN_POINT ( 'NONE',  ( 0.0000000000000000000, 0.0000000000000000000, 0.0000000000000000000 ) ) ;
#5461 = DIRECTION ( 'NONE',  ( 0.0000000000000000000, 0.0000000000000000000, 1.000000000000000000 ) ) ;
#5462 = DIRECTION ( 'NONE',  ( 1.000000000000000000, 0.0000000000000000000, 0.0000000000000000000 ) ) ;
#5463 = SHAPE_DEFINITION_REPRESENTATION ( #3487, #4664 ) ;
#5464 = PRODUCT_CONTEXT ( 'NONE', #20, 'mechanical' ) ;
#5465 = APPLICATION_PROTOCOL_DEFINITION ( 'draft international standard', 'automotive_design', 1998, #21 ) ;
#5466 = ORIENTED_EDGE ( 'NONE', *, *, #339, .F. ) ;
#5467 = ORIENTED_EDGE ( 'NONE', *, *, #2297, .T. ) ;
#5468 = ORIENTED_EDGE ( 'NONE', *, *, #539, .F. ) ;
#5469 = ORIENTED_EDGE ( 'NONE', *, *, #518, .F. ) ;
#5470 = ORIENTED_EDGE ( 'NONE', *, *, #2397, .T. ) ;
#5471 = ORIENTED_EDGE ( 'NONE', *, *, #440, .T. ) ;
#5472 = ORIENTED_EDGE ( 'NONE', *, *, #2329, .T. ) ;
#5473 = ORIENTED_EDGE ( 'NONE', *, *, #545, .F. ) ;
#5474 = ORIENTED_EDGE ( 'NONE', *, *, #417, .F. ) ;
#5475 = ORIENTED_EDGE ( 'NONE', *, *, #448, .T. ) ;
#5476 = ORIENTED_EDGE ( 'NONE', *, *, #458, .F. ) ;
#5477 = ORIENTED_EDGE ( 'NONE', *, *, #415, .F. ) ;
#5478 = ORIENTED_EDGE ( 'NONE', *, *, #2374, .F. ) ;
#5479 = ORIENTED_EDGE ( 'NONE', *, *, #401, .F. ) ;
#5480 = ORIENTED_EDGE ( 'NONE', *, *, #401, .T. ) ;
#5481 = ORIENTED_EDGE ( 'NONE', *, *, #468, .F. ) ;
#5482 = ORIENTED_EDGE ( 'NONE', *, *, #2365, .T. ) ;
#5483 = ORIENTED_EDGE ( 'NONE', *, *, #433, .F. ) ;
#5484 = ORIENTED_EDGE ( 'NONE', *, *, #327, .T. ) ;
#5485 = ORIENTED_EDGE ( 'NONE', *, *, #551, .F. ) ;
#5486 = ORIENTED_EDGE ( 'NONE', *, *, #428, .T. ) ;
#5487 = ORIENTED_EDGE ( 'NONE', *, *, #505, .F. ) ;
#5488 = ORIENTED_EDGE ( 'NONE', *, *, #439, .T. ) ;
#5489 = ORIENTED_EDGE ( 'NONE', *, *, #2460, .T. ) ;
#5490 = ORIENTED_EDGE ( 'NONE', *, *, #307, .F. ) ;
#5491 = ORIENTED_EDGE ( 'NONE', *, *, #394, .F. ) ;
#5492 = ORIENTED_EDGE ( 'NONE', *, *, #405, .T. ) ;
#5493 = ORIENTED_EDGE ( 'NONE', *, *, #2376, .T. ) ;
#5494 = ORIENTED_EDGE ( 'NONE', *, *, #564, .F. ) ;
#5495 = ORIENTED_EDGE ( 'NONE', *, *, #471, .F. ) ;
#5496 = ORIENTED_EDGE ( 'NONE', *, *, #379, .F. ) ;
#5497 = ORIENTED_EDGE ( 'NONE', *, *, #345, .T. ) ;
#5498 = ORIENTED_EDGE ( 'NONE', *, *, #440, .F. ) ;
#5499 = ORIENTED_EDGE ( 'NONE', *, *, #466, .F. ) ;
#5500 = ORIENTED_EDGE ( 'NONE', *, *, #565, .F. ) ;
#5501 = ORIENTED_EDGE ( 'NONE', *, *, #422, .F. ) ;
#5502 = ORIENTED_EDGE ( 'NONE', *, *, #395, .T. ) ;
#5503 = ORIENTED_EDGE ( 'NONE', *, *, #2507, .F. ) ;
#5504 = ORIENTED_EDGE ( 'NONE', *, *, #481, .F. ) ;
#5505 = ORIENTED_EDGE ( 'NONE', *, *, #434, .T. ) ;
#5506 = ORIENTED_EDGE ( 'NONE', *, *, #2330, .T. ) ;
#5507 = ORIENTED_EDGE ( 'NONE', *, *, #576, .T. ) ;
#5508 = ORIENTED_EDGE ( 'NONE', *, *, #528, .T. ) ;
#5509 = ORIENTED_EDGE ( 'NONE', *, *, #339, .T. ) ;
#5510 = ORIENTED_EDGE ( 'NONE', *, *, #459, .F. ) ;
#5511 = ORIENTED_EDGE ( 'NONE', *, *, #427, .F. ) ;
#5512 = ORIENTED_EDGE ( 'NONE', *, *, #426, .F. ) ;
#5513 = ORIENTED_EDGE ( 'NONE', *, *, #387, .T. ) ;
#5514 = ORIENTED_EDGE ( 'NONE', *, *, #470, .F. ) ;
#5515 = ORIENTED_EDGE ( 'NONE', *, *, #315, .T. ) ;
#5516 = ORIENTED_EDGE ( 'NONE', *, *, #439, .F. ) ;
#5517 = ORIENTED_EDGE ( 'NONE', *, *, #399, .T. ) ;
#5518 = ORIENTED_EDGE ( 'NONE', *, *, #2459, .F. ) ;
#5519 = ORIENTED_EDGE ( 'NONE', *, *, #428, .F. ) ;
#5520 = ORIENTED_EDGE ( 'NONE', *, *, #475, .F. ) ;
#5521 = ORIENTED_EDGE ( 'NONE', *, *, #433, .T. ) ;
#5522 = ORIENTED_EDGE ( 'NONE', *, *, #404, .T. ) ;
#5523 = ORIENTED_EDGE ( 'NONE', *, *, #448, .F. ) ;
#5524 = ORIENTED_EDGE ( 'NONE', *, *, #437, .F. ) ;
#5525 = ORIENTED_EDGE ( 'NONE', *, *, #2511, .F. ) ;
#5526 = ORIENTED_EDGE ( 'NONE', *, *, #555, .T. ) ;
#5527 = ORIENTED_EDGE ( 'NONE', *, *, #396, .T. ) ;
#5528 = ORIENTED_EDGE ( 'NONE', *, *, #453, .T. ) ;
#5529 = ORIENTED_EDGE ( 'NONE', *, *, #443, .F. ) ;
#5530 = ORIENTED_EDGE ( 'NONE', *, *, #586, .T. ) ;
#5531 = ORIENTED_EDGE ( 'NONE', *, *, #432, .T. ) ;
#5532 = ORIENTED_EDGE ( 'NONE', *, *, #451, .F. ) ;
#5533 = ORIENTED_EDGE ( 'NONE', *, *, #515, .T. ) ;
#5534 = ORIENTED_EDGE ( 'NONE', *, *, #397, .T. ) ;
#5535 = ORIENTED_EDGE ( 'NONE', *, *, #569, .T. ) ;
#5536 = ORIENTED_EDGE ( 'NONE', *, *, #420, .T. ) ;
#5537 = ORIENTED_EDGE ( 'NONE', *, *, #488, .F. ) ;
#5538 = ORIENTED_EDGE ( 'NONE', *, *, #445, .T. ) ;
#5539 = ORIENTED_EDGE ( 'NONE', *, *, #2424, .T. ) ;
#5540 = ORIENTED_EDGE ( 'NONE', *, *, #554, .F. ) ;
#5541 = ORIENTED_EDGE ( 'NONE', *, *, #566, .F. ) ;
#5542 = ORIENTED_EDGE ( 'NONE', *, *, #349, .T. ) ;
#5543 = ORIENTED_EDGE ( 'NONE', *, *, #540, .T. ) ;
#5544 = ORIENTED_EDGE ( 'NONE', *, *, #451, .T. ) ;
#5545 = ORIENTED_EDGE ( 'NONE', *, *, #499, .T. ) ;
#5546 = ORIENTED_EDGE ( 'NONE', *, *, #545, .T. ) ;
#5547 = ORIENTED_EDGE ( 'NONE', *, *, #385, .F. ) ;
#5548 = ORIENTED_EDGE ( 'NONE', *, *, #526, .T. ) ;
#5549 = ORIENTED_EDGE ( 'NONE', *, *, #550, .T. ) ;
#5550 = ORIENTED_EDGE ( 'NONE', *, *, #422, .T. ) ;
#5551 = ORIENTED_EDGE ( 'NONE', *, *, #461, .T. ) ;
#5552 = ORIENTED_EDGE ( 'NONE', *, *, #472, .F. ) ;
#5553 = ORIENTED_EDGE ( 'NONE', *, *, #581, .T. ) ;
#5554 = ORIENTED_EDGE ( 'NONE', *, *, #542, .T. ) ;
#5555 = ORIENTED_EDGE ( 'NONE', *, *, #417, .T. ) ;
#5556 = ORIENTED_EDGE ( 'NONE', *, *, #464, .T. ) ;
#5557 = ORIENTED_EDGE ( 'NONE', *, *, #427, .T. ) ;
#5558 = ORIENTED_EDGE ( 'NONE', *, *, #565, .T. ) ;
#5559 = ORIENTED_EDGE ( 'NONE', *, *, #432, .F. ) ;
#5560 = ORIENTED_EDGE ( 'NONE', *, *, #539, .T. ) ;
#5561 = ORIENTED_EDGE ( 'NONE', *, *, #566, .T. ) ;
#5562 = ORIENTED_EDGE ( 'NONE', *, *, #2289, .T. ) ;
#5563 = ORIENTED_EDGE ( 'NONE', *, *, #518, .T. ) ;
#5564 = ORIENTED_EDGE ( 'NONE', *, *, #445, .F. ) ;
#5565 = ORIENTED_EDGE ( 'NONE', *, *, #462, .T. ) ;
#5566 = ORIENTED_EDGE ( 'NONE', *, *, #450, .T. ) ;
#5567 = ORIENTED_EDGE ( 'NONE', *, *, #488, .T. ) ;
#5568 = ORIENTED_EDGE ( 'NONE', *, *, #538, .T. ) ;
#5569 = ORIENTED_EDGE ( 'NONE', *, *, #372, .F. ) ;
#5570 = ORIENTED_EDGE ( 'NONE', *, *, #530, .T. ) ;
#5571 = ORIENTED_EDGE ( 'NONE', *, *, #353, .F. ) ;
#5572 = ORIENTED_EDGE ( 'NONE', *, *, #479, .F. ) ;
#5573 = ORIENTED_EDGE ( 'NONE', *, *, #367, .F. ) ;
#5574 = ORIENTED_EDGE ( 'NONE', *, *, #392, .F. ) ;
#5575 = ORIENTED_EDGE ( 'NONE', *, *, #337, .F. ) ;
#5576 = ORIENTED_EDGE ( 'NONE', *, *, #489, .F. ) ;
#5577 = ORIENTED_EDGE ( 'NONE', *, *, #454, .F. ) ;
#5578 = ORIENTED_EDGE ( 'NONE', *, *, #373, .F. ) ;
#5579 = ORIENTED_EDGE ( 'NONE', *, *, #522, .F. ) ;
#5580 = ORIENTED_EDGE ( 'NONE', *, *, #485, .F. ) ;
#5581 = ORIENTED_EDGE ( 'NONE', *, *, #524, .F. ) ;
#5582 = ORIENTED_EDGE ( 'NONE', *, *, #355, .F. ) ;
#5583 = ORIENTED_EDGE ( 'NONE', *, *, #386, .T. ) ;
#5584 = ORIENTED_EDGE ( 'NONE', *, *, #392, .T. ) ;
#5585 = ORIENTED_EDGE ( 'NONE', *, *, #346, .F. ) ;
#5586 = ORIENTED_EDGE ( 'NONE', *, *, #389, .F. ) ;
#5587 = ORIENTED_EDGE ( 'NONE', *, *, #315, .F. ) ;
#5588 = ORIENTED_EDGE ( 'NONE', *, *, #381, .F. ) ;
#5589 = ORIENTED_EDGE ( 'NONE', *, *, #360, .F. ) ;
#5590 = ORIENTED_EDGE ( 'NONE', *, *, #403, .T. ) ;
#5591 = ORIENTED_EDGE ( 'NONE', *, *, #389, .T. ) ;
#5592 = ORIENTED_EDGE ( 'NONE', *, *, #526, .F. ) ;
#5593 = ORIENTED_EDGE ( 'NONE', *, *, #2328, .F. ) ;
#5594 = ORIENTED_EDGE ( 'NONE', *, *, #430, .F. ) ;
#5595 = ORIENTED_EDGE ( 'NONE', *, *, #435, .F. ) ;
#5596 = ORIENTED_EDGE ( 'NONE', *, *, #552, .F. ) ;
#5597 = ORIENTED_EDGE ( 'NONE', *, *, #438, .F. ) ;
#5598 = ORIENTED_EDGE ( 'NONE', *, *, #438, .T. ) ;
#5599 = ORIENTED_EDGE ( 'NONE', *, *, #506, .T. ) ;
#5600 = ORIENTED_EDGE ( 'NONE', *, *, #2286, .F. ) ;
#5601 = ORIENTED_EDGE ( 'NONE', *, *, #377, .T. ) ;
#5602 = ORIENTED_EDGE ( 'NONE', *, *, #384, .F. ) ;
#5603 = ORIENTED_EDGE ( 'NONE', *, *, #420, .F. ) ;
#5604 = ORIENTED_EDGE ( 'NONE', *, *, #403, .F. ) ;
#5605 = ORIENTED_EDGE ( 'NONE', *, *, #419, .F. ) ;
#5606 = ORIENTED_EDGE ( 'NONE', *, *, #2489, .T. ) ;
#5607 = ORIENTED_EDGE ( 'NONE', *, *, #552, .T. ) ;
#5608 = ORIENTED_EDGE ( 'NONE', *, *, #409, .T. ) ;
#5609 = ORIENTED_EDGE ( 'NONE', *, *, #510, .F. ) ;
#5610 = ORIENTED_EDGE ( 'NONE', *, *, #404, .F. ) ;
#5611 = ORIENTED_EDGE ( 'NONE', *, *, #358, .T. ) ;
#5612 = ORIENTED_EDGE ( 'NONE', *, *, #486, .T. ) ;
#5613 = ORIENTED_EDGE ( 'NONE', *, *, #384, .T. ) ;
#5614 = ORIENTED_EDGE ( 'NONE', *, *, #464, .F. ) ;
#5615 = ORIENTED_EDGE ( 'NONE', *, *, #435, .T. ) ;
#5616 =( NAMED_UNIT ( * ) SI_UNIT ( $, .STERADIAN. ) SOLID_ANGLE_UNIT ( ) );
#5617 = CARTESIAN_POINT ( 'NONE',  ( -0.08016220542723387400, 0.1850504279865054200, 0.6989999999999999500 ) ) ;
#5618 = CARTESIAN_POINT ( 'NONE',  ( -0.08016220542723387400, 0.1850504279865054200, 0.6999999999999999600 ) ) ;
#5619 = CARTESIAN_POINT ( 'NONE',  ( -0.08275450712245303900, 0.1883900276099256500, 0.6989999999999999500 ) ) ;
#5620 = CARTESIAN_POINT ( 'NONE',  ( -0.08275450712245303900, 0.1883900276099256500, 0.6999999999999999600 ) ) ;
#5621 = CARTESIAN_POINT ( 'NONE',  ( -0.08774667408454696300, 0.1948213156569174600, 0.6989999999999999500 ) ) ;
#5622 = CARTESIAN_POINT ( 'NONE',  ( -0.08774667408454696300, 0.1948213156569174600, 0.6999999999999999600 ) ) ;
#5623 = CARTESIAN_POINT ( 'NONE',  ( -0.09532577507417247500, 0.2038279312307212900, 0.6990000000000000700 ) ) ;
#5624 = CARTESIAN_POINT ( 'NONE',  ( -0.09532577507417247500, 0.2038279312307212900, 0.7000000000000000700 ) ) ;
#5625 = CARTESIAN_POINT ( 'NONE',  ( -0.1024693206525956900, 0.2120551846837640300, 0.6989999999999998400 ) ) ;
#5626 = CARTESIAN_POINT ( 'NONE',  ( -0.1024693206525956900, 0.2120551846837640300, 0.6999999999999998400 ) ) ;
#5627 = CARTESIAN_POINT ( 'NONE',  ( -0.1095072977628286100, 0.2192012218978301700, 0.6990000000000002900 ) ) ;
#5628 = CARTESIAN_POINT ( 'NONE',  ( -0.1095072977628286100, 0.2192012218978301700, 0.7000000000000002900 ) ) ;
#5629 = CARTESIAN_POINT ( 'NONE',  ( -0.1160680015677942600, 0.2256573777715339400, 0.6990000000000000700 ) ) ;
#5630 = CARTESIAN_POINT ( 'NONE',  ( -0.1160680015677942600, 0.2256573777715339400, 0.7000000000000000700 ) ) ;
#5631 = CARTESIAN_POINT ( 'NONE',  ( -0.1224356972408463800, 0.2311848648152316200, 0.6990000000000000700 ) ) ;
#5632 = CARTESIAN_POINT ( 'NONE',  ( -0.1224356972408463800, 0.2311848648152316200, 0.7000000000000000700 ) ) ;
#5633 = CARTESIAN_POINT ( 'NONE',  ( -0.1285187479636443500, 0.2358378417433520400, 0.6989999999999999500 ) ) ;
#5634 = CARTESIAN_POINT ( 'NONE',  ( -0.1285187479636443500, 0.2358378417433520400, 0.6999999999999999600 ) ) ;
#5635 = CARTESIAN_POINT ( 'NONE',  ( -0.1361866618351290400, 0.2408034752133684000, 0.6990000000000000700 ) ) ;
#5636 = CARTESIAN_POINT ( 'NONE',  ( -0.1361866618351290400, 0.2408034752133684000, 0.7000000000000000700 ) ) ;
#5637 = CARTESIAN_POINT ( 'NONE',  ( -0.1458201740101831600, 0.2457257084889091200, 0.6989999999999997300 ) ) ;
#5638 = CARTESIAN_POINT ( 'NONE',  ( -0.1458201740101831600, 0.2457257084889091200, 0.6999999999999997300 ) ) ;
#5639 = CARTESIAN_POINT ( 'NONE',  ( -0.1579130741320801700, 0.2498908667220883200, 0.6990000000000000700 ) ) ;
#5640 = CARTESIAN_POINT ( 'NONE',  ( -0.1579130741320801700, 0.2498908667220883200, 0.7000000000000000700 ) ) ;
#5641 = CARTESIAN_POINT ( 'NONE',  ( -0.1705505228576060200, 0.2523938344169523500, 0.6989999999999999500 ) ) ;
#5642 = CARTESIAN_POINT ( 'NONE',  ( -0.1705505228576060200, 0.2523938344169523500, 0.6999999999999999600 ) ) ;
#5643 = CARTESIAN_POINT ( 'NONE',  ( -0.1791577409520319600, 0.2527247733706596300, 0.6990000000000000700 ) ) ;
#5644 = CARTESIAN_POINT ( 'NONE',  ( -0.1791577409520319600, 0.2527247733706596300, 0.7000000000000000700 ) ) ;
#5645 = CARTESIAN_POINT ( 'NONE',  ( -0.1835150700105672200, 0.2528923083283857700, 0.6989999999999999500 ) ) ;
#5646 = CARTESIAN_POINT ( 'NONE',  ( -0.1835150700105672200, 0.2528923083283857700, 0.6999999999999999600 ) ) ;
#5647 = LINE ( 'NONE', #5648, #2863 ) ;
#5648 = CARTESIAN_POINT ( 'NONE',  ( -0.6000000000000000900, 0.4999999999999996700, -0.5010000000000000000 ) ) ;
#5649 = DIRECTION ( 'NONE',  ( -0.0000000000000000000, -0.0000000000000000000, 1.000000000000000000 ) ) ;
#5650 = PLANE ( 'NONE',  #2870 ) ;
#5651 = LINE ( 'NONE', #5652, #2873 ) ;
#5652 = CARTESIAN_POINT ( 'NONE',  ( 0.4715830870407147200, -0.2355692301331526500, 0.6989999999999999500 ) ) ;
#5653 = DIRECTION ( 'NONE',  ( -0.0000000000000000000, -0.0000000000000000000, 1.000000000000000000 ) ) ;
#5654 = FILL_AREA_STYLE_COLOUR ( '', #5835 ) ;
#5655 = FILL_AREA_STYLE ('',( #5654 ) ) ;
#5656 = SURFACE_STYLE_FILL_AREA ( #5655 ) ;
#5657 = SURFACE_SIDE_STYLE ('',( #5656 ) ) ;
#5658 = SURFACE_STYLE_USAGE ( .BOTH. , #5657 ) ;
#5659 = PRESENTATION_STYLE_ASSIGNMENT (( #5658 ) ) ;
#5660 =( LENGTH_UNIT ( ) NAMED_UNIT ( * ) SI_UNIT ( .MILLI., .METRE. ) );
#5661 =( NAMED_UNIT ( * ) PLANE_ANGLE_UNIT ( ) SI_UNIT ( $, .RADIAN. ) );
#5662 =( NAMED_UNIT ( * ) SI_UNIT ( $, .STERADIAN. ) SOLID_ANGLE_UNIT ( ) );
#5663 = CARTESIAN_POINT ( 'NONE',  ( -0.7272041391879176000, -0.01169102500494752900, 0.6989999999999999500 ) ) ;
#5664 = DIRECTION ( 'NONE',  ( 0.0000000000000000000, -1.000000000000000000, 0.0000000000000000000 ) ) ;
#5665 = DIRECTION ( 'NONE',  ( 0.0000000000000000000, -0.0000000000000000000, -1.000000000000000000 ) ) ;
#5666 = FILL_AREA_STYLE_COLOUR ( '', #5829 ) ;
#5667 = FILL_AREA_STYLE ('',( #5666 ) ) ;
#5668 = SURFACE_STYLE_FILL_AREA ( #5667 ) ;
#5669 = SURFACE_SIDE_STYLE ('',( #5668 ) ) ;
#5670 = SURFACE_STYLE_USAGE ( .BOTH. , #5669 ) ;
#5671 = PRESENTATION_STYLE_ASSIGNMENT (( #5670 ) ) ;
#5672 =( LENGTH_UNIT ( ) NAMED_UNIT ( * ) SI_UNIT ( .MILLI., .METRE. ) );
#5673 =( NAMED_UNIT ( * ) PLANE_ANGLE_UNIT ( ) SI_UNIT ( $, .RADIAN. ) );
#5674 =( NAMED_UNIT ( * ) SI_UNIT ( $, .STERADIAN. ) SOLID_ANGLE_UNIT ( ) );
#5675 = PLANE ( 'NONE',  #2875 ) ;
#5676 = CARTESIAN_POINT ( 'NONE',  ( -0.3425194770618492100, -0.1334884008062295900, 0.6989999999999999500 ) ) ;
#5677 = DIRECTION ( 'NONE',  ( 0.5141968420297353700, -0.8576722029112564500, 0.0000000000000000000 ) ) ;
#5678 = DIRECTION ( 'NONE',  ( 0.8576722029112563400, 0.5141968420297352600, 0.0000000000000000000 ) ) ;
#5679 = FILL_AREA_STYLE_COLOUR ( '', #5836 ) ;
#5680 = FILL_AREA_STYLE ('',( #5679 ) ) ;
#5681 = SURFACE_STYLE_FILL_AREA ( #5680 ) ;
#5682 = SURFACE_SIDE_STYLE ('',( #5681 ) ) ;
#5683 = SURFACE_STYLE_USAGE ( .BOTH. , #5682 ) ;
#5684 = PRESENTATION_STYLE_ASSIGNMENT (( #5683 ) ) ;
#5685 =( LENGTH_UNIT ( ) NAMED_UNIT ( * ) SI_UNIT ( .MILLI., .METRE. ) );
#5686 =( NAMED_UNIT ( * ) PLANE_ANGLE_UNIT ( ) SI_UNIT ( $, .RADIAN. ) );
#5687 =( NAMED_UNIT ( * ) SI_UNIT ( $, .STERADIAN. ) SOLID_ANGLE_UNIT ( ) );
#5688 = CARTESIAN_POINT ( 'NONE',  ( -0.1551062826174047500, 0.06484309625573621300, 0.6989999999999999500 ) ) ;
#5689 = CARTESIAN_POINT ( 'NONE',  ( -0.1551062826174047500, 0.06484309625573621300, 0.7000000000000000700 ) ) ;
#5690 = CARTESIAN_POINT ( 'NONE',  ( -0.1493631742959266000, 0.06066398594286221600, 0.6989999999999998400 ) ) ;
#5691 = CARTESIAN_POINT ( 'NONE',  ( -0.1493631742959266000, 0.06066398594286221600, 0.6999999999999999600 ) ) ;
#5692 = CARTESIAN_POINT ( 'NONE',  ( -0.1382424410101310300, 0.05257171803497996700, 0.6989999999999998400 ) ) ;
#5693 = CARTESIAN_POINT ( 'NONE',  ( -0.1382424410101310300, 0.05257171803497996700, 0.6999999999999999600 ) ) ;
#5694 = CARTESIAN_POINT ( 'NONE',  ( -0.1224192116663660700, 0.04041363307844950100, 0.6990000000000000700 ) ) ;
#5695 = CARTESIAN_POINT ( 'NONE',  ( -0.1224192116663660700, 0.04041363307844950100, 0.7000000000000001800 ) ) ;
#5696 = CARTESIAN_POINT ( 'NONE',  ( -0.1080721716329779300, 0.02852283949638471600, 0.6989999999999999500 ) ) ;
#5697 = CARTESIAN_POINT ( 'NONE',  ( -0.1080721716329779300, 0.02852283949638471600, 0.7000000000000000700 ) ) ;
#5698 = CARTESIAN_POINT ( 'NONE',  ( -0.09515094918844055300, 0.01697527270923766800, 0.6989999999999999500 ) ) ;
#5699 = CARTESIAN_POINT ( 'NONE',  ( -0.09515094918844055300, 0.01697527270923766800, 0.7000000000000000700 ) ) ;
#5700 = CARTESIAN_POINT ( 'NONE',  ( -0.08352789279337995100, 0.005858525314638818300, 0.6989999999999998400 ) ) ;
#5701 = CARTESIAN_POINT ( 'NONE',  ( -0.08352789279337995100, 0.005858525314638818300, 0.6999999999999999600 ) ) ;
#5702 = CARTESIAN_POINT ( 'NONE',  ( -0.07333195169135842100, -0.004961145997186598200, 0.6989999999999998400 ) ) ;
#5703 = CARTESIAN_POINT ( 'NONE',  ( -0.07333195169135842100, -0.004961145997186598200, 0.6999999999999999600 ) ) ;
#5704 = CARTESIAN_POINT ( 'NONE',  ( -0.06445923573410566900, -0.01540622662890367800, 0.6990000000000001800 ) ) ;
#5705 = CARTESIAN_POINT ( 'NONE',  ( -0.06445923573410566900, -0.01540622662890367800, 0.7000000000000002900 ) ) ;
#5706 = CARTESIAN_POINT ( 'NONE',  ( -0.05490713960977333000, -0.02879755652507054500, 0.6989999999999997300 ) ) ;
#5707 = CARTESIAN_POINT ( 'NONE',  ( -0.05490713960977333000, -0.02879755652507054500, 0.6999999999999998400 ) ) ;
#5708 = CARTESIAN_POINT ( 'NONE',  ( -0.04514661213465329100, -0.04524422045702435800, 0.6989999999999999500 ) ) ;
#5709 = CARTESIAN_POINT ( 'NONE',  ( -0.04514661213465329100, -0.04524422045702435800, 0.7000000000000000700 ) ) ;
#5710 = CARTESIAN_POINT ( 'NONE',  ( -0.03676438422617835100, -0.06539462080851216100, 0.6990000000000001800 ) ) ;
#5711 = CARTESIAN_POINT ( 'NONE',  ( -0.03676438422617835100, -0.06539462080851216100, 0.7000000000000002900 ) ) ;
#5712 = CARTESIAN_POINT ( 'NONE',  ( -0.03147901502769214600, -0.08562335021698211400, 0.6989999999999998400 ) ) ;
#5713 = CARTESIAN_POINT ( 'NONE',  ( -0.03147901502769214600, -0.08562335021698211400, 0.6999999999999999600 ) ) ;
#5714 = CARTESIAN_POINT ( 'NONE',  ( -0.03078784543262221400, -0.09921943144594912200, 0.6989999999999998400 ) ) ;
#5715 = CARTESIAN_POINT ( 'NONE',  ( -0.03078784543262221400, -0.09921943144594912200, 0.6999999999999999600 ) ) ;
#5716 = CARTESIAN_POINT ( 'NONE',  ( -0.03044682748919971800, -0.1059276369173407000, 0.6989999999999999500 ) ) ;
#5717 = CARTESIAN_POINT ( 'NONE',  ( -0.03044682748919971800, -0.1059276369173407000, 0.7000000000000000700 ) ) ;
#5718 = FILL_AREA_STYLE_COLOUR ( '', #5862 ) ;
#5719 = FILL_AREA_STYLE ('',( #5718 ) ) ;
#5720 = SURFACE_STYLE_FILL_AREA ( #5719 ) ;
#5721 = SURFACE_SIDE_STYLE ('',( #5720 ) ) ;
#5722 = SURFACE_STYLE_USAGE ( .BOTH. , #5721 ) ;
#5723 = PRESENTATION_STYLE_ASSIGNMENT (( #5722 ) ) ;
#5724 =( LENGTH_UNIT ( ) NAMED_UNIT ( * ) SI_UNIT ( .MILLI., .METRE. ) );
#5725 =( NAMED_UNIT ( * ) PLANE_ANGLE_UNIT ( ) SI_UNIT ( $, .RADIAN. ) );
#5726 =( NAMED_UNIT ( * ) SI_UNIT ( $, .STERADIAN. ) SOLID_ANGLE_UNIT ( ) );
#5727 = PLANE ( 'NONE',  #2858 ) ;
#5728 = CARTESIAN_POINT ( 'NONE',  ( 1.600000000000000500, 0.1999999999999995900, -0.5000000000000000000 ) ) ;
#5729 = DIRECTION ( 'NONE',  ( -5.270427227360075000E-015, -1.000000000000000000, 0.0000000000000000000 ) ) ;
#5730 = DIRECTION ( 'NONE',  ( 1.000000000000000000, -5.270427227360075000E-015, 0.0000000000000000000 ) ) ;
#5731 = FILL_AREA_STYLE_COLOUR ( '', #5864 ) ;
#5732 = FILL_AREA_STYLE ('',( #5731 ) ) ;
#5733 = SURFACE_STYLE_FILL_AREA ( #5732 ) ;
#5734 = SURFACE_SIDE_STYLE ('',( #5733 ) ) ;
#5735 = SURFACE_STYLE_USAGE ( .BOTH. , #5734 ) ;
#5736 = PRESENTATION_STYLE_ASSIGNMENT (( #5735 ) ) ;
#5737 =( LENGTH_UNIT ( ) NAMED_UNIT ( * ) SI_UNIT ( .MILLI., .METRE. ) );
#5738 =( NAMED_UNIT ( * ) PLANE_ANGLE_UNIT ( ) SI_UNIT ( $, .RADIAN. ) );
#5739 =( NAMED_UNIT ( * ) SI_UNIT ( $, .STERADIAN. ) SOLID_ANGLE_UNIT ( ) );
#5740 = PLANE ( 'NONE',  #19 ) ;
#5741 = CARTESIAN_POINT ( 'NONE',  ( 0.1255894972971251000, 0.02222991516599265000, 0.6989999999999999500 ) ) ;
#5742 = DIRECTION ( 'NONE',  ( -1.000000000000000000, 0.0000000000000000000, -0.0000000000000000000 ) ) ;
#5743 = DIRECTION ( 'NONE',  ( -0.0000000000000000000, 0.0000000000000000000, 1.000000000000000000 ) ) ;
#5744 = LINE ( 'NONE', #5745, #11 ) ;
#5745 = CARTESIAN_POINT ( 'NONE',  ( -0.7272041391879176000, -0.01169102500494752900, 0.6989999999999999500 ) ) ;
#5746 = DIRECTION ( 'NONE',  ( -0.0000000000000000000, -0.0000000000000000000, 1.000000000000000000 ) ) ;
#5747 = CARTESIAN_POINT ( 'NONE',  ( -1.325000000000000200, 0.9749999999999999800, 0.5000000000000000000 ) ) ;
#5748 = LINE ( 'NONE', #5749, #10 ) ;
#5749 = CARTESIAN_POINT ( 'NONE',  ( -1.500000000000000000, 1.149999999999999900, -0.5010000000000000000 ) ) ;
#5750 = DIRECTION ( 'NONE',  ( 1.000000000000000000, 0.0000000000000000000, 0.0000000000000000000 ) ) ;
#5751 = LINE ( 'NONE', #5752, #17 ) ;
#5752 = CARTESIAN_POINT ( 'NONE',  ( 0.5999999999999994200, -0.5000000000000004400, -0.5010000000000000000 ) ) ;
#5753 = DIRECTION ( 'NONE',  ( 1.000000000000000000, -3.614007241618347300E-016, 0.0000000000000000000 ) ) ;
#5754 = DIRECTION ( 'NONE',  ( 0.0000000000000000000, 0.0000000000000000000, 1.000000000000000000 ) ) ;
#5755 = DIRECTION ( 'NONE',  ( 1.000000000000000000, 0.0000000000000000000, 0.0000000000000000000 ) ) ;
#5756 = FILL_AREA_STYLE_COLOUR ( '', #5832 ) ;
#5757 = FILL_AREA_STYLE ('',( #5756 ) ) ;
#5758 = SURFACE_STYLE_FILL_AREA ( #5757 ) ;
#5759 = SURFACE_SIDE_STYLE ('',( #5758 ) ) ;
#5760 = SURFACE_STYLE_USAGE ( .BOTH. , #5759 ) ;
#5761 = PRESENTATION_STYLE_ASSIGNMENT (( #5760 ) ) ;
#5762 =( LENGTH_UNIT ( ) NAMED_UNIT ( * ) SI_UNIT ( .MILLI., .METRE. ) );
#5763 =( NAMED_UNIT ( * ) PLANE_ANGLE_UNIT ( ) SI_UNIT ( $, .RADIAN. ) );
#5764 =( NAMED_UNIT ( * ) SI_UNIT ( $, .STERADIAN. ) SOLID_ANGLE_UNIT ( ) );
#5765 = CARTESIAN_POINT ( 'NONE',  ( -0.1816070171259517900, -0.2491376062015287200, 0.6989999999999999500 ) ) ;
#5766 = CARTESIAN_POINT ( 'NONE',  ( -0.1816070171259517900, -0.2491376062015287200, 0.6999999999999999600 ) ) ;
#5767 = CARTESIAN_POINT ( 'NONE',  ( -0.1856037892195040500, -0.2490603204123962900, 0.6989999999999998400 ) ) ;
#5768 = CARTESIAN_POINT ( 'NONE',  ( -0.1856037892195040500, -0.2490603204123962900, 0.6999999999999998400 ) ) ;
#5769 = CARTESIAN_POINT ( 'NONE',  ( -0.1935469981801258000, -0.2489067221690147700, 0.6989999999999997300 ) ) ;
#5770 = CARTESIAN_POINT ( 'NONE',  ( -0.1935469981801258000, -0.2489067221690147700, 0.6999999999999997300 ) ) ;
#5771 = CARTESIAN_POINT ( 'NONE',  ( -0.2052959317490455300, -0.2475488381051859900, 0.6990000000000001800 ) ) ;
#5772 = CARTESIAN_POINT ( 'NONE',  ( -0.2052959317490455300, -0.2475488381051859900, 0.7000000000000001800 ) ) ;
#5773 = CARTESIAN_POINT ( 'NONE',  ( -0.2168075124968484000, -0.2456276450622339700, 0.6989999999999997300 ) ) ;
#5774 = CARTESIAN_POINT ( 'NONE',  ( -0.2168075124968484000, -0.2456276450622339700, 0.6999999999999997300 ) ) ;
#5775 = CARTESIAN_POINT ( 'NONE',  ( -0.2279372908520088700, -0.2425775178157207100, 0.6990000000000001800 ) ) ;
#5776 = CARTESIAN_POINT ( 'NONE',  ( -0.2279372908520088700, -0.2425775178157207100, 0.7000000000000001800 ) ) ;
#5777 = CARTESIAN_POINT ( 'NONE',  ( -0.2388286614216534900, -0.2388768320010228000, 0.6989999999999998400 ) ) ;
#5778 = CARTESIAN_POINT ( 'NONE',  ( -0.2388286614216534900, -0.2388768320010228000, 0.6999999999999998400 ) ) ;
#5779 = CARTESIAN_POINT ( 'NONE',  ( -0.2494342552130777700, -0.2343202031439152500, 0.6989999999999999500 ) ) ;
#5780 = CARTESIAN_POINT ( 'NONE',  ( -0.2494342552130777700, -0.2343202031439152500, 0.6999999999999999600 ) ) ;
#5781 = CARTESIAN_POINT ( 'NONE',  ( -0.2597592121650969500, -0.2288596262584197100, 0.6989999999999999500 ) ) ;
#5782 = CARTESIAN_POINT ( 'NONE',  ( -0.2597592121650969500, -0.2288596262584197100, 0.6999999999999999600 ) ) ;
#5783 = CARTESIAN_POINT ( 'NONE',  ( -0.2698613943368597900, -0.2226162118205170800, 0.6990000000000000700 ) ) ;
#5784 = CARTESIAN_POINT ( 'NONE',  ( -0.2698613943368597900, -0.2226162118205170800, 0.7000000000000000700 ) ) ;
#5785 = CARTESIAN_POINT ( 'NONE',  ( -0.2797151088278577200, -0.2153503385353064700, 0.6990000000000000700 ) ) ;
#5786 = CARTESIAN_POINT ( 'NONE',  ( -0.2797151088278577200, -0.2153503385353064700, 0.7000000000000000700 ) ) ;
#5787 = CARTESIAN_POINT ( 'NONE',  ( -0.2892279331456728600, -0.2068876789547708700, 0.6989999999999999500 ) ) ;
#5788 = CARTESIAN_POINT ( 'NONE',  ( -0.2892279331456728600, -0.2068876789547708700, 0.6999999999999999600 ) ) ;
#5789 = CARTESIAN_POINT ( 'NONE',  ( -0.2987119885744682300, -0.1974616323668007800, 0.6990000000000000700 ) ) ;
#5790 = CARTESIAN_POINT ( 'NONE',  ( -0.2987119885744682300, -0.1974616323668007800, 0.7000000000000000700 ) ) ;
#5791 = CARTESIAN_POINT ( 'NONE',  ( -0.3078873449230887800, -0.1868162257633059200, 0.6989999999999999500 ) ) ;
#5792 = CARTESIAN_POINT ( 'NONE',  ( -0.3078873449230887800, -0.1868162257633059200, 0.6999999999999999600 ) ) ;
#5793 = CARTESIAN_POINT ( 'NONE',  ( -0.3169395941217034200, -0.1751234441883808600, 0.6989999999999999500 ) ) ;
#5794 = CARTESIAN_POINT ( 'NONE',  ( -0.3169395941217034200, -0.1751234441883808600, 0.6999999999999999600 ) ) ;
#5795 = CARTESIAN_POINT ( 'NONE',  ( -0.3256902584206742300, -0.1622738890794838400, 0.6989999999999998400 ) ) ;
#5796 = CARTESIAN_POINT ( 'NONE',  ( -0.3256902584206742300, -0.1622738890794838400, 0.6999999999999998400 ) ) ;
#5797 = CARTESIAN_POINT ( 'NONE',  ( -0.3343204704983373000, -0.1483375510706864700, 0.6989999999999997300 ) ) ;
#5798 = CARTESIAN_POINT ( 'NONE',  ( -0.3343204704983373000, -0.1483375510706864700, 0.6999999999999997300 ) ) ;
#5799 = CARTESIAN_POINT ( 'NONE',  ( -0.3397354281341331000, -0.1385305678725710100, 0.6989999999999999500 ) ) ;
#5800 = CARTESIAN_POINT ( 'NONE',  ( -0.3397354281341331000, -0.1385305678725710100, 0.6999999999999999600 ) ) ;
#5801 = CARTESIAN_POINT ( 'NONE',  ( -0.3425194770618492100, -0.1334884008062295900, 0.6989999999999999500 ) ) ;
#5802 = CARTESIAN_POINT ( 'NONE',  ( -0.3425194770618492100, -0.1334884008062295900, 0.6999999999999999600 ) ) ;
#5803 = FILL_AREA_STYLE_COLOUR ( '', #5851 ) ;
#5804 = FILL_AREA_STYLE ('',( #5803 ) ) ;
#5805 = SURFACE_STYLE_FILL_AREA ( #5804 ) ;
#5806 = SURFACE_SIDE_STYLE ('',( #5805 ) ) ;
#5807 = SURFACE_STYLE_USAGE ( .BOTH. , #5806 ) ;
#5808 = PRESENTATION_STYLE_ASSIGNMENT (( #5807 ) ) ;
#5809 =( LENGTH_UNIT ( ) NAMED_UNIT ( * ) SI_UNIT ( .MILLI., .METRE. ) );
#5810 =( NAMED_UNIT ( * ) PLANE_ANGLE_UNIT ( ) SI_UNIT ( $, .RADIAN. ) );
#5811 =( NAMED_UNIT ( * ) SI_UNIT ( $, .STERADIAN. ) SOLID_ANGLE_UNIT ( ) );
#5812 = PLANE ( 'NONE',  #6 ) ;
#5813 = CARTESIAN_POINT ( 'NONE',  ( -0.03723101552338768000, 0.2175933299630011800, 0.6989999999999999500 ) ) ;
#5814 = DIRECTION ( 'NONE',  ( -0.6040849710794075100, 0.7969199129874917600, 0.0000000000000000000 ) ) ;
#5815 = DIRECTION ( 'NONE',  ( -0.7969199129874917600, -0.6040849710794075100, 0.0000000000000000000 ) ) ;
#5816 = LINE ( 'NONE', #5817, #1028 ) ;
#5817 = CARTESIAN_POINT ( 'NONE',  ( -1.456000000000000000, -0.2000000000000000100, -0.5000000000000000000 ) ) ;
#5818 = DIRECTION ( 'NONE',  ( -0.0000000000000000000, -0.0000000000000000000, 1.000000000000000000 ) ) ;
#5819 = FILL_AREA_STYLE_COLOUR ( '', #5853 ) ;
#5820 = FILL_AREA_STYLE ('',( #5819 ) ) ;
#5821 = SURFACE_STYLE_FILL_AREA ( #5820 ) ;
#5822 = SURFACE_SIDE_STYLE ('',( #5821 ) ) ;
#5823 = SURFACE_STYLE_USAGE ( .BOTH. , #5822 ) ;
#5824 = PRESENTATION_STYLE_ASSIGNMENT (( #5823 ) ) ;
#5825 =( LENGTH_UNIT ( ) NAMED_UNIT ( * ) SI_UNIT ( .MILLI., .METRE. ) );
#5826 =( NAMED_UNIT ( * ) PLANE_ANGLE_UNIT ( ) SI_UNIT ( $, .RADIAN. ) );
#5827 =( NAMED_UNIT ( * ) SI_UNIT ( $, .STERADIAN. ) SOLID_ANGLE_UNIT ( ) );
#5828 = CARTESIAN_POINT ( 'NONE',  ( -0.1835150700105672200, 0.2528923083283857700, 0.6989999999999999500 ) ) ;
#5829 = COLOUR_RGB ( '',0.2509803921568627400, 0.2509803921568627400, 0.2509803921568627400 ) ;
#5830 = COLOUR_RGB ( '',0.2509803921568627400, 0.2509803921568627400, 0.2509803921568627400 ) ;
#5831 = COLOUR_RGB ( '',0.2509803921568627400, 0.2509803921568627400, 0.2509803921568627400 ) ;
#5832 = COLOUR_RGB ( '',0.2509803921568627400, 0.2509803921568627400, 0.2509803921568627400 ) ;
#5833 = COLOUR_RGB ( '',0.2509803921568627400, 0.2509803921568627400, 0.2509803921568627400 ) ;
#5834 = COLOUR_RGB ( '',0.2509803921568627400, 0.2509803921568627400, 0.2509803921568627400 ) ;
#5835 = COLOUR_RGB ( '',0.2509803921568627400, 0.2509803921568627400, 0.2509803921568627400 ) ;
#5836 = COLOUR_RGB ( '',0.2509803921568627400, 0.2509803921568627400, 0.2509803921568627400 ) ;
#5837 = COLOUR_RGB ( '',0.2509803921568627400, 0.2509803921568627400, 0.2509803921568627400 ) ;
#5838 = CIRCLE ( 'NONE', #3994, 0.1000000000000000500 ) ;
#5839 = COLOUR_RGB ( '',0.7921568627450980000, 0.8196078431372548800, 0.9333333333333333500 ) ;
#5840 = COLOUR_RGB ( '',0.2509803921568627400, 0.2509803921568627400, 0.2509803921568627400 ) ;
#5841 = PRODUCT_DEFINITION ( 'UNKNOWN', '', #4017, #3489 ) ;
#5842 = COLOUR_RGB ( '',0.2509803921568627400, 0.2509803921568627400, 0.2509803921568627400 ) ;
#5843 = PRODUCT_RELATED_PRODUCT_CATEGORY ( 'part', '', ( #4068 ) ) ;
#5844 = COLOUR_RGB ( '',0.7921568627450980000, 0.8196078431372548800, 0.9333333333333333500 ) ;
#5845 = COLOUR_RGB ( '',0.2509803921568627400, 0.2509803921568627400, 0.2509803921568627400 ) ;
#5846 = COLOUR_RGB ( '',0.2509803921568627400, 0.2509803921568627400, 0.2509803921568627400 ) ;
#5847 = COLOUR_RGB ( '',1.000000000000000000, 1.000000000000000000, 1.000000000000000000 ) ;
#5848 = COLOUR_RGB ( '',0.2509803921568627400, 0.2509803921568627400, 0.2509803921568627400 ) ;
#5849 = COLOUR_RGB ( '',0.2509803921568627400, 0.2509803921568627400, 0.2509803921568627400 ) ;
#5850 = COLOUR_RGB ( '',0.2509803921568627400, 0.2509803921568627400, 0.2509803921568627400 ) ;
#5851 = COLOUR_RGB ( '',0.2509803921568627400, 0.2509803921568627400, 0.2509803921568627400 ) ;
#5852 = COLOUR_RGB ( '',0.2509803921568627400, 0.2509803921568627400, 0.2509803921568627400 ) ;
#5853 = COLOUR_RGB ( '',0.2509803921568627400, 0.2509803921568627400, 0.2509803921568627400 ) ;
#5854 = COLOUR_RGB ( '',0.2509803921568627400, 0.2509803921568627400, 0.2509803921568627400 ) ;
#5855 = COLOUR_RGB ( '',0.2509803921568627400, 0.2509803921568627400, 0.2509803921568627400 ) ;
#5856 = COLOUR_RGB ( '',0.2509803921568627400, 0.2509803921568627400, 0.2509803921568627400 ) ;
#5857 = COLOUR_RGB ( '',0.2509803921568627400, 0.2509803921568627400, 0.2509803921568627400 ) ;
#5858 = CIRCLE ( 'NONE', #1072, 0.1249999999999998900 ) ;
#5859 = COLOUR_RGB ( '',0.2509803921568627400, 0.2509803921568627400, 0.2509803921568627400 ) ;
#5860 = CIRCLE ( 'NONE', #8, 0.1249999999999998900 ) ;
#5861 = COLOUR_RGB ( '',0.2509803921568627400, 0.2509803921568627400, 0.2509803921568627400 ) ;
#5862 = COLOUR_RGB ( '',0.2509803921568627400, 0.2509803921568627400, 0.2509803921568627400 ) ;
#5863 = COLOUR_RGB ( '',0.2509803921568627400, 0.2509803921568627400, 0.2509803921568627400 ) ;
#5864 = COLOUR_RGB ( '',0.2509803921568627400, 0.2509803921568627400, 0.2509803921568627400 ) ;
#5865 = VECTOR ( 'NONE', #1332, 1000.000000000000000 ) ;
#5866 = FACE_OUTER_BOUND ( 'NONE', #698, .T. ) ;
#5867 = FACE_OUTER_BOUND ( 'NONE', #688, .T. ) ;
#5868 = STYLED_ITEM ( 'NONE', ( #1377 ), #363 ) ;
#5869 = AXIS2_PLACEMENT_3D ( 'NONE', #1382, #3962, #3944 ) ;
#5870 = VECTOR ( 'NONE', #3898, 1000.000000000000000 ) ;
#5871 = PRESENTATION_LAYER_ASSIGNMENT (  '', '', ( #5884 ) ) ;
#5872 = PRESENTATION_LAYER_ASSIGNMENT (  '', '', ( #5881 ) ) ;
#5873 = PRESENTATION_LAYER_ASSIGNMENT (  '', '', ( #5868 ) ) ;
#5874 = AXIS2_PLACEMENT_3D ( 'NONE', #3953, #3888, #3909 ) ;
#5875 = VECTOR ( 'NONE', #3906, 1000.000000000000000 ) ;
#5876 = MECHANICAL_DESIGN_GEOMETRIC_PRESENTATION_REPRESENTATION (  '', ( #5868 ), #2767 ) ;
#5877 = STYLED_ITEM ( 'NONE', ( #3966 ), #365 ) ;
#5878 = VECTOR ( 'NONE', #3896, 1000.000000000000000 ) ;
#5879 = FACE_OUTER_BOUND ( 'NONE', #692, .T. ) ;
#5880 = VECTOR ( 'NONE', #2007, 1000.000000000000000 ) ;
#5881 = STYLED_ITEM ( 'NONE', ( #1372 ), #361 ) ;
#5882 = MECHANICAL_DESIGN_GEOMETRIC_PRESENTATION_REPRESENTATION (  '', ( #5912 ), #2765 ) ;
#5883 = CYLINDRICAL_SURFACE ( 'NONE', #5869, 0.07499999999999998300 ) ;
#5884 = STYLED_ITEM ( 'NONE', ( #3930 ), #369 ) ;
#5885 = VECTOR ( 'NONE', #1349, 1000.000000000000100 ) ;
#5886 = VECTOR ( 'NONE', #3919, 1000.000000000000000 ) ;
#5887 = VECTOR ( 'NONE', #1338, 1000.000000000000000 ) ;
#5888 = VECTOR ( 'NONE', #3929, 1000.000000000000000 ) ;
#5889 = AXIS2_PLACEMENT_3D ( 'NONE', #3902, #3908, #3967 ) ;
#5890 = FACE_OUTER_BOUND ( 'NONE', #748, .T. ) ;
#5891 = PRESENTATION_LAYER_ASSIGNMENT (  '', '', ( #5912 ) ) ;
#5892 = VECTOR ( 'NONE', #1938, 1000.000000000000000 ) ;
#5893 = MECHANICAL_DESIGN_GEOMETRIC_PRESENTATION_REPRESENTATION (  '', ( #5881 ), #2766 ) ;
#5894 = VECTOR ( 'NONE', #1353, 1000.000000000000000 ) ;
#5895 = VECTOR ( 'NONE', #1356, 1000.000000000000000 ) ;
#5896 = VECTOR ( 'NONE', #1357, 1000.000000000000000 ) ;
#5897 = FACE_OUTER_BOUND ( 'NONE', #744, .T. ) ;
#5898 = AXIS2_PLACEMENT_3D ( 'NONE', #1385, #1384, #1386 ) ;
#5899 = VECTOR ( 'NONE', #1944, 1000.000000000000000 ) ;
#5900 = VECTOR ( 'NONE', #1359, 1000.000000000000000 ) ;
#5901 = VECTOR ( 'NONE', #1325, 1000.000000000000000 ) ;
#5902 = MECHANICAL_DESIGN_GEOMETRIC_PRESENTATION_REPRESENTATION (  '', ( #5877 ), #2768 ) ;
#5903 = AXIS2_PLACEMENT_3D ( 'NONE', #1388, #1387, #1389 ) ;
#5904 = PRESENTATION_LAYER_ASSIGNMENT (  '', '', ( #5877 ) ) ;
#5905 = VECTOR ( 'NONE', #1011, 1000.000000000000000 ) ;
#5906 = VECTOR ( 'NONE', #4830, 1000.000000000000000 ) ;
#5907 = VECTOR ( 'NONE', #1365, 1000.000000000000000 ) ;
#5908 = MECHANICAL_DESIGN_GEOMETRIC_PRESENTATION_REPRESENTATION (  '', ( #5884 ), #2769 ) ;
#5909 = VECTOR ( 'NONE', #1345, 1000.000000000000000 ) ;
#5910 = VECTOR ( 'NONE', #1364, 1000.000000000000000 ) ;
#5911 = AXIS2_PLACEMENT_3D ( 'NONE', #1321, #1337, #1341 ) ;
#5912 = STYLED_ITEM ( 'NONE', ( #1391 ), #357 ) ;
#5913 = FACE_OUTER_BOUND ( 'NONE', #824, .T. ) ;
#5914 = VECTOR ( 'NONE', #1603, 1000.000000000000000 ) ;
ENDSEC;
END-ISO-10303-21;
