ISO-10303-21;
HEADER;
FILE_DESCRIPTION((''),'2;1');
FILE_NAME('C-292228-2','2020-04-06T04:12:48',('workeradm'),(
'TE Connectivity Ltd.'),'CREO PARAMETRIC BY PTC INC, 2019292',
'CREO PARAMETRIC BY PTC INC, 2019292','');
FILE_SCHEMA(('AUTOMOTIVE_DESIGN { 1 0 10303 214 1 1 1 1 }'));
ENDSEC;
DATA;
#134=DIRECTION('',(0.E0,-1.E0,0.E0));
#135=VECTOR('',#134,8.E-1);
#136=CARTESIAN_POINT('',(7.5E-1,3.1E0,0.E0));
#137=LINE('',#136,#135);
#138=DIRECTION('',(-1.E0,0.E0,0.E0));
#139=VECTOR('',#138,1.8E0);
#140=CARTESIAN_POINT('',(2.55E0,3.1E0,0.E0));
#141=LINE('',#140,#139);
#142=DIRECTION('',(0.E0,1.E0,0.E0));
#143=VECTOR('',#142,5.E-1);
#144=CARTESIAN_POINT('',(2.55E0,2.6E0,0.E0));
#145=LINE('',#144,#143);
#146=DIRECTION('',(1.E0,0.E0,0.E0));
#147=VECTOR('',#146,1.5E-1);
#148=CARTESIAN_POINT('',(2.4E0,2.6E0,0.E0));
#149=LINE('',#148,#147);
#150=DIRECTION('',(0.E0,1.E0,0.E0));
#151=VECTOR('',#150,1.4E0);
#152=CARTESIAN_POINT('',(2.4E0,1.2E0,0.E0));
#153=LINE('',#152,#151);
#154=DIRECTION('',(-1.E0,0.E0,0.E0));
#155=VECTOR('',#154,6.5E-1);
#156=CARTESIAN_POINT('',(3.05E0,1.2E0,0.E0));
#157=LINE('',#156,#155);
#158=DIRECTION('',(0.E0,1.E0,0.E0));
#159=VECTOR('',#158,2.6E0);
#160=CARTESIAN_POINT('',(3.05E0,-1.4E0,0.E0));
#161=LINE('',#160,#159);
#162=DIRECTION('',(1.E0,0.E0,0.E0));
#163=VECTOR('',#162,3.5E-1);
#164=CARTESIAN_POINT('',(2.7E0,-1.4E0,0.E0));
#165=LINE('',#164,#163);
#166=DIRECTION('',(0.E0,1.E0,0.E0));
#167=VECTOR('',#166,3.E-1);
#168=CARTESIAN_POINT('',(2.7E0,-1.7E0,0.E0));
#169=LINE('',#168,#167);
#170=DIRECTION('',(1.E0,0.E0,0.E0));
#171=VECTOR('',#170,1.E0);
#172=CARTESIAN_POINT('',(1.7E0,-1.7E0,0.E0));
#173=LINE('',#172,#171);
#174=DIRECTION('',(0.E0,1.E0,0.E0));
#175=VECTOR('',#174,9.999999999999E-2);
#176=CARTESIAN_POINT('',(1.7E0,-1.8E0,0.E0));
#177=LINE('',#176,#175);
#178=DIRECTION('',(1.E0,0.E0,0.E0));
#179=VECTOR('',#178,3.4E0);
#180=CARTESIAN_POINT('',(-1.7E0,-1.8E0,0.E0));
#181=LINE('',#180,#179);
#182=DIRECTION('',(0.E0,-1.E0,0.E0));
#183=VECTOR('',#182,9.999999999999E-2);
#184=CARTESIAN_POINT('',(-1.7E0,-1.7E0,0.E0));
#185=LINE('',#184,#183);
#186=DIRECTION('',(1.E0,0.E0,0.E0));
#187=VECTOR('',#186,1.E0);
#188=CARTESIAN_POINT('',(-2.7E0,-1.7E0,0.E0));
#189=LINE('',#188,#187);
#190=DIRECTION('',(0.E0,-1.E0,0.E0));
#191=VECTOR('',#190,3.E-1);
#192=CARTESIAN_POINT('',(-2.7E0,-1.4E0,0.E0));
#193=LINE('',#192,#191);
#194=DIRECTION('',(1.E0,0.E0,0.E0));
#195=VECTOR('',#194,3.5E-1);
#196=CARTESIAN_POINT('',(-3.05E0,-1.4E0,0.E0));
#197=LINE('',#196,#195);
#198=DIRECTION('',(0.E0,-1.E0,0.E0));
#199=VECTOR('',#198,2.6E0);
#200=CARTESIAN_POINT('',(-3.05E0,1.2E0,0.E0));
#201=LINE('',#200,#199);
#202=DIRECTION('',(-1.E0,0.E0,0.E0));
#203=VECTOR('',#202,5.E-1);
#204=CARTESIAN_POINT('',(-2.55E0,1.2E0,0.E0));
#205=LINE('',#204,#203);
#206=DIRECTION('',(0.E0,-1.E0,0.E0));
#207=VECTOR('',#206,1.9E0);
#208=CARTESIAN_POINT('',(-2.55E0,3.1E0,0.E0));
#209=LINE('',#208,#207);
#210=DIRECTION('',(-1.E0,0.E0,0.E0));
#211=VECTOR('',#210,1.8E0);
#212=CARTESIAN_POINT('',(-7.5E-1,3.1E0,0.E0));
#213=LINE('',#212,#211);
#214=DIRECTION('',(0.E0,-1.E0,0.E0));
#215=VECTOR('',#214,8.E-1);
#216=CARTESIAN_POINT('',(-7.5E-1,3.1E0,0.E0));
#217=LINE('',#216,#215);
#218=DIRECTION('',(1.E0,0.E0,0.E0));
#219=VECTOR('',#218,1.5E0);
#220=CARTESIAN_POINT('',(-7.5E-1,2.3E0,0.E0));
#221=LINE('',#220,#219);
#222=DIRECTION('',(0.E0,-1.E0,0.E0));
#223=VECTOR('',#222,2.1E0);
#224=CARTESIAN_POINT('',(-2.E0,2.9E0,0.E0));
#225=LINE('',#224,#223);
#226=DIRECTION('',(0.E0,-1.E0,0.E0));
#227=VECTOR('',#226,1.6E0);
#228=CARTESIAN_POINT('',(-2.55E0,8.E-1,0.E0));
#229=LINE('',#228,#227);
#230=DIRECTION('',(0.E0,1.E0,0.E0));
#231=VECTOR('',#230,4.5E-1);
#232=CARTESIAN_POINT('',(-2.E0,-1.25E0,0.E0));
#233=LINE('',#232,#231);
#234=DIRECTION('',(-1.E0,0.E0,0.E0));
#235=VECTOR('',#234,4.E0);
#236=CARTESIAN_POINT('',(2.E0,-1.25E0,0.E0));
#237=LINE('',#236,#235);
#238=DIRECTION('',(0.E0,-1.E0,0.E0));
#239=VECTOR('',#238,4.5E-1);
#240=CARTESIAN_POINT('',(2.E0,-8.E-1,0.E0));
#241=LINE('',#240,#239);
#242=DIRECTION('',(0.E0,1.E0,0.E0));
#243=VECTOR('',#242,1.6E0);
#244=CARTESIAN_POINT('',(2.55E0,-8.E-1,0.E0));
#245=LINE('',#244,#243);
#246=DIRECTION('',(0.E0,1.E0,0.E0));
#247=VECTOR('',#246,2.1E0);
#248=CARTESIAN_POINT('',(2.E0,8.E-1,0.E0));
#249=LINE('',#248,#247);
#250=DIRECTION('',(1.E0,0.E0,0.E0));
#251=VECTOR('',#250,1.1E0);
#252=CARTESIAN_POINT('',(9.E-1,2.9E0,0.E0));
#253=LINE('',#252,#251);
#254=DIRECTION('',(0.E0,1.E0,0.E0));
#255=VECTOR('',#254,7.5E-1);
#256=CARTESIAN_POINT('',(9.E-1,2.15E0,0.E0));
#257=LINE('',#256,#255);
#258=DIRECTION('',(1.E0,0.E0,0.E0));
#259=VECTOR('',#258,1.8E0);
#260=CARTESIAN_POINT('',(-9.E-1,2.15E0,0.E0));
#261=LINE('',#260,#259);
#262=DIRECTION('',(0.E0,-1.E0,0.E0));
#263=VECTOR('',#262,7.5E-1);
#264=CARTESIAN_POINT('',(-9.E-1,2.9E0,0.E0));
#265=LINE('',#264,#263);
#266=DIRECTION('',(1.E0,0.E0,0.E0));
#267=VECTOR('',#266,1.1E0);
#268=CARTESIAN_POINT('',(-2.E0,2.9E0,0.E0));
#269=LINE('',#268,#267);
#270=DIRECTION('',(0.E0,5.144957554275E-1,-8.574929257125E-1));
#271=VECTOR('',#270,5.830951894845E-1);
#272=CARTESIAN_POINT('',(7.5E-1,2.3E0,0.E0));
#273=LINE('',#272,#271);
#274=DIRECTION('',(0.E0,1.E0,0.E0));
#275=VECTOR('',#274,5.E-1);
#276=CARTESIAN_POINT('',(7.5E-1,2.6E0,-5.E-1));
#277=LINE('',#276,#275);
#278=DIRECTION('',(0.E0,1.E0,0.E0));
#279=VECTOR('',#278,5.E-1);
#280=CARTESIAN_POINT('',(-7.5E-1,2.6E0,-5.E-1));
#281=LINE('',#280,#279);
#282=DIRECTION('',(0.E0,5.144957554275E-1,-8.574929257125E-1));
#283=VECTOR('',#282,5.830951894845E-1);
#284=CARTESIAN_POINT('',(-7.5E-1,2.3E0,0.E0));
#285=LINE('',#284,#283);
#286=DIRECTION('',(0.E0,0.E0,-1.E0));
#287=VECTOR('',#286,5.E-1);
#288=CARTESIAN_POINT('',(7.5E-1,3.1E0,0.E0));
#289=LINE('',#288,#287);
#290=DIRECTION('',(1.E0,0.E0,0.E0));
#291=VECTOR('',#290,1.5E0);
#292=CARTESIAN_POINT('',(-7.5E-1,3.1E0,-5.E-1));
#293=LINE('',#292,#291);
#294=DIRECTION('',(0.E0,0.E0,-1.E0));
#295=VECTOR('',#294,5.E-1);
#296=CARTESIAN_POINT('',(-7.5E-1,3.1E0,0.E0));
#297=LINE('',#296,#295);
#298=DIRECTION('',(-1.E0,0.E0,0.E0));
#299=VECTOR('',#298,5.1E0);
#300=CARTESIAN_POINT('',(2.55E0,3.1E0,-5.9E0));
#301=LINE('',#300,#299);
#302=DIRECTION('',(0.E0,0.E0,-1.E0));
#303=VECTOR('',#302,5.9E0);
#304=CARTESIAN_POINT('',(2.55E0,3.1E0,0.E0));
#305=LINE('',#304,#303);
#306=DIRECTION('',(-1.E0,0.E0,0.E0));
#307=VECTOR('',#306,1.5E0);
#308=CARTESIAN_POINT('',(7.5E-1,2.6E0,-5.E-1));
#309=LINE('',#308,#307);
#310=DIRECTION('',(0.E0,-1.E0,0.E0));
#311=VECTOR('',#310,1.9E0);
#312=CARTESIAN_POINT('',(-2.55E0,3.1E0,-5.9E0));
#313=LINE('',#312,#311);
#314=DIRECTION('',(0.E0,0.E0,-1.E0));
#315=VECTOR('',#314,5.9E0);
#316=CARTESIAN_POINT('',(-2.55E0,3.1E0,0.E0));
#317=LINE('',#316,#315);
#318=DIRECTION('',(1.E0,0.E0,0.E0));
#319=VECTOR('',#318,4.E-1);
#320=CARTESIAN_POINT('',(2.4E0,1.2E0,-5.9E0));
#321=LINE('',#320,#319);
#322=DIRECTION('',(0.E0,0.E0,1.E0));
#323=VECTOR('',#322,4.E-1);
#324=CARTESIAN_POINT('',(2.8E0,1.2E0,-5.9E0));
#325=LINE('',#324,#323);
#326=DIRECTION('',(0.E0,0.E0,1.E0));
#327=VECTOR('',#326,4.E-1);
#328=CARTESIAN_POINT('',(-2.8E0,1.2E0,-5.9E0));
#329=LINE('',#328,#327);
#330=DIRECTION('',(1.E0,0.E0,0.E0));
#331=VECTOR('',#330,2.5E-1);
#332=CARTESIAN_POINT('',(-2.8E0,1.2E0,-5.9E0));
#333=LINE('',#332,#331);
#334=DIRECTION('',(0.E0,0.E0,-1.E0));
#335=VECTOR('',#334,5.9E0);
#336=CARTESIAN_POINT('',(-2.55E0,1.2E0,0.E0));
#337=LINE('',#336,#335);
#338=DIRECTION('',(1.E0,0.E0,0.E0));
#339=VECTOR('',#338,4.E-1);
#340=CARTESIAN_POINT('',(3.35E0,1.2E0,-2.E0));
#341=LINE('',#340,#339);
#342=DIRECTION('',(0.E0,0.E0,1.E0));
#343=VECTOR('',#342,8.E-1);
#344=CARTESIAN_POINT('',(3.75E0,1.2E0,-2.E0));
#345=LINE('',#344,#343);
#346=DIRECTION('',(-7.071067811865E-1,0.E0,7.071067811865E-1));
#347=VECTOR('',#346,2.828427124746E-1);
#348=CARTESIAN_POINT('',(3.75E0,1.2E0,-1.2E0));
#349=LINE('',#348,#347);
#350=DIRECTION('',(-1.E0,0.E0,0.E0));
#351=VECTOR('',#350,2.E-1);
#352=CARTESIAN_POINT('',(3.55E0,1.2E0,-1.E0));
#353=LINE('',#352,#351);
#354=DIRECTION('',(0.E0,0.E0,-1.E0));
#355=VECTOR('',#354,7.5E-1);
#356=CARTESIAN_POINT('',(3.35E0,1.2E0,-1.25E0));
#357=LINE('',#356,#355);
#358=DIRECTION('',(7.071067811865E-1,0.E0,7.071067811865E-1));
#359=VECTOR('',#358,2.828427124746E-1);
#360=CARTESIAN_POINT('',(3.55E0,1.2E0,-5.5E0));
#361=LINE('',#360,#359);
#362=DIRECTION('',(0.E0,0.E0,1.E0));
#363=VECTOR('',#362,8.E-1);
#364=CARTESIAN_POINT('',(3.75E0,1.2E0,-5.3E0));
#365=LINE('',#364,#363);
#366=DIRECTION('',(-1.E0,0.E0,0.E0));
#367=VECTOR('',#366,4.E-1);
#368=CARTESIAN_POINT('',(3.75E0,1.2E0,-4.5E0));
#369=LINE('',#368,#367);
#370=DIRECTION('',(0.E0,0.E0,-1.E0));
#371=VECTOR('',#370,7.5E-1);
#372=CARTESIAN_POINT('',(3.35E0,1.2E0,-4.5E0));
#373=LINE('',#372,#371);
#374=DIRECTION('',(-1.E0,0.E0,0.E0));
#375=VECTOR('',#374,2.E-1);
#376=CARTESIAN_POINT('',(-3.35E0,1.2E0,-1.E0));
#377=LINE('',#376,#375);
#378=DIRECTION('',(-7.071067811865E-1,0.E0,-7.071067811865E-1));
#379=VECTOR('',#378,2.828427124746E-1);
#380=CARTESIAN_POINT('',(-3.55E0,1.2E0,-1.E0));
#381=LINE('',#380,#379);
#382=DIRECTION('',(0.E0,0.E0,-1.E0));
#383=VECTOR('',#382,8.E-1);
#384=CARTESIAN_POINT('',(-3.75E0,1.2E0,-1.2E0));
#385=LINE('',#384,#383);
#386=DIRECTION('',(1.E0,0.E0,0.E0));
#387=VECTOR('',#386,4.E-1);
#388=CARTESIAN_POINT('',(-3.75E0,1.2E0,-2.E0));
#389=LINE('',#388,#387);
#390=DIRECTION('',(0.E0,0.E0,-1.E0));
#391=VECTOR('',#390,7.5E-1);
#392=CARTESIAN_POINT('',(-3.35E0,1.2E0,-1.25E0));
#393=LINE('',#392,#391);
#394=DIRECTION('',(-1.E0,0.E0,0.E0));
#395=VECTOR('',#394,4.E-1);
#396=CARTESIAN_POINT('',(-3.35E0,1.2E0,-4.5E0));
#397=LINE('',#396,#395);
#398=DIRECTION('',(0.E0,0.E0,-1.E0));
#399=VECTOR('',#398,8.E-1);
#400=CARTESIAN_POINT('',(-3.75E0,1.2E0,-4.5E0));
#401=LINE('',#400,#399);
#402=DIRECTION('',(7.071067811865E-1,0.E0,-7.071067811865E-1));
#403=VECTOR('',#402,2.828427124746E-1);
#404=CARTESIAN_POINT('',(-3.75E0,1.2E0,-5.3E0));
#405=LINE('',#404,#403);
#406=DIRECTION('',(0.E0,0.E0,-1.E0));
#407=VECTOR('',#406,7.5E-1);
#408=CARTESIAN_POINT('',(-3.35E0,1.2E0,-4.5E0));
#409=LINE('',#408,#407);
#410=DIRECTION('',(0.E0,0.E0,-1.E0));
#411=VECTOR('',#410,5.5E0);
#412=CARTESIAN_POINT('',(3.05E0,1.2E0,0.E0));
#413=LINE('',#412,#411);
#414=DIRECTION('',(0.E0,1.E0,0.E0));
#415=VECTOR('',#414,1.9E0);
#416=CARTESIAN_POINT('',(3.05E0,-1.4E0,-4.8E0));
#417=LINE('',#416,#415);
#418=DIRECTION('',(0.E0,0.E0,-1.E0));
#419=VECTOR('',#418,3.1E0);
#420=CARTESIAN_POINT('',(3.05E0,-1.4E0,-1.7E0));
#421=LINE('',#420,#419);
#422=DIRECTION('',(0.E0,1.E0,0.E0));
#423=VECTOR('',#422,1.9E0);
#424=CARTESIAN_POINT('',(3.05E0,-1.4E0,-1.7E0));
#425=LINE('',#424,#423);
#426=DIRECTION('',(0.E0,1.E0,0.E0));
#427=VECTOR('',#426,1.9E0);
#428=CARTESIAN_POINT('',(3.05E0,-1.4E0,-1.E0));
#429=LINE('',#428,#427);
#430=DIRECTION('',(0.E0,0.E0,-1.E0));
#431=VECTOR('',#430,1.E0);
#432=CARTESIAN_POINT('',(3.05E0,-1.4E0,0.E0));
#433=LINE('',#432,#431);
#434=DIRECTION('',(0.E0,-1.E0,0.E0));
#435=VECTOR('',#434,7.E-1);
#436=CARTESIAN_POINT('',(3.05E0,1.2E0,-5.5E0));
#437=LINE('',#436,#435);
#438=DIRECTION('',(-1.E0,0.E0,0.E0));
#439=VECTOR('',#438,2.5E-1);
#440=CARTESIAN_POINT('',(3.05E0,1.2E0,-5.5E0));
#441=LINE('',#440,#439);
#442=DIRECTION('',(0.E0,-1.E0,0.E0));
#443=VECTOR('',#442,2.6E0);
#444=CARTESIAN_POINT('',(2.8E0,1.2E0,-5.5E0));
#445=LINE('',#444,#443);
#446=DIRECTION('',(1.E0,0.E0,0.E0));
#447=VECTOR('',#446,7.5E-1);
#448=CARTESIAN_POINT('',(2.8E0,-1.4E0,-5.5E0));
#449=LINE('',#448,#447);
#450=DIRECTION('',(-1.E0,0.E0,0.E0));
#451=VECTOR('',#450,2.E-1);
#452=CARTESIAN_POINT('',(3.55E0,1.2E0,-5.5E0));
#453=LINE('',#452,#451);
#454=DIRECTION('',(0.E0,-1.E0,0.E0));
#455=VECTOR('',#454,7.E-1);
#456=CARTESIAN_POINT('',(3.35E0,1.2E0,-5.5E0));
#457=LINE('',#456,#455);
#458=DIRECTION('',(1.E0,0.E0,0.E0));
#459=VECTOR('',#458,3.E-1);
#460=CARTESIAN_POINT('',(3.05E0,5.000000000001E-1,-5.5E0));
#461=LINE('',#460,#459);
#462=DIRECTION('',(0.E0,-1.E0,0.E0));
#463=VECTOR('',#462,9.5E-1);
#464=CARTESIAN_POINT('',(2.8E0,1.2E0,-5.9E0));
#465=LINE('',#464,#463);
#466=DIRECTION('',(0.E0,0.E0,-1.E0));
#467=VECTOR('',#466,5.E-1);
#468=CARTESIAN_POINT('',(2.8E0,2.500000000001E-1,-5.9E0));
#469=LINE('',#468,#467);
#470=DIRECTION('',(0.E0,-3.589790793089E-1,-9.333456062031E-1));
#471=VECTOR('',#470,1.392838827718E0);
#472=CARTESIAN_POINT('',(2.8E0,2.500000000001E-1,-6.4E0));
#473=LINE('',#472,#471);
#474=DIRECTION('',(1.E0,0.E0,0.E0));
#475=VECTOR('',#474,5.E-1);
#476=CARTESIAN_POINT('',(-1.E0,2.5E-1,-6.65E0));
#477=LINE('',#476,#475);
#478=DIRECTION('',(1.E0,0.E0,0.E0));
#479=VECTOR('',#478,5.E-1);
#480=CARTESIAN_POINT('',(5.E-1,2.5E-1,-6.65E0));
#481=LINE('',#480,#479);
#482=DIRECTION('',(1.E0,0.E0,0.E0));
#483=VECTOR('',#482,5.6E0);
#484=CARTESIAN_POINT('',(-2.8E0,2.500000000001E-1,-5.9E0));
#485=LINE('',#484,#483);
#486=DIRECTION('',(0.E0,-3.589790793089E-1,-9.333456062031E-1));
#487=VECTOR('',#486,8.213538167761E-1);
#488=CARTESIAN_POINT('',(-1.E0,2.5E-1,-6.4E0));
#489=LINE('',#488,#487);
#490=DIRECTION('',(1.E0,-1.770188933708E-14,-6.217248937901E-14));
#491=VECTOR('',#490,1.8E0);
#492=CARTESIAN_POINT('',(-2.8E0,2.500000000001E-1,-6.4E0));
#493=LINE('',#492,#491);
#494=DIRECTION('',(1.E0,1.770188933708E-14,6.167905692362E-14));
#495=VECTOR('',#494,1.8E0);
#496=CARTESIAN_POINT('',(1.E0,2.5E-1,-6.4E0));
#497=LINE('',#496,#495);
#498=DIRECTION('',(0.E0,-3.589790793089E-1,-9.333456062031E-1));
#499=VECTOR('',#498,8.213538167761E-1);
#500=CARTESIAN_POINT('',(1.E0,2.5E-1,-6.4E0));
#501=LINE('',#500,#499);
#502=DIRECTION('',(1.E0,0.E0,0.E0));
#503=VECTOR('',#502,5.E-1);
#504=CARTESIAN_POINT('',(5.E-1,-4.484883693308E-2,-7.166606976026E0));
#505=LINE('',#504,#503);
#506=DIRECTION('',(0.E0,-3.589790793089E-1,-9.333456062031E-1));
#507=VECTOR('',#506,8.213538167761E-1);
#508=CARTESIAN_POINT('',(5.E-1,2.5E-1,-6.4E0));
#509=LINE('',#508,#507);
#510=DIRECTION('',(1.E0,0.E0,0.E0));
#511=VECTOR('',#510,1.E0);
#512=CARTESIAN_POINT('',(-5.E-1,2.5E-1,-6.4E0));
#513=LINE('',#512,#511);
#514=DIRECTION('',(0.E0,-3.589790793089E-1,-9.333456062031E-1));
#515=VECTOR('',#514,8.213538167761E-1);
#516=CARTESIAN_POINT('',(-5.E-1,2.5E-1,-6.4E0));
#517=LINE('',#516,#515);
#518=DIRECTION('',(1.E0,0.E0,0.E0));
#519=VECTOR('',#518,5.E-1);
#520=CARTESIAN_POINT('',(-1.E0,-4.484883693308E-2,-7.166606976026E0));
#521=LINE('',#520,#519);
#522=CARTESIAN_POINT('',(-1.E0,-1.25E0,-7.7E0));
#523=DIRECTION('',(1.E0,0.E0,0.E0));
#524=DIRECTION('',(0.E0,-9.166666666667E-1,3.996526269427E-1));
#525=AXIS2_PLACEMENT_3D('',#522,#523,#524);
#527=DIRECTION('',(0.E0,0.E0,-1.E0));
#528=VECTOR('',#527,1.5E0);
#529=CARTESIAN_POINT('',(-1.E0,-1.85E0,-7.7E0));
#530=LINE('',#529,#528);
#531=DIRECTION('',(0.E0,1.E0,0.E0));
#532=VECTOR('',#531,5.E-1);
#533=CARTESIAN_POINT('',(-1.E0,-1.85E0,-9.2E0));
#534=LINE('',#533,#532);
#535=DIRECTION('',(0.E0,0.E0,1.E0));
#536=VECTOR('',#535,1.5E0);
#537=CARTESIAN_POINT('',(-1.E0,-1.35E0,-9.2E0));
#538=LINE('',#537,#536);
#539=DIRECTION('',(0.E0,0.E0,1.E0));
#540=VECTOR('',#539,2.4E0);
#541=CARTESIAN_POINT('',(-1.E0,2.5E-1,-4.5E0));
#542=LINE('',#541,#540);
#543=DIRECTION('',(0.E0,-1.E0,0.E0));
#544=VECTOR('',#543,5.E-1);
#545=CARTESIAN_POINT('',(-1.E0,2.5E-1,-2.1E0));
#546=LINE('',#545,#544);
#547=DIRECTION('',(0.E0,0.E0,-1.E0));
#548=VECTOR('',#547,2.4E0);
#549=CARTESIAN_POINT('',(-1.E0,-2.5E-1,-2.1E0));
#550=LINE('',#549,#548);
#551=CARTESIAN_POINT('',(-1.E0,-3.5E-1,-6.65E0));
#552=DIRECTION('',(1.E0,0.E0,0.E0));
#553=DIRECTION('',(0.E0,5.085852717782E-1,-8.610116267103E-1));
#554=AXIS2_PLACEMENT_3D('',#551,#552,#553);
#556=DIRECTION('',(0.E0,5.107025913278E-14,1.E0));
#557=VECTOR('',#556,2.499999999999E-1);
#558=CARTESIAN_POINT('',(-1.E0,2.5E-1,-6.65E0));
#559=LINE('',#558,#557);
#560=DIRECTION('',(0.E0,1.E0,0.E0));
#561=VECTOR('',#560,4.5E-1);
#562=CARTESIAN_POINT('',(-1.E0,-1.8E0,-7.7E0));
#563=LINE('',#562,#561);
#564=DIRECTION('',(1.E0,0.E0,0.E0));
#565=VECTOR('',#564,5.E-1);
#566=CARTESIAN_POINT('',(-1.E0,-1.35E0,-7.7E0));
#567=LINE('',#566,#565);
#568=DIRECTION('',(0.E0,1.E0,0.E0));
#569=VECTOR('',#568,4.5E-1);
#570=CARTESIAN_POINT('',(-5.E-1,-1.8E0,-7.7E0));
#571=LINE('',#570,#569);
#572=DIRECTION('',(1.E0,0.E0,0.E0));
#573=VECTOR('',#572,1.E0);
#574=CARTESIAN_POINT('',(-5.E-1,-1.8E0,-7.7E0));
#575=LINE('',#574,#573);
#576=DIRECTION('',(0.E0,1.E0,0.E0));
#577=VECTOR('',#576,4.5E-1);
#578=CARTESIAN_POINT('',(5.E-1,-1.8E0,-7.7E0));
#579=LINE('',#578,#577);
#580=DIRECTION('',(1.E0,0.E0,0.E0));
#581=VECTOR('',#580,5.E-1);
#582=CARTESIAN_POINT('',(5.E-1,-1.35E0,-7.7E0));
#583=LINE('',#582,#581);
#584=DIRECTION('',(0.E0,1.E0,0.E0));
#585=VECTOR('',#584,4.5E-1);
#586=CARTESIAN_POINT('',(1.E0,-1.8E0,-7.7E0));
#587=LINE('',#586,#585);
#588=DIRECTION('',(1.E0,0.E0,0.E0));
#589=VECTOR('',#588,7.E-1);
#590=CARTESIAN_POINT('',(1.E0,-1.8E0,-7.7E0));
#591=LINE('',#590,#589);
#592=DIRECTION('',(0.E0,1.E0,0.E0));
#593=VECTOR('',#592,9.999999999999E-2);
#594=CARTESIAN_POINT('',(1.7E0,-1.8E0,-7.7E0));
#595=LINE('',#594,#593);
#596=DIRECTION('',(1.E0,0.E0,0.E0));
#597=VECTOR('',#596,1.E0);
#598=CARTESIAN_POINT('',(1.7E0,-1.7E0,-7.7E0));
#599=LINE('',#598,#597);
#600=DIRECTION('',(0.E0,1.E0,0.E0));
#601=VECTOR('',#600,3.E-1);
#602=CARTESIAN_POINT('',(2.7E0,-1.7E0,-7.7E0));
#603=LINE('',#602,#601);
#604=DIRECTION('',(1.E0,0.E0,0.E0));
#605=VECTOR('',#604,1.E-1);
#606=CARTESIAN_POINT('',(2.7E0,-1.4E0,-7.7E0));
#607=LINE('',#606,#605);
#608=DIRECTION('',(0.E0,1.E0,0.E0));
#609=VECTOR('',#608,1.15E0);
#610=CARTESIAN_POINT('',(2.8E0,-1.4E0,-7.7E0));
#611=LINE('',#610,#609);
#612=DIRECTION('',(1.E0,0.E0,0.E0));
#613=VECTOR('',#612,5.6E0);
#614=CARTESIAN_POINT('',(-2.8E0,-2.499999999999E-1,-7.7E0));
#615=LINE('',#614,#613);
#616=DIRECTION('',(0.E0,1.E0,0.E0));
#617=VECTOR('',#616,1.15E0);
#618=CARTESIAN_POINT('',(-2.8E0,-1.4E0,-7.7E0));
#619=LINE('',#618,#617);
#620=DIRECTION('',(1.E0,0.E0,0.E0));
#621=VECTOR('',#620,1.E-1);
#622=CARTESIAN_POINT('',(-2.8E0,-1.4E0,-7.7E0));
#623=LINE('',#622,#621);
#624=DIRECTION('',(0.E0,-1.E0,0.E0));
#625=VECTOR('',#624,3.E-1);
#626=CARTESIAN_POINT('',(-2.7E0,-1.4E0,-7.7E0));
#627=LINE('',#626,#625);
#628=DIRECTION('',(1.E0,0.E0,0.E0));
#629=VECTOR('',#628,1.E0);
#630=CARTESIAN_POINT('',(-2.7E0,-1.7E0,-7.7E0));
#631=LINE('',#630,#629);
#632=DIRECTION('',(0.E0,-1.E0,0.E0));
#633=VECTOR('',#632,9.999999999999E-2);
#634=CARTESIAN_POINT('',(-1.7E0,-1.7E0,-7.7E0));
#635=LINE('',#634,#633);
#636=DIRECTION('',(1.E0,0.E0,0.E0));
#637=VECTOR('',#636,7.E-1);
#638=CARTESIAN_POINT('',(-1.7E0,-1.8E0,-7.7E0));
#639=LINE('',#638,#637);
#640=DIRECTION('',(1.E0,0.E0,0.E0));
#641=VECTOR('',#640,5.E-1);
#642=CARTESIAN_POINT('',(-1.E0,-1.35E0,-9.2E0));
#643=LINE('',#642,#641);
#644=DIRECTION('',(1.E0,0.E0,0.E0));
#645=VECTOR('',#644,5.E-1);
#646=CARTESIAN_POINT('',(-1.E0,-1.85E0,-9.2E0));
#647=LINE('',#646,#645);
#648=DIRECTION('',(1.E0,0.E0,0.E0));
#649=VECTOR('',#648,5.E-1);
#650=CARTESIAN_POINT('',(-1.E0,-1.85E0,-7.7E0));
#651=LINE('',#650,#649);
#652=DIRECTION('',(0.E0,0.E0,1.E0));
#653=VECTOR('',#652,2.397915761656E-1);
#654=CARTESIAN_POINT('',(-1.E0,-1.8E0,-7.7E0));
#655=LINE('',#654,#653);
#656=DIRECTION('',(0.E0,0.E0,-1.E0));
#657=VECTOR('',#656,7.7E0);
#658=CARTESIAN_POINT('',(-1.7E0,-1.8E0,0.E0));
#659=LINE('',#658,#657);
#660=DIRECTION('',(0.E0,0.E0,1.E0));
#661=VECTOR('',#660,2.397915761656E-1);
#662=CARTESIAN_POINT('',(1.E0,-1.8E0,-7.7E0));
#663=LINE('',#662,#661);
#664=DIRECTION('',(1.E0,0.E0,0.E0));
#665=VECTOR('',#664,5.E-1);
#666=CARTESIAN_POINT('',(5.E-1,-1.8E0,-7.460208423834E0));
#667=LINE('',#666,#665);
#668=DIRECTION('',(0.E0,0.E0,1.E0));
#669=VECTOR('',#668,2.397915761656E-1);
#670=CARTESIAN_POINT('',(5.E-1,-1.8E0,-7.7E0));
#671=LINE('',#670,#669);
#672=DIRECTION('',(0.E0,0.E0,1.E0));
#673=VECTOR('',#672,2.397915761656E-1);
#674=CARTESIAN_POINT('',(-5.E-1,-1.8E0,-7.7E0));
#675=LINE('',#674,#673);
#676=DIRECTION('',(1.E0,0.E0,0.E0));
#677=VECTOR('',#676,5.E-1);
#678=CARTESIAN_POINT('',(-1.E0,-1.8E0,-7.460208423834E0));
#679=LINE('',#678,#677);
#680=DIRECTION('',(0.E0,0.E0,-1.E0));
#681=VECTOR('',#680,7.7E0);
#682=CARTESIAN_POINT('',(-1.7E0,-1.7E0,0.E0));
#683=LINE('',#682,#681);
#684=DIRECTION('',(0.E0,0.E0,-1.E0));
#685=VECTOR('',#684,7.7E0);
#686=CARTESIAN_POINT('',(-2.7E0,-1.7E0,0.E0));
#687=LINE('',#686,#685);
#688=DIRECTION('',(0.E0,0.E0,-1.E0));
#689=VECTOR('',#688,7.7E0);
#690=CARTESIAN_POINT('',(-2.7E0,-1.4E0,0.E0));
#691=LINE('',#690,#689);
#692=DIRECTION('',(0.E0,0.E0,1.E0));
#693=VECTOR('',#692,2.2E0);
#694=CARTESIAN_POINT('',(2.8E0,-1.4E0,-7.7E0));
#695=LINE('',#694,#693);
#696=DIRECTION('',(0.E0,0.E0,-1.E0));
#697=VECTOR('',#696,7.7E0);
#698=CARTESIAN_POINT('',(2.7E0,-1.4E0,0.E0));
#699=LINE('',#698,#697);
#700=DIRECTION('',(-1.E0,0.E0,0.E0));
#701=VECTOR('',#700,5.E-1);
#702=CARTESIAN_POINT('',(3.55E0,-1.4E0,-1.E0));
#703=LINE('',#702,#701);
#704=DIRECTION('',(-7.071067811865E-1,0.E0,7.071067811865E-1));
#705=VECTOR('',#704,2.828427124746E-1);
#706=CARTESIAN_POINT('',(3.75E0,-1.4E0,-1.2E0));
#707=LINE('',#706,#705);
#708=DIRECTION('',(0.E0,0.E0,1.E0));
#709=VECTOR('',#708,8.E-1);
#710=CARTESIAN_POINT('',(3.75E0,-1.4E0,-2.E0));
#711=LINE('',#710,#709);
#712=DIRECTION('',(1.E0,0.E0,0.E0));
#713=VECTOR('',#712,4.E-1);
#714=CARTESIAN_POINT('',(3.35E0,-1.4E0,-2.E0));
#715=LINE('',#714,#713);
#716=DIRECTION('',(0.E0,0.E0,-1.E0));
#717=VECTOR('',#716,3.E-1);
#718=CARTESIAN_POINT('',(3.35E0,-1.4E0,-1.7E0));
#719=LINE('',#718,#717);
#720=DIRECTION('',(1.E0,0.E0,0.E0));
#721=VECTOR('',#720,3.E-1);
#722=CARTESIAN_POINT('',(3.05E0,-1.4E0,-1.7E0));
#723=LINE('',#722,#721);
#724=DIRECTION('',(-1.E0,0.E0,0.E0));
#725=VECTOR('',#724,3.E-1);
#726=CARTESIAN_POINT('',(3.35E0,-1.4E0,-4.8E0));
#727=LINE('',#726,#725);
#728=DIRECTION('',(0.E0,0.E0,-1.E0));
#729=VECTOR('',#728,3.E-1);
#730=CARTESIAN_POINT('',(3.35E0,-1.4E0,-4.5E0));
#731=LINE('',#730,#729);
#732=DIRECTION('',(-1.E0,0.E0,0.E0));
#733=VECTOR('',#732,4.E-1);
#734=CARTESIAN_POINT('',(3.75E0,-1.4E0,-4.5E0));
#735=LINE('',#734,#733);
#736=DIRECTION('',(0.E0,0.E0,1.E0));
#737=VECTOR('',#736,8.E-1);
#738=CARTESIAN_POINT('',(3.75E0,-1.4E0,-5.3E0));
#739=LINE('',#738,#737);
#740=DIRECTION('',(7.071067811865E-1,0.E0,7.071067811865E-1));
#741=VECTOR('',#740,2.828427124746E-1);
#742=CARTESIAN_POINT('',(3.55E0,-1.4E0,-5.5E0));
#743=LINE('',#742,#741);
#744=DIRECTION('',(7.071067811865E-1,0.E0,-7.071067811865E-1));
#745=VECTOR('',#744,2.828427124746E-1);
#746=CARTESIAN_POINT('',(-3.75E0,-1.4E0,-5.3E0));
#747=LINE('',#746,#745);
#748=DIRECTION('',(0.E0,0.E0,-1.E0));
#749=VECTOR('',#748,8.E-1);
#750=CARTESIAN_POINT('',(-3.75E0,-1.4E0,-4.5E0));
#751=LINE('',#750,#749);
#752=DIRECTION('',(-1.E0,0.E0,0.E0));
#753=VECTOR('',#752,4.E-1);
#754=CARTESIAN_POINT('',(-3.35E0,-1.4E0,-4.5E0));
#755=LINE('',#754,#753);
#756=DIRECTION('',(0.E0,0.E0,1.E0));
#757=VECTOR('',#756,3.E-1);
#758=CARTESIAN_POINT('',(-3.35E0,-1.4E0,-4.8E0));
#759=LINE('',#758,#757);
#760=DIRECTION('',(-1.E0,0.E0,0.E0));
#761=VECTOR('',#760,3.E-1);
#762=CARTESIAN_POINT('',(-3.05E0,-1.4E0,-4.8E0));
#763=LINE('',#762,#761);
#764=DIRECTION('',(0.E0,0.E0,-1.E0));
#765=VECTOR('',#764,3.1E0);
#766=CARTESIAN_POINT('',(-3.05E0,-1.4E0,-1.7E0));
#767=LINE('',#766,#765);
#768=DIRECTION('',(1.E0,0.E0,0.E0));
#769=VECTOR('',#768,3.E-1);
#770=CARTESIAN_POINT('',(-3.35E0,-1.4E0,-1.7E0));
#771=LINE('',#770,#769);
#772=DIRECTION('',(0.E0,0.E0,1.E0));
#773=VECTOR('',#772,3.E-1);
#774=CARTESIAN_POINT('',(-3.35E0,-1.4E0,-2.E0));
#775=LINE('',#774,#773);
#776=DIRECTION('',(1.E0,0.E0,0.E0));
#777=VECTOR('',#776,4.E-1);
#778=CARTESIAN_POINT('',(-3.75E0,-1.4E0,-2.E0));
#779=LINE('',#778,#777);
#780=DIRECTION('',(0.E0,0.E0,-1.E0));
#781=VECTOR('',#780,8.E-1);
#782=CARTESIAN_POINT('',(-3.75E0,-1.4E0,-1.2E0));
#783=LINE('',#782,#781);
#784=DIRECTION('',(-7.071067811865E-1,0.E0,-7.071067811865E-1));
#785=VECTOR('',#784,2.828427124746E-1);
#786=CARTESIAN_POINT('',(-3.55E0,-1.4E0,-1.E0));
#787=LINE('',#786,#785);
#788=DIRECTION('',(-1.E0,0.E0,0.E0));
#789=VECTOR('',#788,5.E-1);
#790=CARTESIAN_POINT('',(-3.05E0,-1.4E0,-1.E0));
#791=LINE('',#790,#789);
#792=DIRECTION('',(0.E0,0.E0,-1.E0));
#793=VECTOR('',#792,1.E0);
#794=CARTESIAN_POINT('',(-3.05E0,-1.4E0,0.E0));
#795=LINE('',#794,#793);
#796=DIRECTION('',(0.E0,0.E0,1.E0));
#797=VECTOR('',#796,2.2E0);
#798=CARTESIAN_POINT('',(-2.8E0,-1.4E0,-7.7E0));
#799=LINE('',#798,#797);
#800=DIRECTION('',(0.E0,0.E0,-1.E0));
#801=VECTOR('',#800,7.7E0);
#802=CARTESIAN_POINT('',(2.7E0,-1.7E0,0.E0));
#803=LINE('',#802,#801);
#804=DIRECTION('',(0.E0,0.E0,-1.E0));
#805=VECTOR('',#804,7.7E0);
#806=CARTESIAN_POINT('',(1.7E0,-1.7E0,0.E0));
#807=LINE('',#806,#805);
#808=DIRECTION('',(0.E0,0.E0,-1.E0));
#809=VECTOR('',#808,7.7E0);
#810=CARTESIAN_POINT('',(1.7E0,-1.8E0,0.E0));
#811=LINE('',#810,#809);
#812=DIRECTION('',(1.E0,0.E0,0.E0));
#813=VECTOR('',#812,3.E-1);
#814=CARTESIAN_POINT('',(3.05E0,5.000000000001E-1,-1.E0));
#815=LINE('',#814,#813);
#816=DIRECTION('',(0.E0,-1.E0,0.E0));
#817=VECTOR('',#816,7.E-1);
#818=CARTESIAN_POINT('',(3.35E0,1.2E0,-1.E0));
#819=LINE('',#818,#817);
#820=DIRECTION('',(0.E0,1.E0,0.E0));
#821=VECTOR('',#820,2.6E0);
#822=CARTESIAN_POINT('',(3.55E0,-1.4E0,-1.E0));
#823=LINE('',#822,#821);
#824=DIRECTION('',(0.E0,0.E0,1.E0));
#825=VECTOR('',#824,3.5E-1);
#826=CARTESIAN_POINT('',(3.1E0,5.000000000001E-1,-1.7E0));
#827=LINE('',#826,#825);
#828=DIRECTION('',(1.E0,0.E0,0.E0));
#829=VECTOR('',#828,2.5E-1);
#830=CARTESIAN_POINT('',(3.1E0,5.000000000001E-1,-1.35E0));
#831=LINE('',#830,#829);
#832=DIRECTION('',(0.E0,0.E0,-1.E0));
#833=VECTOR('',#832,7.E-1);
#834=CARTESIAN_POINT('',(3.05E0,5.000000000001E-1,-1.E0));
#835=LINE('',#834,#833);
#836=DIRECTION('',(0.E0,0.E0,1.E0));
#837=VECTOR('',#836,3.5E-1);
#838=CARTESIAN_POINT('',(3.1E0,5.000000000001E-1,-5.15E0));
#839=LINE('',#838,#837);
#840=DIRECTION('',(0.E0,0.E0,-1.E0));
#841=VECTOR('',#840,7.E-1);
#842=CARTESIAN_POINT('',(3.05E0,5.000000000001E-1,-4.8E0));
#843=LINE('',#842,#841);
#844=DIRECTION('',(1.E0,0.E0,0.E0));
#845=VECTOR('',#844,2.5E-1);
#846=CARTESIAN_POINT('',(3.1E0,5.000000000001E-1,-5.15E0));
#847=LINE('',#846,#845);
#848=CARTESIAN_POINT('',(3.1E0,-1.3E0,-4.6E0));
#849=DIRECTION('',(-1.E0,0.E0,0.E0));
#850=DIRECTION('',(0.E0,0.E0,1.E0));
#851=AXIS2_PLACEMENT_3D('',#848,#849,#850);
#853=DIRECTION('',(0.E0,-1.998401444327E-13,-1.E0));
#854=VECTOR('',#853,4.999999999997E-2);
#855=CARTESIAN_POINT('',(3.1E0,-1.1E0,-4.6E0));
#856=LINE('',#855,#854);
#857=DIRECTION('',(0.E0,8.269265020695E-1,-5.623100214073E-1));
#858=VECTOR('',#857,2.667567610205E-1);
#859=CARTESIAN_POINT('',(3.1E0,-1.1E0,-4.65E0));
#860=LINE('',#859,#858);
#861=CARTESIAN_POINT('',(3.1E0,6.000000000001E-1,-5.15E0));
#862=DIRECTION('',(1.E0,0.E0,0.E0));
#863=DIRECTION('',(0.E0,-1.E0,0.E0));
#864=AXIS2_PLACEMENT_3D('',#861,#862,#863);
#866=DIRECTION('',(0.E0,-1.E0,0.E0));
#867=VECTOR('',#866,6.898296464367E-1);
#868=CARTESIAN_POINT('',(3.1E0,1.289829646437E0,-5.25E0));
#869=LINE('',#868,#867);
#870=CARTESIAN_POINT('',(3.1E0,1.289829646437E0,-5.15E0));
#871=DIRECTION('',(-1.E0,0.E0,0.E0));
#872=DIRECTION('',(0.E0,1.E0,0.E0));
#873=AXIS2_PLACEMENT_3D('',#870,#871,#872);
#875=DIRECTION('',(0.E0,0.E0,-1.E0));
#876=VECTOR('',#875,3.8E0);
#877=CARTESIAN_POINT('',(3.1E0,1.389829646437E0,-1.35E0));
#878=LINE('',#877,#876);
#879=CARTESIAN_POINT('',(3.1E0,1.289829646437E0,-1.35E0));
#880=DIRECTION('',(-1.E0,0.E0,0.E0));
#881=DIRECTION('',(0.E0,0.E0,1.E0));
#882=AXIS2_PLACEMENT_3D('',#879,#880,#881);
#884=DIRECTION('',(0.E0,1.E0,0.E0));
#885=VECTOR('',#884,6.898296464367E-1);
#886=CARTESIAN_POINT('',(3.1E0,6.000000000001E-1,-1.25E0));
#887=LINE('',#886,#885);
#888=CARTESIAN_POINT('',(3.1E0,6.000000000001E-1,-1.35E0));
#889=DIRECTION('',(1.E0,0.E0,0.E0));
#890=DIRECTION('',(0.E0,0.E0,1.E0));
#891=AXIS2_PLACEMENT_3D('',#888,#889,#890);
#893=DIRECTION('',(0.E0,-8.269265020695E-1,-5.623100214073E-1));
#894=VECTOR('',#893,2.667567610205E-1);
#895=CARTESIAN_POINT('',(3.1E0,-8.794117647058E-1,-1.7E0));
#896=LINE('',#895,#894);
#897=DIRECTION('',(0.E0,2.042810365312E-13,-1.E0));
#898=VECTOR('',#897,4.999999999997E-2);
#899=CARTESIAN_POINT('',(3.1E0,-1.1E0,-1.85E0));
#900=LINE('',#899,#898);
#901=CARTESIAN_POINT('',(3.1E0,-1.3E0,-1.9E0));
#902=DIRECTION('',(-1.E0,0.E0,0.E0));
#903=DIRECTION('',(0.E0,1.E0,4.762856775642E-13));
#904=AXIS2_PLACEMENT_3D('',#901,#902,#903);
#906=DIRECTION('',(0.E0,0.E0,-1.E0));
#907=VECTOR('',#906,2.3E0);
#908=CARTESIAN_POINT('',(3.1E0,-1.4E0,-2.1E0));
#909=LINE('',#908,#907);
#910=DIRECTION('',(0.E0,-1.E0,0.E0));
#911=VECTOR('',#910,2.5E-1);
#912=CARTESIAN_POINT('',(4.4E0,-1.6E0,-4.4E0));
#913=LINE('',#912,#911);
#914=DIRECTION('',(1.E0,0.E0,0.E0));
#915=VECTOR('',#914,8.5E-1);
#916=CARTESIAN_POINT('',(3.55E0,-1.6E0,-4.4E0));
#917=LINE('',#916,#915);
#918=CARTESIAN_POINT('',(3.55E0,-1.4E0,-4.4E0));
#919=DIRECTION('',(0.E0,0.E0,1.E0));
#920=DIRECTION('',(-1.E0,0.E0,0.E0));
#921=AXIS2_PLACEMENT_3D('',#918,#919,#920);
#923=DIRECTION('',(0.E0,-1.E0,0.E0));
#924=VECTOR('',#923,9.999999999998E-2);
#925=CARTESIAN_POINT('',(3.35E0,-1.3E0,-4.4E0));
#926=LINE('',#925,#924);
#927=DIRECTION('',(1.E0,0.E0,0.E0));
#928=VECTOR('',#927,2.5E-1);
#929=CARTESIAN_POINT('',(3.1E0,-1.3E0,-4.4E0));
#930=LINE('',#929,#928);
#931=DIRECTION('',(0.E0,1.E0,0.E0));
#932=VECTOR('',#931,9.999999999999E-2);
#933=CARTESIAN_POINT('',(3.1E0,-1.4E0,-4.4E0));
#934=LINE('',#933,#932);
#935=CARTESIAN_POINT('',(3.55E0,-1.4E0,-4.4E0));
#936=DIRECTION('',(0.E0,0.E0,-1.E0));
#937=DIRECTION('',(0.E0,-1.E0,0.E0));
#938=AXIS2_PLACEMENT_3D('',#935,#936,#937);
#940=DIRECTION('',(-1.E0,0.E0,0.E0));
#941=VECTOR('',#940,8.5E-1);
#942=CARTESIAN_POINT('',(4.4E0,-1.85E0,-4.4E0));
#943=LINE('',#942,#941);
#944=DIRECTION('',(0.E0,1.E0,0.E0));
#945=VECTOR('',#944,2.5E-1);
#946=CARTESIAN_POINT('',(-4.4E0,-1.85E0,-4.4E0));
#947=LINE('',#946,#945);
#948=DIRECTION('',(-1.E0,0.E0,0.E0));
#949=VECTOR('',#948,8.5E-1);
#950=CARTESIAN_POINT('',(-3.55E0,-1.85E0,-4.4E0));
#951=LINE('',#950,#949);
#952=CARTESIAN_POINT('',(-3.55E0,-1.4E0,-4.4E0));
#953=DIRECTION('',(0.E0,0.E0,-1.E0));
#954=DIRECTION('',(1.E0,0.E0,0.E0));
#955=AXIS2_PLACEMENT_3D('',#952,#953,#954);
#957=DIRECTION('',(0.E0,-1.E0,0.E0));
#958=VECTOR('',#957,9.999999999999E-2);
#959=CARTESIAN_POINT('',(-3.1E0,-1.3E0,-4.4E0));
#960=LINE('',#959,#958);
#961=DIRECTION('',(-1.E0,0.E0,0.E0));
#962=VECTOR('',#961,2.5E-1);
#963=CARTESIAN_POINT('',(-3.1E0,-1.3E0,-4.4E0));
#964=LINE('',#963,#962);
#965=DIRECTION('',(0.E0,1.E0,0.E0));
#966=VECTOR('',#965,9.999999999999E-2);
#967=CARTESIAN_POINT('',(-3.35E0,-1.4E0,-4.4E0));
#968=LINE('',#967,#966);
#969=CARTESIAN_POINT('',(-3.55E0,-1.4E0,-4.4E0));
#970=DIRECTION('',(0.E0,0.E0,1.E0));
#971=DIRECTION('',(0.E0,-1.E0,0.E0));
#972=AXIS2_PLACEMENT_3D('',#969,#970,#971);
#974=DIRECTION('',(1.E0,0.E0,0.E0));
#975=VECTOR('',#974,8.5E-1);
#976=CARTESIAN_POINT('',(-4.4E0,-1.6E0,-4.4E0));
#977=LINE('',#976,#975);
#978=DIRECTION('',(-7.071067811865E-1,0.E0,7.071067811865E-1));
#979=VECTOR('',#978,4.242640687119E-1);
#980=CARTESIAN_POINT('',(4.7E0,-1.85E0,-2.4E0));
#981=LINE('',#980,#979);
#982=DIRECTION('',(0.E0,0.E0,-1.E0));
#983=VECTOR('',#982,1.7E0);
#984=CARTESIAN_POINT('',(4.7E0,-1.85E0,-2.4E0));
#985=LINE('',#984,#983);
#986=DIRECTION('',(7.071067811866E-1,0.E0,7.071067811865E-1));
#987=VECTOR('',#986,4.242640687119E-1);
#988=CARTESIAN_POINT('',(4.4E0,-1.85E0,-4.4E0));
#989=LINE('',#988,#987);
#990=DIRECTION('',(7.071067811865E-1,0.E0,-7.071067811865E-1));
#991=VECTOR('',#990,4.242640687119E-1);
#992=CARTESIAN_POINT('',(4.4E0,-1.6E0,-2.1E0));
#993=LINE('',#992,#991);
#994=DIRECTION('',(0.E0,0.E0,-1.E0));
#995=VECTOR('',#994,2.3E0);
#996=CARTESIAN_POINT('',(3.55E0,-1.6E0,-2.1E0));
#997=LINE('',#996,#995);
#998=DIRECTION('',(-7.071067811866E-1,0.E0,-7.071067811865E-1));
#999=VECTOR('',#998,4.242640687119E-1);
#1000=CARTESIAN_POINT('',(4.7E0,-1.6E0,-4.1E0));
#1001=LINE('',#1000,#999);
#1002=DIRECTION('',(0.E0,1.E0,0.E0));
#1003=VECTOR('',#1002,2.5E-1);
#1004=CARTESIAN_POINT('',(4.4E0,-1.85E0,-2.1E0));
#1005=LINE('',#1004,#1003);
#1006=DIRECTION('',(-1.E0,0.E0,0.E0));
#1007=VECTOR('',#1006,8.5E-1);
#1008=CARTESIAN_POINT('',(4.4E0,-1.85E0,-2.1E0));
#1009=LINE('',#1008,#1007);
#1010=CARTESIAN_POINT('',(3.55E0,-1.4E0,-2.1E0));
#1011=DIRECTION('',(0.E0,0.E0,-1.E0));
#1012=DIRECTION('',(0.E0,-1.E0,0.E0));
#1013=AXIS2_PLACEMENT_3D('',#1010,#1011,#1012);
#1015=DIRECTION('',(0.E0,1.E0,0.E0));
#1016=VECTOR('',#1015,9.999999999999E-2);
#1017=CARTESIAN_POINT('',(3.1E0,-1.4E0,-2.1E0));
#1018=LINE('',#1017,#1016);
#1019=DIRECTION('',(1.E0,0.E0,0.E0));
#1020=VECTOR('',#1019,2.5E-1);
#1021=CARTESIAN_POINT('',(3.1E0,-1.3E0,-2.1E0));
#1022=LINE('',#1021,#1020);
#1023=DIRECTION('',(0.E0,-1.E0,0.E0));
#1024=VECTOR('',#1023,9.999999999998E-2);
#1025=CARTESIAN_POINT('',(3.35E0,-1.3E0,-2.1E0));
#1026=LINE('',#1025,#1024);
#1027=CARTESIAN_POINT('',(3.55E0,-1.4E0,-2.1E0));
#1028=DIRECTION('',(0.E0,0.E0,1.E0));
#1029=DIRECTION('',(-1.E0,0.E0,0.E0));
#1030=AXIS2_PLACEMENT_3D('',#1027,#1028,#1029);
#1032=DIRECTION('',(1.E0,0.E0,0.E0));
#1033=VECTOR('',#1032,8.5E-1);
#1034=CARTESIAN_POINT('',(3.55E0,-1.6E0,-2.1E0));
#1035=LINE('',#1034,#1033);
#1036=DIRECTION('',(0.E0,-1.E0,0.E0));
#1037=VECTOR('',#1036,2.5E-1);
#1038=CARTESIAN_POINT('',(-4.4E0,-1.6E0,-2.1E0));
#1039=LINE('',#1038,#1037);
#1040=DIRECTION('',(1.E0,0.E0,0.E0));
#1041=VECTOR('',#1040,8.5E-1);
#1042=CARTESIAN_POINT('',(-4.4E0,-1.6E0,-2.1E0));
#1043=LINE('',#1042,#1041);
#1044=CARTESIAN_POINT('',(-3.55E0,-1.4E0,-2.1E0));
#1045=DIRECTION('',(0.E0,0.E0,1.E0));
#1046=DIRECTION('',(0.E0,-1.E0,0.E0));
#1047=AXIS2_PLACEMENT_3D('',#1044,#1045,#1046);
#1049=DIRECTION('',(0.E0,1.E0,0.E0));
#1050=VECTOR('',#1049,9.999999999999E-2);
#1051=CARTESIAN_POINT('',(-3.35E0,-1.4E0,-2.1E0));
#1052=LINE('',#1051,#1050);
#1053=DIRECTION('',(1.E0,0.E0,0.E0));
#1054=VECTOR('',#1053,2.5E-1);
#1055=CARTESIAN_POINT('',(-3.35E0,-1.3E0,-2.1E0));
#1056=LINE('',#1055,#1054);
#1057=DIRECTION('',(0.E0,-1.E0,0.E0));
#1058=VECTOR('',#1057,9.999999999999E-2);
#1059=CARTESIAN_POINT('',(-3.1E0,-1.3E0,-2.1E0));
#1060=LINE('',#1059,#1058);
#1061=CARTESIAN_POINT('',(-3.55E0,-1.4E0,-2.1E0));
#1062=DIRECTION('',(0.E0,0.E0,-1.E0));
#1063=DIRECTION('',(1.E0,0.E0,0.E0));
#1064=AXIS2_PLACEMENT_3D('',#1061,#1062,#1063);
#1066=DIRECTION('',(-1.E0,0.E0,0.E0));
#1067=VECTOR('',#1066,8.5E-1);
#1068=CARTESIAN_POINT('',(-3.55E0,-1.85E0,-2.1E0));
#1069=LINE('',#1068,#1067);
#1070=DIRECTION('',(0.E0,0.E0,-1.E0));
#1071=VECTOR('',#1070,2.3E0);
#1072=CARTESIAN_POINT('',(3.55E0,-1.85E0,-2.1E0));
#1073=LINE('',#1072,#1071);
#1074=DIRECTION('',(-1.E0,0.E0,-2.486899575160E-14));
#1075=VECTOR('',#1074,2.5E-1);
#1076=CARTESIAN_POINT('',(3.35E0,-1.1E0,-1.9E0));
#1077=LINE('',#1076,#1075);
#1078=DIRECTION('',(0.E0,-1.E0,0.E0));
#1079=VECTOR('',#1078,6.E-1);
#1080=CARTESIAN_POINT('',(3.35E0,1.2E0,-1.25E0));
#1081=LINE('',#1080,#1079);
#1082=DIRECTION('',(0.E0,0.E0,1.E0));
#1083=VECTOR('',#1082,2.5E-1);
#1084=CARTESIAN_POINT('',(3.35E0,1.2E0,-1.25E0));
#1085=LINE('',#1084,#1083);
#1086=DIRECTION('',(0.E0,0.E0,-1.E0));
#1087=VECTOR('',#1086,3.5E-1);
#1088=CARTESIAN_POINT('',(3.35E0,5.000000000001E-1,-1.E0));
#1089=LINE('',#1088,#1087);
#1090=CARTESIAN_POINT('',(3.35E0,6.000000000001E-1,-1.35E0));
#1091=DIRECTION('',(1.E0,0.E0,0.E0));
#1092=DIRECTION('',(0.E0,0.E0,1.E0));
#1093=AXIS2_PLACEMENT_3D('',#1090,#1091,#1092);
#1095=CARTESIAN_POINT('',(3.35E0,6.000000000001E-1,-5.15E0));
#1096=DIRECTION('',(1.E0,0.E0,0.E0));
#1097=DIRECTION('',(0.E0,-1.E0,0.E0));
#1098=AXIS2_PLACEMENT_3D('',#1095,#1096,#1097);
#1100=DIRECTION('',(0.E0,0.E0,-1.E0));
#1101=VECTOR('',#1100,3.5E-1);
#1102=CARTESIAN_POINT('',(3.35E0,5.000000000001E-1,-5.15E0));
#1103=LINE('',#1102,#1101);
#1104=DIRECTION('',(0.E0,0.E0,1.E0));
#1105=VECTOR('',#1104,2.5E-1);
#1106=CARTESIAN_POINT('',(3.35E0,1.2E0,-5.5E0));
#1107=LINE('',#1106,#1105);
#1108=DIRECTION('',(0.E0,-1.E0,0.E0));
#1109=VECTOR('',#1108,6.E-1);
#1110=CARTESIAN_POINT('',(3.35E0,1.2E0,-5.25E0));
#1111=LINE('',#1110,#1109);
#1112=DIRECTION('',(0.E0,-8.269265020695E-1,-5.623100214073E-1));
#1113=VECTOR('',#1112,2.667567610205E-1);
#1114=CARTESIAN_POINT('',(3.35E0,-8.794117647058E-1,-1.7E0));
#1115=LINE('',#1114,#1113);
#1116=DIRECTION('',(0.E0,1.E0,0.E0));
#1117=VECTOR('',#1116,5.205882352941E-1);
#1118=CARTESIAN_POINT('',(3.35E0,-1.4E0,-1.7E0));
#1119=LINE('',#1118,#1117);
#1120=CARTESIAN_POINT('',(3.35E0,-1.3E0,-1.9E0));
#1121=DIRECTION('',(1.E0,0.E0,0.E0));
#1122=DIRECTION('',(0.E0,8.660254037844E-1,-5.E-1));
#1123=AXIS2_PLACEMENT_3D('',#1120,#1121,#1122);
#1125=DIRECTION('',(0.E0,1.998401444327E-13,-1.E0));
#1126=VECTOR('',#1125,4.999999999996E-2);
#1127=CARTESIAN_POINT('',(3.35E0,-1.1E0,-1.85E0));
#1128=LINE('',#1127,#1126);
#1129=CARTESIAN_POINT('',(3.35E0,-1.3E0,-4.6E0));
#1130=DIRECTION('',(1.E0,0.E0,0.E0));
#1131=DIRECTION('',(0.E0,1.E0,-5.684341886081E-13));
#1132=AXIS2_PLACEMENT_3D('',#1129,#1130,#1131);
#1134=DIRECTION('',(0.E0,1.E0,0.E0));
#1135=VECTOR('',#1134,2.732050807569E-1);
#1136=CARTESIAN_POINT('',(3.35E0,-1.4E0,-4.5E0));
#1137=LINE('',#1136,#1135);
#1138=DIRECTION('',(0.E0,8.269265020695E-1,-5.623100214073E-1));
#1139=VECTOR('',#1138,2.667567610205E-1);
#1140=CARTESIAN_POINT('',(3.35E0,-1.1E0,-4.65E0));
#1141=LINE('',#1140,#1139);
#1142=DIRECTION('',(0.E0,-1.998401444327E-13,-1.E0));
#1143=VECTOR('',#1142,4.999999999996E-2);
#1144=CARTESIAN_POINT('',(3.35E0,-1.1E0,-4.6E0));
#1145=LINE('',#1144,#1143);
#1146=DIRECTION('',(1.E0,0.E0,0.E0));
#1147=VECTOR('',#1146,2.5E-1);
#1148=CARTESIAN_POINT('',(3.1E0,1.289829646437E0,-1.25E0));
#1149=LINE('',#1148,#1147);
#1150=DIRECTION('',(-1.E0,0.E0,0.E0));
#1151=VECTOR('',#1150,2.5E-1);
#1152=CARTESIAN_POINT('',(3.35E0,6.000000000001E-1,-1.25E0));
#1153=LINE('',#1152,#1151);
#1154=DIRECTION('',(1.E0,0.E0,0.E0));
#1155=VECTOR('',#1154,2.5E-1);
#1156=CARTESIAN_POINT('',(3.1E0,1.389829646437E0,-1.35E0));
#1157=LINE('',#1156,#1155);
#1158=CARTESIAN_POINT('',(3.35E0,-1.3E0,-1.9E0));
#1159=DIRECTION('',(-1.E0,0.E0,0.E0));
#1160=DIRECTION('',(0.E0,8.660254037844E-1,-5.E-1));
#1161=AXIS2_PLACEMENT_3D('',#1158,#1159,#1160);
#1163=DIRECTION('',(0.E0,-1.E0,0.E0));
#1164=VECTOR('',#1163,8.982964643667E-2);
#1165=CARTESIAN_POINT('',(3.35E0,1.289829646437E0,-1.25E0));
#1166=LINE('',#1165,#1164);
#1167=CARTESIAN_POINT('',(3.35E0,1.289829646437E0,-1.35E0));
#1168=DIRECTION('',(1.E0,0.E0,0.E0));
#1169=DIRECTION('',(0.E0,1.E0,0.E0));
#1170=AXIS2_PLACEMENT_3D('',#1167,#1168,#1169);
#1172=DIRECTION('',(0.E0,0.E0,1.E0));
#1173=VECTOR('',#1172,3.8E0);
#1174=CARTESIAN_POINT('',(3.35E0,1.389829646437E0,-5.15E0));
#1175=LINE('',#1174,#1173);
#1176=CARTESIAN_POINT('',(3.35E0,1.289829646437E0,-5.15E0));
#1177=DIRECTION('',(1.E0,0.E0,0.E0));
#1178=DIRECTION('',(0.E0,0.E0,-1.E0));
#1179=AXIS2_PLACEMENT_3D('',#1176,#1177,#1178);
#1181=DIRECTION('',(0.E0,1.E0,0.E0));
#1182=VECTOR('',#1181,8.982964643667E-2);
#1183=CARTESIAN_POINT('',(3.35E0,1.2E0,-5.25E0));
#1184=LINE('',#1183,#1182);
#1185=CARTESIAN_POINT('',(3.35E0,-1.3E0,-4.6E0));
#1186=DIRECTION('',(-1.E0,0.E0,0.E0));
#1187=DIRECTION('',(0.E0,0.E0,1.E0));
#1188=AXIS2_PLACEMENT_3D('',#1185,#1186,#1187);
#1190=DIRECTION('',(0.E0,-1.E0,0.E0));
#1191=VECTOR('',#1190,2.326794919243E0);
#1192=CARTESIAN_POINT('',(3.35E0,1.2E0,-2.E0));
#1193=LINE('',#1192,#1191);
#1194=DIRECTION('',(0.E0,1.E0,0.E0));
#1195=VECTOR('',#1194,2.732050807569E-1);
#1196=CARTESIAN_POINT('',(3.35E0,-1.4E0,-2.E0));
#1197=LINE('',#1196,#1195);
#1198=DIRECTION('',(0.E0,1.E0,0.E0));
#1199=VECTOR('',#1198,2.6E0);
#1200=CARTESIAN_POINT('',(3.75E0,-1.4E0,-2.E0));
#1201=LINE('',#1200,#1199);
#1202=DIRECTION('',(0.E0,1.E0,0.E0));
#1203=VECTOR('',#1202,2.6E0);
#1204=CARTESIAN_POINT('',(3.75E0,-1.4E0,-1.2E0));
#1205=LINE('',#1204,#1203);
#1206=DIRECTION('',(1.E0,0.E0,0.E0));
#1207=VECTOR('',#1206,2.5E-1);
#1208=CARTESIAN_POINT('',(3.1E0,1.389829646437E0,-5.15E0));
#1209=LINE('',#1208,#1207);
#1210=DIRECTION('',(1.E0,0.E0,0.E0));
#1211=VECTOR('',#1210,2.5E-1);
#1212=CARTESIAN_POINT('',(3.1E0,1.289829646437E0,-5.25E0));
#1213=LINE('',#1212,#1211);
#1214=DIRECTION('',(-1.E0,0.E0,0.E0));
#1215=VECTOR('',#1214,2.5E-1);
#1216=CARTESIAN_POINT('',(3.35E0,6.000000000001E-1,-5.25E0));
#1217=LINE('',#1216,#1215);
#1218=DIRECTION('',(0.E0,-1.E0,0.E0));
#1219=VECTOR('',#1218,2.326794919243E0);
#1220=CARTESIAN_POINT('',(3.35E0,1.2E0,-4.5E0));
#1221=LINE('',#1220,#1219);
#1222=DIRECTION('',(0.E0,1.E0,0.E0));
#1223=VECTOR('',#1222,2.6E0);
#1224=CARTESIAN_POINT('',(3.75E0,-1.4E0,-4.5E0));
#1225=LINE('',#1224,#1223);
#1226=DIRECTION('',(0.E0,1.E0,0.E0));
#1227=VECTOR('',#1226,2.6E0);
#1228=CARTESIAN_POINT('',(3.75E0,-1.4E0,-5.3E0));
#1229=LINE('',#1228,#1227);
#1230=DIRECTION('',(0.E0,1.E0,0.E0));
#1231=VECTOR('',#1230,2.6E0);
#1232=CARTESIAN_POINT('',(3.55E0,-1.4E0,-5.5E0));
#1233=LINE('',#1232,#1231);
#1234=DIRECTION('',(-1.E0,0.E0,2.486899575160E-14));
#1235=VECTOR('',#1234,2.5E-1);
#1236=CARTESIAN_POINT('',(3.35E0,-1.1E0,-4.6E0));
#1237=LINE('',#1236,#1235);
#1238=DIRECTION('',(-1.E0,0.E0,0.E0));
#1239=VECTOR('',#1238,2.5E-1);
#1240=CARTESIAN_POINT('',(3.35E0,-1.1E0,-4.65E0));
#1241=LINE('',#1240,#1239);
#1242=DIRECTION('',(0.E0,1.E0,0.E0));
#1243=VECTOR('',#1242,1.379411764706E0);
#1244=CARTESIAN_POINT('',(3.1E0,-8.794117647058E-1,-4.8E0));
#1245=LINE('',#1244,#1243);
#1246=DIRECTION('',(-1.E0,0.E0,0.E0));
#1247=VECTOR('',#1246,2.5E-1);
#1248=CARTESIAN_POINT('',(3.35E0,-8.794117647058E-1,-4.8E0));
#1249=LINE('',#1248,#1247);
#1250=DIRECTION('',(0.E0,1.E0,0.E0));
#1251=VECTOR('',#1250,5.205882352941E-1);
#1252=CARTESIAN_POINT('',(3.35E0,-1.4E0,-4.8E0));
#1253=LINE('',#1252,#1251);
#1254=DIRECTION('',(-1.E0,0.E0,0.E0));
#1255=VECTOR('',#1254,5.E-2);
#1256=CARTESIAN_POINT('',(3.1E0,5.000000000001E-1,-4.8E0));
#1257=LINE('',#1256,#1255);
#1258=DIRECTION('',(0.E0,0.E0,-1.E0));
#1259=VECTOR('',#1258,2.3E0);
#1260=CARTESIAN_POINT('',(3.35E0,-1.4E0,-2.1E0));
#1261=LINE('',#1260,#1259);
#1262=DIRECTION('',(0.E0,1.E0,0.E0));
#1263=VECTOR('',#1262,1.379411764706E0);
#1264=CARTESIAN_POINT('',(3.1E0,-8.794117647058E-1,-1.7E0));
#1265=LINE('',#1264,#1263);
#1266=DIRECTION('',(1.E0,0.E0,0.E0));
#1267=VECTOR('',#1266,5.E-2);
#1268=CARTESIAN_POINT('',(3.05E0,5.000000000001E-1,-1.7E0));
#1269=LINE('',#1268,#1267);
#1270=DIRECTION('',(-1.E0,0.E0,0.E0));
#1271=VECTOR('',#1270,2.5E-1);
#1272=CARTESIAN_POINT('',(3.35E0,-8.794117647058E-1,-1.7E0));
#1273=LINE('',#1272,#1271);
#1274=DIRECTION('',(-1.E0,0.E0,0.E0));
#1275=VECTOR('',#1274,2.5E-1);
#1276=CARTESIAN_POINT('',(3.35E0,-1.1E0,-1.85E0));
#1277=LINE('',#1276,#1275);
#1278=DIRECTION('',(7.071067811865E-1,0.E0,-7.071067811865E-1));
#1279=VECTOR('',#1278,4.242640687119E-1);
#1280=CARTESIAN_POINT('',(-4.7E0,-1.85E0,-4.1E0));
#1281=LINE('',#1280,#1279);
#1282=DIRECTION('',(-7.071067811865E-1,0.E0,-7.071067811865E-1));
#1283=VECTOR('',#1282,4.242640687119E-1);
#1284=CARTESIAN_POINT('',(-4.4E0,-1.85E0,-2.1E0));
#1285=LINE('',#1284,#1283);
#1286=DIRECTION('',(0.E0,0.E0,-1.E0));
#1287=VECTOR('',#1286,2.3E0);
#1288=CARTESIAN_POINT('',(-3.55E0,-1.85E0,-2.1E0));
#1289=LINE('',#1288,#1287);
#1290=DIRECTION('',(-7.071067811865E-1,0.E0,7.071067811865E-1));
#1291=VECTOR('',#1290,4.242640687119E-1);
#1292=CARTESIAN_POINT('',(-4.4E0,-1.6E0,-4.4E0));
#1293=LINE('',#1292,#1291);
#1294=DIRECTION('',(7.071067811865E-1,0.E0,7.071067811865E-1));
#1295=VECTOR('',#1294,4.242640687119E-1);
#1296=CARTESIAN_POINT('',(-4.7E0,-1.6E0,-2.4E0));
#1297=LINE('',#1296,#1295);
#1298=DIRECTION('',(0.E0,0.E0,-1.E0));
#1299=VECTOR('',#1298,1.7E0);
#1300=CARTESIAN_POINT('',(-4.7E0,-1.6E0,-2.4E0));
#1301=LINE('',#1300,#1299);
#1302=DIRECTION('',(0.E0,0.E0,-1.E0));
#1303=VECTOR('',#1302,2.3E0);
#1304=CARTESIAN_POINT('',(-3.55E0,-1.6E0,-2.1E0));
#1305=LINE('',#1304,#1303);
#1306=CARTESIAN_POINT('',(-3.35E0,-1.3E0,-4.6E0));
#1307=DIRECTION('',(-1.E0,0.E0,0.E0));
#1308=DIRECTION('',(0.E0,0.E0,1.E0));
#1309=AXIS2_PLACEMENT_3D('',#1306,#1307,#1308);
#1311=DIRECTION('',(0.E0,1.E0,0.E0));
#1312=VECTOR('',#1311,8.982964643667E-2);
#1313=CARTESIAN_POINT('',(-3.35E0,1.2E0,-5.25E0));
#1314=LINE('',#1313,#1312);
#1315=CARTESIAN_POINT('',(-3.35E0,1.289829646437E0,-5.15E0));
#1316=DIRECTION('',(1.E0,0.E0,0.E0));
#1317=DIRECTION('',(0.E0,0.E0,-1.E0));
#1318=AXIS2_PLACEMENT_3D('',#1315,#1316,#1317);
#1320=DIRECTION('',(0.E0,0.E0,1.E0));
#1321=VECTOR('',#1320,3.8E0);
#1322=CARTESIAN_POINT('',(-3.35E0,1.389829646437E0,-5.15E0));
#1323=LINE('',#1322,#1321);
#1324=CARTESIAN_POINT('',(-3.35E0,1.289829646437E0,-1.35E0));
#1325=DIRECTION('',(1.E0,0.E0,0.E0));
#1326=DIRECTION('',(0.E0,1.E0,0.E0));
#1327=AXIS2_PLACEMENT_3D('',#1324,#1325,#1326);
#1329=DIRECTION('',(0.E0,-1.E0,0.E0));
#1330=VECTOR('',#1329,8.982964643667E-2);
#1331=CARTESIAN_POINT('',(-3.35E0,1.289829646437E0,-1.25E0));
#1332=LINE('',#1331,#1330);
#1333=CARTESIAN_POINT('',(-3.35E0,-1.3E0,-1.9E0));
#1334=DIRECTION('',(-1.E0,0.E0,0.E0));
#1335=DIRECTION('',(0.E0,8.660254037844E-1,-5.E-1));
#1336=AXIS2_PLACEMENT_3D('',#1333,#1334,#1335);
#1338=DIRECTION('',(0.E0,0.E0,-1.E0));
#1339=VECTOR('',#1338,2.3E0);
#1340=CARTESIAN_POINT('',(-3.35E0,-1.4E0,-2.1E0));
#1341=LINE('',#1340,#1339);
#1342=CARTESIAN_POINT('',(-3.1E0,-1.3E0,-1.9E0));
#1343=DIRECTION('',(-1.E0,0.E0,0.E0));
#1344=DIRECTION('',(0.E0,1.E0,4.762856775642E-13));
#1345=AXIS2_PLACEMENT_3D('',#1342,#1343,#1344);
#1347=DIRECTION('',(0.E0,1.998401444327E-13,-1.E0));
#1348=VECTOR('',#1347,4.999999999997E-2);
#1349=CARTESIAN_POINT('',(-3.1E0,-1.1E0,-1.85E0));
#1350=LINE('',#1349,#1348);
#1351=DIRECTION('',(0.E0,-8.269265020695E-1,-5.623100214073E-1));
#1352=VECTOR('',#1351,2.667567610205E-1);
#1353=CARTESIAN_POINT('',(-3.1E0,-8.794117647058E-1,-1.7E0));
#1354=LINE('',#1353,#1352);
#1355=CARTESIAN_POINT('',(-3.1E0,6.000000000001E-1,-1.35E0));
#1356=DIRECTION('',(1.E0,0.E0,0.E0));
#1357=DIRECTION('',(0.E0,0.E0,1.E0));
#1358=AXIS2_PLACEMENT_3D('',#1355,#1356,#1357);
#1360=DIRECTION('',(0.E0,-1.E0,0.E0));
#1361=VECTOR('',#1360,6.898296464367E-1);
#1362=CARTESIAN_POINT('',(-3.1E0,1.289829646437E0,-1.25E0));
#1363=LINE('',#1362,#1361);
#1364=CARTESIAN_POINT('',(-3.1E0,1.289829646437E0,-1.35E0));
#1365=DIRECTION('',(1.E0,0.E0,0.E0));
#1366=DIRECTION('',(0.E0,1.E0,0.E0));
#1367=AXIS2_PLACEMENT_3D('',#1364,#1365,#1366);
#1369=DIRECTION('',(0.E0,0.E0,1.E0));
#1370=VECTOR('',#1369,3.8E0);
#1371=CARTESIAN_POINT('',(-3.1E0,1.389829646437E0,-5.15E0));
#1372=LINE('',#1371,#1370);
#1373=CARTESIAN_POINT('',(-3.1E0,1.289829646437E0,-5.15E0));
#1374=DIRECTION('',(1.E0,0.E0,0.E0));
#1375=DIRECTION('',(0.E0,0.E0,-1.E0));
#1376=AXIS2_PLACEMENT_3D('',#1373,#1374,#1375);
#1378=DIRECTION('',(0.E0,1.E0,0.E0));
#1379=VECTOR('',#1378,6.898296464367E-1);
#1380=CARTESIAN_POINT('',(-3.1E0,6.000000000001E-1,-5.25E0));
#1381=LINE('',#1380,#1379);
#1382=CARTESIAN_POINT('',(-3.1E0,6.000000000001E-1,-5.15E0));
#1383=DIRECTION('',(1.E0,0.E0,0.E0));
#1384=DIRECTION('',(0.E0,-1.E0,0.E0));
#1385=AXIS2_PLACEMENT_3D('',#1382,#1383,#1384);
#1387=DIRECTION('',(0.E0,8.269265020695E-1,-5.623100214073E-1));
#1388=VECTOR('',#1387,2.667567610205E-1);
#1389=CARTESIAN_POINT('',(-3.1E0,-1.1E0,-4.65E0));
#1390=LINE('',#1389,#1388);
#1391=DIRECTION('',(0.E0,-1.998401444327E-13,-1.E0));
#1392=VECTOR('',#1391,4.999999999997E-2);
#1393=CARTESIAN_POINT('',(-3.1E0,-1.1E0,-4.6E0));
#1394=LINE('',#1393,#1392);
#1395=CARTESIAN_POINT('',(-3.1E0,-1.3E0,-4.6E0));
#1396=DIRECTION('',(-1.E0,0.E0,0.E0));
#1397=DIRECTION('',(0.E0,0.E0,1.E0));
#1398=AXIS2_PLACEMENT_3D('',#1395,#1396,#1397);
#1400=DIRECTION('',(1.E0,0.E0,-2.486899575160E-14));
#1401=VECTOR('',#1400,2.5E-1);
#1402=CARTESIAN_POINT('',(-3.35E0,-1.1E0,-1.9E0));
#1403=LINE('',#1402,#1401);
#1404=DIRECTION('',(0.E0,-1.E0,0.E0));
#1405=VECTOR('',#1404,6.E-1);
#1406=CARTESIAN_POINT('',(-3.35E0,1.2E0,-1.25E0));
#1407=LINE('',#1406,#1405);
#1408=CARTESIAN_POINT('',(-3.35E0,6.000000000001E-1,-1.35E0));
#1409=DIRECTION('',(1.E0,0.E0,0.E0));
#1410=DIRECTION('',(0.E0,0.E0,1.E0));
#1411=AXIS2_PLACEMENT_3D('',#1408,#1409,#1410);
#1413=DIRECTION('',(0.E0,0.E0,-1.E0));
#1414=VECTOR('',#1413,2.5E-1);
#1415=CARTESIAN_POINT('',(-3.35E0,1.2E0,-1.E0));
#1416=LINE('',#1415,#1414);
#1417=CARTESIAN_POINT('',(-3.35E0,6.000000000001E-1,-5.15E0));
#1418=DIRECTION('',(1.E0,0.E0,0.E0));
#1419=DIRECTION('',(0.E0,-1.E0,0.E0));
#1420=AXIS2_PLACEMENT_3D('',#1417,#1418,#1419);
#1422=DIRECTION('',(0.E0,-1.E0,0.E0));
#1423=VECTOR('',#1422,6.E-1);
#1424=CARTESIAN_POINT('',(-3.35E0,1.2E0,-5.25E0));
#1425=LINE('',#1424,#1423);
#1426=DIRECTION('',(0.E0,0.E0,-1.E0));
#1427=VECTOR('',#1426,2.5E-1);
#1428=CARTESIAN_POINT('',(-3.35E0,1.2E0,-5.25E0));
#1429=LINE('',#1428,#1427);
#1430=DIRECTION('',(0.E0,-8.269265020695E-1,-5.623100214073E-1));
#1431=VECTOR('',#1430,2.667567610205E-1);
#1432=CARTESIAN_POINT('',(-3.35E0,-8.794117647058E-1,-1.7E0));
#1433=LINE('',#1432,#1431);
#1434=DIRECTION('',(0.E0,2.042810365312E-13,-1.E0));
#1435=VECTOR('',#1434,4.999999999996E-2);
#1436=CARTESIAN_POINT('',(-3.35E0,-1.1E0,-1.85E0));
#1437=LINE('',#1436,#1435);
#1438=CARTESIAN_POINT('',(-3.35E0,-1.3E0,-1.9E0));
#1439=DIRECTION('',(1.E0,0.E0,0.E0));
#1440=DIRECTION('',(0.E0,8.660254037844E-1,-5.E-1));
#1441=AXIS2_PLACEMENT_3D('',#1438,#1439,#1440);
#1443=DIRECTION('',(0.E0,1.E0,0.E0));
#1444=VECTOR('',#1443,2.732050807569E-1);
#1445=CARTESIAN_POINT('',(-3.35E0,-1.4E0,-2.E0));
#1446=LINE('',#1445,#1444);
#1447=CARTESIAN_POINT('',(-3.35E0,-1.3E0,-4.6E0));
#1448=DIRECTION('',(1.E0,0.E0,0.E0));
#1449=DIRECTION('',(0.E0,1.E0,-5.684341886081E-13));
#1450=AXIS2_PLACEMENT_3D('',#1447,#1448,#1449);
#1452=DIRECTION('',(0.E0,-1.998401444327E-13,-1.E0));
#1453=VECTOR('',#1452,4.999999999996E-2);
#1454=CARTESIAN_POINT('',(-3.35E0,-1.1E0,-4.6E0));
#1455=LINE('',#1454,#1453);
#1456=DIRECTION('',(0.E0,8.269265020695E-1,-5.623100214073E-1));
#1457=VECTOR('',#1456,2.667567610205E-1);
#1458=CARTESIAN_POINT('',(-3.35E0,-1.1E0,-4.65E0));
#1459=LINE('',#1458,#1457);
#1460=DIRECTION('',(0.E0,1.E0,0.E0));
#1461=VECTOR('',#1460,5.205882352941E-1);
#1462=CARTESIAN_POINT('',(-3.35E0,-1.4E0,-4.8E0));
#1463=LINE('',#1462,#1461);
#1464=DIRECTION('',(1.E0,0.E0,0.E0));
#1465=VECTOR('',#1464,2.5E-1);
#1466=CARTESIAN_POINT('',(-3.35E0,1.289829646437E0,-1.25E0));
#1467=LINE('',#1466,#1465);
#1468=DIRECTION('',(1.E0,0.E0,0.E0));
#1469=VECTOR('',#1468,2.5E-1);
#1470=CARTESIAN_POINT('',(-3.35E0,1.389829646437E0,-1.35E0));
#1471=LINE('',#1470,#1469);
#1472=DIRECTION('',(1.E0,0.E0,0.E0));
#1473=VECTOR('',#1472,2.5E-1);
#1474=CARTESIAN_POINT('',(-3.35E0,1.389829646437E0,-5.15E0));
#1475=LINE('',#1474,#1473);
#1476=DIRECTION('',(1.E0,0.E0,0.E0));
#1477=VECTOR('',#1476,2.5E-1);
#1478=CARTESIAN_POINT('',(-3.35E0,1.289829646437E0,-5.25E0));
#1479=LINE('',#1478,#1477);
#1480=DIRECTION('',(1.E0,0.E0,0.E0));
#1481=VECTOR('',#1480,2.5E-1);
#1482=CARTESIAN_POINT('',(-3.35E0,6.000000000001E-1,-5.25E0));
#1483=LINE('',#1482,#1481);
#1484=DIRECTION('',(0.E0,0.E0,-1.E0));
#1485=VECTOR('',#1484,3.5E-1);
#1486=CARTESIAN_POINT('',(-3.1E0,5.000000000001E-1,-1.35E0));
#1487=LINE('',#1486,#1485);
#1488=DIRECTION('',(0.E0,0.E0,-1.E0));
#1489=VECTOR('',#1488,3.5E-1);
#1490=CARTESIAN_POINT('',(-3.35E0,5.000000000001E-1,-1.E0));
#1491=LINE('',#1490,#1489);
#1492=DIRECTION('',(1.E0,0.E0,0.E0));
#1493=VECTOR('',#1492,2.5E-1);
#1494=CARTESIAN_POINT('',(-3.35E0,5.000000000001E-1,-1.35E0));
#1495=LINE('',#1494,#1493);
#1496=DIRECTION('',(0.E0,0.E0,-1.E0));
#1497=VECTOR('',#1496,3.5E-1);
#1498=CARTESIAN_POINT('',(-3.1E0,5.000000000001E-1,-4.8E0));
#1499=LINE('',#1498,#1497);
#1500=DIRECTION('',(1.E0,0.E0,0.E0));
#1501=VECTOR('',#1500,2.5E-1);
#1502=CARTESIAN_POINT('',(-3.35E0,5.000000000001E-1,-5.15E0));
#1503=LINE('',#1502,#1501);
#1504=DIRECTION('',(0.E0,0.E0,-1.E0));
#1505=VECTOR('',#1504,3.5E-1);
#1506=CARTESIAN_POINT('',(-3.35E0,5.000000000001E-1,-5.15E0));
#1507=LINE('',#1506,#1505);
#1508=DIRECTION('',(0.E0,-1.E0,0.E0));
#1509=VECTOR('',#1508,1.379411764706E0);
#1510=CARTESIAN_POINT('',(-3.1E0,5.000000000001E-1,-1.7E0));
#1511=LINE('',#1510,#1509);
#1512=DIRECTION('',(1.E0,0.E0,0.E0));
#1513=VECTOR('',#1512,2.5E-1);
#1514=CARTESIAN_POINT('',(-3.35E0,-8.794117647058E-1,-1.7E0));
#1515=LINE('',#1514,#1513);
#1516=DIRECTION('',(0.E0,1.E0,0.E0));
#1517=VECTOR('',#1516,5.205882352941E-1);
#1518=CARTESIAN_POINT('',(-3.35E0,-1.4E0,-1.7E0));
#1519=LINE('',#1518,#1517);
#1520=DIRECTION('',(1.E0,0.E0,0.E0));
#1521=VECTOR('',#1520,5.E-2);
#1522=CARTESIAN_POINT('',(-3.1E0,5.000000000001E-1,-1.7E0));
#1523=LINE('',#1522,#1521);
#1524=DIRECTION('',(1.E0,0.E0,0.E0));
#1525=VECTOR('',#1524,2.5E-1);
#1526=CARTESIAN_POINT('',(-3.35E0,-1.1E0,-1.85E0));
#1527=LINE('',#1526,#1525);
#1528=DIRECTION('',(0.E0,-1.E0,0.E0));
#1529=VECTOR('',#1528,1.9E0);
#1530=CARTESIAN_POINT('',(-3.05E0,5.000000000001E-1,-4.8E0));
#1531=LINE('',#1530,#1529);
#1532=DIRECTION('',(0.E0,0.E0,-1.E0));
#1533=VECTOR('',#1532,7.E-1);
#1534=CARTESIAN_POINT('',(-3.05E0,5.000000000001E-1,-4.8E0));
#1535=LINE('',#1534,#1533);
#1536=DIRECTION('',(0.E0,0.E0,1.E0));
#1537=VECTOR('',#1536,5.5E0);
#1538=CARTESIAN_POINT('',(-3.05E0,1.2E0,-5.5E0));
#1539=LINE('',#1538,#1537);
#1540=DIRECTION('',(0.E0,-1.E0,0.E0));
#1541=VECTOR('',#1540,1.9E0);
#1542=CARTESIAN_POINT('',(-3.05E0,5.000000000001E-1,-1.E0));
#1543=LINE('',#1542,#1541);
#1544=DIRECTION('',(0.E0,0.E0,-1.E0));
#1545=VECTOR('',#1544,7.E-1);
#1546=CARTESIAN_POINT('',(-3.05E0,5.000000000001E-1,-1.E0));
#1547=LINE('',#1546,#1545);
#1548=DIRECTION('',(0.E0,-1.E0,0.E0));
#1549=VECTOR('',#1548,1.9E0);
#1550=CARTESIAN_POINT('',(-3.05E0,5.000000000001E-1,-1.7E0));
#1551=LINE('',#1550,#1549);
#1552=DIRECTION('',(0.E0,-1.E0,0.E0));
#1553=VECTOR('',#1552,1.379411764706E0);
#1554=CARTESIAN_POINT('',(-3.1E0,5.000000000001E-1,-4.8E0));
#1555=LINE('',#1554,#1553);
#1556=DIRECTION('',(-1.E0,0.E0,0.E0));
#1557=VECTOR('',#1556,5.E-2);
#1558=CARTESIAN_POINT('',(-3.05E0,5.000000000001E-1,-4.8E0));
#1559=LINE('',#1558,#1557);
#1560=DIRECTION('',(1.E0,0.E0,0.E0));
#1561=VECTOR('',#1560,2.5E-1);
#1562=CARTESIAN_POINT('',(-3.35E0,-8.794117647058E-1,-4.8E0));
#1563=LINE('',#1562,#1561);
#1564=DIRECTION('',(1.E0,0.E0,0.E0));
#1565=VECTOR('',#1564,2.5E-1);
#1566=CARTESIAN_POINT('',(-3.35E0,-1.1E0,-4.65E0));
#1567=LINE('',#1566,#1565);
#1568=DIRECTION('',(1.E0,0.E0,2.486899575160E-14));
#1569=VECTOR('',#1568,2.5E-1);
#1570=CARTESIAN_POINT('',(-3.35E0,-1.1E0,-4.6E0));
#1571=LINE('',#1570,#1569);
#1572=DIRECTION('',(0.E0,-1.E0,0.E0));
#1573=VECTOR('',#1572,7.E-1);
#1574=CARTESIAN_POINT('',(-3.35E0,1.2E0,-5.5E0));
#1575=LINE('',#1574,#1573);
#1576=DIRECTION('',(-1.E0,0.E0,0.E0));
#1577=VECTOR('',#1576,2.E-1);
#1578=CARTESIAN_POINT('',(-3.35E0,1.2E0,-5.5E0));
#1579=LINE('',#1578,#1577);
#1580=DIRECTION('',(0.E0,1.E0,0.E0));
#1581=VECTOR('',#1580,2.6E0);
#1582=CARTESIAN_POINT('',(-3.55E0,-1.4E0,-5.5E0));
#1583=LINE('',#1582,#1581);
#1584=DIRECTION('',(1.E0,0.E0,0.E0));
#1585=VECTOR('',#1584,7.5E-1);
#1586=CARTESIAN_POINT('',(-3.55E0,-1.4E0,-5.5E0));
#1587=LINE('',#1586,#1585);
#1588=DIRECTION('',(-1.E0,0.E0,0.E0));
#1589=VECTOR('',#1588,2.5E-1);
#1590=CARTESIAN_POINT('',(-2.8E0,1.2E0,-5.5E0));
#1591=LINE('',#1590,#1589);
#1592=DIRECTION('',(0.E0,-1.E0,0.E0));
#1593=VECTOR('',#1592,7.E-1);
#1594=CARTESIAN_POINT('',(-3.05E0,1.2E0,-5.5E0));
#1595=LINE('',#1594,#1593);
#1596=DIRECTION('',(1.E0,0.E0,0.E0));
#1597=VECTOR('',#1596,3.E-1);
#1598=CARTESIAN_POINT('',(-3.35E0,5.000000000001E-1,-5.5E0));
#1599=LINE('',#1598,#1597);
#1600=DIRECTION('',(0.E0,1.E0,0.E0));
#1601=VECTOR('',#1600,2.6E0);
#1602=CARTESIAN_POINT('',(-3.75E0,-1.4E0,-5.3E0));
#1603=LINE('',#1602,#1601);
#1604=DIRECTION('',(0.E0,1.E0,0.E0));
#1605=VECTOR('',#1604,2.6E0);
#1606=CARTESIAN_POINT('',(-3.75E0,-1.4E0,-4.5E0));
#1607=LINE('',#1606,#1605);
#1608=DIRECTION('',(0.E0,-1.E0,0.E0));
#1609=VECTOR('',#1608,2.326794919243E0);
#1610=CARTESIAN_POINT('',(-3.35E0,1.2E0,-4.5E0));
#1611=LINE('',#1610,#1609);
#1612=DIRECTION('',(0.E0,1.E0,0.E0));
#1613=VECTOR('',#1612,2.732050807569E-1);
#1614=CARTESIAN_POINT('',(-3.35E0,-1.4E0,-4.5E0));
#1615=LINE('',#1614,#1613);
#1616=DIRECTION('',(0.E0,-1.E0,0.E0));
#1617=VECTOR('',#1616,9.5E-1);
#1618=CARTESIAN_POINT('',(-2.8E0,1.2E0,-5.9E0));
#1619=LINE('',#1618,#1617);
#1620=DIRECTION('',(0.E0,-1.E0,0.E0));
#1621=VECTOR('',#1620,2.6E0);
#1622=CARTESIAN_POINT('',(-2.8E0,1.2E0,-5.5E0));
#1623=LINE('',#1622,#1621);
#1624=DIRECTION('',(0.E0,-3.589790793089E-1,-9.333456062031E-1));
#1625=VECTOR('',#1624,1.392838827718E0);
#1626=CARTESIAN_POINT('',(-2.8E0,2.500000000001E-1,-6.4E0));
#1627=LINE('',#1626,#1625);
#1628=DIRECTION('',(0.E0,0.E0,-1.E0));
#1629=VECTOR('',#1628,5.E-1);
#1630=CARTESIAN_POINT('',(-2.8E0,2.500000000001E-1,-5.9E0));
#1631=LINE('',#1630,#1629);
#1632=DIRECTION('',(0.E0,-1.E0,0.E0));
#1633=VECTOR('',#1632,7.E-1);
#1634=CARTESIAN_POINT('',(-3.35E0,1.2E0,-1.E0));
#1635=LINE('',#1634,#1633);
#1636=DIRECTION('',(-1.E0,0.E0,0.E0));
#1637=VECTOR('',#1636,3.E-1);
#1638=CARTESIAN_POINT('',(-3.05E0,5.000000000001E-1,-1.E0));
#1639=LINE('',#1638,#1637);
#1640=DIRECTION('',(0.E0,1.E0,0.E0));
#1641=VECTOR('',#1640,2.6E0);
#1642=CARTESIAN_POINT('',(-3.55E0,-1.4E0,-1.E0));
#1643=LINE('',#1642,#1641);
#1644=DIRECTION('',(0.E0,1.E0,0.E0));
#1645=VECTOR('',#1644,2.6E0);
#1646=CARTESIAN_POINT('',(-3.75E0,-1.4E0,-1.2E0));
#1647=LINE('',#1646,#1645);
#1648=DIRECTION('',(0.E0,-1.E0,0.E0));
#1649=VECTOR('',#1648,2.326794919243E0);
#1650=CARTESIAN_POINT('',(-3.35E0,1.2E0,-2.E0));
#1651=LINE('',#1650,#1649);
#1652=DIRECTION('',(0.E0,1.E0,0.E0));
#1653=VECTOR('',#1652,2.6E0);
#1654=CARTESIAN_POINT('',(-3.75E0,-1.4E0,-2.E0));
#1655=LINE('',#1654,#1653);
#1656=DIRECTION('',(1.E0,0.E0,0.E0));
#1657=VECTOR('',#1656,2.5E-1);
#1658=CARTESIAN_POINT('',(-3.35E0,6.000000000001E-1,-1.25E0));
#1659=LINE('',#1658,#1657);
#1660=DIRECTION('',(0.E0,0.E0,-1.E0));
#1661=VECTOR('',#1660,2.3E0);
#1662=CARTESIAN_POINT('',(-3.1E0,-1.4E0,-2.1E0));
#1663=LINE('',#1662,#1661);
#1664=DIRECTION('',(0.E0,1.E0,0.E0));
#1665=VECTOR('',#1664,2.5E-1);
#1666=CARTESIAN_POINT('',(-4.7E0,-1.85E0,-4.1E0));
#1667=LINE('',#1666,#1665);
#1668=DIRECTION('',(0.E0,-1.E0,0.E0));
#1669=VECTOR('',#1668,2.5E-1);
#1670=CARTESIAN_POINT('',(-4.7E0,-1.6E0,-2.4E0));
#1671=LINE('',#1670,#1669);
#1672=DIRECTION('',(0.E0,0.E0,-1.E0));
#1673=VECTOR('',#1672,1.7E0);
#1674=CARTESIAN_POINT('',(-4.7E0,-1.85E0,-2.4E0));
#1675=LINE('',#1674,#1673);
#1676=DIRECTION('',(0.E0,1.E0,0.E0));
#1677=VECTOR('',#1676,2.5E-1);
#1678=CARTESIAN_POINT('',(4.7E0,-1.85E0,-2.4E0));
#1679=LINE('',#1678,#1677);
#1680=DIRECTION('',(0.E0,0.E0,-1.E0));
#1681=VECTOR('',#1680,1.7E0);
#1682=CARTESIAN_POINT('',(4.7E0,-1.6E0,-2.4E0));
#1683=LINE('',#1682,#1681);
#1684=DIRECTION('',(0.E0,-1.E0,0.E0));
#1685=VECTOR('',#1684,2.5E-1);
#1686=CARTESIAN_POINT('',(4.7E0,-1.6E0,-4.1E0));
#1687=LINE('',#1686,#1685);
#1688=DIRECTION('',(0.E0,0.E0,1.E0));
#1689=VECTOR('',#1688,1.5E0);
#1690=CARTESIAN_POINT('',(1.E0,-1.35E0,-9.2E0));
#1691=LINE('',#1690,#1689);
#1692=DIRECTION('',(0.E0,1.E0,0.E0));
#1693=VECTOR('',#1692,5.E-1);
#1694=CARTESIAN_POINT('',(1.E0,-1.85E0,-9.2E0));
#1695=LINE('',#1694,#1693);
#1696=DIRECTION('',(0.E0,0.E0,-1.E0));
#1697=VECTOR('',#1696,1.5E0);
#1698=CARTESIAN_POINT('',(1.E0,-1.85E0,-7.7E0));
#1699=LINE('',#1698,#1697);
#1700=CARTESIAN_POINT('',(1.E0,-1.25E0,-7.7E0));
#1701=DIRECTION('',(1.E0,0.E0,0.E0));
#1702=DIRECTION('',(0.E0,-9.166666666667E-1,3.996526269427E-1));
#1703=AXIS2_PLACEMENT_3D('',#1700,#1701,#1702);
#1705=DIRECTION('',(0.E0,0.E0,-1.E0));
#1706=VECTOR('',#1705,2.4E0);
#1707=CARTESIAN_POINT('',(1.E0,-2.5E-1,-2.1E0));
#1708=LINE('',#1707,#1706);
#1709=DIRECTION('',(0.E0,-1.E0,0.E0));
#1710=VECTOR('',#1709,5.E-1);
#1711=CARTESIAN_POINT('',(1.E0,2.5E-1,-2.1E0));
#1712=LINE('',#1711,#1710);
#1713=DIRECTION('',(0.E0,0.E0,1.E0));
#1714=VECTOR('',#1713,2.4E0);
#1715=CARTESIAN_POINT('',(1.E0,2.5E-1,-4.5E0));
#1716=LINE('',#1715,#1714);
#1717=DIRECTION('',(0.E0,5.107025913278E-14,1.E0));
#1718=VECTOR('',#1717,2.499999999999E-1);
#1719=CARTESIAN_POINT('',(1.E0,2.5E-1,-6.65E0));
#1720=LINE('',#1719,#1718);
#1721=CARTESIAN_POINT('',(1.E0,-3.5E-1,-6.65E0));
#1722=DIRECTION('',(1.E0,0.E0,0.E0));
#1723=DIRECTION('',(0.E0,5.085852717782E-1,-8.610116267103E-1));
#1724=AXIS2_PLACEMENT_3D('',#1721,#1722,#1723);
#1726=DIRECTION('',(1.E0,0.E0,0.E0));
#1727=VECTOR('',#1726,5.E-1);
#1728=CARTESIAN_POINT('',(5.E-1,-1.35E0,-9.2E0));
#1729=LINE('',#1728,#1727);
#1730=CARTESIAN_POINT('',(5.E-1,-1.25E0,-7.7E0));
#1731=DIRECTION('',(1.E0,0.E0,0.E0));
#1732=DIRECTION('',(0.E0,-9.166666666667E-1,3.996526269427E-1));
#1733=AXIS2_PLACEMENT_3D('',#1730,#1731,#1732);
#1735=DIRECTION('',(0.E0,0.E0,-1.E0));
#1736=VECTOR('',#1735,1.5E0);
#1737=CARTESIAN_POINT('',(5.E-1,-1.85E0,-7.7E0));
#1738=LINE('',#1737,#1736);
#1739=DIRECTION('',(0.E0,1.E0,0.E0));
#1740=VECTOR('',#1739,5.E-1);
#1741=CARTESIAN_POINT('',(5.E-1,-1.85E0,-9.2E0));
#1742=LINE('',#1741,#1740);
#1743=DIRECTION('',(0.E0,0.E0,1.E0));
#1744=VECTOR('',#1743,1.5E0);
#1745=CARTESIAN_POINT('',(5.E-1,-1.35E0,-9.2E0));
#1746=LINE('',#1745,#1744);
#1747=DIRECTION('',(0.E0,0.E0,1.E0));
#1748=VECTOR('',#1747,2.4E0);
#1749=CARTESIAN_POINT('',(5.E-1,2.5E-1,-4.5E0));
#1750=LINE('',#1749,#1748);
#1751=DIRECTION('',(0.E0,-1.E0,0.E0));
#1752=VECTOR('',#1751,5.E-1);
#1753=CARTESIAN_POINT('',(5.E-1,2.5E-1,-2.1E0));
#1754=LINE('',#1753,#1752);
#1755=DIRECTION('',(0.E0,0.E0,-1.E0));
#1756=VECTOR('',#1755,2.4E0);
#1757=CARTESIAN_POINT('',(5.E-1,-2.5E-1,-2.1E0));
#1758=LINE('',#1757,#1756);
#1759=CARTESIAN_POINT('',(5.E-1,-3.5E-1,-6.65E0));
#1760=DIRECTION('',(1.E0,0.E0,0.E0));
#1761=DIRECTION('',(0.E0,5.085852717782E-1,-8.610116267103E-1));
#1762=AXIS2_PLACEMENT_3D('',#1759,#1760,#1761);
#1764=DIRECTION('',(0.E0,5.107025913278E-14,1.E0));
#1765=VECTOR('',#1764,2.499999999999E-1);
#1766=CARTESIAN_POINT('',(5.E-1,2.5E-1,-6.65E0));
#1767=LINE('',#1766,#1765);
#1768=DIRECTION('',(1.E0,0.E0,0.E0));
#1769=VECTOR('',#1768,5.E-1);
#1770=CARTESIAN_POINT('',(5.E-1,-1.85E0,-7.7E0));
#1771=LINE('',#1770,#1769);
#1772=DIRECTION('',(1.E0,0.E0,0.E0));
#1773=VECTOR('',#1772,5.E-1);
#1774=CARTESIAN_POINT('',(5.E-1,-1.85E0,-9.2E0));
#1775=LINE('',#1774,#1773);
#1776=DIRECTION('',(0.E0,1.E0,0.E0));
#1777=VECTOR('',#1776,1.55E0);
#1778=CARTESIAN_POINT('',(-1.7E0,4.E-1,-4.5E0));
#1779=LINE('',#1778,#1777);
#1780=DIRECTION('',(1.E0,0.E0,0.E0));
#1781=VECTOR('',#1780,3.4E0);
#1782=CARTESIAN_POINT('',(-1.7E0,1.95E0,-4.5E0));
#1783=LINE('',#1782,#1781);
#1784=DIRECTION('',(0.E0,-1.E0,0.E0));
#1785=VECTOR('',#1784,1.55E0);
#1786=CARTESIAN_POINT('',(1.7E0,1.95E0,-4.5E0));
#1787=LINE('',#1786,#1785);
#1788=DIRECTION('',(0.E0,1.E0,0.E0));
#1789=VECTOR('',#1788,8.E-1);
#1790=CARTESIAN_POINT('',(2.35E0,-4.E-1,-4.5E0));
#1791=LINE('',#1790,#1789);
#1792=DIRECTION('',(0.E0,-1.E0,0.E0));
#1793=VECTOR('',#1792,5.5E-1);
#1794=CARTESIAN_POINT('',(1.7E0,-4.E-1,-4.5E0));
#1795=LINE('',#1794,#1793);
#1796=DIRECTION('',(-1.E0,0.E0,0.E0));
#1797=VECTOR('',#1796,3.4E0);
#1798=CARTESIAN_POINT('',(1.7E0,-9.5E-1,-4.5E0));
#1799=LINE('',#1798,#1797);
#1800=DIRECTION('',(0.E0,1.E0,0.E0));
#1801=VECTOR('',#1800,5.5E-1);
#1802=CARTESIAN_POINT('',(-1.7E0,-9.5E-1,-4.5E0));
#1803=LINE('',#1802,#1801);
#1804=DIRECTION('',(0.E0,-1.E0,0.E0));
#1805=VECTOR('',#1804,8.E-1);
#1806=CARTESIAN_POINT('',(-2.35E0,4.E-1,-4.5E0));
#1807=LINE('',#1806,#1805);
#1808=DIRECTION('',(0.E0,-1.E0,0.E0));
#1809=VECTOR('',#1808,9.5E-1);
#1810=CARTESIAN_POINT('',(2.5E-1,1.45E0,-4.5E0));
#1811=LINE('',#1810,#1809);
#1812=DIRECTION('',(1.E0,0.E0,0.E0));
#1813=VECTOR('',#1812,9.5E-1);
#1814=CARTESIAN_POINT('',(2.5E-1,5.E-1,-4.5E0));
#1815=LINE('',#1814,#1813);
#1816=DIRECTION('',(0.E0,1.E0,0.E0));
#1817=VECTOR('',#1816,9.5E-1);
#1818=CARTESIAN_POINT('',(1.2E0,5.E-1,-4.5E0));
#1819=LINE('',#1818,#1817);
#1820=DIRECTION('',(-1.E0,0.E0,0.E0));
#1821=VECTOR('',#1820,9.5E-1);
#1822=CARTESIAN_POINT('',(1.2E0,1.45E0,-4.5E0));
#1823=LINE('',#1822,#1821);
#1824=DIRECTION('',(3.162277490531E-1,-9.486833037051E-1,0.E0));
#1825=VECTOR('',#1824,6.324555282639E-1);
#1826=CARTESIAN_POINT('',(7.5E-1,1.25E0,-4.5E0));
#1827=LINE('',#1826,#1825);
#1828=DIRECTION('',(-1.E0,0.E0,0.E0));
#1829=VECTOR('',#1828,7.5E-2);
#1830=CARTESIAN_POINT('',(9.499999880791E-1,6.5E-1,-4.5E0));
#1831=LINE('',#1830,#1829);
#1832=DIRECTION('',(-3.102799653834E-1,9.506452246141E-1,0.E0));
#1833=VECTOR('',#1832,1.611447520219E-1);
#1834=CARTESIAN_POINT('',(8.749999880791E-1,6.5E-1,-4.5E0));
#1835=LINE('',#1834,#1833);
#1836=DIRECTION('',(-1.E0,0.E0,0.E0));
#1837=VECTOR('',#1836,2.500000029802E-1);
#1838=CARTESIAN_POINT('',(8.25E-1,8.031914889812E-1,-4.5E0));
#1839=LINE('',#1838,#1837);
#1840=DIRECTION('',(-3.102800155243E-1,-9.506452082487E-1,0.E0));
#1841=VECTOR('',#1840,1.611447547960E-1);
#1842=CARTESIAN_POINT('',(5.749999970198E-1,8.031914889812E-1,-4.5E0));
#1843=LINE('',#1842,#1841);
#1844=DIRECTION('',(-1.E0,0.E0,0.E0));
#1845=VECTOR('',#1844,7.5E-2);
#1846=CARTESIAN_POINT('',(5.25E-1,6.5E-1,-4.5E0));
#1847=LINE('',#1846,#1845);
#1848=DIRECTION('',(3.162277744987E-1,9.486832952232E-1,0.E0));
#1849=VECTOR('',#1848,6.324555339185E-1);
#1850=CARTESIAN_POINT('',(4.5E-1,6.5E-1,-4.5E0));
#1851=LINE('',#1850,#1849);
#1852=DIRECTION('',(1.E0,0.E0,0.E0));
#1853=VECTOR('',#1852,9.999999403954E-2);
#1854=CARTESIAN_POINT('',(6.500000059605E-1,1.25E0,-4.5E0));
#1855=LINE('',#1854,#1853);
#1856=DIRECTION('',(-3.102799990428E-1,-9.506452136281E-1,0.E0));
#1857=VECTOR('',#1856,3.625757103467E-1);
#1858=CARTESIAN_POINT('',(6.999999940395E-1,1.198936176300E0,-4.5E0));
#1859=LINE('',#1858,#1857);
#1860=DIRECTION('',(1.E0,0.E0,0.E0));
#1861=VECTOR('',#1860,2.250000089407E-1);
#1862=CARTESIAN_POINT('',(5.875000029802E-1,8.542553126812E-1,-4.5E0));
#1863=LINE('',#1862,#1861);
#1864=DIRECTION('',(-3.102800658973E-1,9.506451918075E-1,0.E0));
#1865=VECTOR('',#1864,3.625757186690E-1);
#1866=CARTESIAN_POINT('',(8.125000119209E-1,8.542553126812E-1,-4.5E0));
#1867=LINE('',#1866,#1865);
#1868=DIRECTION('',(0.E0,1.E0,0.E0));
#1869=VECTOR('',#1868,5.E-1);
#1870=CARTESIAN_POINT('',(5.E-1,-2.5E-1,-4.5E0));
#1871=LINE('',#1870,#1869);
#1872=DIRECTION('',(1.E0,0.E0,0.E0));
#1873=VECTOR('',#1872,5.E-1);
#1874=CARTESIAN_POINT('',(5.E-1,-2.5E-1,-4.5E0));
#1875=LINE('',#1874,#1873);
#1876=DIRECTION('',(0.E0,1.E0,0.E0));
#1877=VECTOR('',#1876,5.E-1);
#1878=CARTESIAN_POINT('',(1.E0,-2.5E-1,-4.5E0));
#1879=LINE('',#1878,#1877);
#1880=DIRECTION('',(1.E0,0.E0,0.E0));
#1881=VECTOR('',#1880,5.E-1);
#1882=CARTESIAN_POINT('',(5.E-1,2.5E-1,-4.5E0));
#1883=LINE('',#1882,#1881);
#1884=DIRECTION('',(0.E0,1.E0,0.E0));
#1885=VECTOR('',#1884,5.E-1);
#1886=CARTESIAN_POINT('',(-1.E0,-2.5E-1,-4.5E0));
#1887=LINE('',#1886,#1885);
#1888=DIRECTION('',(1.E0,0.E0,0.E0));
#1889=VECTOR('',#1888,5.E-1);
#1890=CARTESIAN_POINT('',(-1.E0,-2.5E-1,-4.5E0));
#1891=LINE('',#1890,#1889);
#1892=DIRECTION('',(0.E0,1.E0,0.E0));
#1893=VECTOR('',#1892,5.E-1);
#1894=CARTESIAN_POINT('',(-5.E-1,-2.5E-1,-4.5E0));
#1895=LINE('',#1894,#1893);
#1896=DIRECTION('',(1.E0,0.E0,0.E0));
#1897=VECTOR('',#1896,5.E-1);
#1898=CARTESIAN_POINT('',(-1.E0,2.5E-1,-4.5E0));
#1899=LINE('',#1898,#1897);
#1900=CARTESIAN_POINT('',(-1.7E0,4.E-1,-4.4E0));
#1901=DIRECTION('',(0.E0,1.E0,0.E0));
#1902=DIRECTION('',(0.E0,0.E0,-1.E0));
#1903=AXIS2_PLACEMENT_3D('',#1900,#1901,#1902);
#1905=DIRECTION('',(0.E0,1.E0,0.E0));
#1906=VECTOR('',#1905,1.65E0);
#1907=CARTESIAN_POINT('',(-1.8E0,4.E-1,-4.4E0));
#1908=LINE('',#1907,#1906);
#1909=DIRECTION('',(0.E0,-4.472135955E-1,-8.944271909999E-1));
#1910=VECTOR('',#1909,6.708203932499E-1);
#1911=CARTESIAN_POINT('',(-1.8E0,7.E-1,-2.E-1));
#1912=LINE('',#1911,#1910);
#1913=DIRECTION('',(0.E0,-1.E0,0.E0));
#1914=VECTOR('',#1913,2.E0);
#1915=CARTESIAN_POINT('',(-1.8E0,2.7E0,-2.E-1));
#1916=LINE('',#1915,#1914);
#1917=DIRECTION('',(0.E0,0.E0,-1.E0));
#1918=VECTOR('',#1917,3.35E0);
#1919=CARTESIAN_POINT('',(-1.8E0,2.7E0,-2.E-1));
#1920=LINE('',#1919,#1918);
#1921=DIRECTION('',(0.E0,0.E0,-1.E0));
#1922=VECTOR('',#1921,8.5E-1);
#1923=CARTESIAN_POINT('',(-1.8E0,2.05E0,-3.55E0));
#1924=LINE('',#1923,#1922);
#1925=DIRECTION('',(0.E0,0.E0,-1.E0));
#1926=VECTOR('',#1925,3.6E0);
#1927=CARTESIAN_POINT('',(-1.8E0,4.E-1,-8.E-1));
#1928=LINE('',#1927,#1926);
#1929=DIRECTION('',(-1.E0,0.E0,0.E0));
#1930=VECTOR('',#1929,6.5E-1);
#1931=CARTESIAN_POINT('',(-1.7E0,4.E-1,-4.5E0));
#1932=LINE('',#1931,#1930);
#1933=DIRECTION('',(-1.E0,0.E0,0.E0));
#1934=VECTOR('',#1933,5.5E-1);
#1935=CARTESIAN_POINT('',(-1.8E0,4.E-1,-8.E-1));
#1936=LINE('',#1935,#1934);
#1937=DIRECTION('',(0.E0,-1.E0,0.E0));
#1938=VECTOR('',#1937,1.4E0);
#1939=CARTESIAN_POINT('',(-2.35E0,7.E-1,-2.E-1));
#1940=LINE('',#1939,#1938);
#1941=DIRECTION('',(0.E0,4.472135955E-1,8.944271909999E-1));
#1942=VECTOR('',#1941,6.708203932499E-1);
#1943=CARTESIAN_POINT('',(-2.35E0,4.E-1,-8.E-1));
#1944=LINE('',#1943,#1942);
#1945=DIRECTION('',(0.E0,0.E0,-1.E0));
#1946=VECTOR('',#1945,3.7E0);
#1947=CARTESIAN_POINT('',(-2.35E0,4.E-1,-8.E-1));
#1948=LINE('',#1947,#1946);
#1949=DIRECTION('',(0.E0,4.472135955E-1,-8.944271909999E-1));
#1950=VECTOR('',#1949,6.708203932499E-1);
#1951=CARTESIAN_POINT('',(-2.35E0,-7.E-1,-2.E-1));
#1952=LINE('',#1951,#1950);
#1953=DIRECTION('',(6.666666666667E-1,-3.333333333333E-1,-6.666666666667E-1));
#1954=VECTOR('',#1953,3.E-1);
#1955=CARTESIAN_POINT('',(-2.55E0,8.E-1,0.E0));
#1956=LINE('',#1955,#1954);
#1957=DIRECTION('',(-6.666666666667E-1,-3.333333333333E-1,6.666666666667E-1));
#1958=VECTOR('',#1957,3.E-1);
#1959=CARTESIAN_POINT('',(-2.35E0,-7.E-1,-2.E-1));
#1960=LINE('',#1959,#1958);
#1961=DIRECTION('',(1.E0,0.E0,0.E0));
#1962=VECTOR('',#1961,5.5E-1);
#1963=CARTESIAN_POINT('',(-2.55E0,8.E-1,0.E0));
#1964=LINE('',#1963,#1962);
#1965=DIRECTION('',(-6.666666666667E-1,3.333333333333E-1,6.666666666667E-1));
#1966=VECTOR('',#1965,3.E-1);
#1967=CARTESIAN_POINT('',(-1.8E0,7.E-1,-2.E-1));
#1968=LINE('',#1967,#1966);
#1969=DIRECTION('',(1.E0,0.E0,0.E0));
#1970=VECTOR('',#1969,5.5E-1);
#1971=CARTESIAN_POINT('',(2.E0,8.E-1,0.E0));
#1972=LINE('',#1971,#1970);
#1973=DIRECTION('',(-6.666666666667E-1,-3.333333333333E-1,-6.666666666667E-1));
#1974=VECTOR('',#1973,3.E-1);
#1975=CARTESIAN_POINT('',(2.E0,8.E-1,0.E0));
#1976=LINE('',#1975,#1974);
#1977=DIRECTION('',(-5.773502691896E-1,5.773502691896E-1,5.773502691896E-1));
#1978=VECTOR('',#1977,3.464101615138E-1);
#1979=CARTESIAN_POINT('',(-1.8E0,2.7E0,-2.E-1));
#1980=LINE('',#1979,#1978);
#1981=DIRECTION('',(5.773502691896E-1,5.773502691896E-1,5.773502691896E-1));
#1982=VECTOR('',#1981,3.464101615138E-1);
#1983=CARTESIAN_POINT('',(-1.1E0,2.7E0,-2.E-1));
#1984=LINE('',#1983,#1982);
#1985=DIRECTION('',(1.E0,0.E0,0.E0));
#1986=VECTOR('',#1985,7.E-1);
#1987=CARTESIAN_POINT('',(-1.8E0,2.7E0,-2.E-1));
#1988=LINE('',#1987,#1986);
#1989=DIRECTION('',(0.E0,0.E0,-1.E0));
#1990=VECTOR('',#1989,3.35E0);
#1991=CARTESIAN_POINT('',(-1.1E0,2.7E0,-2.E-1));
#1992=LINE('',#1991,#1990);
#1993=DIRECTION('',(0.E0,-1.E0,0.E0));
#1994=VECTOR('',#1993,6.5E-1);
#1995=CARTESIAN_POINT('',(-1.1E0,2.7E0,-2.E-1));
#1996=LINE('',#1995,#1994);
#1997=DIRECTION('',(5.773502691896E-1,5.773502691896E-1,5.773502691896E-1));
#1998=VECTOR('',#1997,1.732050807569E-1);
#1999=CARTESIAN_POINT('',(-1.E0,2.05E0,-1.E-1));
#2000=LINE('',#1999,#1998);
#2001=DIRECTION('',(1.E0,0.E0,0.E0));
#2002=VECTOR('',#2001,3.6E0);
#2003=CARTESIAN_POINT('',(-1.8E0,2.05E0,-4.4E0));
#2004=LINE('',#2003,#2002);
#2005=DIRECTION('',(-1.E0,0.E0,0.E0));
#2006=VECTOR('',#2005,7.E-1);
#2007=CARTESIAN_POINT('',(-1.1E0,2.05E0,-3.55E0));
#2008=LINE('',#2007,#2006);
#2009=DIRECTION('',(0.E0,0.E0,-1.E0));
#2010=VECTOR('',#2009,3.35E0);
#2011=CARTESIAN_POINT('',(-1.1E0,2.05E0,-2.E-1));
#2012=LINE('',#2011,#2010);
#2013=DIRECTION('',(-7.071067811865E-1,0.E0,-7.071067811865E-1));
#2014=VECTOR('',#2013,1.414213562373E-1);
#2015=CARTESIAN_POINT('',(-1.E0,2.05E0,-1.E-1));
#2016=LINE('',#2015,#2014);
#2017=DIRECTION('',(1.E0,0.E0,0.E0));
#2018=VECTOR('',#2017,2.E0);
#2019=CARTESIAN_POINT('',(-1.E0,2.05E0,-1.E-1));
#2020=LINE('',#2019,#2018);
#2021=DIRECTION('',(-7.071067811865E-1,0.E0,7.071067811865E-1));
#2022=VECTOR('',#2021,1.414213562373E-1);
#2023=CARTESIAN_POINT('',(1.1E0,2.05E0,-2.E-1));
#2024=LINE('',#2023,#2022);
#2025=DIRECTION('',(0.E0,0.E0,-1.E0));
#2026=VECTOR('',#2025,3.35E0);
#2027=CARTESIAN_POINT('',(1.1E0,2.05E0,-2.E-1));
#2028=LINE('',#2027,#2026);
#2029=DIRECTION('',(-1.E0,0.E0,0.E0));
#2030=VECTOR('',#2029,7.E-1);
#2031=CARTESIAN_POINT('',(1.8E0,2.05E0,-3.55E0));
#2032=LINE('',#2031,#2030);
#2033=DIRECTION('',(0.E0,0.E0,-1.E0));
#2034=VECTOR('',#2033,8.5E-1);
#2035=CARTESIAN_POINT('',(1.8E0,2.05E0,-3.55E0));
#2036=LINE('',#2035,#2034);
#2037=CARTESIAN_POINT('',(-1.8E0,2.05E0,-4.4E0));
#2038=CARTESIAN_POINT('',(-1.8E0,2.05E0,-4.407783363899E0));
#2039=CARTESIAN_POINT('',(-1.798198809838E0,2.048198809838E0,
-4.423710637201E0));
#2040=CARTESIAN_POINT('',(-1.789209073395E0,2.039209073395E0,
-4.447541340044E0));
#2041=CARTESIAN_POINT('',(-1.774323661491E0,2.024323661491E0,
-4.468576295966E0));
#2042=CARTESIAN_POINT('',(-1.753950168068E0,2.003950168068E0,
-4.485584909647E0));
#2043=CARTESIAN_POINT('',(-1.729427747654E0,1.979427747654E0,
-4.496909298437E0));
#2044=CARTESIAN_POINT('',(-1.710148214846E0,1.960148214846E0,-4.5E0));
#2045=CARTESIAN_POINT('',(-1.7E0,1.95E0,-4.5E0));
#2047=CARTESIAN_POINT('',(1.8E0,2.05E0,-4.4E0));
#2048=CARTESIAN_POINT('',(1.8E0,2.05E0,-4.407783363899E0));
#2049=CARTESIAN_POINT('',(1.798198809838E0,2.048198809838E0,-4.423710637201E0));
#2050=CARTESIAN_POINT('',(1.789209073395E0,2.039209073395E0,-4.447541340044E0));
#2051=CARTESIAN_POINT('',(1.774323661491E0,2.024323661491E0,-4.468576295966E0));
#2052=CARTESIAN_POINT('',(1.753950168068E0,2.003950168068E0,-4.485584909647E0));
#2053=CARTESIAN_POINT('',(1.729427747654E0,1.979427747654E0,-4.496909298437E0));
#2054=CARTESIAN_POINT('',(1.710148214846E0,1.960148214846E0,-4.5E0));
#2055=CARTESIAN_POINT('',(1.7E0,1.95E0,-4.5E0));
#2057=CARTESIAN_POINT('',(1.7E0,4.E-1,-4.4E0));
#2058=DIRECTION('',(0.E0,1.E0,0.E0));
#2059=DIRECTION('',(1.E0,0.E0,0.E0));
#2060=AXIS2_PLACEMENT_3D('',#2057,#2058,#2059);
#2062=DIRECTION('',(0.E0,-1.E0,0.E0));
#2063=VECTOR('',#2062,1.65E0);
#2064=CARTESIAN_POINT('',(1.8E0,2.05E0,-4.4E0));
#2065=LINE('',#2064,#2063);
#2066=DIRECTION('',(0.E0,1.E0,0.E0));
#2067=VECTOR('',#2066,2.E0);
#2068=CARTESIAN_POINT('',(1.8E0,7.E-1,-2.E-1));
#2069=LINE('',#2068,#2067);
#2070=DIRECTION('',(0.E0,-4.472135955E-1,-8.944271909999E-1));
#2071=VECTOR('',#2070,6.708203932499E-1);
#2072=CARTESIAN_POINT('',(1.8E0,7.E-1,-2.E-1));
#2073=LINE('',#2072,#2071);
#2074=DIRECTION('',(0.E0,0.E0,-1.E0));
#2075=VECTOR('',#2074,3.6E0);
#2076=CARTESIAN_POINT('',(1.8E0,4.E-1,-8.E-1));
#2077=LINE('',#2076,#2075);
#2078=DIRECTION('',(0.E0,-1.E0,0.E0));
#2079=VECTOR('',#2078,6.5E-1);
#2080=CARTESIAN_POINT('',(1.1E0,2.7E0,-3.55E0));
#2081=LINE('',#2080,#2079);
#2082=DIRECTION('',(-1.E0,0.E0,0.E0));
#2083=VECTOR('',#2082,7.E-1);
#2084=CARTESIAN_POINT('',(1.8E0,2.7E0,-3.55E0));
#2085=LINE('',#2084,#2083);
#2086=DIRECTION('',(0.E0,1.E0,0.E0));
#2087=VECTOR('',#2086,6.5E-1);
#2088=CARTESIAN_POINT('',(1.8E0,2.05E0,-3.55E0));
#2089=LINE('',#2088,#2087);
#2090=DIRECTION('',(0.E0,-1.E0,0.E0));
#2091=VECTOR('',#2090,6.5E-1);
#2092=CARTESIAN_POINT('',(-1.8E0,2.7E0,-3.55E0));
#2093=LINE('',#2092,#2091);
#2094=DIRECTION('',(-1.E0,0.E0,0.E0));
#2095=VECTOR('',#2094,7.E-1);
#2096=CARTESIAN_POINT('',(-1.1E0,2.7E0,-3.55E0));
#2097=LINE('',#2096,#2095);
#2098=DIRECTION('',(0.E0,1.E0,0.E0));
#2099=VECTOR('',#2098,6.5E-1);
#2100=CARTESIAN_POINT('',(-1.1E0,2.05E0,-3.55E0));
#2101=LINE('',#2100,#2099);
#2102=DIRECTION('',(0.E0,1.E0,0.E0));
#2103=VECTOR('',#2102,6.5E-1);
#2104=CARTESIAN_POINT('',(1.1E0,2.05E0,-2.E-1));
#2105=LINE('',#2104,#2103);
#2106=DIRECTION('',(0.E0,0.E0,-1.E0));
#2107=VECTOR('',#2106,3.35E0);
#2108=CARTESIAN_POINT('',(1.1E0,2.7E0,-2.E-1));
#2109=LINE('',#2108,#2107);
#2110=DIRECTION('',(-5.773502691896E-1,5.773502691896E-1,5.773502691896E-1));
#2111=VECTOR('',#2110,1.732050807569E-1);
#2112=CARTESIAN_POINT('',(1.E0,2.05E0,-1.E-1));
#2113=LINE('',#2112,#2111);
#2114=DIRECTION('',(-5.773502691896E-1,5.773502691896E-1,5.773502691896E-1));
#2115=VECTOR('',#2114,3.464101615138E-1);
#2116=CARTESIAN_POINT('',(1.1E0,2.7E0,-2.E-1));
#2117=LINE('',#2116,#2115);
#2118=DIRECTION('',(5.773502691896E-1,5.773502691896E-1,5.773502691896E-1));
#2119=VECTOR('',#2118,3.464101615138E-1);
#2120=CARTESIAN_POINT('',(1.8E0,2.7E0,-2.E-1));
#2121=LINE('',#2120,#2119);
#2122=DIRECTION('',(1.E0,0.E0,0.E0));
#2123=VECTOR('',#2122,7.E-1);
#2124=CARTESIAN_POINT('',(1.1E0,2.7E0,-2.E-1));
#2125=LINE('',#2124,#2123);
#2126=DIRECTION('',(0.E0,0.E0,-1.E0));
#2127=VECTOR('',#2126,3.35E0);
#2128=CARTESIAN_POINT('',(1.8E0,2.7E0,-2.E-1));
#2129=LINE('',#2128,#2127);
#2130=DIRECTION('',(-1.E0,0.E0,0.E0));
#2131=VECTOR('',#2130,6.5E-1);
#2132=CARTESIAN_POINT('',(2.35E0,4.E-1,-4.5E0));
#2133=LINE('',#2132,#2131);
#2134=DIRECTION('',(1.E0,0.E0,0.E0));
#2135=VECTOR('',#2134,5.5E-1);
#2136=CARTESIAN_POINT('',(1.8E0,4.E-1,-8.E-1));
#2137=LINE('',#2136,#2135);
#2138=DIRECTION('',(0.E0,0.E0,-1.E0));
#2139=VECTOR('',#2138,3.7E0);
#2140=CARTESIAN_POINT('',(2.35E0,4.E-1,-8.E-1));
#2141=LINE('',#2140,#2139);
#2142=DIRECTION('',(0.E0,1.E0,0.E0));
#2143=VECTOR('',#2142,1.4E0);
#2144=CARTESIAN_POINT('',(2.35E0,-7.E-1,-2.E-1));
#2145=LINE('',#2144,#2143);
#2146=DIRECTION('',(0.E0,4.472135955E-1,-8.944271909999E-1));
#2147=VECTOR('',#2146,6.708203932499E-1);
#2148=CARTESIAN_POINT('',(2.35E0,-7.E-1,-2.E-1));
#2149=LINE('',#2148,#2147);
#2150=DIRECTION('',(0.E0,0.E0,-1.E0));
#2151=VECTOR('',#2150,3.7E0);
#2152=CARTESIAN_POINT('',(2.35E0,-4.E-1,-8.E-1));
#2153=LINE('',#2152,#2151);
#2154=DIRECTION('',(0.E0,4.472135955E-1,8.944271909999E-1));
#2155=VECTOR('',#2154,6.708203932499E-1);
#2156=CARTESIAN_POINT('',(2.35E0,4.E-1,-8.E-1));
#2157=LINE('',#2156,#2155);
#2158=DIRECTION('',(-6.666666666667E-1,3.333333333333E-1,-6.666666666667E-1));
#2159=VECTOR('',#2158,3.E-1);
#2160=CARTESIAN_POINT('',(2.55E0,-8.E-1,0.E0));
#2161=LINE('',#2160,#2159);
#2162=DIRECTION('',(6.666666666667E-1,3.333333333333E-1,6.666666666667E-1));
#2163=VECTOR('',#2162,3.E-1);
#2164=CARTESIAN_POINT('',(2.35E0,7.E-1,-2.E-1));
#2165=LINE('',#2164,#2163);
#2166=DIRECTION('',(-1.E0,0.E0,0.E0));
#2167=VECTOR('',#2166,5.5E-1);
#2168=CARTESIAN_POINT('',(2.55E0,-8.E-1,0.E0));
#2169=LINE('',#2168,#2167);
#2170=DIRECTION('',(6.666666666667E-1,-3.333333333333E-1,6.666666666667E-1));
#2171=VECTOR('',#2170,3.E-1);
#2172=CARTESIAN_POINT('',(1.8E0,-7.E-1,-2.E-1));
#2173=LINE('',#2172,#2171);
#2174=DIRECTION('',(-1.E0,0.E0,0.E0));
#2175=VECTOR('',#2174,5.5E-1);
#2176=CARTESIAN_POINT('',(-2.E0,-8.E-1,0.E0));
#2177=LINE('',#2176,#2175);
#2178=DIRECTION('',(6.666666666667E-1,3.333333333333E-1,-6.666666666667E-1));
#2179=VECTOR('',#2178,3.E-1);
#2180=CARTESIAN_POINT('',(-2.E0,-8.E-1,0.E0));
#2181=LINE('',#2180,#2179);
#2182=DIRECTION('',(5.773502691896E-1,-5.773502691896E-1,5.773502691896E-1));
#2183=VECTOR('',#2182,3.464101615138E-1);
#2184=CARTESIAN_POINT('',(1.8E0,-1.05E0,-2.E-1));
#2185=LINE('',#2184,#2183);
#2186=DIRECTION('',(-5.773502691896E-1,-5.773502691896E-1,5.773502691896E-1));
#2187=VECTOR('',#2186,3.464101615138E-1);
#2188=CARTESIAN_POINT('',(-1.8E0,-1.05E0,-2.E-1));
#2189=LINE('',#2188,#2187);
#2190=DIRECTION('',(0.E0,1.E0,0.E0));
#2191=VECTOR('',#2190,6.5E-1);
#2192=CARTESIAN_POINT('',(-1.8E0,-1.05E0,-4.4E0));
#2193=LINE('',#2192,#2191);
#2194=DIRECTION('',(0.E0,1.E0,0.E0));
#2195=VECTOR('',#2194,3.5E-1);
#2196=CARTESIAN_POINT('',(-1.8E0,-1.05E0,-2.E-1));
#2197=LINE('',#2196,#2195);
#2198=DIRECTION('',(0.E0,4.472135955E-1,-8.944271909999E-1));
#2199=VECTOR('',#2198,6.708203932499E-1);
#2200=CARTESIAN_POINT('',(-1.8E0,-7.E-1,-2.E-1));
#2201=LINE('',#2200,#2199);
#2202=DIRECTION('',(0.E0,0.E0,-1.E0));
#2203=VECTOR('',#2202,3.6E0);
#2204=CARTESIAN_POINT('',(-1.8E0,-4.E-1,-8.E-1));
#2205=LINE('',#2204,#2203);
#2206=CARTESIAN_POINT('',(-1.8E0,-1.05E0,-4.4E0));
#2207=CARTESIAN_POINT('',(-1.8E0,-1.05E0,-4.407783363899E0));
#2208=CARTESIAN_POINT('',(-1.798198809838E0,-1.048198809838E0,
-4.423710637201E0));
#2209=CARTESIAN_POINT('',(-1.789209073395E0,-1.039209073395E0,
-4.447541340044E0));
#2210=CARTESIAN_POINT('',(-1.774323661491E0,-1.024323661491E0,
-4.468576295966E0));
#2211=CARTESIAN_POINT('',(-1.753950168068E0,-1.003950168068E0,
-4.485584909647E0));
#2212=CARTESIAN_POINT('',(-1.729427747654E0,-9.794277476544E-1,
-4.496909298437E0));
#2213=CARTESIAN_POINT('',(-1.710148214846E0,-9.601482148465E-1,-4.5E0));
#2214=CARTESIAN_POINT('',(-1.7E0,-9.5E-1,-4.5E0));
#2216=CARTESIAN_POINT('',(-1.7E0,-4.E-1,-4.4E0));
#2217=DIRECTION('',(0.E0,-1.E0,0.E0));
#2218=DIRECTION('',(-1.E0,0.E0,0.E0));
#2219=AXIS2_PLACEMENT_3D('',#2216,#2217,#2218);
#2221=CARTESIAN_POINT('',(1.8E0,-1.05E0,-4.4E0));
#2222=CARTESIAN_POINT('',(1.8E0,-1.05E0,-4.407783363899E0));
#2223=CARTESIAN_POINT('',(1.798198809838E0,-1.048198809838E0,
-4.423710637201E0));
#2224=CARTESIAN_POINT('',(1.789209073395E0,-1.039209073395E0,
-4.447541340044E0));
#2225=CARTESIAN_POINT('',(1.774323661491E0,-1.024323661491E0,
-4.468576295966E0));
#2226=CARTESIAN_POINT('',(1.753950168068E0,-1.003950168068E0,
-4.485584909647E0));
#2227=CARTESIAN_POINT('',(1.729427747654E0,-9.794277476544E-1,
-4.496909298437E0));
#2228=CARTESIAN_POINT('',(1.710148214846E0,-9.601482148465E-1,-4.5E0));
#2229=CARTESIAN_POINT('',(1.7E0,-9.5E-1,-4.5E0));
#2231=DIRECTION('',(-1.E0,0.E0,0.E0));
#2232=VECTOR('',#2231,3.6E0);
#2233=CARTESIAN_POINT('',(1.8E0,-1.05E0,-4.4E0));
#2234=LINE('',#2233,#2232);
#2235=DIRECTION('',(-1.E0,0.E0,0.E0));
#2236=VECTOR('',#2235,3.6E0);
#2237=CARTESIAN_POINT('',(1.8E0,-1.05E0,-2.E-1));
#2238=LINE('',#2237,#2236);
#2239=DIRECTION('',(0.E0,0.E0,-1.E0));
#2240=VECTOR('',#2239,4.2E0);
#2241=CARTESIAN_POINT('',(-1.8E0,-1.05E0,-2.E-1));
#2242=LINE('',#2241,#2240);
#2243=DIRECTION('',(0.E0,-1.E0,0.E0));
#2244=VECTOR('',#2243,6.5E-1);
#2245=CARTESIAN_POINT('',(1.8E0,-4.E-1,-4.4E0));
#2246=LINE('',#2245,#2244);
#2247=DIRECTION('',(0.E0,4.472135955E-1,-8.944271909999E-1));
#2248=VECTOR('',#2247,6.708203932499E-1);
#2249=CARTESIAN_POINT('',(1.8E0,-7.E-1,-2.E-1));
#2250=LINE('',#2249,#2248);
#2251=DIRECTION('',(0.E0,-1.E0,0.E0));
#2252=VECTOR('',#2251,3.5E-1);
#2253=CARTESIAN_POINT('',(1.8E0,-7.E-1,-2.E-1));
#2254=LINE('',#2253,#2252);
#2255=DIRECTION('',(0.E0,0.E0,-1.E0));
#2256=VECTOR('',#2255,4.2E0);
#2257=CARTESIAN_POINT('',(1.8E0,-1.05E0,-2.E-1));
#2258=LINE('',#2257,#2256);
#2259=CARTESIAN_POINT('',(1.7E0,-4.E-1,-4.4E0));
#2260=DIRECTION('',(0.E0,-1.E0,0.E0));
#2261=DIRECTION('',(0.E0,0.E0,-1.E0));
#2262=AXIS2_PLACEMENT_3D('',#2259,#2260,#2261);
#2264=DIRECTION('',(0.E0,0.E0,-1.E0));
#2265=VECTOR('',#2264,3.6E0);
#2266=CARTESIAN_POINT('',(1.8E0,-4.E-1,-8.E-1));
#2267=LINE('',#2266,#2265);
#2268=DIRECTION('',(1.E0,0.E0,0.E0));
#2269=VECTOR('',#2268,6.5E-1);
#2270=CARTESIAN_POINT('',(1.7E0,-4.E-1,-4.5E0));
#2271=LINE('',#2270,#2269);
#2272=DIRECTION('',(1.E0,0.E0,0.E0));
#2273=VECTOR('',#2272,5.5E-1);
#2274=CARTESIAN_POINT('',(1.8E0,-4.E-1,-8.E-1));
#2275=LINE('',#2274,#2273);
#2276=DIRECTION('',(1.E0,0.E0,0.E0));
#2277=VECTOR('',#2276,6.5E-1);
#2278=CARTESIAN_POINT('',(-2.35E0,-4.E-1,-4.5E0));
#2279=LINE('',#2278,#2277);
#2280=DIRECTION('',(-1.E0,0.E0,0.E0));
#2281=VECTOR('',#2280,5.5E-1);
#2282=CARTESIAN_POINT('',(-1.8E0,-4.E-1,-8.E-1));
#2283=LINE('',#2282,#2281);
#2284=DIRECTION('',(0.E0,0.E0,-1.E0));
#2285=VECTOR('',#2284,3.7E0);
#2286=CARTESIAN_POINT('',(-2.35E0,-4.E-1,-8.E-1));
#2287=LINE('',#2286,#2285);
#2288=DIRECTION('',(0.E0,0.E0,-1.E0));
#2289=VECTOR('',#2288,5.E-2);
#2290=CARTESIAN_POINT('',(2.5E-1,1.45E0,-4.5E0));
#2291=LINE('',#2290,#2289);
#2292=DIRECTION('',(0.E0,0.E0,-1.E0));
#2293=VECTOR('',#2292,5.E-2);
#2294=CARTESIAN_POINT('',(1.2E0,1.45E0,-4.5E0));
#2295=LINE('',#2294,#2293);
#2296=DIRECTION('',(0.E0,0.E0,-1.E0));
#2297=VECTOR('',#2296,5.E-2);
#2298=CARTESIAN_POINT('',(1.2E0,5.E-1,-4.5E0));
#2299=LINE('',#2298,#2297);
#2300=DIRECTION('',(0.E0,0.E0,-1.E0));
#2301=VECTOR('',#2300,5.E-2);
#2302=CARTESIAN_POINT('',(2.5E-1,5.E-1,-4.5E0));
#2303=LINE('',#2302,#2301);
#2304=DIRECTION('',(0.E0,-1.E0,0.E0));
#2305=VECTOR('',#2304,9.5E-1);
#2306=CARTESIAN_POINT('',(2.5E-1,1.45E0,-4.55E0));
#2307=LINE('',#2306,#2305);
#2308=DIRECTION('',(-1.E0,0.E0,0.E0));
#2309=VECTOR('',#2308,9.5E-1);
#2310=CARTESIAN_POINT('',(1.2E0,1.45E0,-4.55E0));
#2311=LINE('',#2310,#2309);
#2312=DIRECTION('',(0.E0,1.E0,0.E0));
#2313=VECTOR('',#2312,9.5E-1);
#2314=CARTESIAN_POINT('',(1.2E0,5.E-1,-4.55E0));
#2315=LINE('',#2314,#2313);
#2316=DIRECTION('',(1.E0,0.E0,0.E0));
#2317=VECTOR('',#2316,9.5E-1);
#2318=CARTESIAN_POINT('',(2.5E-1,5.E-1,-4.55E0));
#2319=LINE('',#2318,#2317);
#2320=DIRECTION('',(3.162277490531E-1,-9.486833037051E-1,0.E0));
#2321=VECTOR('',#2320,6.324555282639E-1);
#2322=CARTESIAN_POINT('',(7.5E-1,1.25E0,-4.55E0));
#2323=LINE('',#2322,#2321);
#2324=DIRECTION('',(1.E0,0.E0,0.E0));
#2325=VECTOR('',#2324,9.999999403954E-2);
#2326=CARTESIAN_POINT('',(6.500000059605E-1,1.25E0,-4.55E0));
#2327=LINE('',#2326,#2325);
#2328=DIRECTION('',(3.162277744987E-1,9.486832952232E-1,0.E0));
#2329=VECTOR('',#2328,6.324555339185E-1);
#2330=CARTESIAN_POINT('',(4.5E-1,6.5E-1,-4.55E0));
#2331=LINE('',#2330,#2329);
#2332=DIRECTION('',(-1.E0,0.E0,0.E0));
#2333=VECTOR('',#2332,7.5E-2);
#2334=CARTESIAN_POINT('',(5.25E-1,6.5E-1,-4.55E0));
#2335=LINE('',#2334,#2333);
#2336=DIRECTION('',(-3.102800155243E-1,-9.506452082487E-1,0.E0));
#2337=VECTOR('',#2336,1.611447547960E-1);
#2338=CARTESIAN_POINT('',(5.749999970198E-1,8.031914889812E-1,-4.55E0));
#2339=LINE('',#2338,#2337);
#2340=DIRECTION('',(-1.E0,0.E0,0.E0));
#2341=VECTOR('',#2340,2.500000029802E-1);
#2342=CARTESIAN_POINT('',(8.25E-1,8.031914889812E-1,-4.55E0));
#2343=LINE('',#2342,#2341);
#2344=DIRECTION('',(-3.102799653834E-1,9.506452246141E-1,0.E0));
#2345=VECTOR('',#2344,1.611447520219E-1);
#2346=CARTESIAN_POINT('',(8.749999880791E-1,6.5E-1,-4.55E0));
#2347=LINE('',#2346,#2345);
#2348=DIRECTION('',(-1.E0,0.E0,0.E0));
#2349=VECTOR('',#2348,7.5E-2);
#2350=CARTESIAN_POINT('',(9.499999880791E-1,6.5E-1,-4.55E0));
#2351=LINE('',#2350,#2349);
#2352=DIRECTION('',(-3.102799990428E-1,-9.506452136281E-1,0.E0));
#2353=VECTOR('',#2352,3.625757103467E-1);
#2354=CARTESIAN_POINT('',(6.999999940395E-1,1.198936176300E0,-4.55E0));
#2355=LINE('',#2354,#2353);
#2356=DIRECTION('',(-3.102800658973E-1,9.506451918075E-1,0.E0));
#2357=VECTOR('',#2356,3.625757186690E-1);
#2358=CARTESIAN_POINT('',(8.125000119209E-1,8.542553126812E-1,-4.55E0));
#2359=LINE('',#2358,#2357);
#2360=DIRECTION('',(1.E0,0.E0,0.E0));
#2361=VECTOR('',#2360,2.250000089407E-1);
#2362=CARTESIAN_POINT('',(5.875000029802E-1,8.542553126812E-1,-4.55E0));
#2363=LINE('',#2362,#2361);
#2364=DIRECTION('',(0.E0,0.E0,-1.E0));
#2365=VECTOR('',#2364,5.E-2);
#2366=CARTESIAN_POINT('',(7.5E-1,1.25E0,-4.5E0));
#2367=LINE('',#2366,#2365);
#2368=DIRECTION('',(0.E0,0.E0,-1.E0));
#2369=VECTOR('',#2368,5.E-2);
#2370=CARTESIAN_POINT('',(6.500000059605E-1,1.25E0,-4.5E0));
#2371=LINE('',#2370,#2369);
#2372=DIRECTION('',(0.E0,0.E0,-1.E0));
#2373=VECTOR('',#2372,5.E-2);
#2374=CARTESIAN_POINT('',(4.5E-1,6.5E-1,-4.5E0));
#2375=LINE('',#2374,#2373);
#2376=DIRECTION('',(0.E0,0.E0,-1.E0));
#2377=VECTOR('',#2376,5.E-2);
#2378=CARTESIAN_POINT('',(5.25E-1,6.5E-1,-4.5E0));
#2379=LINE('',#2378,#2377);
#2380=DIRECTION('',(0.E0,0.E0,-1.E0));
#2381=VECTOR('',#2380,5.E-2);
#2382=CARTESIAN_POINT('',(5.749999970198E-1,8.031914889812E-1,-4.5E0));
#2383=LINE('',#2382,#2381);
#2384=DIRECTION('',(0.E0,0.E0,-1.E0));
#2385=VECTOR('',#2384,5.E-2);
#2386=CARTESIAN_POINT('',(8.25E-1,8.031914889812E-1,-4.5E0));
#2387=LINE('',#2386,#2385);
#2388=DIRECTION('',(0.E0,0.E0,-1.E0));
#2389=VECTOR('',#2388,5.E-2);
#2390=CARTESIAN_POINT('',(8.749999880791E-1,6.5E-1,-4.5E0));
#2391=LINE('',#2390,#2389);
#2392=DIRECTION('',(0.E0,0.E0,-1.E0));
#2393=VECTOR('',#2392,5.E-2);
#2394=CARTESIAN_POINT('',(9.499999880791E-1,6.5E-1,-4.5E0));
#2395=LINE('',#2394,#2393);
#2396=DIRECTION('',(0.E0,0.E0,-1.E0));
#2397=VECTOR('',#2396,5.E-2);
#2398=CARTESIAN_POINT('',(6.999999940395E-1,1.198936176300E0,-4.5E0));
#2399=LINE('',#2398,#2397);
#2400=DIRECTION('',(0.E0,0.E0,-1.E0));
#2401=VECTOR('',#2400,5.E-2);
#2402=CARTESIAN_POINT('',(8.125000119209E-1,8.542553126812E-1,-4.5E0));
#2403=LINE('',#2402,#2401);
#2404=DIRECTION('',(0.E0,0.E0,-1.E0));
#2405=VECTOR('',#2404,5.E-2);
#2406=CARTESIAN_POINT('',(5.875000029802E-1,8.542553126812E-1,-4.5E0));
#2407=LINE('',#2406,#2405);
#2408=DIRECTION('',(1.E0,0.E0,0.E0));
#2409=VECTOR('',#2408,5.E-1);
#2410=CARTESIAN_POINT('',(5.E-1,-2.5E-1,-2.1E0));
#2411=LINE('',#2410,#2409);
#2412=DIRECTION('',(1.E0,0.E0,0.E0));
#2413=VECTOR('',#2412,5.E-1);
#2414=CARTESIAN_POINT('',(5.E-1,2.5E-1,-2.1E0));
#2415=LINE('',#2414,#2413);
#2416=DIRECTION('',(1.E0,0.E0,0.E0));
#2417=VECTOR('',#2416,5.E-1);
#2418=CARTESIAN_POINT('',(-1.E0,-2.5E-1,-2.1E0));
#2419=LINE('',#2418,#2417);
#2420=DIRECTION('',(1.E0,0.E0,0.E0));
#2421=VECTOR('',#2420,5.E-1);
#2422=CARTESIAN_POINT('',(-1.E0,2.5E-1,-2.1E0));
#2423=LINE('',#2422,#2421);
#2424=DIRECTION('',(0.E0,0.E0,1.E0));
#2425=VECTOR('',#2424,1.5E0);
#2426=CARTESIAN_POINT('',(-5.E-1,-1.35E0,-9.2E0));
#2427=LINE('',#2426,#2425);
#2428=DIRECTION('',(0.E0,1.E0,0.E0));
#2429=VECTOR('',#2428,5.E-1);
#2430=CARTESIAN_POINT('',(-5.E-1,-1.85E0,-9.2E0));
#2431=LINE('',#2430,#2429);
#2432=DIRECTION('',(0.E0,0.E0,-1.E0));
#2433=VECTOR('',#2432,1.5E0);
#2434=CARTESIAN_POINT('',(-5.E-1,-1.85E0,-7.7E0));
#2435=LINE('',#2434,#2433);
#2436=CARTESIAN_POINT('',(-5.E-1,-1.25E0,-7.7E0));
#2437=DIRECTION('',(1.E0,0.E0,0.E0));
#2438=DIRECTION('',(0.E0,-9.166666666667E-1,3.996526269427E-1));
#2439=AXIS2_PLACEMENT_3D('',#2436,#2437,#2438);
#2441=DIRECTION('',(0.E0,0.E0,-1.E0));
#2442=VECTOR('',#2441,2.4E0);
#2443=CARTESIAN_POINT('',(-5.E-1,-2.5E-1,-2.1E0));
#2444=LINE('',#2443,#2442);
#2445=DIRECTION('',(0.E0,-1.E0,0.E0));
#2446=VECTOR('',#2445,5.E-1);
#2447=CARTESIAN_POINT('',(-5.E-1,2.5E-1,-2.1E0));
#2448=LINE('',#2447,#2446);
#2449=DIRECTION('',(0.E0,0.E0,1.E0));
#2450=VECTOR('',#2449,2.4E0);
#2451=CARTESIAN_POINT('',(-5.E-1,2.5E-1,-4.5E0));
#2452=LINE('',#2451,#2450);
#2453=DIRECTION('',(0.E0,5.107025913278E-14,1.E0));
#2454=VECTOR('',#2453,2.499999999999E-1);
#2455=CARTESIAN_POINT('',(-5.E-1,2.5E-1,-6.65E0));
#2456=LINE('',#2455,#2454);
#2457=CARTESIAN_POINT('',(-5.E-1,-3.5E-1,-6.65E0));
#2458=DIRECTION('',(1.E0,0.E0,0.E0));
#2459=DIRECTION('',(0.E0,5.085852717782E-1,-8.610116267103E-1));
#2460=AXIS2_PLACEMENT_3D('',#2457,#2458,#2459);
#2462=DIRECTION('',(0.E0,1.E0,0.E0));
#2463=VECTOR('',#2462,1.4E0);
#2464=CARTESIAN_POINT('',(2.4E0,1.2E0,-5.9E0));
#2465=LINE('',#2464,#2463);
#2466=DIRECTION('',(0.E0,0.E0,-1.E0));
#2467=VECTOR('',#2466,5.9E0);
#2468=CARTESIAN_POINT('',(2.4E0,1.2E0,0.E0));
#2469=LINE('',#2468,#2467);
#2470=DIRECTION('',(1.E0,0.E0,0.E0));
#2471=VECTOR('',#2470,1.5E-1);
#2472=CARTESIAN_POINT('',(2.4E0,2.6E0,-5.9E0));
#2473=LINE('',#2472,#2471);
#2474=DIRECTION('',(0.E0,0.E0,-1.E0));
#2475=VECTOR('',#2474,5.9E0);
#2476=CARTESIAN_POINT('',(2.4E0,2.6E0,0.E0));
#2477=LINE('',#2476,#2475);
#2478=DIRECTION('',(0.E0,1.E0,0.E0));
#2479=VECTOR('',#2478,5.E-1);
#2480=CARTESIAN_POINT('',(2.55E0,2.6E0,-5.9E0));
#2481=LINE('',#2480,#2479);
#2482=DIRECTION('',(0.E0,0.E0,-1.E0));
#2483=VECTOR('',#2482,5.9E0);
#2484=CARTESIAN_POINT('',(2.55E0,2.6E0,0.E0));
#2485=LINE('',#2484,#2483);
#2486=CARTESIAN_POINT('',(-2.55E0,3.1E0,0.E0));
#2487=CARTESIAN_POINT('',(-2.55E0,1.2E0,0.E0));
#2488=VERTEX_POINT('',#2486);
#2489=VERTEX_POINT('',#2487);
#2490=CARTESIAN_POINT('',(-3.05E0,1.2E0,0.E0));
#2491=VERTEX_POINT('',#2490);
#2492=CARTESIAN_POINT('',(-3.05E0,-1.4E0,0.E0));
#2493=VERTEX_POINT('',#2492);
#2494=CARTESIAN_POINT('',(-2.7E0,-1.4E0,0.E0));
#2495=VERTEX_POINT('',#2494);
#2496=CARTESIAN_POINT('',(-2.7E0,-1.7E0,0.E0));
#2497=VERTEX_POINT('',#2496);
#2498=CARTESIAN_POINT('',(-1.7E0,-1.7E0,0.E0));
#2499=VERTEX_POINT('',#2498);
#2500=CARTESIAN_POINT('',(-1.7E0,-1.8E0,0.E0));
#2501=VERTEX_POINT('',#2500);
#2502=CARTESIAN_POINT('',(1.7E0,-1.8E0,0.E0));
#2503=VERTEX_POINT('',#2502);
#2504=CARTESIAN_POINT('',(1.7E0,-1.7E0,0.E0));
#2505=VERTEX_POINT('',#2504);
#2506=CARTESIAN_POINT('',(2.7E0,-1.7E0,0.E0));
#2507=VERTEX_POINT('',#2506);
#2508=CARTESIAN_POINT('',(2.7E0,-1.4E0,0.E0));
#2509=VERTEX_POINT('',#2508);
#2510=CARTESIAN_POINT('',(3.05E0,-1.4E0,0.E0));
#2511=VERTEX_POINT('',#2510);
#2512=CARTESIAN_POINT('',(3.05E0,1.2E0,0.E0));
#2513=VERTEX_POINT('',#2512);
#2514=CARTESIAN_POINT('',(2.4E0,1.2E0,0.E0));
#2515=VERTEX_POINT('',#2514);
#2516=CARTESIAN_POINT('',(2.55E0,2.6E0,0.E0));
#2517=CARTESIAN_POINT('',(2.55E0,3.1E0,0.E0));
#2518=VERTEX_POINT('',#2516);
#2519=VERTEX_POINT('',#2517);
#2520=CARTESIAN_POINT('',(-2.7E0,-1.4E0,-7.7E0));
#2521=CARTESIAN_POINT('',(-2.7E0,-1.7E0,-7.7E0));
#2522=VERTEX_POINT('',#2520);
#2523=VERTEX_POINT('',#2521);
#2524=CARTESIAN_POINT('',(-1.7E0,-1.7E0,-7.7E0));
#2525=VERTEX_POINT('',#2524);
#2526=CARTESIAN_POINT('',(-1.7E0,-1.8E0,-7.7E0));
#2527=VERTEX_POINT('',#2526);
#2528=CARTESIAN_POINT('',(1.7E0,-1.8E0,-7.7E0));
#2529=CARTESIAN_POINT('',(1.7E0,-1.7E0,-7.7E0));
#2530=VERTEX_POINT('',#2528);
#2531=VERTEX_POINT('',#2529);
#2532=CARTESIAN_POINT('',(2.7E0,-1.7E0,-7.7E0));
#2533=VERTEX_POINT('',#2532);
#2534=CARTESIAN_POINT('',(2.7E0,-1.4E0,-7.7E0));
#2535=VERTEX_POINT('',#2534);
#2536=CARTESIAN_POINT('',(3.35E0,-1.4E0,-1.7E0));
#2537=CARTESIAN_POINT('',(3.35E0,-1.4E0,-2.E0));
#2538=VERTEX_POINT('',#2536);
#2539=VERTEX_POINT('',#2537);
#2540=CARTESIAN_POINT('',(3.75E0,-1.4E0,-2.E0));
#2541=VERTEX_POINT('',#2540);
#2542=CARTESIAN_POINT('',(3.75E0,-1.4E0,-1.2E0));
#2543=VERTEX_POINT('',#2542);
#2544=CARTESIAN_POINT('',(3.55E0,-1.4E0,-1.E0));
#2545=VERTEX_POINT('',#2544);
#2546=CARTESIAN_POINT('',(3.55E0,-1.4E0,-5.5E0));
#2547=CARTESIAN_POINT('',(3.75E0,-1.4E0,-5.3E0));
#2548=VERTEX_POINT('',#2546);
#2549=VERTEX_POINT('',#2547);
#2550=CARTESIAN_POINT('',(3.75E0,-1.4E0,-4.5E0));
#2551=VERTEX_POINT('',#2550);
#2552=CARTESIAN_POINT('',(3.35E0,-1.4E0,-4.5E0));
#2553=VERTEX_POINT('',#2552);
#2554=CARTESIAN_POINT('',(3.35E0,-1.4E0,-4.8E0));
#2555=VERTEX_POINT('',#2554);
#2556=CARTESIAN_POINT('',(-3.55E0,-1.4E0,-1.E0));
#2557=CARTESIAN_POINT('',(-3.75E0,-1.4E0,-1.2E0));
#2558=VERTEX_POINT('',#2556);
#2559=VERTEX_POINT('',#2557);
#2560=CARTESIAN_POINT('',(-3.75E0,-1.4E0,-2.E0));
#2561=VERTEX_POINT('',#2560);
#2562=CARTESIAN_POINT('',(-3.35E0,-1.4E0,-2.E0));
#2563=VERTEX_POINT('',#2562);
#2564=CARTESIAN_POINT('',(-3.35E0,-1.4E0,-1.7E0));
#2565=VERTEX_POINT('',#2564);
#2566=CARTESIAN_POINT('',(-3.35E0,-1.4E0,-4.8E0));
#2567=CARTESIAN_POINT('',(-3.35E0,-1.4E0,-4.5E0));
#2568=VERTEX_POINT('',#2566);
#2569=VERTEX_POINT('',#2567);
#2570=CARTESIAN_POINT('',(-3.75E0,-1.4E0,-4.5E0));
#2571=VERTEX_POINT('',#2570);
#2572=CARTESIAN_POINT('',(-3.75E0,-1.4E0,-5.3E0));
#2573=VERTEX_POINT('',#2572);
#2574=CARTESIAN_POINT('',(-3.55E0,-1.4E0,-5.5E0));
#2575=VERTEX_POINT('',#2574);
#2576=CARTESIAN_POINT('',(3.75E0,1.2E0,-2.E0));
#2577=CARTESIAN_POINT('',(3.75E0,1.2E0,-1.2E0));
#2578=VERTEX_POINT('',#2576);
#2579=VERTEX_POINT('',#2577);
#2580=CARTESIAN_POINT('',(3.55E0,1.2E0,-1.E0));
#2581=VERTEX_POINT('',#2580);
#2582=CARTESIAN_POINT('',(3.55E0,1.2E0,-5.5E0));
#2583=CARTESIAN_POINT('',(3.75E0,1.2E0,-5.3E0));
#2584=VERTEX_POINT('',#2582);
#2585=VERTEX_POINT('',#2583);
#2586=CARTESIAN_POINT('',(3.75E0,1.2E0,-4.5E0));
#2587=VERTEX_POINT('',#2586);
#2588=CARTESIAN_POINT('',(-3.55E0,1.2E0,-1.E0));
#2589=CARTESIAN_POINT('',(-3.75E0,1.2E0,-1.2E0));
#2590=VERTEX_POINT('',#2588);
#2591=VERTEX_POINT('',#2589);
#2592=CARTESIAN_POINT('',(-3.75E0,1.2E0,-2.E0));
#2593=VERTEX_POINT('',#2592);
#2594=CARTESIAN_POINT('',(-3.75E0,1.2E0,-4.5E0));
#2595=CARTESIAN_POINT('',(-3.75E0,1.2E0,-5.3E0));
#2596=VERTEX_POINT('',#2594);
#2597=VERTEX_POINT('',#2595);
#2598=CARTESIAN_POINT('',(-3.55E0,1.2E0,-5.5E0));
#2599=VERTEX_POINT('',#2598);
#2600=CARTESIAN_POINT('',(-3.05E0,-1.4E0,-1.E0));
#2601=VERTEX_POINT('',#2600);
#2602=CARTESIAN_POINT('',(-3.05E0,-1.4E0,-1.7E0));
#2603=CARTESIAN_POINT('',(-3.05E0,-1.4E0,-4.8E0));
#2604=VERTEX_POINT('',#2602);
#2605=VERTEX_POINT('',#2603);
#2606=CARTESIAN_POINT('',(3.05E0,-1.4E0,-1.E0));
#2607=VERTEX_POINT('',#2606);
#2608=CARTESIAN_POINT('',(3.05E0,-1.4E0,-1.7E0));
#2609=CARTESIAN_POINT('',(3.05E0,-1.4E0,-4.8E0));
#2610=VERTEX_POINT('',#2608);
#2611=VERTEX_POINT('',#2609);
#2612=CARTESIAN_POINT('',(2.8E0,-1.4E0,-7.7E0));
#2613=CARTESIAN_POINT('',(2.8E0,-1.4E0,-5.5E0));
#2614=VERTEX_POINT('',#2612);
#2615=VERTEX_POINT('',#2613);
#2616=CARTESIAN_POINT('',(2.8E0,1.2E0,-5.5E0));
#2617=VERTEX_POINT('',#2616);
#2618=CARTESIAN_POINT('',(-2.8E0,-1.4E0,-7.7E0));
#2619=CARTESIAN_POINT('',(-2.8E0,-1.4E0,-5.5E0));
#2620=VERTEX_POINT('',#2618);
#2621=VERTEX_POINT('',#2619);
#2622=CARTESIAN_POINT('',(-2.8E0,1.2E0,-5.5E0));
#2623=VERTEX_POINT('',#2622);
#2624=CARTESIAN_POINT('',(-2.35E0,4.E-1,-4.5E0));
#2625=CARTESIAN_POINT('',(-2.35E0,-4.E-1,-4.5E0));
#2626=VERTEX_POINT('',#2624);
#2627=VERTEX_POINT('',#2625);
#2628=CARTESIAN_POINT('',(2.35E0,-4.E-1,-4.5E0));
#2629=CARTESIAN_POINT('',(2.35E0,4.E-1,-4.5E0));
#2630=VERTEX_POINT('',#2628);
#2631=VERTEX_POINT('',#2629);
#2632=CARTESIAN_POINT('',(1.8E0,2.7E0,-3.55E0));
#2633=CARTESIAN_POINT('',(1.1E0,2.7E0,-3.55E0));
#2634=VERTEX_POINT('',#2632);
#2635=VERTEX_POINT('',#2633);
#2636=CARTESIAN_POINT('',(-1.1E0,2.7E0,-3.55E0));
#2637=CARTESIAN_POINT('',(-1.8E0,2.7E0,-3.55E0));
#2638=VERTEX_POINT('',#2636);
#2639=VERTEX_POINT('',#2637);
#2640=CARTESIAN_POINT('',(1.8E0,2.05E0,-3.55E0));
#2641=CARTESIAN_POINT('',(1.1E0,2.05E0,-3.55E0));
#2642=VERTEX_POINT('',#2640);
#2643=VERTEX_POINT('',#2641);
#2644=CARTESIAN_POINT('',(-1.1E0,2.05E0,-3.55E0));
#2645=CARTESIAN_POINT('',(-1.8E0,2.05E0,-3.55E0));
#2646=VERTEX_POINT('',#2644);
#2647=VERTEX_POINT('',#2645);
#2648=CARTESIAN_POINT('',(-2.E0,2.9E0,0.E0));
#2649=CARTESIAN_POINT('',(-2.E0,8.E-1,0.E0));
#2650=VERTEX_POINT('',#2648);
#2651=VERTEX_POINT('',#2649);
#2652=CARTESIAN_POINT('',(-1.8E0,2.7E0,-2.E-1));
#2653=CARTESIAN_POINT('',(-1.8E0,7.E-1,-2.E-1));
#2654=VERTEX_POINT('',#2652);
#2655=VERTEX_POINT('',#2653);
#2656=CARTESIAN_POINT('',(-1.1E0,2.7E0,-2.E-1));
#2657=VERTEX_POINT('',#2656);
#2658=CARTESIAN_POINT('',(-9.E-1,2.9E0,0.E0));
#2659=VERTEX_POINT('',#2658);
#2660=CARTESIAN_POINT('',(-9.E-1,2.15E0,0.E0));
#2661=VERTEX_POINT('',#2660);
#2662=CARTESIAN_POINT('',(-1.E0,2.05E0,-1.E-1));
#2663=CARTESIAN_POINT('',(-1.1E0,2.05E0,-2.E-1));
#2664=VERTEX_POINT('',#2662);
#2665=VERTEX_POINT('',#2663);
#2666=CARTESIAN_POINT('',(1.E0,2.05E0,-1.E-1));
#2667=VERTEX_POINT('',#2666);
#2668=CARTESIAN_POINT('',(9.E-1,2.15E0,0.E0));
#2669=VERTEX_POINT('',#2668);
#2670=CARTESIAN_POINT('',(1.1E0,2.05E0,-2.E-1));
#2671=CARTESIAN_POINT('',(1.1E0,2.7E0,-2.E-1));
#2672=VERTEX_POINT('',#2670);
#2673=VERTEX_POINT('',#2671);
#2674=CARTESIAN_POINT('',(9.E-1,2.9E0,0.E0));
#2675=VERTEX_POINT('',#2674);
#2676=CARTESIAN_POINT('',(2.E0,2.9E0,0.E0));
#2677=VERTEX_POINT('',#2676);
#2678=CARTESIAN_POINT('',(1.8E0,2.7E0,-2.E-1));
#2679=VERTEX_POINT('',#2678);
#2680=CARTESIAN_POINT('',(1.8E0,7.E-1,-2.E-1));
#2681=VERTEX_POINT('',#2680);
#2682=CARTESIAN_POINT('',(2.E0,8.E-1,0.E0));
#2683=VERTEX_POINT('',#2682);
#2684=CARTESIAN_POINT('',(2.E0,-8.E-1,0.E0));
#2685=CARTESIAN_POINT('',(2.E0,-1.25E0,0.E0));
#2686=VERTEX_POINT('',#2684);
#2687=VERTEX_POINT('',#2685);
#2688=CARTESIAN_POINT('',(1.8E0,-7.E-1,-2.E-1));
#2689=CARTESIAN_POINT('',(1.8E0,-1.05E0,-2.E-1));
#2690=VERTEX_POINT('',#2688);
#2691=VERTEX_POINT('',#2689);
#2692=CARTESIAN_POINT('',(-2.E0,-1.25E0,0.E0));
#2693=VERTEX_POINT('',#2692);
#2694=CARTESIAN_POINT('',(-1.8E0,-1.05E0,-2.E-1));
#2695=VERTEX_POINT('',#2694);
#2696=CARTESIAN_POINT('',(-1.8E0,-7.E-1,-2.E-1));
#2697=VERTEX_POINT('',#2696);
#2698=CARTESIAN_POINT('',(-2.E0,-8.E-1,0.E0));
#2699=VERTEX_POINT('',#2698);
#2700=CARTESIAN_POINT('',(2.55E0,-8.E-1,0.E0));
#2701=CARTESIAN_POINT('',(2.35E0,-7.E-1,-2.E-1));
#2702=VERTEX_POINT('',#2700);
#2703=VERTEX_POINT('',#2701);
#2704=CARTESIAN_POINT('',(2.35E0,7.E-1,-2.E-1));
#2705=CARTESIAN_POINT('',(2.55E0,8.E-1,0.E0));
#2706=VERTEX_POINT('',#2704);
#2707=VERTEX_POINT('',#2705);
#2708=CARTESIAN_POINT('',(-2.55E0,8.E-1,0.E0));
#2709=CARTESIAN_POINT('',(-2.35E0,7.E-1,-2.E-1));
#2710=VERTEX_POINT('',#2708);
#2711=VERTEX_POINT('',#2709);
#2712=CARTESIAN_POINT('',(-2.35E0,-7.E-1,-2.E-1));
#2713=CARTESIAN_POINT('',(-2.55E0,-8.E-1,0.E0));
#2714=VERTEX_POINT('',#2712);
#2715=VERTEX_POINT('',#2713);
#2716=CARTESIAN_POINT('',(-1.8E0,4.E-1,-8.E-1));
#2717=CARTESIAN_POINT('',(-2.35E0,4.E-1,-8.E-1));
#2718=VERTEX_POINT('',#2716);
#2719=VERTEX_POINT('',#2717);
#2720=CARTESIAN_POINT('',(-1.8E0,-4.E-1,-8.E-1));
#2721=CARTESIAN_POINT('',(-2.35E0,-4.E-1,-8.E-1));
#2722=VERTEX_POINT('',#2720);
#2723=VERTEX_POINT('',#2721);
#2724=CARTESIAN_POINT('',(1.8E0,-4.E-1,-8.E-1));
#2725=CARTESIAN_POINT('',(2.35E0,-4.E-1,-8.E-1));
#2726=VERTEX_POINT('',#2724);
#2727=VERTEX_POINT('',#2725);
#2728=CARTESIAN_POINT('',(1.8E0,4.E-1,-8.E-1));
#2729=CARTESIAN_POINT('',(2.35E0,4.E-1,-8.E-1));
#2730=VERTEX_POINT('',#2728);
#2731=VERTEX_POINT('',#2729);
#2732=CARTESIAN_POINT('',(-2.8E0,-2.499999999999E-1,-7.7E0));
#2733=CARTESIAN_POINT('',(2.8E0,-2.499999999999E-1,-7.7E0));
#2734=VERTEX_POINT('',#2732);
#2735=VERTEX_POINT('',#2733);
#2736=CARTESIAN_POINT('',(-2.55E0,3.1E0,-5.9E0));
#2737=CARTESIAN_POINT('',(-2.55E0,1.2E0,-5.9E0));
#2738=VERTEX_POINT('',#2736);
#2739=VERTEX_POINT('',#2737);
#2740=CARTESIAN_POINT('',(-2.8E0,1.2E0,-5.9E0));
#2741=VERTEX_POINT('',#2740);
#2742=CARTESIAN_POINT('',(2.4E0,1.2E0,-5.9E0));
#2743=CARTESIAN_POINT('',(2.8E0,1.2E0,-5.9E0));
#2744=VERTEX_POINT('',#2742);
#2745=VERTEX_POINT('',#2743);
#2746=CARTESIAN_POINT('',(2.55E0,2.6E0,-5.9E0));
#2747=CARTESIAN_POINT('',(2.55E0,3.1E0,-5.9E0));
#2748=VERTEX_POINT('',#2746);
#2749=VERTEX_POINT('',#2747);
#2750=CARTESIAN_POINT('',(2.8E0,2.500000000001E-1,-5.9E0));
#2751=VERTEX_POINT('',#2750);
#2752=CARTESIAN_POINT('',(2.8E0,2.500000000001E-1,-6.4E0));
#2753=VERTEX_POINT('',#2752);
#2754=CARTESIAN_POINT('',(-2.8E0,2.500000000001E-1,-5.9E0));
#2755=VERTEX_POINT('',#2754);
#2756=CARTESIAN_POINT('',(-2.8E0,2.500000000001E-1,-6.4E0));
#2757=VERTEX_POINT('',#2756);
#2758=CARTESIAN_POINT('',(5.E-1,2.5E-1,-2.1E0));
#2759=CARTESIAN_POINT('',(5.E-1,-2.5E-1,-2.1E0));
#2760=VERTEX_POINT('',#2758);
#2761=VERTEX_POINT('',#2759);
#2762=CARTESIAN_POINT('',(5.E-1,-1.85E0,-9.2E0));
#2763=CARTESIAN_POINT('',(5.E-1,-1.35E0,-9.2E0));
#2764=VERTEX_POINT('',#2762);
#2765=VERTEX_POINT('',#2763);
#2766=CARTESIAN_POINT('',(5.E-1,-1.85E0,-7.7E0));
#2767=VERTEX_POINT('',#2766);
#2768=CARTESIAN_POINT('',(1.E0,2.5E-1,-2.1E0));
#2769=CARTESIAN_POINT('',(1.E0,-2.5E-1,-2.1E0));
#2770=VERTEX_POINT('',#2768);
#2771=VERTEX_POINT('',#2769);
#2772=CARTESIAN_POINT('',(1.E0,-1.85E0,-9.2E0));
#2773=CARTESIAN_POINT('',(1.E0,-1.35E0,-9.2E0));
#2774=VERTEX_POINT('',#2772);
#2775=VERTEX_POINT('',#2773);
#2776=CARTESIAN_POINT('',(1.E0,-1.85E0,-7.7E0));
#2777=VERTEX_POINT('',#2776);
#2778=CARTESIAN_POINT('',(5.E-1,2.5E-1,-6.65E0));
#2779=CARTESIAN_POINT('',(1.E0,2.5E-1,-6.65E0));
#2780=VERTEX_POINT('',#2778);
#2781=VERTEX_POINT('',#2779);
#2782=CARTESIAN_POINT('',(5.E-1,-1.8E0,-7.7E0));
#2783=CARTESIAN_POINT('',(5.E-1,-1.35E0,-7.7E0));
#2784=VERTEX_POINT('',#2782);
#2785=VERTEX_POINT('',#2783);
#2786=CARTESIAN_POINT('',(1.E0,-1.8E0,-7.7E0));
#2787=CARTESIAN_POINT('',(1.E0,-1.35E0,-7.7E0));
#2788=VERTEX_POINT('',#2786);
#2789=VERTEX_POINT('',#2787);
#2790=CARTESIAN_POINT('',(5.E-1,-1.8E0,-7.460208423834E0));
#2791=VERTEX_POINT('',#2790);
#2792=CARTESIAN_POINT('',(1.E0,-1.8E0,-7.460208423834E0));
#2793=VERTEX_POINT('',#2792);
#2794=CARTESIAN_POINT('',(5.E-1,-2.5E-1,-4.5E0));
#2795=CARTESIAN_POINT('',(5.E-1,2.5E-1,-4.5E0));
#2796=VERTEX_POINT('',#2794);
#2797=VERTEX_POINT('',#2795);
#2798=CARTESIAN_POINT('',(1.E0,-2.5E-1,-4.5E0));
#2799=CARTESIAN_POINT('',(1.E0,2.5E-1,-4.5E0));
#2800=VERTEX_POINT('',#2798);
#2801=VERTEX_POINT('',#2799);
#2802=CARTESIAN_POINT('',(5.E-1,2.5E-1,-6.4E0));
#2803=CARTESIAN_POINT('',(5.E-1,-4.484883693308E-2,-7.166606976026E0));
#2804=VERTEX_POINT('',#2802);
#2805=VERTEX_POINT('',#2803);
#2806=CARTESIAN_POINT('',(1.E0,2.5E-1,-6.4E0));
#2807=CARTESIAN_POINT('',(1.E0,-4.484883693308E-2,-7.166606976026E0));
#2808=VERTEX_POINT('',#2806);
#2809=VERTEX_POINT('',#2807);
#2810=CARTESIAN_POINT('',(-1.E0,2.5E-1,-2.1E0));
#2811=CARTESIAN_POINT('',(-1.E0,-2.5E-1,-2.1E0));
#2812=VERTEX_POINT('',#2810);
#2813=VERTEX_POINT('',#2811);
#2814=CARTESIAN_POINT('',(-1.E0,-1.85E0,-9.2E0));
#2815=CARTESIAN_POINT('',(-1.E0,-1.35E0,-9.2E0));
#2816=VERTEX_POINT('',#2814);
#2817=VERTEX_POINT('',#2815);
#2818=CARTESIAN_POINT('',(-1.E0,-1.85E0,-7.7E0));
#2819=VERTEX_POINT('',#2818);
#2820=CARTESIAN_POINT('',(-5.E-1,2.5E-1,-2.1E0));
#2821=CARTESIAN_POINT('',(-5.E-1,-2.5E-1,-2.1E0));
#2822=VERTEX_POINT('',#2820);
#2823=VERTEX_POINT('',#2821);
#2824=CARTESIAN_POINT('',(-5.E-1,-1.85E0,-9.2E0));
#2825=CARTESIAN_POINT('',(-5.E-1,-1.35E0,-9.2E0));
#2826=VERTEX_POINT('',#2824);
#2827=VERTEX_POINT('',#2825);
#2828=CARTESIAN_POINT('',(-5.E-1,-1.85E0,-7.7E0));
#2829=VERTEX_POINT('',#2828);
#2830=CARTESIAN_POINT('',(-1.E0,2.5E-1,-6.65E0));
#2831=CARTESIAN_POINT('',(-5.E-1,2.5E-1,-6.65E0));
#2832=VERTEX_POINT('',#2830);
#2833=VERTEX_POINT('',#2831);
#2834=CARTESIAN_POINT('',(-1.E0,-1.8E0,-7.7E0));
#2835=CARTESIAN_POINT('',(-1.E0,-1.35E0,-7.7E0));
#2836=VERTEX_POINT('',#2834);
#2837=VERTEX_POINT('',#2835);
#2838=CARTESIAN_POINT('',(-5.E-1,-1.8E0,-7.7E0));
#2839=CARTESIAN_POINT('',(-5.E-1,-1.35E0,-7.7E0));
#2840=VERTEX_POINT('',#2838);
#2841=VERTEX_POINT('',#2839);
#2842=CARTESIAN_POINT('',(-1.E0,-1.8E0,-7.460208423834E0));
#2843=VERTEX_POINT('',#2842);
#2844=CARTESIAN_POINT('',(-5.E-1,-1.8E0,-7.460208423834E0));
#2845=VERTEX_POINT('',#2844);
#2846=CARTESIAN_POINT('',(-1.E0,-2.5E-1,-4.5E0));
#2847=CARTESIAN_POINT('',(-1.E0,2.5E-1,-4.5E0));
#2848=VERTEX_POINT('',#2846);
#2849=VERTEX_POINT('',#2847);
#2850=CARTESIAN_POINT('',(-5.E-1,-2.5E-1,-4.5E0));
#2851=CARTESIAN_POINT('',(-5.E-1,2.5E-1,-4.5E0));
#2852=VERTEX_POINT('',#2850);
#2853=VERTEX_POINT('',#2851);
#2854=CARTESIAN_POINT('',(-1.E0,2.5E-1,-6.4E0));
#2855=CARTESIAN_POINT('',(-1.E0,-4.484883693308E-2,-7.166606976026E0));
#2856=VERTEX_POINT('',#2854);
#2857=VERTEX_POINT('',#2855);
#2858=CARTESIAN_POINT('',(-5.E-1,2.5E-1,-6.4E0));
#2859=CARTESIAN_POINT('',(-5.E-1,-4.484883693308E-2,-7.166606976026E0));
#2860=VERTEX_POINT('',#2858);
#2861=VERTEX_POINT('',#2859);
#2862=CARTESIAN_POINT('',(2.5E-1,1.45E0,-4.55E0));
#2863=CARTESIAN_POINT('',(2.5E-1,5.E-1,-4.55E0));
#2864=VERTEX_POINT('',#2862);
#2865=VERTEX_POINT('',#2863);
#2866=CARTESIAN_POINT('',(1.2E0,5.E-1,-4.55E0));
#2867=VERTEX_POINT('',#2866);
#2868=CARTESIAN_POINT('',(1.2E0,1.45E0,-4.55E0));
#2869=VERTEX_POINT('',#2868);
#2870=CARTESIAN_POINT('',(7.5E-1,1.25E0,-4.55E0));
#2871=CARTESIAN_POINT('',(9.499999880791E-1,6.5E-1,-4.55E0));
#2872=VERTEX_POINT('',#2870);
#2873=VERTEX_POINT('',#2871);
#2874=CARTESIAN_POINT('',(8.749999880791E-1,6.5E-1,-4.55E0));
#2875=VERTEX_POINT('',#2874);
#2876=CARTESIAN_POINT('',(8.25E-1,8.031914889812E-1,-4.55E0));
#2877=VERTEX_POINT('',#2876);
#2878=CARTESIAN_POINT('',(5.749999970198E-1,8.031914889812E-1,-4.55E0));
#2879=VERTEX_POINT('',#2878);
#2880=CARTESIAN_POINT('',(5.25E-1,6.5E-1,-4.55E0));
#2881=VERTEX_POINT('',#2880);
#2882=CARTESIAN_POINT('',(4.5E-1,6.5E-1,-4.55E0));
#2883=VERTEX_POINT('',#2882);
#2884=CARTESIAN_POINT('',(6.500000059605E-1,1.25E0,-4.55E0));
#2885=VERTEX_POINT('',#2884);
#2886=CARTESIAN_POINT('',(6.999999940395E-1,1.198936176300E0,-4.55E0));
#2887=CARTESIAN_POINT('',(5.875000029802E-1,8.542553126812E-1,-4.55E0));
#2888=VERTEX_POINT('',#2886);
#2889=VERTEX_POINT('',#2887);
#2890=CARTESIAN_POINT('',(8.125000119209E-1,8.542553126812E-1,-4.55E0));
#2891=VERTEX_POINT('',#2890);
#2892=CARTESIAN_POINT('',(2.5E-1,1.45E0,-4.5E0));
#2893=CARTESIAN_POINT('',(2.5E-1,5.E-1,-4.5E0));
#2894=VERTEX_POINT('',#2892);
#2895=VERTEX_POINT('',#2893);
#2896=CARTESIAN_POINT('',(1.2E0,5.E-1,-4.5E0));
#2897=VERTEX_POINT('',#2896);
#2898=CARTESIAN_POINT('',(1.2E0,1.45E0,-4.5E0));
#2899=VERTEX_POINT('',#2898);
#2900=CARTESIAN_POINT('',(7.5E-1,1.25E0,-4.5E0));
#2901=CARTESIAN_POINT('',(9.499999880791E-1,6.5E-1,-4.5E0));
#2902=VERTEX_POINT('',#2900);
#2903=VERTEX_POINT('',#2901);
#2904=CARTESIAN_POINT('',(8.749999880791E-1,6.5E-1,-4.5E0));
#2905=VERTEX_POINT('',#2904);
#2906=CARTESIAN_POINT('',(8.25E-1,8.031914889812E-1,-4.5E0));
#2907=VERTEX_POINT('',#2906);
#2908=CARTESIAN_POINT('',(5.749999970198E-1,8.031914889812E-1,-4.5E0));
#2909=VERTEX_POINT('',#2908);
#2910=CARTESIAN_POINT('',(5.25E-1,6.5E-1,-4.5E0));
#2911=VERTEX_POINT('',#2910);
#2912=CARTESIAN_POINT('',(4.5E-1,6.5E-1,-4.5E0));
#2913=VERTEX_POINT('',#2912);
#2914=CARTESIAN_POINT('',(6.500000059605E-1,1.25E0,-4.5E0));
#2915=VERTEX_POINT('',#2914);
#2916=CARTESIAN_POINT('',(6.999999940395E-1,1.198936176300E0,-4.5E0));
#2917=CARTESIAN_POINT('',(5.875000029802E-1,8.542553126812E-1,-4.5E0));
#2918=VERTEX_POINT('',#2916);
#2919=VERTEX_POINT('',#2917);
#2920=CARTESIAN_POINT('',(8.125000119209E-1,8.542553126812E-1,-4.5E0));
#2921=VERTEX_POINT('',#2920);
#2922=CARTESIAN_POINT('',(2.4E0,2.6E0,0.E0));
#2923=VERTEX_POINT('',#2922);
#2924=CARTESIAN_POINT('',(2.4E0,2.6E0,-5.9E0));
#2925=VERTEX_POINT('',#2924);
#2926=CARTESIAN_POINT('',(7.5E-1,2.6E0,-5.E-1));
#2927=CARTESIAN_POINT('',(-7.5E-1,2.6E0,-5.E-1));
#2928=VERTEX_POINT('',#2926);
#2929=VERTEX_POINT('',#2927);
#2930=CARTESIAN_POINT('',(7.5E-1,3.1E0,0.E0));
#2931=CARTESIAN_POINT('',(7.5E-1,2.3E0,0.E0));
#2932=VERTEX_POINT('',#2930);
#2933=VERTEX_POINT('',#2931);
#2934=CARTESIAN_POINT('',(-7.5E-1,3.1E0,0.E0));
#2935=CARTESIAN_POINT('',(-7.5E-1,2.3E0,0.E0));
#2936=VERTEX_POINT('',#2934);
#2937=VERTEX_POINT('',#2935);
#2938=CARTESIAN_POINT('',(7.5E-1,3.1E0,-5.E-1));
#2939=VERTEX_POINT('',#2938);
#2940=CARTESIAN_POINT('',(-7.5E-1,3.1E0,-5.E-1));
#2941=VERTEX_POINT('',#2940);
#2942=CARTESIAN_POINT('',(-1.8E0,4.E-1,-4.4E0));
#2943=CARTESIAN_POINT('',(-1.8E0,2.05E0,-4.4E0));
#2944=VERTEX_POINT('',#2942);
#2945=VERTEX_POINT('',#2943);
#2946=CARTESIAN_POINT('',(-1.7E0,4.E-1,-4.5E0));
#2947=CARTESIAN_POINT('',(-1.7E0,1.95E0,-4.5E0));
#2948=VERTEX_POINT('',#2946);
#2949=VERTEX_POINT('',#2947);
#2950=CARTESIAN_POINT('',(1.7E0,1.95E0,-4.5E0));
#2951=VERTEX_POINT('',#2950);
#2952=CARTESIAN_POINT('',(1.8E0,2.05E0,-4.4E0));
#2953=VERTEX_POINT('',#2952);
#2954=CARTESIAN_POINT('',(1.7E0,4.E-1,-4.5E0));
#2955=VERTEX_POINT('',#2954);
#2956=CARTESIAN_POINT('',(1.8E0,4.E-1,-4.4E0));
#2957=VERTEX_POINT('',#2956);
#2958=CARTESIAN_POINT('',(1.8E0,-4.E-1,-4.4E0));
#2959=CARTESIAN_POINT('',(1.8E0,-1.05E0,-4.4E0));
#2960=VERTEX_POINT('',#2958);
#2961=VERTEX_POINT('',#2959);
#2962=CARTESIAN_POINT('',(1.7E0,-4.E-1,-4.5E0));
#2963=CARTESIAN_POINT('',(1.7E0,-9.5E-1,-4.5E0));
#2964=VERTEX_POINT('',#2962);
#2965=VERTEX_POINT('',#2963);
#2966=CARTESIAN_POINT('',(-1.8E0,-1.05E0,-4.4E0));
#2967=VERTEX_POINT('',#2966);
#2968=CARTESIAN_POINT('',(-1.7E0,-9.5E-1,-4.5E0));
#2969=VERTEX_POINT('',#2968);
#2970=CARTESIAN_POINT('',(-1.7E0,-4.E-1,-4.5E0));
#2971=VERTEX_POINT('',#2970);
#2972=CARTESIAN_POINT('',(-1.8E0,-4.E-1,-4.4E0));
#2973=VERTEX_POINT('',#2972);
#2974=CARTESIAN_POINT('',(3.05E0,5.000000000001E-1,-1.E0));
#2975=CARTESIAN_POINT('',(3.35E0,5.000000000001E-1,-1.E0));
#2976=VERTEX_POINT('',#2974);
#2977=VERTEX_POINT('',#2975);
#2978=CARTESIAN_POINT('',(3.35E0,1.2E0,-1.E0));
#2979=VERTEX_POINT('',#2978);
#2980=CARTESIAN_POINT('',(3.05E0,1.2E0,-5.5E0));
#2981=CARTESIAN_POINT('',(3.05E0,5.000000000001E-1,-5.5E0));
#2982=VERTEX_POINT('',#2980);
#2983=VERTEX_POINT('',#2981);
#2984=CARTESIAN_POINT('',(3.35E0,5.000000000001E-1,-5.5E0));
#2985=VERTEX_POINT('',#2984);
#2986=CARTESIAN_POINT('',(3.35E0,1.2E0,-5.5E0));
#2987=VERTEX_POINT('',#2986);
#2988=CARTESIAN_POINT('',(-3.35E0,1.2E0,-1.E0));
#2989=CARTESIAN_POINT('',(-3.35E0,5.000000000001E-1,-1.E0));
#2990=VERTEX_POINT('',#2988);
#2991=VERTEX_POINT('',#2989);
#2992=CARTESIAN_POINT('',(-3.05E0,5.000000000001E-1,-1.E0));
#2993=VERTEX_POINT('',#2992);
#2994=CARTESIAN_POINT('',(-3.35E0,1.2E0,-5.5E0));
#2995=CARTESIAN_POINT('',(-3.35E0,5.000000000001E-1,-5.5E0));
#2996=VERTEX_POINT('',#2994);
#2997=VERTEX_POINT('',#2995);
#2998=CARTESIAN_POINT('',(-3.05E0,5.000000000001E-1,-5.5E0));
#2999=VERTEX_POINT('',#2998);
#3000=CARTESIAN_POINT('',(-3.05E0,1.2E0,-5.5E0));
#3001=VERTEX_POINT('',#3000);
#3002=CARTESIAN_POINT('',(-3.05E0,5.000000000001E-1,-1.7E0));
#3003=VERTEX_POINT('',#3002);
#3004=CARTESIAN_POINT('',(-3.05E0,5.000000000001E-1,-4.8E0));
#3005=VERTEX_POINT('',#3004);
#3006=CARTESIAN_POINT('',(3.05E0,5.000000000001E-1,-1.7E0));
#3007=VERTEX_POINT('',#3006);
#3008=CARTESIAN_POINT('',(3.05E0,5.000000000001E-1,-4.8E0));
#3009=VERTEX_POINT('',#3008);
#3010=CARTESIAN_POINT('',(3.35E0,1.389829646437E0,-1.35E0));
#3011=CARTESIAN_POINT('',(3.35E0,1.289829646437E0,-1.25E0));
#3012=VERTEX_POINT('',#3010);
#3013=VERTEX_POINT('',#3011);
#3014=CARTESIAN_POINT('',(3.35E0,1.289829646437E0,-5.25E0));
#3015=CARTESIAN_POINT('',(3.35E0,1.389829646437E0,-5.15E0));
#3016=VERTEX_POINT('',#3014);
#3017=VERTEX_POINT('',#3015);
#3018=CARTESIAN_POINT('',(3.1E0,1.289829646437E0,-1.25E0));
#3019=CARTESIAN_POINT('',(3.1E0,1.389829646437E0,-1.35E0));
#3020=VERTEX_POINT('',#3018);
#3021=VERTEX_POINT('',#3019);
#3022=CARTESIAN_POINT('',(3.1E0,6.000000000001E-1,-1.25E0));
#3023=VERTEX_POINT('',#3022);
#3024=CARTESIAN_POINT('',(3.1E0,1.289829646437E0,-5.25E0));
#3025=CARTESIAN_POINT('',(3.1E0,6.000000000001E-1,-5.25E0));
#3026=VERTEX_POINT('',#3024);
#3027=VERTEX_POINT('',#3025);
#3028=CARTESIAN_POINT('',(3.1E0,1.389829646437E0,-5.15E0));
#3029=VERTEX_POINT('',#3028);
#3030=CARTESIAN_POINT('',(3.35E0,1.2E0,-1.25E0));
#3031=CARTESIAN_POINT('',(3.35E0,1.2E0,-2.E0));
#3032=VERTEX_POINT('',#3030);
#3033=VERTEX_POINT('',#3031);
#3034=CARTESIAN_POINT('',(3.1E0,-8.794117647058E-1,-1.7E0));
#3035=CARTESIAN_POINT('',(3.1E0,5.000000000001E-1,-1.7E0));
#3036=VERTEX_POINT('',#3034);
#3037=VERTEX_POINT('',#3035);
#3038=CARTESIAN_POINT('',(3.1E0,-8.794117647058E-1,-4.8E0));
#3039=CARTESIAN_POINT('',(3.1E0,5.000000000001E-1,-4.8E0));
#3040=VERTEX_POINT('',#3038);
#3041=VERTEX_POINT('',#3039);
#3042=CARTESIAN_POINT('',(3.1E0,5.000000000001E-1,-1.35E0));
#3043=VERTEX_POINT('',#3042);
#3044=CARTESIAN_POINT('',(3.1E0,5.000000000001E-1,-5.15E0));
#3045=VERTEX_POINT('',#3044);
#3046=CARTESIAN_POINT('',(-3.1E0,-1.4E0,-2.1E0));
#3047=CARTESIAN_POINT('',(-3.55E0,-1.85E0,-2.1E0));
#3048=VERTEX_POINT('',#3046);
#3049=VERTEX_POINT('',#3047);
#3050=CARTESIAN_POINT('',(-3.55E0,-1.6E0,-2.1E0));
#3051=CARTESIAN_POINT('',(-3.35E0,-1.4E0,-2.1E0));
#3052=VERTEX_POINT('',#3050);
#3053=VERTEX_POINT('',#3051);
#3054=CARTESIAN_POINT('',(3.35E0,-1.4E0,-2.1E0));
#3055=CARTESIAN_POINT('',(3.55E0,-1.6E0,-2.1E0));
#3056=VERTEX_POINT('',#3054);
#3057=VERTEX_POINT('',#3055);
#3058=CARTESIAN_POINT('',(3.55E0,-1.85E0,-2.1E0));
#3059=CARTESIAN_POINT('',(3.1E0,-1.4E0,-2.1E0));
#3060=VERTEX_POINT('',#3058);
#3061=VERTEX_POINT('',#3059);
#3062=CARTESIAN_POINT('',(-3.1E0,-1.4E0,-4.4E0));
#3063=CARTESIAN_POINT('',(-3.55E0,-1.85E0,-4.4E0));
#3064=VERTEX_POINT('',#3062);
#3065=VERTEX_POINT('',#3063);
#3066=CARTESIAN_POINT('',(-3.55E0,-1.6E0,-4.4E0));
#3067=CARTESIAN_POINT('',(-3.35E0,-1.4E0,-4.4E0));
#3068=VERTEX_POINT('',#3066);
#3069=VERTEX_POINT('',#3067);
#3070=CARTESIAN_POINT('',(3.35E0,-1.4E0,-4.4E0));
#3071=CARTESIAN_POINT('',(3.55E0,-1.6E0,-4.4E0));
#3072=VERTEX_POINT('',#3070);
#3073=VERTEX_POINT('',#3071);
#3074=CARTESIAN_POINT('',(3.55E0,-1.85E0,-4.4E0));
#3075=CARTESIAN_POINT('',(3.1E0,-1.4E0,-4.4E0));
#3076=VERTEX_POINT('',#3074);
#3077=VERTEX_POINT('',#3075);
#3078=CARTESIAN_POINT('',(3.1E0,-1.3E0,-2.1E0));
#3079=VERTEX_POINT('',#3078);
#3080=CARTESIAN_POINT('',(3.1E0,-1.3E0,-4.4E0));
#3081=VERTEX_POINT('',#3080);
#3082=CARTESIAN_POINT('',(3.1E0,-1.1E0,-1.85E0));
#3083=CARTESIAN_POINT('',(3.1E0,-1.1E0,-1.9E0));
#3084=VERTEX_POINT('',#3082);
#3085=VERTEX_POINT('',#3083);
#3086=CARTESIAN_POINT('',(3.1E0,-1.1E0,-4.6E0));
#3087=CARTESIAN_POINT('',(3.1E0,-1.1E0,-4.65E0));
#3088=VERTEX_POINT('',#3086);
#3089=VERTEX_POINT('',#3087);
#3090=CARTESIAN_POINT('',(3.35E0,1.2E0,-4.5E0));
#3091=CARTESIAN_POINT('',(3.35E0,1.2E0,-5.25E0));
#3092=VERTEX_POINT('',#3090);
#3093=VERTEX_POINT('',#3091);
#3094=CARTESIAN_POINT('',(3.35E0,-8.794117647058E-1,-1.7E0));
#3095=VERTEX_POINT('',#3094);
#3096=CARTESIAN_POINT('',(3.35E0,6.000000000001E-1,-1.25E0));
#3097=VERTEX_POINT('',#3096);
#3098=CARTESIAN_POINT('',(3.35E0,5.000000000001E-1,-1.35E0));
#3099=VERTEX_POINT('',#3098);
#3100=CARTESIAN_POINT('',(3.35E0,5.000000000001E-1,-5.15E0));
#3101=CARTESIAN_POINT('',(3.35E0,6.000000000001E-1,-5.25E0));
#3102=VERTEX_POINT('',#3100);
#3103=VERTEX_POINT('',#3101);
#3104=CARTESIAN_POINT('',(3.35E0,-1.1E0,-1.85E0));
#3105=VERTEX_POINT('',#3104);
#3106=CARTESIAN_POINT('',(3.35E0,-1.1E0,-1.9E0));
#3107=VERTEX_POINT('',#3106);
#3108=CARTESIAN_POINT('',(3.35E0,-1.126794919243E0,-2.E0));
#3109=VERTEX_POINT('',#3108);
#3110=CARTESIAN_POINT('',(3.35E0,-1.1E0,-4.6E0));
#3111=CARTESIAN_POINT('',(3.35E0,-1.126794919243E0,-4.5E0));
#3112=VERTEX_POINT('',#3110);
#3113=VERTEX_POINT('',#3111);
#3114=CARTESIAN_POINT('',(3.35E0,-1.1E0,-4.65E0));
#3115=VERTEX_POINT('',#3114);
#3116=CARTESIAN_POINT('',(3.35E0,-8.794117647058E-1,-4.8E0));
#3117=VERTEX_POINT('',#3116);
#3118=CARTESIAN_POINT('',(3.35E0,-1.3E0,-2.1E0));
#3119=VERTEX_POINT('',#3118);
#3120=CARTESIAN_POINT('',(3.35E0,-1.3E0,-4.4E0));
#3121=VERTEX_POINT('',#3120);
#3122=CARTESIAN_POINT('',(4.4E0,-1.6E0,-2.1E0));
#3123=CARTESIAN_POINT('',(4.7E0,-1.6E0,-2.4E0));
#3124=VERTEX_POINT('',#3122);
#3125=VERTEX_POINT('',#3123);
#3126=CARTESIAN_POINT('',(4.7E0,-1.85E0,-2.4E0));
#3127=VERTEX_POINT('',#3126);
#3128=CARTESIAN_POINT('',(4.4E0,-1.85E0,-2.1E0));
#3129=VERTEX_POINT('',#3128);
#3130=CARTESIAN_POINT('',(4.4E0,-1.85E0,-4.4E0));
#3131=CARTESIAN_POINT('',(4.7E0,-1.85E0,-4.1E0));
#3132=VERTEX_POINT('',#3130);
#3133=VERTEX_POINT('',#3131);
#3134=CARTESIAN_POINT('',(4.7E0,-1.6E0,-4.1E0));
#3135=VERTEX_POINT('',#3134);
#3136=CARTESIAN_POINT('',(4.4E0,-1.6E0,-4.4E0));
#3137=VERTEX_POINT('',#3136);
#3138=CARTESIAN_POINT('',(-4.4E0,-1.6E0,-4.4E0));
#3139=CARTESIAN_POINT('',(-4.7E0,-1.6E0,-4.1E0));
#3140=VERTEX_POINT('',#3138);
#3141=VERTEX_POINT('',#3139);
#3142=CARTESIAN_POINT('',(-4.7E0,-1.85E0,-4.1E0));
#3143=VERTEX_POINT('',#3142);
#3144=CARTESIAN_POINT('',(-4.4E0,-1.85E0,-4.4E0));
#3145=VERTEX_POINT('',#3144);
#3146=CARTESIAN_POINT('',(-4.4E0,-1.85E0,-2.1E0));
#3147=CARTESIAN_POINT('',(-4.7E0,-1.85E0,-2.4E0));
#3148=VERTEX_POINT('',#3146);
#3149=VERTEX_POINT('',#3147);
#3150=CARTESIAN_POINT('',(-4.7E0,-1.6E0,-2.4E0));
#3151=VERTEX_POINT('',#3150);
#3152=CARTESIAN_POINT('',(-4.4E0,-1.6E0,-2.1E0));
#3153=VERTEX_POINT('',#3152);
#3154=CARTESIAN_POINT('',(-3.35E0,1.389829646437E0,-1.35E0));
#3155=CARTESIAN_POINT('',(-3.35E0,1.289829646437E0,-1.25E0));
#3156=VERTEX_POINT('',#3154);
#3157=VERTEX_POINT('',#3155);
#3158=CARTESIAN_POINT('',(-3.35E0,1.289829646437E0,-5.25E0));
#3159=CARTESIAN_POINT('',(-3.35E0,1.389829646437E0,-5.15E0));
#3160=VERTEX_POINT('',#3158);
#3161=VERTEX_POINT('',#3159);
#3162=CARTESIAN_POINT('',(-3.1E0,1.389829646437E0,-1.35E0));
#3163=CARTESIAN_POINT('',(-3.1E0,1.289829646437E0,-1.25E0));
#3164=VERTEX_POINT('',#3162);
#3165=VERTEX_POINT('',#3163);
#3166=CARTESIAN_POINT('',(-3.1E0,6.000000000001E-1,-1.25E0));
#3167=VERTEX_POINT('',#3166);
#3168=CARTESIAN_POINT('',(-3.1E0,6.000000000001E-1,-5.25E0));
#3169=CARTESIAN_POINT('',(-3.1E0,1.289829646437E0,-5.25E0));
#3170=VERTEX_POINT('',#3168);
#3171=VERTEX_POINT('',#3169);
#3172=CARTESIAN_POINT('',(-3.1E0,1.389829646437E0,-5.15E0));
#3173=VERTEX_POINT('',#3172);
#3174=CARTESIAN_POINT('',(-3.1E0,-1.1E0,-1.85E0));
#3175=CARTESIAN_POINT('',(-3.1E0,-1.1E0,-1.9E0));
#3176=VERTEX_POINT('',#3174);
#3177=VERTEX_POINT('',#3175);
#3178=CARTESIAN_POINT('',(-3.1E0,-1.1E0,-4.6E0));
#3179=CARTESIAN_POINT('',(-3.1E0,-1.1E0,-4.65E0));
#3180=VERTEX_POINT('',#3178);
#3181=VERTEX_POINT('',#3179);
#3182=CARTESIAN_POINT('',(-3.35E0,1.2E0,-1.25E0));
#3183=VERTEX_POINT('',#3182);
#3184=CARTESIAN_POINT('',(-3.35E0,1.2E0,-5.25E0));
#3185=VERTEX_POINT('',#3184);
#3186=CARTESIAN_POINT('',(-3.1E0,5.000000000001E-1,-1.35E0));
#3187=VERTEX_POINT('',#3186);
#3188=CARTESIAN_POINT('',(-3.1E0,5.000000000001E-1,-5.15E0));
#3189=VERTEX_POINT('',#3188);
#3190=CARTESIAN_POINT('',(-3.35E0,6.000000000001E-1,-1.25E0));
#3191=VERTEX_POINT('',#3190);
#3192=CARTESIAN_POINT('',(-3.35E0,6.000000000001E-1,-5.25E0));
#3193=VERTEX_POINT('',#3192);
#3194=CARTESIAN_POINT('',(-3.35E0,-1.126794919243E0,-2.E0));
#3195=CARTESIAN_POINT('',(-3.35E0,-1.3E0,-2.1E0));
#3196=VERTEX_POINT('',#3194);
#3197=VERTEX_POINT('',#3195);
#3198=CARTESIAN_POINT('',(-3.35E0,-1.3E0,-4.4E0));
#3199=CARTESIAN_POINT('',(-3.35E0,-1.126794919243E0,-4.5E0));
#3200=VERTEX_POINT('',#3198);
#3201=VERTEX_POINT('',#3199);
#3202=CARTESIAN_POINT('',(-3.1E0,-8.794117647058E-1,-1.7E0));
#3203=VERTEX_POINT('',#3202);
#3204=CARTESIAN_POINT('',(-3.1E0,-1.3E0,-2.1E0));
#3205=VERTEX_POINT('',#3204);
#3206=CARTESIAN_POINT('',(-3.1E0,-1.3E0,-4.4E0));
#3207=VERTEX_POINT('',#3206);
#3208=CARTESIAN_POINT('',(-3.1E0,-8.794117647058E-1,-4.8E0));
#3209=VERTEX_POINT('',#3208);
#3210=CARTESIAN_POINT('',(-3.35E0,-1.1E0,-1.85E0));
#3211=VERTEX_POINT('',#3210);
#3212=CARTESIAN_POINT('',(-3.35E0,-1.1E0,-1.9E0));
#3213=VERTEX_POINT('',#3212);
#3214=CARTESIAN_POINT('',(-3.35E0,-1.1E0,-4.6E0));
#3215=VERTEX_POINT('',#3214);
#3216=CARTESIAN_POINT('',(-3.35E0,-1.1E0,-4.65E0));
#3217=VERTEX_POINT('',#3216);
#3218=CARTESIAN_POINT('',(-3.35E0,1.2E0,-2.E0));
#3219=VERTEX_POINT('',#3218);
#3220=CARTESIAN_POINT('',(-3.35E0,1.2E0,-4.5E0));
#3221=VERTEX_POINT('',#3220);
#3222=CARTESIAN_POINT('',(-3.35E0,5.000000000001E-1,-1.35E0));
#3223=VERTEX_POINT('',#3222);
#3224=CARTESIAN_POINT('',(-3.35E0,5.000000000001E-1,-5.15E0));
#3225=VERTEX_POINT('',#3224);
#3226=CARTESIAN_POINT('',(-3.35E0,-8.794117647058E-1,-1.7E0));
#3227=VERTEX_POINT('',#3226);
#3228=CARTESIAN_POINT('',(-3.35E0,-8.794117647058E-1,-4.8E0));
#3229=VERTEX_POINT('',#3228);
#3230=CARTESIAN_POINT('',(-3.1E0,5.000000000001E-1,-1.7E0));
#3231=VERTEX_POINT('',#3230);
#3232=CARTESIAN_POINT('',(-3.1E0,5.000000000001E-1,-4.8E0));
#3233=VERTEX_POINT('',#3232);
#3234=CARTESIAN_POINT('',(0.E0,0.E0,0.E0));
#3235=DIRECTION('',(0.E0,0.E0,1.E0));
#3236=DIRECTION('',(1.E0,0.E0,0.E0));
#3237=AXIS2_PLACEMENT_3D('',#3234,#3235,#3236);
#3238=PLANE('',#3237);
#3240=ORIENTED_EDGE('',*,*,#3239,.F.);
#3242=ORIENTED_EDGE('',*,*,#3241,.F.);
#3244=ORIENTED_EDGE('',*,*,#3243,.F.);
#3246=ORIENTED_EDGE('',*,*,#3245,.F.);
#3248=ORIENTED_EDGE('',*,*,#3247,.F.);
#3250=ORIENTED_EDGE('',*,*,#3249,.F.);
#3252=ORIENTED_EDGE('',*,*,#3251,.F.);
#3254=ORIENTED_EDGE('',*,*,#3253,.F.);
#3256=ORIENTED_EDGE('',*,*,#3255,.F.);
#3258=ORIENTED_EDGE('',*,*,#3257,.F.);
#3260=ORIENTED_EDGE('',*,*,#3259,.F.);
#3262=ORIENTED_EDGE('',*,*,#3261,.F.);
#3264=ORIENTED_EDGE('',*,*,#3263,.F.);
#3266=ORIENTED_EDGE('',*,*,#3265,.F.);
#3268=ORIENTED_EDGE('',*,*,#3267,.F.);
#3270=ORIENTED_EDGE('',*,*,#3269,.F.);
#3272=ORIENTED_EDGE('',*,*,#3271,.F.);
#3274=ORIENTED_EDGE('',*,*,#3273,.F.);
#3276=ORIENTED_EDGE('',*,*,#3275,.F.);
#3278=ORIENTED_EDGE('',*,*,#3277,.F.);
#3280=ORIENTED_EDGE('',*,*,#3279,.T.);
#3282=ORIENTED_EDGE('',*,*,#3281,.T.);
#3283=EDGE_LOOP('',(#3240,#3242,#3244,#3246,#3248,#3250,#3252,#3254,#3256,#3258,
#3260,#3262,#3264,#3266,#3268,#3270,#3272,#3274,#3276,#3278,#3280,#3282));
#3284=FACE_OUTER_BOUND('',#3283,.F.);
#3286=ORIENTED_EDGE('',*,*,#3285,.T.);
#3288=ORIENTED_EDGE('',*,*,#3287,.F.);
#3290=ORIENTED_EDGE('',*,*,#3289,.T.);
#3292=ORIENTED_EDGE('',*,*,#3291,.F.);
#3294=ORIENTED_EDGE('',*,*,#3293,.F.);
#3296=ORIENTED_EDGE('',*,*,#3295,.F.);
#3298=ORIENTED_EDGE('',*,*,#3297,.F.);
#3300=ORIENTED_EDGE('',*,*,#3299,.F.);
#3302=ORIENTED_EDGE('',*,*,#3301,.T.);
#3304=ORIENTED_EDGE('',*,*,#3303,.F.);
#3306=ORIENTED_EDGE('',*,*,#3305,.T.);
#3308=ORIENTED_EDGE('',*,*,#3307,.F.);
#3310=ORIENTED_EDGE('',*,*,#3309,.F.);
#3312=ORIENTED_EDGE('',*,*,#3311,.F.);
#3314=ORIENTED_EDGE('',*,*,#3313,.F.);
#3316=ORIENTED_EDGE('',*,*,#3315,.F.);
#3317=EDGE_LOOP('',(#3286,#3288,#3290,#3292,#3294,#3296,#3298,#3300,#3302,#3304,
#3306,#3308,#3310,#3312,#3314,#3316));
#3318=FACE_BOUND('',#3317,.F.);
#3320=CARTESIAN_POINT('',(7.5E-1,0.E0,0.E0));
#3321=DIRECTION('',(1.E0,0.E0,0.E0));
#3322=DIRECTION('',(0.E0,0.E0,-1.E0));
#3323=AXIS2_PLACEMENT_3D('',#3320,#3321,#3322);
#3324=PLANE('',#3323);
#3325=ORIENTED_EDGE('',*,*,#3239,.T.);
#3327=ORIENTED_EDGE('',*,*,#3326,.T.);
#3329=ORIENTED_EDGE('',*,*,#3328,.T.);
#3331=ORIENTED_EDGE('',*,*,#3330,.F.);
#3332=EDGE_LOOP('',(#3325,#3327,#3329,#3331));
#3333=FACE_OUTER_BOUND('',#3332,.F.);
#3335=CARTESIAN_POINT('',(7.5E-1,2.3E0,0.E0));
#3336=DIRECTION('',(0.E0,-8.574929257125E-1,-5.144957554275E-1));
#3337=DIRECTION('',(0.E0,5.144957554275E-1,-8.574929257125E-1));
#3338=AXIS2_PLACEMENT_3D('',#3335,#3336,#3337);
#3339=PLANE('',#3338);
#3340=ORIENTED_EDGE('',*,*,#3281,.F.);
#3342=ORIENTED_EDGE('',*,*,#3341,.T.);
#3344=ORIENTED_EDGE('',*,*,#3343,.F.);
#3345=ORIENTED_EDGE('',*,*,#3326,.F.);
#3346=EDGE_LOOP('',(#3340,#3342,#3344,#3345));
#3347=FACE_OUTER_BOUND('',#3346,.F.);
#3349=CARTESIAN_POINT('',(-7.5E-1,0.E0,0.E0));
#3350=DIRECTION('',(1.E0,0.E0,0.E0));
#3351=DIRECTION('',(0.E0,0.E0,-1.E0));
#3352=AXIS2_PLACEMENT_3D('',#3349,#3350,#3351);
#3353=PLANE('',#3352);
#3354=ORIENTED_EDGE('',*,*,#3279,.F.);
#3356=ORIENTED_EDGE('',*,*,#3355,.T.);
#3358=ORIENTED_EDGE('',*,*,#3357,.F.);
#3359=ORIENTED_EDGE('',*,*,#3341,.F.);
#3360=EDGE_LOOP('',(#3354,#3356,#3358,#3359));
#3361=FACE_OUTER_BOUND('',#3360,.F.);
#3363=CARTESIAN_POINT('',(2.55E0,3.1E0,0.E0));
#3364=DIRECTION('',(0.E0,1.E0,0.E0));
#3365=DIRECTION('',(-1.E0,0.E0,0.E0));
#3366=AXIS2_PLACEMENT_3D('',#3363,#3364,#3365);
#3367=PLANE('',#3366);
#3368=ORIENTED_EDGE('',*,*,#3330,.T.);
#3370=ORIENTED_EDGE('',*,*,#3369,.F.);
#3371=ORIENTED_EDGE('',*,*,#3355,.F.);
#3372=ORIENTED_EDGE('',*,*,#3277,.T.);
#3374=ORIENTED_EDGE('',*,*,#3373,.T.);
#3376=ORIENTED_EDGE('',*,*,#3375,.F.);
#3378=ORIENTED_EDGE('',*,*,#3377,.F.);
#3379=ORIENTED_EDGE('',*,*,#3241,.T.);
#3380=EDGE_LOOP('',(#3368,#3370,#3371,#3372,#3374,#3376,#3378,#3379));
#3381=FACE_OUTER_BOUND('',#3380,.F.);
#3383=CARTESIAN_POINT('',(7.5E-1,2.6E0,-5.E-1));
#3384=DIRECTION('',(0.E0,0.E0,-1.E0));
#3385=DIRECTION('',(0.E0,1.E0,0.E0));
#3386=AXIS2_PLACEMENT_3D('',#3383,#3384,#3385);
#3387=PLANE('',#3386);
#3388=ORIENTED_EDGE('',*,*,#3369,.T.);
#3389=ORIENTED_EDGE('',*,*,#3328,.F.);
#3390=ORIENTED_EDGE('',*,*,#3343,.T.);
#3391=ORIENTED_EDGE('',*,*,#3357,.T.);
#3392=EDGE_LOOP('',(#3388,#3389,#3390,#3391));
#3393=FACE_OUTER_BOUND('',#3392,.F.);
#3395=CARTESIAN_POINT('',(-2.55E0,3.1E0,0.E0));
#3396=DIRECTION('',(-1.E0,0.E0,0.E0));
#3397=DIRECTION('',(0.E0,-1.E0,0.E0));
#3398=AXIS2_PLACEMENT_3D('',#3395,#3396,#3397);
#3399=PLANE('',#3398);
#3401=ORIENTED_EDGE('',*,*,#3400,.F.);
#3402=ORIENTED_EDGE('',*,*,#3373,.F.);
#3403=ORIENTED_EDGE('',*,*,#3275,.T.);
#3405=ORIENTED_EDGE('',*,*,#3404,.T.);
#3406=EDGE_LOOP('',(#3401,#3402,#3403,#3405));
#3407=FACE_OUTER_BOUND('',#3406,.F.);
#3409=CARTESIAN_POINT('',(-3.05E0,3.1E0,-5.9E0));
#3410=DIRECTION('',(0.E0,0.E0,1.E0));
#3411=DIRECTION('',(0.E0,-1.E0,0.E0));
#3412=AXIS2_PLACEMENT_3D('',#3409,#3410,#3411);
#3413=PLANE('',#3412);
#3414=ORIENTED_EDGE('',*,*,#3400,.T.);
#3416=ORIENTED_EDGE('',*,*,#3415,.F.);
#3418=ORIENTED_EDGE('',*,*,#3417,.T.);
#3420=ORIENTED_EDGE('',*,*,#3419,.T.);
#3422=ORIENTED_EDGE('',*,*,#3421,.F.);
#3424=ORIENTED_EDGE('',*,*,#3423,.F.);
#3426=ORIENTED_EDGE('',*,*,#3425,.T.);
#3428=ORIENTED_EDGE('',*,*,#3427,.T.);
#3430=ORIENTED_EDGE('',*,*,#3429,.T.);
#3431=ORIENTED_EDGE('',*,*,#3375,.T.);
#3432=EDGE_LOOP('',(#3414,#3416,#3418,#3420,#3422,#3424,#3426,#3428,#3430,
#3431));
#3433=FACE_OUTER_BOUND('',#3432,.F.);
#3435=CARTESIAN_POINT('',(-2.55E0,1.2E0,0.E0));
#3436=DIRECTION('',(0.E0,1.E0,0.E0));
#3437=DIRECTION('',(-1.E0,0.E0,0.E0));
#3438=AXIS2_PLACEMENT_3D('',#3435,#3436,#3437);
#3439=PLANE('',#3438);
#3441=ORIENTED_EDGE('',*,*,#3440,.F.);
#3442=ORIENTED_EDGE('',*,*,#3249,.T.);
#3444=ORIENTED_EDGE('',*,*,#3443,.T.);
#3445=ORIENTED_EDGE('',*,*,#3423,.T.);
#3447=ORIENTED_EDGE('',*,*,#3446,.T.);
#3449=ORIENTED_EDGE('',*,*,#3448,.F.);
#3450=EDGE_LOOP('',(#3441,#3442,#3444,#3445,#3447,#3449));
#3451=FACE_OUTER_BOUND('',#3450,.F.);
#3453=CARTESIAN_POINT('',(-2.55E0,1.2E0,0.E0));
#3454=DIRECTION('',(0.E0,1.E0,0.E0));
#3455=DIRECTION('',(-1.E0,0.E0,0.E0));
#3456=AXIS2_PLACEMENT_3D('',#3453,#3454,#3455);
#3457=PLANE('',#3456);
#3459=ORIENTED_EDGE('',*,*,#3458,.F.);
#3461=ORIENTED_EDGE('',*,*,#3460,.F.);
#3463=ORIENTED_EDGE('',*,*,#3462,.F.);
#3464=ORIENTED_EDGE('',*,*,#3415,.T.);
#3465=ORIENTED_EDGE('',*,*,#3404,.F.);
#3466=ORIENTED_EDGE('',*,*,#3273,.T.);
#3467=EDGE_LOOP('',(#3459,#3461,#3463,#3464,#3465,#3466));
#3468=FACE_OUTER_BOUND('',#3467,.F.);
#3470=CARTESIAN_POINT('',(-2.55E0,1.2E0,0.E0));
#3471=DIRECTION('',(0.E0,1.E0,0.E0));
#3472=DIRECTION('',(-1.E0,0.E0,0.E0));
#3473=AXIS2_PLACEMENT_3D('',#3470,#3471,#3472);
#3474=PLANE('',#3473);
#3476=ORIENTED_EDGE('',*,*,#3475,.T.);
#3478=ORIENTED_EDGE('',*,*,#3477,.T.);
#3480=ORIENTED_EDGE('',*,*,#3479,.T.);
#3482=ORIENTED_EDGE('',*,*,#3481,.T.);
#3484=ORIENTED_EDGE('',*,*,#3483,.F.);
#3486=ORIENTED_EDGE('',*,*,#3485,.T.);
#3487=EDGE_LOOP('',(#3476,#3478,#3480,#3482,#3484,#3486));
#3488=FACE_OUTER_BOUND('',#3487,.F.);
#3490=CARTESIAN_POINT('',(-2.55E0,1.2E0,0.E0));
#3491=DIRECTION('',(0.E0,1.E0,0.E0));
#3492=DIRECTION('',(-1.E0,0.E0,0.E0));
#3493=AXIS2_PLACEMENT_3D('',#3490,#3491,#3492);
#3494=PLANE('',#3493);
#3496=ORIENTED_EDGE('',*,*,#3495,.F.);
#3498=ORIENTED_EDGE('',*,*,#3497,.F.);
#3500=ORIENTED_EDGE('',*,*,#3499,.T.);
#3502=ORIENTED_EDGE('',*,*,#3501,.T.);
#3504=ORIENTED_EDGE('',*,*,#3503,.T.);
#3506=ORIENTED_EDGE('',*,*,#3505,.T.);
#3507=EDGE_LOOP('',(#3496,#3498,#3500,#3502,#3504,#3506));
#3508=FACE_OUTER_BOUND('',#3507,.F.);
#3510=CARTESIAN_POINT('',(-2.55E0,1.2E0,0.E0));
#3511=DIRECTION('',(0.E0,1.E0,0.E0));
#3512=DIRECTION('',(-1.E0,0.E0,0.E0));
#3513=AXIS2_PLACEMENT_3D('',#3510,#3511,#3512);
#3514=PLANE('',#3513);
#3516=ORIENTED_EDGE('',*,*,#3515,.F.);
#3518=ORIENTED_EDGE('',*,*,#3517,.T.);
#3520=ORIENTED_EDGE('',*,*,#3519,.T.);
#3522=ORIENTED_EDGE('',*,*,#3521,.T.);
#3524=ORIENTED_EDGE('',*,*,#3523,.T.);
#3526=ORIENTED_EDGE('',*,*,#3525,.F.);
#3527=EDGE_LOOP('',(#3516,#3518,#3520,#3522,#3524,#3526));
#3528=FACE_OUTER_BOUND('',#3527,.F.);
#3530=CARTESIAN_POINT('',(-2.55E0,1.2E0,0.E0));
#3531=DIRECTION('',(0.E0,1.E0,0.E0));
#3532=DIRECTION('',(-1.E0,0.E0,0.E0));
#3533=AXIS2_PLACEMENT_3D('',#3530,#3531,#3532);
#3534=PLANE('',#3533);
#3536=ORIENTED_EDGE('',*,*,#3535,.T.);
#3538=ORIENTED_EDGE('',*,*,#3537,.T.);
#3540=ORIENTED_EDGE('',*,*,#3539,.T.);
#3542=ORIENTED_EDGE('',*,*,#3541,.F.);
#3544=ORIENTED_EDGE('',*,*,#3543,.F.);
#3546=ORIENTED_EDGE('',*,*,#3545,.F.);
#3547=EDGE_LOOP('',(#3536,#3538,#3540,#3542,#3544,#3546));
#3548=FACE_OUTER_BOUND('',#3547,.F.);
#3550=CARTESIAN_POINT('',(3.05E0,-1.4E0,0.E0));
#3551=DIRECTION('',(1.E0,0.E0,0.E0));
#3552=DIRECTION('',(0.E0,1.E0,0.E0));
#3553=AXIS2_PLACEMENT_3D('',#3550,#3551,#3552);
#3554=PLANE('',#3553);
#3555=ORIENTED_EDGE('',*,*,#3440,.T.);
#3557=ORIENTED_EDGE('',*,*,#3556,.T.);
#3559=ORIENTED_EDGE('',*,*,#3558,.F.);
#3561=ORIENTED_EDGE('',*,*,#3560,.F.);
#3563=ORIENTED_EDGE('',*,*,#3562,.F.);
#3565=ORIENTED_EDGE('',*,*,#3564,.T.);
#3567=ORIENTED_EDGE('',*,*,#3566,.F.);
#3569=ORIENTED_EDGE('',*,*,#3568,.F.);
#3571=ORIENTED_EDGE('',*,*,#3570,.F.);
#3572=ORIENTED_EDGE('',*,*,#3251,.T.);
#3573=EDGE_LOOP('',(#3555,#3557,#3559,#3561,#3563,#3565,#3567,#3569,#3571,
#3572));
#3574=FACE_OUTER_BOUND('',#3573,.F.);
#3576=CARTESIAN_POINT('',(3.05E0,-1.4E0,-5.5E0));
#3577=DIRECTION('',(0.E0,0.E0,-1.E0));
#3578=DIRECTION('',(1.E0,0.E0,0.E0));
#3579=AXIS2_PLACEMENT_3D('',#3576,#3577,#3578);
#3580=PLANE('',#3579);
#3581=ORIENTED_EDGE('',*,*,#3556,.F.);
#3582=ORIENTED_EDGE('',*,*,#3448,.T.);
#3584=ORIENTED_EDGE('',*,*,#3583,.T.);
#3586=ORIENTED_EDGE('',*,*,#3585,.T.);
#3588=ORIENTED_EDGE('',*,*,#3587,.T.);
#3589=ORIENTED_EDGE('',*,*,#3497,.T.);
#3591=ORIENTED_EDGE('',*,*,#3590,.T.);
#3593=ORIENTED_EDGE('',*,*,#3592,.F.);
#3594=EDGE_LOOP('',(#3581,#3582,#3584,#3586,#3588,#3589,#3591,#3593));
#3595=FACE_OUTER_BOUND('',#3594,.F.);
#3597=CARTESIAN_POINT('',(2.8E0,1.2E0,-7.7E0));
#3598=DIRECTION('',(-1.E0,0.E0,0.E0));
#3599=DIRECTION('',(0.E0,0.E0,1.E0));
#3600=AXIS2_PLACEMENT_3D('',#3597,#3598,#3599);
#3601=PLANE('',#3600);
#3602=ORIENTED_EDGE('',*,*,#3421,.T.);
#3604=ORIENTED_EDGE('',*,*,#3603,.T.);
#3606=ORIENTED_EDGE('',*,*,#3605,.T.);
#3608=ORIENTED_EDGE('',*,*,#3607,.F.);
#3610=ORIENTED_EDGE('',*,*,#3609,.T.);
#3611=ORIENTED_EDGE('',*,*,#3583,.F.);
#3612=ORIENTED_EDGE('',*,*,#3446,.F.);
#3613=EDGE_LOOP('',(#3602,#3604,#3606,#3608,#3610,#3611,#3612));
#3614=FACE_OUTER_BOUND('',#3613,.F.);
#3616=CARTESIAN_POINT('',(-3.05E0,2.500000000001E-1,-5.9E0));
#3617=DIRECTION('',(0.E0,-1.E0,0.E0));
#3618=DIRECTION('',(0.E0,0.E0,-1.E0));
#3619=AXIS2_PLACEMENT_3D('',#3616,#3617,#3618);
#3620=PLANE('',#3619);
#3622=ORIENTED_EDGE('',*,*,#3621,.T.);
#3624=ORIENTED_EDGE('',*,*,#3623,.F.);
#3626=ORIENTED_EDGE('',*,*,#3625,.T.);
#3628=ORIENTED_EDGE('',*,*,#3627,.T.);
#3630=ORIENTED_EDGE('',*,*,#3629,.T.);
#3632=ORIENTED_EDGE('',*,*,#3631,.F.);
#3634=ORIENTED_EDGE('',*,*,#3633,.T.);
#3636=ORIENTED_EDGE('',*,*,#3635,.T.);
#3638=ORIENTED_EDGE('',*,*,#3637,.T.);
#3639=ORIENTED_EDGE('',*,*,#3603,.F.);
#3640=ORIENTED_EDGE('',*,*,#3419,.F.);
#3642=ORIENTED_EDGE('',*,*,#3641,.T.);
#3643=EDGE_LOOP('',(#3622,#3624,#3626,#3628,#3630,#3632,#3634,#3636,#3638,#3639,
#3640,#3642));
#3644=FACE_OUTER_BOUND('',#3643,.F.);
#3646=CARTESIAN_POINT('',(-3.05E0,2.500000000001E-1,-6.4E0));
#3647=DIRECTION('',(0.E0,-9.333456062031E-1,3.589790793089E-1));
#3648=DIRECTION('',(0.E0,-3.589790793089E-1,-9.333456062031E-1));
#3649=AXIS2_PLACEMENT_3D('',#3646,#3647,#3648);
#3650=PLANE('',#3649);
#3652=ORIENTED_EDGE('',*,*,#3651,.F.);
#3653=ORIENTED_EDGE('',*,*,#3621,.F.);
#3655=ORIENTED_EDGE('',*,*,#3654,.T.);
#3657=ORIENTED_EDGE('',*,*,#3656,.T.);
#3658=ORIENTED_EDGE('',*,*,#3605,.F.);
#3659=ORIENTED_EDGE('',*,*,#3637,.F.);
#3661=ORIENTED_EDGE('',*,*,#3660,.T.);
#3663=ORIENTED_EDGE('',*,*,#3662,.F.);
#3665=ORIENTED_EDGE('',*,*,#3664,.F.);
#3666=ORIENTED_EDGE('',*,*,#3629,.F.);
#3668=ORIENTED_EDGE('',*,*,#3667,.T.);
#3670=ORIENTED_EDGE('',*,*,#3669,.F.);
#3671=EDGE_LOOP('',(#3652,#3653,#3655,#3657,#3658,#3659,#3661,#3663,#3665,#3666,
#3668,#3670));
#3672=FACE_OUTER_BOUND('',#3671,.F.);
#3674=CARTESIAN_POINT('',(-1.E0,0.E0,0.E0));
#3675=DIRECTION('',(1.E0,0.E0,0.E0));
#3676=DIRECTION('',(0.E0,0.E0,-1.E0));
#3677=AXIS2_PLACEMENT_3D('',#3674,#3675,#3676);
#3678=PLANE('',#3677);
#3680=ORIENTED_EDGE('',*,*,#3679,.F.);
#3682=ORIENTED_EDGE('',*,*,#3681,.T.);
#3684=ORIENTED_EDGE('',*,*,#3683,.T.);
#3686=ORIENTED_EDGE('',*,*,#3685,.T.);
#3688=ORIENTED_EDGE('',*,*,#3687,.T.);
#3690=ORIENTED_EDGE('',*,*,#3689,.T.);
#3691=EDGE_LOOP('',(#3680,#3682,#3684,#3686,#3688,#3690));
#3692=FACE_OUTER_BOUND('',#3691,.F.);
#3694=CARTESIAN_POINT('',(-1.E0,0.E0,0.E0));
#3695=DIRECTION('',(1.E0,0.E0,0.E0));
#3696=DIRECTION('',(0.E0,0.E0,-1.E0));
#3697=AXIS2_PLACEMENT_3D('',#3694,#3695,#3696);
#3698=PLANE('',#3697);
#3700=ORIENTED_EDGE('',*,*,#3699,.T.);
#3702=ORIENTED_EDGE('',*,*,#3701,.T.);
#3704=ORIENTED_EDGE('',*,*,#3703,.T.);
#3706=ORIENTED_EDGE('',*,*,#3705,.T.);
#3707=EDGE_LOOP('',(#3700,#3702,#3704,#3706));
#3708=FACE_OUTER_BOUND('',#3707,.F.);
#3710=CARTESIAN_POINT('',(-1.E0,0.E0,0.E0));
#3711=DIRECTION('',(1.E0,0.E0,0.E0));
#3712=DIRECTION('',(0.E0,0.E0,-1.E0));
#3713=AXIS2_PLACEMENT_3D('',#3710,#3711,#3712);
#3714=PLANE('',#3713);
#3715=ORIENTED_EDGE('',*,*,#3651,.T.);
#3717=ORIENTED_EDGE('',*,*,#3716,.T.);
#3718=ORIENTED_EDGE('',*,*,#3623,.T.);
#3719=EDGE_LOOP('',(#3715,#3717,#3718));
#3720=FACE_OUTER_BOUND('',#3719,.F.);
#3722=CARTESIAN_POINT('',(0.E0,0.E0,-7.7E0));
#3723=DIRECTION('',(0.E0,0.E0,1.E0));
#3724=DIRECTION('',(1.E0,0.E0,0.E0));
#3725=AXIS2_PLACEMENT_3D('',#3722,#3723,#3724);
#3726=PLANE('',#3725);
#3727=ORIENTED_EDGE('',*,*,#3679,.T.);
#3729=ORIENTED_EDGE('',*,*,#3728,.T.);
#3731=ORIENTED_EDGE('',*,*,#3730,.F.);
#3733=ORIENTED_EDGE('',*,*,#3732,.T.);
#3735=ORIENTED_EDGE('',*,*,#3734,.T.);
#3737=ORIENTED_EDGE('',*,*,#3736,.T.);
#3739=ORIENTED_EDGE('',*,*,#3738,.F.);
#3741=ORIENTED_EDGE('',*,*,#3740,.T.);
#3743=ORIENTED_EDGE('',*,*,#3742,.T.);
#3745=ORIENTED_EDGE('',*,*,#3744,.T.);
#3747=ORIENTED_EDGE('',*,*,#3746,.T.);
#3749=ORIENTED_EDGE('',*,*,#3748,.T.);
#3750=ORIENTED_EDGE('',*,*,#3607,.T.);
#3751=ORIENTED_EDGE('',*,*,#3656,.F.);
#3753=ORIENTED_EDGE('',*,*,#3752,.F.);
#3755=ORIENTED_EDGE('',*,*,#3754,.T.);
#3757=ORIENTED_EDGE('',*,*,#3756,.T.);
#3759=ORIENTED_EDGE('',*,*,#3758,.T.);
#3761=ORIENTED_EDGE('',*,*,#3760,.T.);
#3763=ORIENTED_EDGE('',*,*,#3762,.T.);
#3764=EDGE_LOOP('',(#3727,#3729,#3731,#3733,#3735,#3737,#3739,#3741,#3743,#3745,
#3747,#3749,#3750,#3751,#3753,#3755,#3757,#3759,#3761,#3763));
#3765=FACE_OUTER_BOUND('',#3764,.F.);
#3767=CARTESIAN_POINT('',(-1.E0,-1.35E0,-9.2E0));
#3768=DIRECTION('',(0.E0,1.E0,0.E0));
#3769=DIRECTION('',(0.E0,0.E0,1.E0));
#3770=AXIS2_PLACEMENT_3D('',#3767,#3768,#3769);
#3771=PLANE('',#3770);
#3772=ORIENTED_EDGE('',*,*,#3728,.F.);
#3773=ORIENTED_EDGE('',*,*,#3689,.F.);
#3775=ORIENTED_EDGE('',*,*,#3774,.T.);
#3777=ORIENTED_EDGE('',*,*,#3776,.T.);
#3778=EDGE_LOOP('',(#3772,#3773,#3775,#3777));
#3779=FACE_OUTER_BOUND('',#3778,.F.);
#3781=CARTESIAN_POINT('',(-1.E0,-1.85E0,-9.2E0));
#3782=DIRECTION('',(0.E0,0.E0,-1.E0));
#3783=DIRECTION('',(0.E0,1.E0,0.E0));
#3784=AXIS2_PLACEMENT_3D('',#3781,#3782,#3783);
#3785=PLANE('',#3784);
#3786=ORIENTED_EDGE('',*,*,#3687,.F.);
#3788=ORIENTED_EDGE('',*,*,#3787,.T.);
#3790=ORIENTED_EDGE('',*,*,#3789,.T.);
#3791=ORIENTED_EDGE('',*,*,#3774,.F.);
#3792=EDGE_LOOP('',(#3786,#3788,#3790,#3791));
#3793=FACE_OUTER_BOUND('',#3792,.F.);
#3795=CARTESIAN_POINT('',(-1.E0,-1.85E0,-7.7E0));
#3796=DIRECTION('',(0.E0,-1.E0,0.E0));
#3797=DIRECTION('',(0.E0,0.E0,-1.E0));
#3798=AXIS2_PLACEMENT_3D('',#3795,#3796,#3797);
#3799=PLANE('',#3798);
#3800=ORIENTED_EDGE('',*,*,#3685,.F.);
#3802=ORIENTED_EDGE('',*,*,#3801,.T.);
#3804=ORIENTED_EDGE('',*,*,#3803,.T.);
#3805=ORIENTED_EDGE('',*,*,#3787,.F.);
#3806=EDGE_LOOP('',(#3800,#3802,#3804,#3805));
#3807=FACE_OUTER_BOUND('',#3806,.F.);
#3809=CARTESIAN_POINT('',(-1.E0,-1.25E0,-7.7E0));
#3810=DIRECTION('',(1.E0,0.E0,0.E0));
#3811=DIRECTION('',(0.E0,0.E0,-1.E0));
#3812=AXIS2_PLACEMENT_3D('',#3809,#3810,#3811);
#3813=CYLINDRICAL_SURFACE('',#3812,6.E-1);
#3815=ORIENTED_EDGE('',*,*,#3814,.T.);
#3817=ORIENTED_EDGE('',*,*,#3816,.T.);
#3818=ORIENTED_EDGE('',*,*,#3801,.F.);
#3819=ORIENTED_EDGE('',*,*,#3683,.F.);
#3820=EDGE_LOOP('',(#3815,#3817,#3818,#3819));
#3821=FACE_OUTER_BOUND('',#3820,.F.);
#3823=CARTESIAN_POINT('',(-1.7E0,-1.8E0,0.E0));
#3824=DIRECTION('',(0.E0,-1.E0,0.E0));
#3825=DIRECTION('',(1.E0,0.E0,0.E0));
#3826=AXIS2_PLACEMENT_3D('',#3823,#3824,#3825);
#3827=PLANE('',#3826);
#3828=ORIENTED_EDGE('',*,*,#3681,.F.);
#3829=ORIENTED_EDGE('',*,*,#3762,.F.);
#3831=ORIENTED_EDGE('',*,*,#3830,.F.);
#3832=ORIENTED_EDGE('',*,*,#3261,.T.);
#3834=ORIENTED_EDGE('',*,*,#3833,.T.);
#3835=ORIENTED_EDGE('',*,*,#3740,.F.);
#3837=ORIENTED_EDGE('',*,*,#3836,.T.);
#3839=ORIENTED_EDGE('',*,*,#3838,.F.);
#3841=ORIENTED_EDGE('',*,*,#3840,.F.);
#3842=ORIENTED_EDGE('',*,*,#3732,.F.);
#3844=ORIENTED_EDGE('',*,*,#3843,.T.);
#3845=ORIENTED_EDGE('',*,*,#3814,.F.);
#3846=EDGE_LOOP('',(#3828,#3829,#3831,#3832,#3834,#3835,#3837,#3839,#3841,#3842,
#3844,#3845));
#3847=FACE_OUTER_BOUND('',#3846,.F.);
#3849=CARTESIAN_POINT('',(-1.7E0,-1.7E0,0.E0));
#3850=DIRECTION('',(-1.E0,0.E0,0.E0));
#3851=DIRECTION('',(0.E0,-1.E0,0.E0));
#3852=AXIS2_PLACEMENT_3D('',#3849,#3850,#3851);
#3853=PLANE('',#3852);
#3854=ORIENTED_EDGE('',*,*,#3263,.T.);
#3855=ORIENTED_EDGE('',*,*,#3830,.T.);
#3856=ORIENTED_EDGE('',*,*,#3760,.F.);
#3858=ORIENTED_EDGE('',*,*,#3857,.F.);
#3859=EDGE_LOOP('',(#3854,#3855,#3856,#3858));
#3860=FACE_OUTER_BOUND('',#3859,.F.);
#3862=CARTESIAN_POINT('',(-2.7E0,-1.7E0,0.E0));
#3863=DIRECTION('',(0.E0,-1.E0,0.E0));
#3864=DIRECTION('',(1.E0,0.E0,0.E0));
#3865=AXIS2_PLACEMENT_3D('',#3862,#3863,#3864);
#3866=PLANE('',#3865);
#3867=ORIENTED_EDGE('',*,*,#3265,.T.);
#3868=ORIENTED_EDGE('',*,*,#3857,.T.);
#3869=ORIENTED_EDGE('',*,*,#3758,.F.);
#3871=ORIENTED_EDGE('',*,*,#3870,.F.);
#3872=EDGE_LOOP('',(#3867,#3868,#3869,#3871));
#3873=FACE_OUTER_BOUND('',#3872,.F.);
#3875=CARTESIAN_POINT('',(-2.7E0,-1.4E0,0.E0));
#3876=DIRECTION('',(-1.E0,0.E0,0.E0));
#3877=DIRECTION('',(0.E0,-1.E0,0.E0));
#3878=AXIS2_PLACEMENT_3D('',#3875,#3876,#3877);
#3879=PLANE('',#3878);
#3880=ORIENTED_EDGE('',*,*,#3267,.T.);
#3881=ORIENTED_EDGE('',*,*,#3870,.T.);
#3882=ORIENTED_EDGE('',*,*,#3756,.F.);
#3884=ORIENTED_EDGE('',*,*,#3883,.F.);
#3885=EDGE_LOOP('',(#3880,#3881,#3882,#3884));
#3886=FACE_OUTER_BOUND('',#3885,.F.);
#3888=CARTESIAN_POINT('',(-3.05E0,-1.4E0,0.E0));
#3889=DIRECTION('',(0.E0,-1.E0,0.E0));
#3890=DIRECTION('',(1.E0,0.E0,0.E0));
#3891=AXIS2_PLACEMENT_3D('',#3888,#3889,#3890);
#3892=PLANE('',#3891);
#3893=ORIENTED_EDGE('',*,*,#3585,.F.);
#3894=ORIENTED_EDGE('',*,*,#3609,.F.);
#3895=ORIENTED_EDGE('',*,*,#3748,.F.);
#3897=ORIENTED_EDGE('',*,*,#3896,.F.);
#3898=ORIENTED_EDGE('',*,*,#3253,.T.);
#3899=ORIENTED_EDGE('',*,*,#3570,.T.);
#3901=ORIENTED_EDGE('',*,*,#3900,.F.);
#3903=ORIENTED_EDGE('',*,*,#3902,.F.);
#3905=ORIENTED_EDGE('',*,*,#3904,.F.);
#3907=ORIENTED_EDGE('',*,*,#3906,.F.);
#3909=ORIENTED_EDGE('',*,*,#3908,.F.);
#3911=ORIENTED_EDGE('',*,*,#3910,.F.);
#3912=ORIENTED_EDGE('',*,*,#3562,.T.);
#3914=ORIENTED_EDGE('',*,*,#3913,.F.);
#3916=ORIENTED_EDGE('',*,*,#3915,.F.);
#3918=ORIENTED_EDGE('',*,*,#3917,.F.);
#3920=ORIENTED_EDGE('',*,*,#3919,.F.);
#3922=ORIENTED_EDGE('',*,*,#3921,.F.);
#3923=EDGE_LOOP('',(#3893,#3894,#3895,#3897,#3898,#3899,#3901,#3903,#3905,#3907,
#3909,#3911,#3912,#3914,#3916,#3918,#3920,#3922));
#3924=FACE_OUTER_BOUND('',#3923,.F.);
#3926=CARTESIAN_POINT('',(-3.05E0,-1.4E0,0.E0));
#3927=DIRECTION('',(0.E0,-1.E0,0.E0));
#3928=DIRECTION('',(1.E0,0.E0,0.E0));
#3929=AXIS2_PLACEMENT_3D('',#3926,#3927,#3928);
#3930=PLANE('',#3929);
#3932=ORIENTED_EDGE('',*,*,#3931,.F.);
#3934=ORIENTED_EDGE('',*,*,#3933,.F.);
#3936=ORIENTED_EDGE('',*,*,#3935,.F.);
#3938=ORIENTED_EDGE('',*,*,#3937,.F.);
#3940=ORIENTED_EDGE('',*,*,#3939,.F.);
#3942=ORIENTED_EDGE('',*,*,#3941,.F.);
#3944=ORIENTED_EDGE('',*,*,#3943,.F.);
#3946=ORIENTED_EDGE('',*,*,#3945,.F.);
#3948=ORIENTED_EDGE('',*,*,#3947,.F.);
#3950=ORIENTED_EDGE('',*,*,#3949,.F.);
#3952=ORIENTED_EDGE('',*,*,#3951,.F.);
#3954=ORIENTED_EDGE('',*,*,#3953,.F.);
#3956=ORIENTED_EDGE('',*,*,#3955,.F.);
#3958=ORIENTED_EDGE('',*,*,#3957,.F.);
#3959=ORIENTED_EDGE('',*,*,#3269,.T.);
#3960=ORIENTED_EDGE('',*,*,#3883,.T.);
#3961=ORIENTED_EDGE('',*,*,#3754,.F.);
#3963=ORIENTED_EDGE('',*,*,#3962,.T.);
#3964=EDGE_LOOP('',(#3932,#3934,#3936,#3938,#3940,#3942,#3944,#3946,#3948,#3950,
#3952,#3954,#3956,#3958,#3959,#3960,#3961,#3963));
#3965=FACE_OUTER_BOUND('',#3964,.F.);
#3967=CARTESIAN_POINT('',(2.7E0,-1.7E0,0.E0));
#3968=DIRECTION('',(1.E0,0.E0,0.E0));
#3969=DIRECTION('',(0.E0,1.E0,0.E0));
#3970=AXIS2_PLACEMENT_3D('',#3967,#3968,#3969);
#3971=PLANE('',#3970);
#3972=ORIENTED_EDGE('',*,*,#3255,.T.);
#3973=ORIENTED_EDGE('',*,*,#3896,.T.);
#3974=ORIENTED_EDGE('',*,*,#3746,.F.);
#3976=ORIENTED_EDGE('',*,*,#3975,.F.);
#3977=EDGE_LOOP('',(#3972,#3973,#3974,#3976));
#3978=FACE_OUTER_BOUND('',#3977,.F.);
#3980=CARTESIAN_POINT('',(1.7E0,-1.7E0,0.E0));
#3981=DIRECTION('',(0.E0,-1.E0,0.E0));
#3982=DIRECTION('',(1.E0,0.E0,0.E0));
#3983=AXIS2_PLACEMENT_3D('',#3980,#3981,#3982);
#3984=PLANE('',#3983);
#3985=ORIENTED_EDGE('',*,*,#3257,.T.);
#3986=ORIENTED_EDGE('',*,*,#3975,.T.);
#3987=ORIENTED_EDGE('',*,*,#3744,.F.);
#3989=ORIENTED_EDGE('',*,*,#3988,.F.);
#3990=EDGE_LOOP('',(#3985,#3986,#3987,#3989));
#3991=FACE_OUTER_BOUND('',#3990,.F.);
#3993=CARTESIAN_POINT('',(1.7E0,-1.8E0,0.E0));
#3994=DIRECTION('',(1.E0,0.E0,0.E0));
#3995=DIRECTION('',(0.E0,1.E0,0.E0));
#3996=AXIS2_PLACEMENT_3D('',#3993,#3994,#3995);
#3997=PLANE('',#3996);
#3998=ORIENTED_EDGE('',*,*,#3259,.T.);
#3999=ORIENTED_EDGE('',*,*,#3988,.T.);
#4000=ORIENTED_EDGE('',*,*,#3742,.F.);
#4001=ORIENTED_EDGE('',*,*,#3833,.F.);
#4002=EDGE_LOOP('',(#3998,#3999,#4000,#4001));
#4003=FACE_OUTER_BOUND('',#4002,.F.);
#4005=CARTESIAN_POINT('',(3.55E0,-1.4E0,-1.E0));
#4006=DIRECTION('',(0.E0,0.E0,1.E0));
#4007=DIRECTION('',(-1.E0,0.E0,0.E0));
#4008=AXIS2_PLACEMENT_3D('',#4005,#4006,#4007);
#4009=PLANE('',#4008);
#4011=ORIENTED_EDGE('',*,*,#4010,.T.);
#4013=ORIENTED_EDGE('',*,*,#4012,.F.);
#4014=ORIENTED_EDGE('',*,*,#3481,.F.);
#4016=ORIENTED_EDGE('',*,*,#4015,.F.);
#4017=ORIENTED_EDGE('',*,*,#3900,.T.);
#4018=ORIENTED_EDGE('',*,*,#3568,.T.);
#4019=EDGE_LOOP('',(#4011,#4013,#4014,#4016,#4017,#4018));
#4020=FACE_OUTER_BOUND('',#4019,.F.);
#4022=CARTESIAN_POINT('',(3.05E0,5.000000000001E-1,0.E0));
#4023=DIRECTION('',(0.E0,-1.E0,0.E0));
#4024=DIRECTION('',(1.E0,0.E0,0.E0));
#4025=AXIS2_PLACEMENT_3D('',#4022,#4023,#4024);
#4026=PLANE('',#4025);
#4028=ORIENTED_EDGE('',*,*,#4027,.T.);
#4030=ORIENTED_EDGE('',*,*,#4029,.T.);
#4032=ORIENTED_EDGE('',*,*,#4031,.F.);
#4033=ORIENTED_EDGE('',*,*,#4010,.F.);
#4034=ORIENTED_EDGE('',*,*,#3566,.T.);
#4036=ORIENTED_EDGE('',*,*,#4035,.T.);
#4037=EDGE_LOOP('',(#4028,#4030,#4032,#4033,#4034,#4036));
#4038=FACE_OUTER_BOUND('',#4037,.F.);
#4040=CARTESIAN_POINT('',(3.05E0,5.000000000001E-1,0.E0));
#4041=DIRECTION('',(0.E0,-1.E0,0.E0));
#4042=DIRECTION('',(1.E0,0.E0,0.E0));
#4043=AXIS2_PLACEMENT_3D('',#4040,#4041,#4042);
#4044=PLANE('',#4043);
#4046=ORIENTED_EDGE('',*,*,#4045,.T.);
#4048=ORIENTED_EDGE('',*,*,#4047,.T.);
#4049=ORIENTED_EDGE('',*,*,#3558,.T.);
#4050=ORIENTED_EDGE('',*,*,#3592,.T.);
#4052=ORIENTED_EDGE('',*,*,#4051,.F.);
#4054=ORIENTED_EDGE('',*,*,#4053,.F.);
#4055=EDGE_LOOP('',(#4046,#4048,#4049,#4050,#4052,#4054));
#4056=FACE_OUTER_BOUND('',#4055,.F.);
#4058=CARTESIAN_POINT('',(3.1E0,-1.4E0,-2.1E0));
#4059=DIRECTION('',(-1.E0,0.E0,0.E0));
#4060=DIRECTION('',(0.E0,1.E0,0.E0));
#4061=AXIS2_PLACEMENT_3D('',#4058,#4059,#4060);
#4062=PLANE('',#4061);
#4064=ORIENTED_EDGE('',*,*,#4063,.T.);
#4066=ORIENTED_EDGE('',*,*,#4065,.T.);
#4068=ORIENTED_EDGE('',*,*,#4067,.T.);
#4070=ORIENTED_EDGE('',*,*,#4069,.T.);
#4072=ORIENTED_EDGE('',*,*,#4071,.T.);
#4073=ORIENTED_EDGE('',*,*,#4045,.F.);
#4075=ORIENTED_EDGE('',*,*,#4074,.T.);
#4077=ORIENTED_EDGE('',*,*,#4076,.F.);
#4079=ORIENTED_EDGE('',*,*,#4078,.F.);
#4081=ORIENTED_EDGE('',*,*,#4080,.F.);
#4083=ORIENTED_EDGE('',*,*,#4082,.F.);
#4085=ORIENTED_EDGE('',*,*,#4084,.F.);
#4087=ORIENTED_EDGE('',*,*,#4086,.T.);
#4088=ORIENTED_EDGE('',*,*,#4027,.F.);
#4090=ORIENTED_EDGE('',*,*,#4089,.F.);
#4092=ORIENTED_EDGE('',*,*,#4091,.T.);
#4094=ORIENTED_EDGE('',*,*,#4093,.T.);
#4096=ORIENTED_EDGE('',*,*,#4095,.T.);
#4098=ORIENTED_EDGE('',*,*,#4097,.F.);
#4100=ORIENTED_EDGE('',*,*,#4099,.T.);
#4101=EDGE_LOOP('',(#4064,#4066,#4068,#4070,#4072,#4073,#4075,#4077,#4079,#4081,
#4083,#4085,#4087,#4088,#4090,#4092,#4094,#4096,#4098,#4100));
#4102=FACE_OUTER_BOUND('',#4101,.F.);
#4104=CARTESIAN_POINT('',(-3.05E0,0.E0,-4.4E0));
#4105=DIRECTION('',(0.E0,0.E0,-1.E0));
#4106=DIRECTION('',(-1.E0,0.E0,0.E0));
#4107=AXIS2_PLACEMENT_3D('',#4104,#4105,#4106);
#4108=PLANE('',#4107);
#4110=ORIENTED_EDGE('',*,*,#4109,.F.);
#4112=ORIENTED_EDGE('',*,*,#4111,.F.);
#4114=ORIENTED_EDGE('',*,*,#4113,.F.);
#4116=ORIENTED_EDGE('',*,*,#4115,.F.);
#4118=ORIENTED_EDGE('',*,*,#4117,.F.);
#4119=ORIENTED_EDGE('',*,*,#4063,.F.);
#4121=ORIENTED_EDGE('',*,*,#4120,.F.);
#4123=ORIENTED_EDGE('',*,*,#4122,.F.);
#4124=EDGE_LOOP('',(#4110,#4112,#4114,#4116,#4118,#4119,#4121,#4123));
#4125=FACE_OUTER_BOUND('',#4124,.F.);
#4127=CARTESIAN_POINT('',(-3.05E0,0.E0,-4.4E0));
#4128=DIRECTION('',(0.E0,0.E0,-1.E0));
#4129=DIRECTION('',(-1.E0,0.E0,0.E0));
#4130=AXIS2_PLACEMENT_3D('',#4127,#4128,#4129);
#4131=PLANE('',#4130);
#4133=ORIENTED_EDGE('',*,*,#4132,.F.);
#4135=ORIENTED_EDGE('',*,*,#4134,.F.);
#4137=ORIENTED_EDGE('',*,*,#4136,.F.);
#4139=ORIENTED_EDGE('',*,*,#4138,.F.);
#4141=ORIENTED_EDGE('',*,*,#4140,.T.);
#4143=ORIENTED_EDGE('',*,*,#4142,.F.);
#4145=ORIENTED_EDGE('',*,*,#4144,.F.);
#4147=ORIENTED_EDGE('',*,*,#4146,.F.);
#4148=EDGE_LOOP('',(#4133,#4135,#4137,#4139,#4141,#4143,#4145,#4147));
#4149=FACE_OUTER_BOUND('',#4148,.F.);
#4151=CARTESIAN_POINT('',(4.55E0,-1.725E0,-4.25E0));
#4152=DIRECTION('',(7.071067811865E-1,0.E0,-7.071067811865E-1));
#4153=DIRECTION('',(7.071067811865E-1,0.E0,7.071067811865E-1));
#4154=AXIS2_PLACEMENT_3D('',#4151,#4152,#4153);
#4155=PLANE('',#4154);
#4157=ORIENTED_EDGE('',*,*,#4156,.T.);
#4159=ORIENTED_EDGE('',*,*,#4158,.F.);
#4161=ORIENTED_EDGE('',*,*,#4160,.T.);
#4162=ORIENTED_EDGE('',*,*,#4109,.T.);
#4163=EDGE_LOOP('',(#4157,#4159,#4161,#4162));
#4164=FACE_OUTER_BOUND('',#4163,.F.);
#4166=CARTESIAN_POINT('',(4.7E0,-1.85E0,-2.1E0));
#4167=DIRECTION('',(0.E0,-1.E0,0.E0));
#4168=DIRECTION('',(-1.E0,0.E0,0.E0));
#4169=AXIS2_PLACEMENT_3D('',#4166,#4167,#4168);
#4170=PLANE('',#4169);
#4172=ORIENTED_EDGE('',*,*,#4171,.F.);
#4174=ORIENTED_EDGE('',*,*,#4173,.T.);
#4175=ORIENTED_EDGE('',*,*,#4156,.F.);
#4176=ORIENTED_EDGE('',*,*,#4122,.T.);
#4178=ORIENTED_EDGE('',*,*,#4177,.F.);
#4180=ORIENTED_EDGE('',*,*,#4179,.F.);
#4181=EDGE_LOOP('',(#4172,#4174,#4175,#4176,#4178,#4180));
#4182=FACE_OUTER_BOUND('',#4181,.F.);
#4184=CARTESIAN_POINT('',(4.55E0,-1.725E0,-2.25E0));
#4185=DIRECTION('',(7.071067811865E-1,0.E0,7.071067811865E-1));
#4186=DIRECTION('',(7.071067811865E-1,0.E0,-7.071067811865E-1));
#4187=AXIS2_PLACEMENT_3D('',#4184,#4185,#4186);
#4188=PLANE('',#4187);
#4190=ORIENTED_EDGE('',*,*,#4189,.T.);
#4192=ORIENTED_EDGE('',*,*,#4191,.F.);
#4193=ORIENTED_EDGE('',*,*,#4171,.T.);
#4195=ORIENTED_EDGE('',*,*,#4194,.T.);
#4196=EDGE_LOOP('',(#4190,#4192,#4193,#4195));
#4197=FACE_OUTER_BOUND('',#4196,.F.);
#4199=CARTESIAN_POINT('',(3.55E0,-1.6E0,-2.1E0));
#4200=DIRECTION('',(0.E0,1.E0,0.E0));
#4201=DIRECTION('',(1.E0,0.E0,0.E0));
#4202=AXIS2_PLACEMENT_3D('',#4199,#4200,#4201);
#4203=PLANE('',#4202);
#4204=ORIENTED_EDGE('',*,*,#4189,.F.);
#4206=ORIENTED_EDGE('',*,*,#4205,.F.);
#4208=ORIENTED_EDGE('',*,*,#4207,.T.);
#4209=ORIENTED_EDGE('',*,*,#4111,.T.);
#4210=ORIENTED_EDGE('',*,*,#4160,.F.);
#4212=ORIENTED_EDGE('',*,*,#4211,.F.);
#4213=EDGE_LOOP('',(#4204,#4206,#4208,#4209,#4210,#4212));
#4214=FACE_OUTER_BOUND('',#4213,.F.);
#4216=CARTESIAN_POINT('',(-3.05E0,0.E0,-2.1E0));
#4217=DIRECTION('',(0.E0,0.E0,-1.E0));
#4218=DIRECTION('',(-1.E0,0.E0,0.E0));
#4219=AXIS2_PLACEMENT_3D('',#4216,#4217,#4218);
#4220=PLANE('',#4219);
#4221=ORIENTED_EDGE('',*,*,#4194,.F.);
#4222=ORIENTED_EDGE('',*,*,#4179,.T.);
#4224=ORIENTED_EDGE('',*,*,#4223,.T.);
#4225=ORIENTED_EDGE('',*,*,#4097,.T.);
#4227=ORIENTED_EDGE('',*,*,#4226,.T.);
#4229=ORIENTED_EDGE('',*,*,#4228,.T.);
#4231=ORIENTED_EDGE('',*,*,#4230,.T.);
#4232=ORIENTED_EDGE('',*,*,#4205,.T.);
#4233=EDGE_LOOP('',(#4221,#4222,#4224,#4225,#4227,#4229,#4231,#4232));
#4234=FACE_OUTER_BOUND('',#4233,.F.);
#4236=CARTESIAN_POINT('',(-3.05E0,0.E0,-2.1E0));
#4237=DIRECTION('',(0.E0,0.E0,-1.E0));
#4238=DIRECTION('',(-1.E0,0.E0,0.E0));
#4239=AXIS2_PLACEMENT_3D('',#4236,#4237,#4238);
#4240=PLANE('',#4239);
#4242=ORIENTED_EDGE('',*,*,#4241,.F.);
#4244=ORIENTED_EDGE('',*,*,#4243,.T.);
#4246=ORIENTED_EDGE('',*,*,#4245,.T.);
#4248=ORIENTED_EDGE('',*,*,#4247,.T.);
#4250=ORIENTED_EDGE('',*,*,#4249,.T.);
#4252=ORIENTED_EDGE('',*,*,#4251,.T.);
#4254=ORIENTED_EDGE('',*,*,#4253,.T.);
#4256=ORIENTED_EDGE('',*,*,#4255,.T.);
#4257=EDGE_LOOP('',(#4242,#4244,#4246,#4248,#4250,#4252,#4254,#4256));
#4258=FACE_OUTER_BOUND('',#4257,.F.);
#4260=CARTESIAN_POINT('',(3.55E0,-1.4E0,-2.1E0));
#4261=DIRECTION('',(0.E0,0.E0,-1.E0));
#4262=DIRECTION('',(-1.E0,0.E0,0.E0));
#4263=AXIS2_PLACEMENT_3D('',#4260,#4261,#4262);
#4264=CYLINDRICAL_SURFACE('',#4263,4.5E-1);
#4265=ORIENTED_EDGE('',*,*,#4223,.F.);
#4266=ORIENTED_EDGE('',*,*,#4177,.T.);
#4267=ORIENTED_EDGE('',*,*,#4120,.T.);
#4268=ORIENTED_EDGE('',*,*,#4099,.F.);
#4269=EDGE_LOOP('',(#4265,#4266,#4267,#4268));
#4270=FACE_OUTER_BOUND('',#4269,.F.);
#4272=CARTESIAN_POINT('',(3.35E0,-1.3E0,-1.9E0));
#4273=DIRECTION('',(1.E0,0.E0,0.E0));
#4274=DIRECTION('',(0.E0,-1.E0,0.E0));
#4275=AXIS2_PLACEMENT_3D('',#4272,#4273,#4274);
#4276=CYLINDRICAL_SURFACE('',#4275,2.E-1);
#4278=ORIENTED_EDGE('',*,*,#4277,.F.);
#4280=ORIENTED_EDGE('',*,*,#4279,.T.);
#4281=ORIENTED_EDGE('',*,*,#4226,.F.);
#4282=ORIENTED_EDGE('',*,*,#4095,.F.);
#4284=ORIENTED_EDGE('',*,*,#4283,.F.);
#4285=EDGE_LOOP('',(#4278,#4280,#4281,#4282,#4284));
#4286=FACE_OUTER_BOUND('',#4285,.F.);
#4288=CARTESIAN_POINT('',(3.35E0,-1.4E0,-1.7E0));
#4289=DIRECTION('',(-1.E0,0.E0,0.E0));
#4290=DIRECTION('',(0.E0,0.E0,-1.E0));
#4291=AXIS2_PLACEMENT_3D('',#4288,#4289,#4290);
#4292=PLANE('',#4291);
#4294=ORIENTED_EDGE('',*,*,#4293,.F.);
#4295=ORIENTED_EDGE('',*,*,#3483,.T.);
#4296=ORIENTED_EDGE('',*,*,#4012,.T.);
#4297=ORIENTED_EDGE('',*,*,#4031,.T.);
#4299=ORIENTED_EDGE('',*,*,#4298,.F.);
#4300=EDGE_LOOP('',(#4294,#4295,#4296,#4297,#4299));
#4301=FACE_OUTER_BOUND('',#4300,.F.);
#4303=CARTESIAN_POINT('',(3.35E0,-1.4E0,-1.7E0));
#4304=DIRECTION('',(-1.E0,0.E0,0.E0));
#4305=DIRECTION('',(0.E0,0.E0,-1.E0));
#4306=AXIS2_PLACEMENT_3D('',#4303,#4304,#4305);
#4307=PLANE('',#4306);
#4309=ORIENTED_EDGE('',*,*,#4308,.F.);
#4310=ORIENTED_EDGE('',*,*,#4051,.T.);
#4311=ORIENTED_EDGE('',*,*,#3590,.F.);
#4312=ORIENTED_EDGE('',*,*,#3495,.T.);
#4314=ORIENTED_EDGE('',*,*,#4313,.T.);
#4315=EDGE_LOOP('',(#4309,#4310,#4311,#4312,#4314));
#4316=FACE_OUTER_BOUND('',#4315,.F.);
#4318=CARTESIAN_POINT('',(3.35E0,-1.4E0,-1.7E0));
#4319=DIRECTION('',(-1.E0,0.E0,0.E0));
#4320=DIRECTION('',(0.E0,0.E0,-1.E0));
#4321=AXIS2_PLACEMENT_3D('',#4318,#4319,#4320);
#4322=PLANE('',#4321);
#4324=ORIENTED_EDGE('',*,*,#4323,.F.);
#4326=ORIENTED_EDGE('',*,*,#4325,.F.);
#4327=ORIENTED_EDGE('',*,*,#3908,.T.);
#4329=ORIENTED_EDGE('',*,*,#4328,.T.);
#4330=ORIENTED_EDGE('',*,*,#4277,.T.);
#4332=ORIENTED_EDGE('',*,*,#4331,.F.);
#4333=EDGE_LOOP('',(#4324,#4326,#4327,#4329,#4330,#4332));
#4334=FACE_OUTER_BOUND('',#4333,.F.);
#4336=CARTESIAN_POINT('',(3.35E0,-1.4E0,-1.7E0));
#4337=DIRECTION('',(-1.E0,0.E0,0.E0));
#4338=DIRECTION('',(0.E0,0.E0,-1.E0));
#4339=AXIS2_PLACEMENT_3D('',#4336,#4337,#4338);
#4340=PLANE('',#4339);
#4342=ORIENTED_EDGE('',*,*,#4341,.T.);
#4344=ORIENTED_EDGE('',*,*,#4343,.F.);
#4345=ORIENTED_EDGE('',*,*,#3915,.T.);
#4347=ORIENTED_EDGE('',*,*,#4346,.T.);
#4349=ORIENTED_EDGE('',*,*,#4348,.F.);
#4351=ORIENTED_EDGE('',*,*,#4350,.F.);
#4352=EDGE_LOOP('',(#4342,#4344,#4345,#4347,#4349,#4351));
#4353=FACE_OUTER_BOUND('',#4352,.F.);
#4355=CARTESIAN_POINT('',(3.35E0,1.289829646437E0,-1.25E0));
#4356=DIRECTION('',(0.E0,0.E0,1.E0));
#4357=DIRECTION('',(0.E0,-1.E0,0.E0));
#4358=AXIS2_PLACEMENT_3D('',#4355,#4356,#4357);
#4359=PLANE('',#4358);
#4360=ORIENTED_EDGE('',*,*,#4293,.T.);
#4362=ORIENTED_EDGE('',*,*,#4361,.T.);
#4363=ORIENTED_EDGE('',*,*,#4084,.T.);
#4365=ORIENTED_EDGE('',*,*,#4364,.T.);
#4367=ORIENTED_EDGE('',*,*,#4366,.T.);
#4368=EDGE_LOOP('',(#4360,#4362,#4363,#4365,#4367));
#4369=FACE_OUTER_BOUND('',#4368,.F.);
#4371=CARTESIAN_POINT('',(3.35E0,6.000000000001E-1,-1.35E0));
#4372=DIRECTION('',(1.E0,0.E0,0.E0));
#4373=DIRECTION('',(0.E0,-1.E0,0.E0));
#4374=AXIS2_PLACEMENT_3D('',#4371,#4372,#4373);
#4375=CYLINDRICAL_SURFACE('',#4374,1.E-1);
#4376=ORIENTED_EDGE('',*,*,#4298,.T.);
#4377=ORIENTED_EDGE('',*,*,#4029,.F.);
#4378=ORIENTED_EDGE('',*,*,#4086,.F.);
#4379=ORIENTED_EDGE('',*,*,#4361,.F.);
#4380=EDGE_LOOP('',(#4376,#4377,#4378,#4379));
#4381=FACE_OUTER_BOUND('',#4380,.F.);
#4383=CARTESIAN_POINT('',(3.35E0,1.289829646437E0,-1.35E0));
#4384=DIRECTION('',(1.E0,0.E0,0.E0));
#4385=DIRECTION('',(0.E0,-1.E0,0.E0));
#4386=AXIS2_PLACEMENT_3D('',#4383,#4384,#4385);
#4387=CYLINDRICAL_SURFACE('',#4386,1.E-1);
#4389=ORIENTED_EDGE('',*,*,#4388,.T.);
#4390=ORIENTED_EDGE('',*,*,#4364,.F.);
#4391=ORIENTED_EDGE('',*,*,#4082,.T.);
#4393=ORIENTED_EDGE('',*,*,#4392,.T.);
#4394=EDGE_LOOP('',(#4389,#4390,#4391,#4393));
#4395=FACE_OUTER_BOUND('',#4394,.F.);
#4397=CARTESIAN_POINT('',(3.35E0,1.2E0,-2.1E0));
#4398=DIRECTION('',(1.E0,0.E0,0.E0));
#4399=DIRECTION('',(0.E0,-1.E0,0.E0));
#4400=AXIS2_PLACEMENT_3D('',#4397,#4398,#4399);
#4401=PLANE('',#4400);
#4402=ORIENTED_EDGE('',*,*,#4228,.F.);
#4403=ORIENTED_EDGE('',*,*,#4279,.F.);
#4405=ORIENTED_EDGE('',*,*,#4404,.F.);
#4406=ORIENTED_EDGE('',*,*,#3485,.F.);
#4407=ORIENTED_EDGE('',*,*,#4366,.F.);
#4408=ORIENTED_EDGE('',*,*,#4388,.F.);
#4410=ORIENTED_EDGE('',*,*,#4409,.F.);
#4412=ORIENTED_EDGE('',*,*,#4411,.F.);
#4414=ORIENTED_EDGE('',*,*,#4413,.F.);
#4415=ORIENTED_EDGE('',*,*,#3505,.F.);
#4417=ORIENTED_EDGE('',*,*,#4416,.T.);
#4419=ORIENTED_EDGE('',*,*,#4418,.F.);
#4420=ORIENTED_EDGE('',*,*,#4115,.T.);
#4422=ORIENTED_EDGE('',*,*,#4421,.F.);
#4423=EDGE_LOOP('',(#4402,#4403,#4405,#4406,#4407,#4408,#4410,#4412,#4414,#4415,
#4417,#4419,#4420,#4422));
#4424=FACE_OUTER_BOUND('',#4423,.F.);
#4426=CARTESIAN_POINT('',(3.35E0,-1.4E0,-2.E0));
#4427=DIRECTION('',(0.E0,0.E0,-1.E0));
#4428=DIRECTION('',(1.E0,0.E0,0.E0));
#4429=AXIS2_PLACEMENT_3D('',#4426,#4427,#4428);
#4430=PLANE('',#4429);
#4431=ORIENTED_EDGE('',*,*,#4404,.T.);
#4432=ORIENTED_EDGE('',*,*,#4328,.F.);
#4433=ORIENTED_EDGE('',*,*,#3906,.T.);
#4435=ORIENTED_EDGE('',*,*,#4434,.T.);
#4436=ORIENTED_EDGE('',*,*,#3475,.F.);
#4437=EDGE_LOOP('',(#4431,#4432,#4433,#4435,#4436));
#4438=FACE_OUTER_BOUND('',#4437,.F.);
#4440=CARTESIAN_POINT('',(3.75E0,-1.4E0,-2.E0));
#4441=DIRECTION('',(1.E0,0.E0,0.E0));
#4442=DIRECTION('',(0.E0,0.E0,1.E0));
#4443=AXIS2_PLACEMENT_3D('',#4440,#4441,#4442);
#4444=PLANE('',#4443);
#4445=ORIENTED_EDGE('',*,*,#3904,.T.);
#4447=ORIENTED_EDGE('',*,*,#4446,.T.);
#4448=ORIENTED_EDGE('',*,*,#3477,.F.);
#4449=ORIENTED_EDGE('',*,*,#4434,.F.);
#4450=EDGE_LOOP('',(#4445,#4447,#4448,#4449));
#4451=FACE_OUTER_BOUND('',#4450,.F.);
#4453=CARTESIAN_POINT('',(3.75E0,-1.4E0,-1.2E0));
#4454=DIRECTION('',(7.071067811865E-1,0.E0,7.071067811865E-1));
#4455=DIRECTION('',(-7.071067811865E-1,0.E0,7.071067811865E-1));
#4456=AXIS2_PLACEMENT_3D('',#4453,#4454,#4455);
#4457=PLANE('',#4456);
#4458=ORIENTED_EDGE('',*,*,#3902,.T.);
#4459=ORIENTED_EDGE('',*,*,#4015,.T.);
#4460=ORIENTED_EDGE('',*,*,#3479,.F.);
#4461=ORIENTED_EDGE('',*,*,#4446,.F.);
#4462=EDGE_LOOP('',(#4458,#4459,#4460,#4461));
#4463=FACE_OUTER_BOUND('',#4462,.F.);
#4465=CARTESIAN_POINT('',(3.35E0,1.389829646437E0,-5.15E0));
#4466=DIRECTION('',(0.E0,1.E0,0.E0));
#4467=DIRECTION('',(0.E0,0.E0,1.E0));
#4468=AXIS2_PLACEMENT_3D('',#4465,#4466,#4467);
#4469=PLANE('',#4468);
#4470=ORIENTED_EDGE('',*,*,#4409,.T.);
#4471=ORIENTED_EDGE('',*,*,#4392,.F.);
#4472=ORIENTED_EDGE('',*,*,#4080,.T.);
#4474=ORIENTED_EDGE('',*,*,#4473,.T.);
#4475=EDGE_LOOP('',(#4470,#4471,#4472,#4474));
#4476=FACE_OUTER_BOUND('',#4475,.F.);
#4478=CARTESIAN_POINT('',(3.35E0,1.289829646437E0,-5.15E0));
#4479=DIRECTION('',(1.E0,0.E0,0.E0));
#4480=DIRECTION('',(0.E0,-1.E0,0.E0));
#4481=AXIS2_PLACEMENT_3D('',#4478,#4479,#4480);
#4482=CYLINDRICAL_SURFACE('',#4481,1.E-1);
#4483=ORIENTED_EDGE('',*,*,#4411,.T.);
#4484=ORIENTED_EDGE('',*,*,#4473,.F.);
#4485=ORIENTED_EDGE('',*,*,#4078,.T.);
#4487=ORIENTED_EDGE('',*,*,#4486,.T.);
#4488=EDGE_LOOP('',(#4483,#4484,#4485,#4487));
#4489=FACE_OUTER_BOUND('',#4488,.F.);
#4491=CARTESIAN_POINT('',(3.35E0,6.000000000001E-1,-5.25E0));
#4492=DIRECTION('',(0.E0,0.E0,-1.E0));
#4493=DIRECTION('',(0.E0,1.E0,0.E0));
#4494=AXIS2_PLACEMENT_3D('',#4491,#4492,#4493);
#4495=PLANE('',#4494);
#4496=ORIENTED_EDGE('',*,*,#4313,.F.);
#4497=ORIENTED_EDGE('',*,*,#4413,.T.);
#4498=ORIENTED_EDGE('',*,*,#4486,.F.);
#4499=ORIENTED_EDGE('',*,*,#4076,.T.);
#4501=ORIENTED_EDGE('',*,*,#4500,.F.);
#4502=EDGE_LOOP('',(#4496,#4497,#4498,#4499,#4501));
#4503=FACE_OUTER_BOUND('',#4502,.F.);
#4505=CARTESIAN_POINT('',(3.35E0,6.000000000001E-1,-5.15E0));
#4506=DIRECTION('',(1.E0,0.E0,0.E0));
#4507=DIRECTION('',(0.E0,-1.E0,0.E0));
#4508=AXIS2_PLACEMENT_3D('',#4505,#4506,#4507);
#4509=CYLINDRICAL_SURFACE('',#4508,1.E-1);
#4510=ORIENTED_EDGE('',*,*,#4308,.T.);
#4511=ORIENTED_EDGE('',*,*,#4500,.T.);
#4512=ORIENTED_EDGE('',*,*,#4074,.F.);
#4513=ORIENTED_EDGE('',*,*,#4053,.T.);
#4514=EDGE_LOOP('',(#4510,#4511,#4512,#4513));
#4515=FACE_OUTER_BOUND('',#4514,.F.);
#4517=CARTESIAN_POINT('',(3.75E0,-1.4E0,-4.5E0));
#4518=DIRECTION('',(0.E0,0.E0,1.E0));
#4519=DIRECTION('',(-1.E0,0.E0,0.E0));
#4520=AXIS2_PLACEMENT_3D('',#4517,#4518,#4519);
#4521=PLANE('',#4520);
#4522=ORIENTED_EDGE('',*,*,#4416,.F.);
#4523=ORIENTED_EDGE('',*,*,#3503,.F.);
#4525=ORIENTED_EDGE('',*,*,#4524,.F.);
#4526=ORIENTED_EDGE('',*,*,#3917,.T.);
#4527=ORIENTED_EDGE('',*,*,#4343,.T.);
#4528=EDGE_LOOP('',(#4522,#4523,#4525,#4526,#4527));
#4529=FACE_OUTER_BOUND('',#4528,.F.);
#4531=CARTESIAN_POINT('',(3.75E0,-1.4E0,-5.3E0));
#4532=DIRECTION('',(1.E0,0.E0,0.E0));
#4533=DIRECTION('',(0.E0,0.E0,1.E0));
#4534=AXIS2_PLACEMENT_3D('',#4531,#4532,#4533);
#4535=PLANE('',#4534);
#4536=ORIENTED_EDGE('',*,*,#3919,.T.);
#4537=ORIENTED_EDGE('',*,*,#4524,.T.);
#4538=ORIENTED_EDGE('',*,*,#3501,.F.);
#4540=ORIENTED_EDGE('',*,*,#4539,.F.);
#4541=EDGE_LOOP('',(#4536,#4537,#4538,#4540));
#4542=FACE_OUTER_BOUND('',#4541,.F.);
#4544=CARTESIAN_POINT('',(3.55E0,-1.4E0,-5.5E0));
#4545=DIRECTION('',(7.071067811865E-1,0.E0,-7.071067811865E-1));
#4546=DIRECTION('',(7.071067811865E-1,0.E0,7.071067811865E-1));
#4547=AXIS2_PLACEMENT_3D('',#4544,#4545,#4546);
#4548=PLANE('',#4547);
#4549=ORIENTED_EDGE('',*,*,#3921,.T.);
#4550=ORIENTED_EDGE('',*,*,#4539,.T.);
#4551=ORIENTED_EDGE('',*,*,#3499,.F.);
#4552=ORIENTED_EDGE('',*,*,#3587,.F.);
#4553=EDGE_LOOP('',(#4549,#4550,#4551,#4552));
#4554=FACE_OUTER_BOUND('',#4553,.F.);
#4556=CARTESIAN_POINT('',(3.35E0,-1.3E0,-4.6E0));
#4557=DIRECTION('',(1.E0,0.E0,0.E0));
#4558=DIRECTION('',(0.E0,-1.E0,0.E0));
#4559=AXIS2_PLACEMENT_3D('',#4556,#4557,#4558);
#4560=CYLINDRICAL_SURFACE('',#4559,2.E-1);
#4561=ORIENTED_EDGE('',*,*,#4341,.F.);
#4563=ORIENTED_EDGE('',*,*,#4562,.T.);
#4564=ORIENTED_EDGE('',*,*,#4065,.F.);
#4565=ORIENTED_EDGE('',*,*,#4117,.T.);
#4566=ORIENTED_EDGE('',*,*,#4418,.T.);
#4567=EDGE_LOOP('',(#4561,#4563,#4564,#4565,#4566));
#4568=FACE_OUTER_BOUND('',#4567,.F.);
#4570=CARTESIAN_POINT('',(3.35E0,-1.1E0,-4.6E0));
#4571=DIRECTION('',(0.E0,-1.E0,3.019806626980E-13));
#4572=DIRECTION('',(0.E0,-3.019806626980E-13,-1.E0));
#4573=AXIS2_PLACEMENT_3D('',#4570,#4571,#4572);
#4574=PLANE('',#4573);
#4575=ORIENTED_EDGE('',*,*,#4350,.T.);
#4577=ORIENTED_EDGE('',*,*,#4576,.T.);
#4578=ORIENTED_EDGE('',*,*,#4067,.F.);
#4579=ORIENTED_EDGE('',*,*,#4562,.F.);
#4580=EDGE_LOOP('',(#4575,#4577,#4578,#4579));
#4581=FACE_OUTER_BOUND('',#4580,.F.);
#4583=CARTESIAN_POINT('',(3.35E0,-1.1E0,-4.65E0));
#4584=DIRECTION('',(0.E0,-5.623100214073E-1,-8.269265020695E-1));
#4585=DIRECTION('',(0.E0,8.269265020695E-1,-5.623100214073E-1));
#4586=AXIS2_PLACEMENT_3D('',#4583,#4584,#4585);
#4587=PLANE('',#4586);
#4588=ORIENTED_EDGE('',*,*,#4348,.T.);
#4590=ORIENTED_EDGE('',*,*,#4589,.T.);
#4591=ORIENTED_EDGE('',*,*,#4069,.F.);
#4592=ORIENTED_EDGE('',*,*,#4576,.F.);
#4593=EDGE_LOOP('',(#4588,#4590,#4591,#4592));
#4594=FACE_OUTER_BOUND('',#4593,.F.);
#4596=CARTESIAN_POINT('',(3.35E0,-1.4E0,-4.8E0));
#4597=DIRECTION('',(0.E0,0.E0,1.E0));
#4598=DIRECTION('',(-1.E0,0.E0,0.E0));
#4599=AXIS2_PLACEMENT_3D('',#4596,#4597,#4598);
#4600=PLANE('',#4599);
#4601=ORIENTED_EDGE('',*,*,#4071,.F.);
#4602=ORIENTED_EDGE('',*,*,#4589,.F.);
#4603=ORIENTED_EDGE('',*,*,#4346,.F.);
#4604=ORIENTED_EDGE('',*,*,#3913,.T.);
#4605=ORIENTED_EDGE('',*,*,#3560,.T.);
#4606=ORIENTED_EDGE('',*,*,#4047,.F.);
#4607=EDGE_LOOP('',(#4601,#4602,#4603,#4604,#4605,#4606));
#4608=FACE_OUTER_BOUND('',#4607,.F.);
#4610=CARTESIAN_POINT('',(3.55E0,-1.4E0,-2.1E0));
#4611=DIRECTION('',(0.E0,0.E0,-1.E0));
#4612=DIRECTION('',(-1.E0,0.E0,0.E0));
#4613=AXIS2_PLACEMENT_3D('',#4610,#4611,#4612);
#4614=CYLINDRICAL_SURFACE('',#4613,2.E-1);
#4615=ORIENTED_EDGE('',*,*,#4230,.F.);
#4616=ORIENTED_EDGE('',*,*,#4421,.T.);
#4617=ORIENTED_EDGE('',*,*,#4113,.T.);
#4618=ORIENTED_EDGE('',*,*,#4207,.F.);
#4619=EDGE_LOOP('',(#4615,#4616,#4617,#4618));
#4620=FACE_OUTER_BOUND('',#4619,.F.);
#4622=CARTESIAN_POINT('',(3.35E0,-8.499999999999E-1,-1.68E0));
#4623=DIRECTION('',(0.E0,-5.623100214073E-1,8.269265020695E-1));
#4624=DIRECTION('',(0.E0,-8.269265020695E-1,-5.623100214073E-1));
#4625=AXIS2_PLACEMENT_3D('',#4622,#4623,#4624);
#4626=PLANE('',#4625);
#4628=ORIENTED_EDGE('',*,*,#4627,.F.);
#4629=ORIENTED_EDGE('',*,*,#4323,.T.);
#4631=ORIENTED_EDGE('',*,*,#4630,.T.);
#4632=ORIENTED_EDGE('',*,*,#4091,.F.);
#4633=EDGE_LOOP('',(#4628,#4629,#4631,#4632));
#4634=FACE_OUTER_BOUND('',#4633,.F.);
#4636=CARTESIAN_POINT('',(3.05E0,-1.4E0,-1.7E0));
#4637=DIRECTION('',(0.E0,0.E0,-1.E0));
#4638=DIRECTION('',(1.E0,0.E0,0.E0));
#4639=AXIS2_PLACEMENT_3D('',#4636,#4637,#4638);
#4640=PLANE('',#4639);
#4641=ORIENTED_EDGE('',*,*,#4089,.T.);
#4642=ORIENTED_EDGE('',*,*,#4035,.F.);
#4643=ORIENTED_EDGE('',*,*,#3564,.F.);
#4644=ORIENTED_EDGE('',*,*,#3910,.T.);
#4645=ORIENTED_EDGE('',*,*,#4325,.T.);
#4646=ORIENTED_EDGE('',*,*,#4627,.T.);
#4647=EDGE_LOOP('',(#4641,#4642,#4643,#4644,#4645,#4646));
#4648=FACE_OUTER_BOUND('',#4647,.F.);
#4650=CARTESIAN_POINT('',(3.35E0,-1.1E0,-1.85E0));
#4651=DIRECTION('',(0.E0,-1.E0,-3.019806626980E-13));
#4652=DIRECTION('',(0.E0,3.019806626980E-13,-1.E0));
#4653=AXIS2_PLACEMENT_3D('',#4650,#4651,#4652);
#4654=PLANE('',#4653);
#4655=ORIENTED_EDGE('',*,*,#4331,.T.);
#4656=ORIENTED_EDGE('',*,*,#4283,.T.);
#4657=ORIENTED_EDGE('',*,*,#4093,.F.);
#4658=ORIENTED_EDGE('',*,*,#4630,.F.);
#4659=EDGE_LOOP('',(#4655,#4656,#4657,#4658));
#4660=FACE_OUTER_BOUND('',#4659,.F.);
#4662=CARTESIAN_POINT('',(-4.55E0,-1.725E0,-2.25E0));
#4663=DIRECTION('',(-7.071067811865E-1,0.E0,7.071067811865E-1));
#4664=DIRECTION('',(-7.071067811865E-1,0.E0,-7.071067811865E-1));
#4665=AXIS2_PLACEMENT_3D('',#4662,#4663,#4664);
#4666=PLANE('',#4665);
#4668=ORIENTED_EDGE('',*,*,#4667,.T.);
#4670=ORIENTED_EDGE('',*,*,#4669,.F.);
#4672=ORIENTED_EDGE('',*,*,#4671,.T.);
#4673=ORIENTED_EDGE('',*,*,#4241,.T.);
#4674=EDGE_LOOP('',(#4668,#4670,#4672,#4673));
#4675=FACE_OUTER_BOUND('',#4674,.F.);
#4677=CARTESIAN_POINT('',(-3.55E0,-1.85E0,-2.1E0));
#4678=DIRECTION('',(0.E0,-1.E0,0.E0));
#4679=DIRECTION('',(-1.E0,0.E0,0.E0));
#4680=AXIS2_PLACEMENT_3D('',#4677,#4678,#4679);
#4681=PLANE('',#4680);
#4683=ORIENTED_EDGE('',*,*,#4682,.F.);
#4685=ORIENTED_EDGE('',*,*,#4684,.F.);
#4686=ORIENTED_EDGE('',*,*,#4667,.F.);
#4687=ORIENTED_EDGE('',*,*,#4255,.F.);
#4689=ORIENTED_EDGE('',*,*,#4688,.T.);
#4690=ORIENTED_EDGE('',*,*,#4134,.T.);
#4691=EDGE_LOOP('',(#4683,#4685,#4686,#4687,#4689,#4690));
#4692=FACE_OUTER_BOUND('',#4691,.F.);
#4694=CARTESIAN_POINT('',(-4.55E0,-1.725E0,-4.25E0));
#4695=DIRECTION('',(-7.071067811865E-1,0.E0,-7.071067811865E-1));
#4696=DIRECTION('',(-7.071067811865E-1,0.E0,7.071067811865E-1));
#4697=AXIS2_PLACEMENT_3D('',#4694,#4695,#4696);
#4698=PLANE('',#4697);
#4700=ORIENTED_EDGE('',*,*,#4699,.T.);
#4702=ORIENTED_EDGE('',*,*,#4701,.F.);
#4703=ORIENTED_EDGE('',*,*,#4682,.T.);
#4704=ORIENTED_EDGE('',*,*,#4132,.T.);
#4705=EDGE_LOOP('',(#4700,#4702,#4703,#4704));
#4706=FACE_OUTER_BOUND('',#4705,.F.);
#4708=CARTESIAN_POINT('',(-4.7E0,-1.6E0,-2.1E0));
#4709=DIRECTION('',(0.E0,1.E0,0.E0));
#4710=DIRECTION('',(1.E0,0.E0,0.E0));
#4711=AXIS2_PLACEMENT_3D('',#4708,#4709,#4710);
#4712=PLANE('',#4711);
#4713=ORIENTED_EDGE('',*,*,#4699,.F.);
#4714=ORIENTED_EDGE('',*,*,#4146,.T.);
#4716=ORIENTED_EDGE('',*,*,#4715,.F.);
#4717=ORIENTED_EDGE('',*,*,#4243,.F.);
#4718=ORIENTED_EDGE('',*,*,#4671,.F.);
#4720=ORIENTED_EDGE('',*,*,#4719,.T.);
#4721=EDGE_LOOP('',(#4713,#4714,#4716,#4717,#4718,#4720));
#4722=FACE_OUTER_BOUND('',#4721,.F.);
#4724=CARTESIAN_POINT('',(-3.55E0,-1.4E0,-2.1E0));
#4725=DIRECTION('',(0.E0,0.E0,-1.E0));
#4726=DIRECTION('',(-1.E0,0.E0,0.E0));
#4727=AXIS2_PLACEMENT_3D('',#4724,#4725,#4726);
#4728=CYLINDRICAL_SURFACE('',#4727,2.E-1);
#4729=ORIENTED_EDGE('',*,*,#4245,.F.);
#4730=ORIENTED_EDGE('',*,*,#4715,.T.);
#4731=ORIENTED_EDGE('',*,*,#4144,.T.);
#4733=ORIENTED_EDGE('',*,*,#4732,.F.);
#4734=EDGE_LOOP('',(#4729,#4730,#4731,#4733));
#4735=FACE_OUTER_BOUND('',#4734,.F.);
#4737=CARTESIAN_POINT('',(-3.35E0,-1.4E0,-2.1E0));
#4738=DIRECTION('',(-1.E0,0.E0,0.E0));
#4739=DIRECTION('',(0.E0,1.E0,0.E0));
#4740=AXIS2_PLACEMENT_3D('',#4737,#4738,#4739);
#4741=PLANE('',#4740);
#4742=ORIENTED_EDGE('',*,*,#4142,.T.);
#4744=ORIENTED_EDGE('',*,*,#4743,.T.);
#4746=ORIENTED_EDGE('',*,*,#4745,.F.);
#4747=ORIENTED_EDGE('',*,*,#3545,.T.);
#4749=ORIENTED_EDGE('',*,*,#4748,.T.);
#4751=ORIENTED_EDGE('',*,*,#4750,.T.);
#4753=ORIENTED_EDGE('',*,*,#4752,.T.);
#4755=ORIENTED_EDGE('',*,*,#4754,.T.);
#4757=ORIENTED_EDGE('',*,*,#4756,.T.);
#4758=ORIENTED_EDGE('',*,*,#3525,.T.);
#4760=ORIENTED_EDGE('',*,*,#4759,.T.);
#4762=ORIENTED_EDGE('',*,*,#4761,.T.);
#4763=ORIENTED_EDGE('',*,*,#4247,.F.);
#4764=ORIENTED_EDGE('',*,*,#4732,.T.);
#4765=EDGE_LOOP('',(#4742,#4744,#4746,#4747,#4749,#4751,#4753,#4755,#4757,#4758,
#4760,#4762,#4763,#4764));
#4766=FACE_OUTER_BOUND('',#4765,.F.);
#4768=CARTESIAN_POINT('',(-3.35E0,-1.3E0,-4.6E0));
#4769=DIRECTION('',(1.E0,0.E0,0.E0));
#4770=DIRECTION('',(0.E0,-1.E0,0.E0));
#4771=AXIS2_PLACEMENT_3D('',#4768,#4769,#4770);
#4772=CYLINDRICAL_SURFACE('',#4771,2.E-1);
#4773=ORIENTED_EDGE('',*,*,#4743,.F.);
#4774=ORIENTED_EDGE('',*,*,#4140,.F.);
#4776=ORIENTED_EDGE('',*,*,#4775,.T.);
#4778=ORIENTED_EDGE('',*,*,#4777,.F.);
#4780=ORIENTED_EDGE('',*,*,#4779,.T.);
#4781=EDGE_LOOP('',(#4773,#4774,#4776,#4778,#4780));
#4782=FACE_OUTER_BOUND('',#4781,.F.);
#4784=CARTESIAN_POINT('',(-3.1E0,1.2E0,-2.1E0));
#4785=DIRECTION('',(1.E0,0.E0,0.E0));
#4786=DIRECTION('',(0.E0,-1.E0,0.E0));
#4787=AXIS2_PLACEMENT_3D('',#4784,#4785,#4786);
#4788=PLANE('',#4787);
#4789=ORIENTED_EDGE('',*,*,#4251,.F.);
#4791=ORIENTED_EDGE('',*,*,#4790,.F.);
#4793=ORIENTED_EDGE('',*,*,#4792,.F.);
#4795=ORIENTED_EDGE('',*,*,#4794,.F.);
#4797=ORIENTED_EDGE('',*,*,#4796,.F.);
#4799=ORIENTED_EDGE('',*,*,#4798,.F.);
#4801=ORIENTED_EDGE('',*,*,#4800,.F.);
#4803=ORIENTED_EDGE('',*,*,#4802,.F.);
#4805=ORIENTED_EDGE('',*,*,#4804,.F.);
#4807=ORIENTED_EDGE('',*,*,#4806,.F.);
#4809=ORIENTED_EDGE('',*,*,#4808,.F.);
#4811=ORIENTED_EDGE('',*,*,#4810,.F.);
#4813=ORIENTED_EDGE('',*,*,#4812,.F.);
#4815=ORIENTED_EDGE('',*,*,#4814,.F.);
#4817=ORIENTED_EDGE('',*,*,#4816,.T.);
#4819=ORIENTED_EDGE('',*,*,#4818,.F.);
#4821=ORIENTED_EDGE('',*,*,#4820,.F.);
#4822=ORIENTED_EDGE('',*,*,#4775,.F.);
#4823=ORIENTED_EDGE('',*,*,#4138,.T.);
#4825=ORIENTED_EDGE('',*,*,#4824,.F.);
#4826=EDGE_LOOP('',(#4789,#4791,#4793,#4795,#4797,#4799,#4801,#4803,#4805,#4807,
#4809,#4811,#4813,#4815,#4817,#4819,#4821,#4822,#4823,#4825));
#4827=FACE_OUTER_BOUND('',#4826,.F.);
#4829=CARTESIAN_POINT('',(-3.35E0,-1.3E0,-1.9E0));
#4830=DIRECTION('',(1.E0,0.E0,0.E0));
#4831=DIRECTION('',(0.E0,-1.E0,0.E0));
#4832=AXIS2_PLACEMENT_3D('',#4829,#4830,#4831);
#4833=CYLINDRICAL_SURFACE('',#4832,2.E-1);
#4834=ORIENTED_EDGE('',*,*,#4761,.F.);
#4836=ORIENTED_EDGE('',*,*,#4835,.T.);
#4838=ORIENTED_EDGE('',*,*,#4837,.T.);
#4839=ORIENTED_EDGE('',*,*,#4790,.T.);
#4840=ORIENTED_EDGE('',*,*,#4249,.F.);
#4841=EDGE_LOOP('',(#4834,#4836,#4838,#4839,#4840));
#4842=FACE_OUTER_BOUND('',#4841,.F.);
#4844=CARTESIAN_POINT('',(-3.35E0,-1.4E0,-2.E0));
#4845=DIRECTION('',(1.E0,0.E0,0.E0));
#4846=DIRECTION('',(0.E0,0.E0,1.E0));
#4847=AXIS2_PLACEMENT_3D('',#4844,#4845,#4846);
#4848=PLANE('',#4847);
#4850=ORIENTED_EDGE('',*,*,#4849,.T.);
#4852=ORIENTED_EDGE('',*,*,#4851,.T.);
#4854=ORIENTED_EDGE('',*,*,#4853,.F.);
#4856=ORIENTED_EDGE('',*,*,#4855,.F.);
#4857=ORIENTED_EDGE('',*,*,#3515,.T.);
#4858=EDGE_LOOP('',(#4850,#4852,#4854,#4856,#4857));
#4859=FACE_OUTER_BOUND('',#4858,.F.);
#4861=CARTESIAN_POINT('',(-3.35E0,-1.4E0,-2.E0));
#4862=DIRECTION('',(1.E0,0.E0,0.E0));
#4863=DIRECTION('',(0.E0,0.E0,1.E0));
#4864=AXIS2_PLACEMENT_3D('',#4861,#4862,#4863);
#4865=PLANE('',#4864);
#4867=ORIENTED_EDGE('',*,*,#4866,.T.);
#4869=ORIENTED_EDGE('',*,*,#4868,.F.);
#4870=ORIENTED_EDGE('',*,*,#3543,.T.);
#4872=ORIENTED_EDGE('',*,*,#4871,.T.);
#4874=ORIENTED_EDGE('',*,*,#4873,.F.);
#4875=EDGE_LOOP('',(#4867,#4869,#4870,#4872,#4874));
#4876=FACE_OUTER_BOUND('',#4875,.F.);
#4878=CARTESIAN_POINT('',(-3.35E0,-1.4E0,-2.E0));
#4879=DIRECTION('',(1.E0,0.E0,0.E0));
#4880=DIRECTION('',(0.E0,0.E0,1.E0));
#4881=AXIS2_PLACEMENT_3D('',#4878,#4879,#4880);
#4882=PLANE('',#4881);
#4884=ORIENTED_EDGE('',*,*,#4883,.T.);
#4886=ORIENTED_EDGE('',*,*,#4885,.T.);
#4887=ORIENTED_EDGE('',*,*,#4835,.F.);
#4889=ORIENTED_EDGE('',*,*,#4888,.F.);
#4890=ORIENTED_EDGE('',*,*,#3947,.T.);
#4892=ORIENTED_EDGE('',*,*,#4891,.T.);
#4893=EDGE_LOOP('',(#4884,#4886,#4887,#4889,#4890,#4892));
#4894=FACE_OUTER_BOUND('',#4893,.F.);
#4896=CARTESIAN_POINT('',(-3.35E0,-1.4E0,-2.E0));
#4897=DIRECTION('',(1.E0,0.E0,0.E0));
#4898=DIRECTION('',(0.E0,0.E0,1.E0));
#4899=AXIS2_PLACEMENT_3D('',#4896,#4897,#4898);
#4900=PLANE('',#4899);
#4901=ORIENTED_EDGE('',*,*,#4779,.F.);
#4903=ORIENTED_EDGE('',*,*,#4902,.T.);
#4905=ORIENTED_EDGE('',*,*,#4904,.T.);
#4907=ORIENTED_EDGE('',*,*,#4906,.F.);
#4908=ORIENTED_EDGE('',*,*,#3939,.T.);
#4910=ORIENTED_EDGE('',*,*,#4909,.T.);
#4911=EDGE_LOOP('',(#4901,#4903,#4905,#4907,#4908,#4910));
#4912=FACE_OUTER_BOUND('',#4911,.F.);
#4914=CARTESIAN_POINT('',(-3.35E0,1.289829646437E0,-1.25E0));
#4915=DIRECTION('',(0.E0,0.E0,-1.E0));
#4916=DIRECTION('',(0.E0,-1.E0,0.E0));
#4917=AXIS2_PLACEMENT_3D('',#4914,#4915,#4916);
#4918=PLANE('',#4917);
#4919=ORIENTED_EDGE('',*,*,#4756,.F.);
#4921=ORIENTED_EDGE('',*,*,#4920,.T.);
#4922=ORIENTED_EDGE('',*,*,#4802,.T.);
#4924=ORIENTED_EDGE('',*,*,#4923,.F.);
#4925=ORIENTED_EDGE('',*,*,#4849,.F.);
#4926=EDGE_LOOP('',(#4919,#4921,#4922,#4924,#4925));
#4927=FACE_OUTER_BOUND('',#4926,.F.);
#4929=CARTESIAN_POINT('',(-3.35E0,1.289829646437E0,-1.35E0));
#4930=DIRECTION('',(1.E0,0.E0,0.E0));
#4931=DIRECTION('',(0.E0,-1.E0,0.E0));
#4932=AXIS2_PLACEMENT_3D('',#4929,#4930,#4931);
#4933=CYLINDRICAL_SURFACE('',#4932,1.E-1);
#4934=ORIENTED_EDGE('',*,*,#4754,.F.);
#4936=ORIENTED_EDGE('',*,*,#4935,.T.);
#4937=ORIENTED_EDGE('',*,*,#4804,.T.);
#4938=ORIENTED_EDGE('',*,*,#4920,.F.);
#4939=EDGE_LOOP('',(#4934,#4936,#4937,#4938));
#4940=FACE_OUTER_BOUND('',#4939,.F.);
#4942=CARTESIAN_POINT('',(-3.35E0,1.389829646437E0,-5.15E0));
#4943=DIRECTION('',(0.E0,-1.E0,0.E0));
#4944=DIRECTION('',(0.E0,0.E0,1.E0));
#4945=AXIS2_PLACEMENT_3D('',#4942,#4943,#4944);
#4946=PLANE('',#4945);
#4947=ORIENTED_EDGE('',*,*,#4752,.F.);
#4949=ORIENTED_EDGE('',*,*,#4948,.T.);
#4950=ORIENTED_EDGE('',*,*,#4806,.T.);
#4951=ORIENTED_EDGE('',*,*,#4935,.F.);
#4952=EDGE_LOOP('',(#4947,#4949,#4950,#4951));
#4953=FACE_OUTER_BOUND('',#4952,.F.);
#4955=CARTESIAN_POINT('',(-3.35E0,1.289829646437E0,-5.15E0));
#4956=DIRECTION('',(1.E0,0.E0,0.E0));
#4957=DIRECTION('',(0.E0,-1.E0,0.E0));
#4958=AXIS2_PLACEMENT_3D('',#4955,#4956,#4957);
#4959=CYLINDRICAL_SURFACE('',#4958,1.E-1);
#4960=ORIENTED_EDGE('',*,*,#4750,.F.);
#4962=ORIENTED_EDGE('',*,*,#4961,.T.);
#4963=ORIENTED_EDGE('',*,*,#4808,.T.);
#4964=ORIENTED_EDGE('',*,*,#4948,.F.);
#4965=EDGE_LOOP('',(#4960,#4962,#4963,#4964));
#4966=FACE_OUTER_BOUND('',#4965,.F.);
#4968=CARTESIAN_POINT('',(-3.35E0,6.000000000001E-1,-5.25E0));
#4969=DIRECTION('',(0.E0,0.E0,1.E0));
#4970=DIRECTION('',(0.E0,1.E0,0.E0));
#4971=AXIS2_PLACEMENT_3D('',#4968,#4969,#4970);
#4972=PLANE('',#4971);
#4973=ORIENTED_EDGE('',*,*,#4748,.F.);
#4974=ORIENTED_EDGE('',*,*,#4868,.T.);
#4976=ORIENTED_EDGE('',*,*,#4975,.T.);
#4977=ORIENTED_EDGE('',*,*,#4810,.T.);
#4978=ORIENTED_EDGE('',*,*,#4961,.F.);
#4979=EDGE_LOOP('',(#4973,#4974,#4976,#4977,#4978));
#4980=FACE_OUTER_BOUND('',#4979,.F.);
#4982=CARTESIAN_POINT('',(-3.35E0,6.000000000001E-1,-5.15E0));
#4983=DIRECTION('',(1.E0,0.E0,0.E0));
#4984=DIRECTION('',(0.E0,-1.E0,0.E0));
#4985=AXIS2_PLACEMENT_3D('',#4982,#4983,#4984);
#4986=CYLINDRICAL_SURFACE('',#4985,1.E-1);
#4987=ORIENTED_EDGE('',*,*,#4812,.T.);
#4988=ORIENTED_EDGE('',*,*,#4975,.F.);
#4989=ORIENTED_EDGE('',*,*,#4866,.F.);
#4991=ORIENTED_EDGE('',*,*,#4990,.T.);
#4992=EDGE_LOOP('',(#4987,#4988,#4989,#4991));
#4993=FACE_OUTER_BOUND('',#4992,.F.);
#4995=CARTESIAN_POINT('',(-3.35E0,5.000000000001E-1,0.E0));
#4996=DIRECTION('',(0.E0,-1.E0,0.E0));
#4997=DIRECTION('',(1.E0,0.E0,0.E0));
#4998=AXIS2_PLACEMENT_3D('',#4995,#4996,#4997);
#4999=PLANE('',#4998);
#5000=ORIENTED_EDGE('',*,*,#4798,.T.);
#5002=ORIENTED_EDGE('',*,*,#5001,.T.);
#5004=ORIENTED_EDGE('',*,*,#5003,.F.);
#5006=ORIENTED_EDGE('',*,*,#5005,.T.);
#5007=ORIENTED_EDGE('',*,*,#4853,.T.);
#5009=ORIENTED_EDGE('',*,*,#5008,.T.);
#5010=EDGE_LOOP('',(#5000,#5002,#5004,#5006,#5007,#5009));
#5011=FACE_OUTER_BOUND('',#5010,.F.);
#5013=CARTESIAN_POINT('',(-3.35E0,5.000000000001E-1,0.E0));
#5014=DIRECTION('',(0.E0,-1.E0,0.E0));
#5015=DIRECTION('',(1.E0,0.E0,0.E0));
#5016=AXIS2_PLACEMENT_3D('',#5013,#5014,#5015);
#5017=PLANE('',#5016);
#5018=ORIENTED_EDGE('',*,*,#4814,.T.);
#5019=ORIENTED_EDGE('',*,*,#4990,.F.);
#5020=ORIENTED_EDGE('',*,*,#4873,.T.);
#5022=ORIENTED_EDGE('',*,*,#5021,.T.);
#5024=ORIENTED_EDGE('',*,*,#5023,.F.);
#5026=ORIENTED_EDGE('',*,*,#5025,.T.);
#5027=EDGE_LOOP('',(#5018,#5019,#5020,#5022,#5024,#5026));
#5028=FACE_OUTER_BOUND('',#5027,.F.);
#5030=CARTESIAN_POINT('',(-3.35E0,-1.4E0,-1.7E0));
#5031=DIRECTION('',(0.E0,0.E0,-1.E0));
#5032=DIRECTION('',(1.E0,0.E0,0.E0));
#5033=AXIS2_PLACEMENT_3D('',#5030,#5031,#5032);
#5034=PLANE('',#5033);
#5035=ORIENTED_EDGE('',*,*,#4796,.T.);
#5037=ORIENTED_EDGE('',*,*,#5036,.F.);
#5038=ORIENTED_EDGE('',*,*,#4891,.F.);
#5039=ORIENTED_EDGE('',*,*,#3945,.T.);
#5041=ORIENTED_EDGE('',*,*,#5040,.F.);
#5042=ORIENTED_EDGE('',*,*,#5001,.F.);
#5043=EDGE_LOOP('',(#5035,#5037,#5038,#5039,#5041,#5042));
#5044=FACE_OUTER_BOUND('',#5043,.F.);
#5046=CARTESIAN_POINT('',(-3.35E0,-8.499999999999E-1,-1.68E0));
#5047=DIRECTION('',(0.E0,5.623100214073E-1,-8.269265020695E-1));
#5048=DIRECTION('',(0.E0,-8.269265020695E-1,-5.623100214073E-1));
#5049=AXIS2_PLACEMENT_3D('',#5046,#5047,#5048);
#5050=PLANE('',#5049);
#5051=ORIENTED_EDGE('',*,*,#4794,.T.);
#5053=ORIENTED_EDGE('',*,*,#5052,.F.);
#5054=ORIENTED_EDGE('',*,*,#4883,.F.);
#5055=ORIENTED_EDGE('',*,*,#5036,.T.);
#5056=EDGE_LOOP('',(#5051,#5053,#5054,#5055));
#5057=FACE_OUTER_BOUND('',#5056,.F.);
#5059=CARTESIAN_POINT('',(-3.35E0,-1.1E0,-1.85E0));
#5060=DIRECTION('',(0.E0,1.E0,3.019806626980E-13));
#5061=DIRECTION('',(0.E0,3.019806626980E-13,-1.E0));
#5062=AXIS2_PLACEMENT_3D('',#5059,#5060,#5061);
#5063=PLANE('',#5062);
#5064=ORIENTED_EDGE('',*,*,#5052,.T.);
#5065=ORIENTED_EDGE('',*,*,#4792,.T.);
#5066=ORIENTED_EDGE('',*,*,#4837,.F.);
#5067=ORIENTED_EDGE('',*,*,#4885,.F.);
#5068=EDGE_LOOP('',(#5064,#5065,#5066,#5067));
#5069=FACE_OUTER_BOUND('',#5068,.F.);
#5071=CARTESIAN_POINT('',(-3.05E0,1.2E0,0.E0));
#5072=DIRECTION('',(-1.E0,0.E0,0.E0));
#5073=DIRECTION('',(0.E0,-1.E0,0.E0));
#5074=AXIS2_PLACEMENT_3D('',#5071,#5072,#5073);
#5075=PLANE('',#5074);
#5077=ORIENTED_EDGE('',*,*,#5076,.F.);
#5078=ORIENTED_EDGE('',*,*,#5023,.T.);
#5080=ORIENTED_EDGE('',*,*,#5079,.F.);
#5081=ORIENTED_EDGE('',*,*,#3458,.T.);
#5082=ORIENTED_EDGE('',*,*,#3271,.T.);
#5083=ORIENTED_EDGE('',*,*,#3957,.T.);
#5085=ORIENTED_EDGE('',*,*,#5084,.F.);
#5086=ORIENTED_EDGE('',*,*,#5003,.T.);
#5087=ORIENTED_EDGE('',*,*,#5040,.T.);
#5088=ORIENTED_EDGE('',*,*,#3943,.T.);
#5089=EDGE_LOOP('',(#5077,#5078,#5080,#5081,#5082,#5083,#5085,#5086,#5087,
#5088));
#5090=FACE_OUTER_BOUND('',#5089,.F.);
#5092=CARTESIAN_POINT('',(-3.05E0,-1.4E0,-4.8E0));
#5093=DIRECTION('',(0.E0,0.E0,1.E0));
#5094=DIRECTION('',(-1.E0,0.E0,0.E0));
#5095=AXIS2_PLACEMENT_3D('',#5092,#5093,#5094);
#5096=PLANE('',#5095);
#5097=ORIENTED_EDGE('',*,*,#4816,.F.);
#5098=ORIENTED_EDGE('',*,*,#5025,.F.);
#5099=ORIENTED_EDGE('',*,*,#5076,.T.);
#5100=ORIENTED_EDGE('',*,*,#3941,.T.);
#5101=ORIENTED_EDGE('',*,*,#4906,.T.);
#5103=ORIENTED_EDGE('',*,*,#5102,.T.);
#5104=EDGE_LOOP('',(#5097,#5098,#5099,#5100,#5101,#5103));
#5105=FACE_OUTER_BOUND('',#5104,.F.);
#5107=CARTESIAN_POINT('',(-3.35E0,-1.1E0,-4.65E0));
#5108=DIRECTION('',(0.E0,5.623100214073E-1,8.269265020695E-1));
#5109=DIRECTION('',(0.E0,8.269265020695E-1,-5.623100214073E-1));
#5110=AXIS2_PLACEMENT_3D('',#5107,#5108,#5109);
#5111=PLANE('',#5110);
#5112=ORIENTED_EDGE('',*,*,#4818,.T.);
#5113=ORIENTED_EDGE('',*,*,#5102,.F.);
#5114=ORIENTED_EDGE('',*,*,#4904,.F.);
#5116=ORIENTED_EDGE('',*,*,#5115,.T.);
#5117=EDGE_LOOP('',(#5112,#5113,#5114,#5116));
#5118=FACE_OUTER_BOUND('',#5117,.F.);
#5120=CARTESIAN_POINT('',(-3.35E0,-1.1E0,-4.6E0));
#5121=DIRECTION('',(0.E0,1.E0,-3.019806626980E-13));
#5122=DIRECTION('',(0.E0,-3.019806626980E-13,-1.E0));
#5123=AXIS2_PLACEMENT_3D('',#5120,#5121,#5122);
#5124=PLANE('',#5123);
#5125=ORIENTED_EDGE('',*,*,#4777,.T.);
#5126=ORIENTED_EDGE('',*,*,#4820,.T.);
#5127=ORIENTED_EDGE('',*,*,#5115,.F.);
#5128=ORIENTED_EDGE('',*,*,#4902,.F.);
#5129=EDGE_LOOP('',(#5125,#5126,#5127,#5128));
#5130=FACE_OUTER_BOUND('',#5129,.F.);
#5132=CARTESIAN_POINT('',(-3.55E0,-1.4E0,-5.5E0));
#5133=DIRECTION('',(0.E0,0.E0,-1.E0));
#5134=DIRECTION('',(1.E0,0.E0,0.E0));
#5135=AXIS2_PLACEMENT_3D('',#5132,#5133,#5134);
#5136=PLANE('',#5135);
#5137=ORIENTED_EDGE('',*,*,#4871,.F.);
#5138=ORIENTED_EDGE('',*,*,#3541,.T.);
#5140=ORIENTED_EDGE('',*,*,#5139,.F.);
#5141=ORIENTED_EDGE('',*,*,#3931,.T.);
#5143=ORIENTED_EDGE('',*,*,#5142,.F.);
#5144=ORIENTED_EDGE('',*,*,#3460,.T.);
#5145=ORIENTED_EDGE('',*,*,#5079,.T.);
#5146=ORIENTED_EDGE('',*,*,#5021,.F.);
#5147=EDGE_LOOP('',(#5137,#5138,#5140,#5141,#5143,#5144,#5145,#5146));
#5148=FACE_OUTER_BOUND('',#5147,.F.);
#5150=CARTESIAN_POINT('',(-3.75E0,-1.4E0,-5.3E0));
#5151=DIRECTION('',(-7.071067811865E-1,0.E0,-7.071067811865E-1));
#5152=DIRECTION('',(7.071067811865E-1,0.E0,-7.071067811865E-1));
#5153=AXIS2_PLACEMENT_3D('',#5150,#5151,#5152);
#5154=PLANE('',#5153);
#5155=ORIENTED_EDGE('',*,*,#3933,.T.);
#5156=ORIENTED_EDGE('',*,*,#5139,.T.);
#5157=ORIENTED_EDGE('',*,*,#3539,.F.);
#5159=ORIENTED_EDGE('',*,*,#5158,.F.);
#5160=EDGE_LOOP('',(#5155,#5156,#5157,#5159));
#5161=FACE_OUTER_BOUND('',#5160,.F.);
#5163=CARTESIAN_POINT('',(-3.75E0,-1.4E0,-4.5E0));
#5164=DIRECTION('',(-1.E0,0.E0,0.E0));
#5165=DIRECTION('',(0.E0,0.E0,-1.E0));
#5166=AXIS2_PLACEMENT_3D('',#5163,#5164,#5165);
#5167=PLANE('',#5166);
#5168=ORIENTED_EDGE('',*,*,#3935,.T.);
#5169=ORIENTED_EDGE('',*,*,#5158,.T.);
#5170=ORIENTED_EDGE('',*,*,#3537,.F.);
#5172=ORIENTED_EDGE('',*,*,#5171,.F.);
#5173=EDGE_LOOP('',(#5168,#5169,#5170,#5172));
#5174=FACE_OUTER_BOUND('',#5173,.F.);
#5176=CARTESIAN_POINT('',(-3.35E0,-1.4E0,-4.5E0));
#5177=DIRECTION('',(0.E0,0.E0,1.E0));
#5178=DIRECTION('',(-1.E0,0.E0,0.E0));
#5179=AXIS2_PLACEMENT_3D('',#5176,#5177,#5178);
#5180=PLANE('',#5179);
#5181=ORIENTED_EDGE('',*,*,#4745,.T.);
#5182=ORIENTED_EDGE('',*,*,#4909,.F.);
#5183=ORIENTED_EDGE('',*,*,#3937,.T.);
#5184=ORIENTED_EDGE('',*,*,#5171,.T.);
#5185=ORIENTED_EDGE('',*,*,#3535,.F.);
#5186=EDGE_LOOP('',(#5181,#5182,#5183,#5184,#5185));
#5187=FACE_OUTER_BOUND('',#5186,.F.);
#5189=CARTESIAN_POINT('',(-2.8E0,1.2E0,-5.5E0));
#5190=DIRECTION('',(1.E0,0.E0,0.E0));
#5191=DIRECTION('',(0.E0,0.E0,-1.E0));
#5192=AXIS2_PLACEMENT_3D('',#5189,#5190,#5191);
#5193=PLANE('',#5192);
#5194=ORIENTED_EDGE('',*,*,#3417,.F.);
#5195=ORIENTED_EDGE('',*,*,#3462,.T.);
#5196=ORIENTED_EDGE('',*,*,#5142,.T.);
#5197=ORIENTED_EDGE('',*,*,#3962,.F.);
#5198=ORIENTED_EDGE('',*,*,#3752,.T.);
#5199=ORIENTED_EDGE('',*,*,#3654,.F.);
#5200=ORIENTED_EDGE('',*,*,#3641,.F.);
#5201=EDGE_LOOP('',(#5194,#5195,#5196,#5197,#5198,#5199,#5200));
#5202=FACE_OUTER_BOUND('',#5201,.F.);
#5204=CARTESIAN_POINT('',(-3.05E0,-1.4E0,-1.E0));
#5205=DIRECTION('',(0.E0,0.E0,1.E0));
#5206=DIRECTION('',(-1.E0,0.E0,0.E0));
#5207=AXIS2_PLACEMENT_3D('',#5204,#5205,#5206);
#5208=PLANE('',#5207);
#5209=ORIENTED_EDGE('',*,*,#4855,.T.);
#5210=ORIENTED_EDGE('',*,*,#5005,.F.);
#5211=ORIENTED_EDGE('',*,*,#5084,.T.);
#5212=ORIENTED_EDGE('',*,*,#3955,.T.);
#5214=ORIENTED_EDGE('',*,*,#5213,.T.);
#5215=ORIENTED_EDGE('',*,*,#3517,.F.);
#5216=EDGE_LOOP('',(#5209,#5210,#5211,#5212,#5214,#5215));
#5217=FACE_OUTER_BOUND('',#5216,.F.);
#5219=CARTESIAN_POINT('',(-3.55E0,-1.4E0,-1.E0));
#5220=DIRECTION('',(-7.071067811865E-1,0.E0,7.071067811865E-1));
#5221=DIRECTION('',(-7.071067811865E-1,0.E0,-7.071067811865E-1));
#5222=AXIS2_PLACEMENT_3D('',#5219,#5220,#5221);
#5223=PLANE('',#5222);
#5224=ORIENTED_EDGE('',*,*,#3953,.T.);
#5226=ORIENTED_EDGE('',*,*,#5225,.T.);
#5227=ORIENTED_EDGE('',*,*,#3519,.F.);
#5228=ORIENTED_EDGE('',*,*,#5213,.F.);
#5229=EDGE_LOOP('',(#5224,#5226,#5227,#5228));
#5230=FACE_OUTER_BOUND('',#5229,.F.);
#5232=CARTESIAN_POINT('',(-3.75E0,-1.4E0,-1.2E0));
#5233=DIRECTION('',(-1.E0,0.E0,0.E0));
#5234=DIRECTION('',(0.E0,0.E0,-1.E0));
#5235=AXIS2_PLACEMENT_3D('',#5232,#5233,#5234);
#5236=PLANE('',#5235);
#5237=ORIENTED_EDGE('',*,*,#3951,.T.);
#5239=ORIENTED_EDGE('',*,*,#5238,.T.);
#5240=ORIENTED_EDGE('',*,*,#3521,.F.);
#5241=ORIENTED_EDGE('',*,*,#5225,.F.);
#5242=EDGE_LOOP('',(#5237,#5239,#5240,#5241));
#5243=FACE_OUTER_BOUND('',#5242,.F.);
#5245=CARTESIAN_POINT('',(-3.75E0,-1.4E0,-2.E0));
#5246=DIRECTION('',(0.E0,0.E0,-1.E0));
#5247=DIRECTION('',(1.E0,0.E0,0.E0));
#5248=AXIS2_PLACEMENT_3D('',#5245,#5246,#5247);
#5249=PLANE('',#5248);
#5250=ORIENTED_EDGE('',*,*,#4759,.F.);
#5251=ORIENTED_EDGE('',*,*,#3523,.F.);
#5252=ORIENTED_EDGE('',*,*,#5238,.F.);
#5253=ORIENTED_EDGE('',*,*,#3949,.T.);
#5254=ORIENTED_EDGE('',*,*,#4888,.T.);
#5255=EDGE_LOOP('',(#5250,#5251,#5252,#5253,#5254));
#5256=FACE_OUTER_BOUND('',#5255,.F.);
#5258=CARTESIAN_POINT('',(-3.35E0,6.000000000001E-1,-1.35E0));
#5259=DIRECTION('',(1.E0,0.E0,0.E0));
#5260=DIRECTION('',(0.E0,-1.E0,0.E0));
#5261=AXIS2_PLACEMENT_3D('',#5258,#5259,#5260);
#5262=CYLINDRICAL_SURFACE('',#5261,1.E-1);
#5263=ORIENTED_EDGE('',*,*,#4800,.T.);
#5264=ORIENTED_EDGE('',*,*,#5008,.F.);
#5265=ORIENTED_EDGE('',*,*,#4851,.F.);
#5266=ORIENTED_EDGE('',*,*,#4923,.T.);
#5267=EDGE_LOOP('',(#5263,#5264,#5265,#5266));
#5268=FACE_OUTER_BOUND('',#5267,.F.);
#5270=CARTESIAN_POINT('',(-3.55E0,-1.4E0,-2.1E0));
#5271=DIRECTION('',(0.E0,0.E0,-1.E0));
#5272=DIRECTION('',(-1.E0,0.E0,0.E0));
#5273=AXIS2_PLACEMENT_3D('',#5270,#5271,#5272);
#5274=CYLINDRICAL_SURFACE('',#5273,4.5E-1);
#5275=ORIENTED_EDGE('',*,*,#4253,.F.);
#5276=ORIENTED_EDGE('',*,*,#4824,.T.);
#5277=ORIENTED_EDGE('',*,*,#4136,.T.);
#5278=ORIENTED_EDGE('',*,*,#4688,.F.);
#5279=EDGE_LOOP('',(#5275,#5276,#5277,#5278));
#5280=FACE_OUTER_BOUND('',#5279,.F.);
#5282=CARTESIAN_POINT('',(-4.7E0,-1.85E0,-2.1E0));
#5283=DIRECTION('',(-1.E0,0.E0,0.E0));
#5284=DIRECTION('',(0.E0,1.E0,0.E0));
#5285=AXIS2_PLACEMENT_3D('',#5282,#5283,#5284);
#5286=PLANE('',#5285);
#5287=ORIENTED_EDGE('',*,*,#4701,.T.);
#5288=ORIENTED_EDGE('',*,*,#4719,.F.);
#5289=ORIENTED_EDGE('',*,*,#4669,.T.);
#5290=ORIENTED_EDGE('',*,*,#4684,.T.);
#5291=EDGE_LOOP('',(#5287,#5288,#5289,#5290));
#5292=FACE_OUTER_BOUND('',#5291,.F.);
#5294=CARTESIAN_POINT('',(4.7E0,-1.6E0,-2.1E0));
#5295=DIRECTION('',(1.E0,0.E0,0.E0));
#5296=DIRECTION('',(0.E0,-1.E0,0.E0));
#5297=AXIS2_PLACEMENT_3D('',#5294,#5295,#5296);
#5298=PLANE('',#5297);
#5299=ORIENTED_EDGE('',*,*,#4191,.T.);
#5300=ORIENTED_EDGE('',*,*,#4211,.T.);
#5301=ORIENTED_EDGE('',*,*,#4158,.T.);
#5302=ORIENTED_EDGE('',*,*,#4173,.F.);
#5303=EDGE_LOOP('',(#5299,#5300,#5301,#5302));
#5304=FACE_OUTER_BOUND('',#5303,.F.);
#5306=CARTESIAN_POINT('',(1.E0,0.E0,0.E0));
#5307=DIRECTION('',(1.E0,0.E0,0.E0));
#5308=DIRECTION('',(0.E0,0.E0,-1.E0));
#5309=AXIS2_PLACEMENT_3D('',#5306,#5307,#5308);
#5310=PLANE('',#5309);
#5311=ORIENTED_EDGE('',*,*,#3738,.T.);
#5313=ORIENTED_EDGE('',*,*,#5312,.F.);
#5315=ORIENTED_EDGE('',*,*,#5314,.F.);
#5317=ORIENTED_EDGE('',*,*,#5316,.F.);
#5319=ORIENTED_EDGE('',*,*,#5318,.F.);
#5320=ORIENTED_EDGE('',*,*,#3836,.F.);
#5321=EDGE_LOOP('',(#5311,#5313,#5315,#5317,#5319,#5320));
#5322=FACE_OUTER_BOUND('',#5321,.F.);
#5324=CARTESIAN_POINT('',(1.E0,0.E0,0.E0));
#5325=DIRECTION('',(1.E0,0.E0,0.E0));
#5326=DIRECTION('',(0.E0,0.E0,-1.E0));
#5327=AXIS2_PLACEMENT_3D('',#5324,#5325,#5326);
#5328=PLANE('',#5327);
#5330=ORIENTED_EDGE('',*,*,#5329,.F.);
#5332=ORIENTED_EDGE('',*,*,#5331,.F.);
#5334=ORIENTED_EDGE('',*,*,#5333,.F.);
#5336=ORIENTED_EDGE('',*,*,#5335,.F.);
#5337=EDGE_LOOP('',(#5330,#5332,#5334,#5336));
#5338=FACE_OUTER_BOUND('',#5337,.F.);
#5340=CARTESIAN_POINT('',(1.E0,0.E0,0.E0));
#5341=DIRECTION('',(1.E0,0.E0,0.E0));
#5342=DIRECTION('',(0.E0,0.E0,-1.E0));
#5343=AXIS2_PLACEMENT_3D('',#5340,#5341,#5342);
#5344=PLANE('',#5343);
#5345=ORIENTED_EDGE('',*,*,#3660,.F.);
#5346=ORIENTED_EDGE('',*,*,#3635,.F.);
#5348=ORIENTED_EDGE('',*,*,#5347,.F.);
#5349=EDGE_LOOP('',(#5345,#5346,#5348));
#5350=FACE_OUTER_BOUND('',#5349,.F.);
#5352=CARTESIAN_POINT('',(5.E-1,-1.35E0,-9.2E0));
#5353=DIRECTION('',(0.E0,1.E0,0.E0));
#5354=DIRECTION('',(0.E0,0.E0,1.E0));
#5355=AXIS2_PLACEMENT_3D('',#5352,#5353,#5354);
#5356=PLANE('',#5355);
#5357=ORIENTED_EDGE('',*,*,#3736,.F.);
#5359=ORIENTED_EDGE('',*,*,#5358,.F.);
#5361=ORIENTED_EDGE('',*,*,#5360,.T.);
#5362=ORIENTED_EDGE('',*,*,#5312,.T.);
#5363=EDGE_LOOP('',(#5357,#5359,#5361,#5362));
#5364=FACE_OUTER_BOUND('',#5363,.F.);
#5366=CARTESIAN_POINT('',(5.E-1,0.E0,0.E0));
#5367=DIRECTION('',(1.E0,0.E0,0.E0));
#5368=DIRECTION('',(0.E0,0.E0,-1.E0));
#5369=AXIS2_PLACEMENT_3D('',#5366,#5367,#5368);
#5370=PLANE('',#5369);
#5371=ORIENTED_EDGE('',*,*,#3734,.F.);
#5372=ORIENTED_EDGE('',*,*,#3840,.T.);
#5374=ORIENTED_EDGE('',*,*,#5373,.T.);
#5376=ORIENTED_EDGE('',*,*,#5375,.T.);
#5378=ORIENTED_EDGE('',*,*,#5377,.T.);
#5379=ORIENTED_EDGE('',*,*,#5358,.T.);
#5380=EDGE_LOOP('',(#5371,#5372,#5374,#5376,#5378,#5379));
#5381=FACE_OUTER_BOUND('',#5380,.F.);
#5383=CARTESIAN_POINT('',(5.E-1,0.E0,0.E0));
#5384=DIRECTION('',(1.E0,0.E0,0.E0));
#5385=DIRECTION('',(0.E0,0.E0,-1.E0));
#5386=AXIS2_PLACEMENT_3D('',#5383,#5384,#5385);
#5387=PLANE('',#5386);
#5389=ORIENTED_EDGE('',*,*,#5388,.T.);
#5391=ORIENTED_EDGE('',*,*,#5390,.T.);
#5393=ORIENTED_EDGE('',*,*,#5392,.T.);
#5395=ORIENTED_EDGE('',*,*,#5394,.T.);
#5396=EDGE_LOOP('',(#5389,#5391,#5393,#5395));
#5397=FACE_OUTER_BOUND('',#5396,.F.);
#5399=CARTESIAN_POINT('',(5.E-1,0.E0,0.E0));
#5400=DIRECTION('',(1.E0,0.E0,0.E0));
#5401=DIRECTION('',(0.E0,0.E0,-1.E0));
#5402=AXIS2_PLACEMENT_3D('',#5399,#5400,#5401);
#5403=PLANE('',#5402);
#5404=ORIENTED_EDGE('',*,*,#3664,.T.);
#5406=ORIENTED_EDGE('',*,*,#5405,.T.);
#5407=ORIENTED_EDGE('',*,*,#3631,.T.);
#5408=EDGE_LOOP('',(#5404,#5406,#5407));
#5409=FACE_OUTER_BOUND('',#5408,.F.);
#5411=CARTESIAN_POINT('',(5.E-1,-1.25E0,-7.7E0));
#5412=DIRECTION('',(1.E0,0.E0,0.E0));
#5413=DIRECTION('',(0.E0,0.E0,-1.E0));
#5414=AXIS2_PLACEMENT_3D('',#5411,#5412,#5413);
#5415=CYLINDRICAL_SURFACE('',#5414,6.E-1);
#5416=ORIENTED_EDGE('',*,*,#3838,.T.);
#5417=ORIENTED_EDGE('',*,*,#5318,.T.);
#5419=ORIENTED_EDGE('',*,*,#5418,.F.);
#5420=ORIENTED_EDGE('',*,*,#5373,.F.);
#5421=EDGE_LOOP('',(#5416,#5417,#5419,#5420));
#5422=FACE_OUTER_BOUND('',#5421,.F.);
#5424=CARTESIAN_POINT('',(5.E-1,-1.85E0,-7.7E0));
#5425=DIRECTION('',(0.E0,-1.E0,0.E0));
#5426=DIRECTION('',(0.E0,0.E0,-1.E0));
#5427=AXIS2_PLACEMENT_3D('',#5424,#5425,#5426);
#5428=PLANE('',#5427);
#5429=ORIENTED_EDGE('',*,*,#5375,.F.);
#5430=ORIENTED_EDGE('',*,*,#5418,.T.);
#5431=ORIENTED_EDGE('',*,*,#5316,.T.);
#5433=ORIENTED_EDGE('',*,*,#5432,.F.);
#5434=EDGE_LOOP('',(#5429,#5430,#5431,#5433));
#5435=FACE_OUTER_BOUND('',#5434,.F.);
#5437=CARTESIAN_POINT('',(5.E-1,-1.85E0,-9.2E0));
#5438=DIRECTION('',(0.E0,0.E0,-1.E0));
#5439=DIRECTION('',(0.E0,1.E0,0.E0));
#5440=AXIS2_PLACEMENT_3D('',#5437,#5438,#5439);
#5441=PLANE('',#5440);
#5442=ORIENTED_EDGE('',*,*,#5377,.F.);
#5443=ORIENTED_EDGE('',*,*,#5432,.T.);
#5444=ORIENTED_EDGE('',*,*,#5314,.T.);
#5445=ORIENTED_EDGE('',*,*,#5360,.F.);
#5446=EDGE_LOOP('',(#5442,#5443,#5444,#5445));
#5447=FACE_OUTER_BOUND('',#5446,.F.);
#5449=CARTESIAN_POINT('',(0.E0,0.E0,-4.5E0));
#5450=DIRECTION('',(0.E0,0.E0,1.E0));
#5451=DIRECTION('',(1.E0,0.E0,0.E0));
#5452=AXIS2_PLACEMENT_3D('',#5449,#5450,#5451);
#5453=PLANE('',#5452);
#5455=ORIENTED_EDGE('',*,*,#5454,.T.);
#5457=ORIENTED_EDGE('',*,*,#5456,.T.);
#5459=ORIENTED_EDGE('',*,*,#5458,.T.);
#5461=ORIENTED_EDGE('',*,*,#5460,.F.);
#5463=ORIENTED_EDGE('',*,*,#5462,.F.);
#5465=ORIENTED_EDGE('',*,*,#5464,.F.);
#5467=ORIENTED_EDGE('',*,*,#5466,.T.);
#5469=ORIENTED_EDGE('',*,*,#5468,.T.);
#5471=ORIENTED_EDGE('',*,*,#5470,.T.);
#5473=ORIENTED_EDGE('',*,*,#5472,.F.);
#5475=ORIENTED_EDGE('',*,*,#5474,.F.);
#5477=ORIENTED_EDGE('',*,*,#5476,.F.);
#5478=EDGE_LOOP('',(#5455,#5457,#5459,#5461,#5463,#5465,#5467,#5469,#5471,#5473,
#5475,#5477));
#5479=FACE_OUTER_BOUND('',#5478,.F.);
#5481=ORIENTED_EDGE('',*,*,#5480,.T.);
#5483=ORIENTED_EDGE('',*,*,#5482,.T.);
#5485=ORIENTED_EDGE('',*,*,#5484,.T.);
#5487=ORIENTED_EDGE('',*,*,#5486,.T.);
#5488=EDGE_LOOP('',(#5481,#5483,#5485,#5487));
#5489=FACE_BOUND('',#5488,.F.);
#5490=ORIENTED_EDGE('',*,*,#5388,.F.);
#5492=ORIENTED_EDGE('',*,*,#5491,.T.);
#5493=ORIENTED_EDGE('',*,*,#5329,.T.);
#5495=ORIENTED_EDGE('',*,*,#5494,.F.);
#5496=EDGE_LOOP('',(#5490,#5492,#5493,#5495));
#5497=FACE_BOUND('',#5496,.F.);
#5498=ORIENTED_EDGE('',*,*,#3699,.F.);
#5500=ORIENTED_EDGE('',*,*,#5499,.T.);
#5502=ORIENTED_EDGE('',*,*,#5501,.T.);
#5504=ORIENTED_EDGE('',*,*,#5503,.F.);
#5505=EDGE_LOOP('',(#5498,#5500,#5502,#5504));
#5506=FACE_BOUND('',#5505,.F.);
#5508=CARTESIAN_POINT('',(0.E0,0.E0,-4.5E0));
#5509=DIRECTION('',(0.E0,0.E0,1.E0));
#5510=DIRECTION('',(1.E0,0.E0,0.E0));
#5511=AXIS2_PLACEMENT_3D('',#5508,#5509,#5510);
#5512=PLANE('',#5511);
#5514=ORIENTED_EDGE('',*,*,#5513,.T.);
#5516=ORIENTED_EDGE('',*,*,#5515,.T.);
#5518=ORIENTED_EDGE('',*,*,#5517,.T.);
#5520=ORIENTED_EDGE('',*,*,#5519,.T.);
#5522=ORIENTED_EDGE('',*,*,#5521,.T.);
#5524=ORIENTED_EDGE('',*,*,#5523,.T.);
#5526=ORIENTED_EDGE('',*,*,#5525,.T.);
#5528=ORIENTED_EDGE('',*,*,#5527,.T.);
#5529=EDGE_LOOP('',(#5514,#5516,#5518,#5520,#5522,#5524,#5526,#5528));
#5530=FACE_OUTER_BOUND('',#5529,.F.);
#5532=ORIENTED_EDGE('',*,*,#5531,.T.);
#5534=ORIENTED_EDGE('',*,*,#5533,.T.);
#5536=ORIENTED_EDGE('',*,*,#5535,.T.);
#5537=EDGE_LOOP('',(#5532,#5534,#5536));
#5538=FACE_BOUND('',#5537,.F.);
#5540=CARTESIAN_POINT('',(-1.7E0,-8.18764E0,-4.4E0));
#5541=DIRECTION('',(0.E0,1.E0,0.E0));
#5542=DIRECTION('',(0.E0,0.E0,-1.E0));
#5543=AXIS2_PLACEMENT_3D('',#5540,#5541,#5542);
#5544=CYLINDRICAL_SURFACE('',#5543,1.E-1);
#5546=ORIENTED_EDGE('',*,*,#5545,.T.);
#5548=ORIENTED_EDGE('',*,*,#5547,.T.);
#5549=ORIENTED_EDGE('',*,*,#5454,.F.);
#5551=ORIENTED_EDGE('',*,*,#5550,.T.);
#5552=EDGE_LOOP('',(#5546,#5548,#5549,#5551));
#5553=FACE_OUTER_BOUND('',#5552,.F.);
#5555=CARTESIAN_POINT('',(-1.8E0,2.05E0,0.E0));
#5556=DIRECTION('',(-1.E0,0.E0,0.E0));
#5557=DIRECTION('',(0.E0,-1.E0,0.E0));
#5558=AXIS2_PLACEMENT_3D('',#5555,#5556,#5557);
#5559=PLANE('',#5558);
#5560=ORIENTED_EDGE('',*,*,#5545,.F.);
#5562=ORIENTED_EDGE('',*,*,#5561,.F.);
#5564=ORIENTED_EDGE('',*,*,#5563,.F.);
#5566=ORIENTED_EDGE('',*,*,#5565,.F.);
#5568=ORIENTED_EDGE('',*,*,#5567,.T.);
#5570=ORIENTED_EDGE('',*,*,#5569,.T.);
#5572=ORIENTED_EDGE('',*,*,#5571,.T.);
#5573=EDGE_LOOP('',(#5560,#5562,#5564,#5566,#5568,#5570,#5572));
#5574=FACE_OUTER_BOUND('',#5573,.F.);
#5576=CARTESIAN_POINT('',(-1.8E0,4.E-1,0.E0));
#5577=DIRECTION('',(0.E0,1.E0,0.E0));
#5578=DIRECTION('',(-1.E0,0.E0,0.E0));
#5579=AXIS2_PLACEMENT_3D('',#5576,#5577,#5578);
#5580=PLANE('',#5579);
#5581=ORIENTED_EDGE('',*,*,#5561,.T.);
#5582=ORIENTED_EDGE('',*,*,#5550,.F.);
#5583=ORIENTED_EDGE('',*,*,#5476,.T.);
#5585=ORIENTED_EDGE('',*,*,#5584,.F.);
#5587=ORIENTED_EDGE('',*,*,#5586,.F.);
#5588=EDGE_LOOP('',(#5581,#5582,#5583,#5585,#5587));
#5589=FACE_OUTER_BOUND('',#5588,.F.);
#5591=CARTESIAN_POINT('',(-2.35E0,4.E-1,0.E0));
#5592=DIRECTION('',(-1.E0,0.E0,0.E0));
#5593=DIRECTION('',(0.E0,-1.E0,0.E0));
#5594=AXIS2_PLACEMENT_3D('',#5591,#5592,#5593);
#5595=PLANE('',#5594);
#5597=ORIENTED_EDGE('',*,*,#5596,.F.);
#5599=ORIENTED_EDGE('',*,*,#5598,.F.);
#5600=ORIENTED_EDGE('',*,*,#5584,.T.);
#5601=ORIENTED_EDGE('',*,*,#5474,.T.);
#5603=ORIENTED_EDGE('',*,*,#5602,.F.);
#5605=ORIENTED_EDGE('',*,*,#5604,.F.);
#5606=EDGE_LOOP('',(#5597,#5599,#5600,#5601,#5603,#5605));
#5607=FACE_OUTER_BOUND('',#5606,.F.);
#5609=CARTESIAN_POINT('',(-2.45E0,0.E0,-1.E-1));
#5610=DIRECTION('',(7.071067811865E-1,0.E0,7.071067811865E-1));
#5611=DIRECTION('',(0.E0,-1.E0,0.E0));
#5612=AXIS2_PLACEMENT_3D('',#5609,#5610,#5611);
#5613=PLANE('',#5612);
#5615=ORIENTED_EDGE('',*,*,#5614,.T.);
#5616=ORIENTED_EDGE('',*,*,#5596,.T.);
#5618=ORIENTED_EDGE('',*,*,#5617,.T.);
#5619=ORIENTED_EDGE('',*,*,#3289,.F.);
#5620=EDGE_LOOP('',(#5615,#5616,#5618,#5619));
#5621=FACE_OUTER_BOUND('',#5620,.F.);
#5623=CARTESIAN_POINT('',(-2.35E0,4.E-1,-8.E-1));
#5624=DIRECTION('',(0.E0,8.944271909999E-1,-4.472135955E-1));
#5625=DIRECTION('',(0.E0,4.472135955E-1,8.944271909999E-1));
#5626=AXIS2_PLACEMENT_3D('',#5623,#5624,#5625);
#5627=PLANE('',#5626);
#5628=ORIENTED_EDGE('',*,*,#5598,.T.);
#5629=ORIENTED_EDGE('',*,*,#5614,.F.);
#5630=ORIENTED_EDGE('',*,*,#3287,.T.);
#5632=ORIENTED_EDGE('',*,*,#5631,.F.);
#5633=ORIENTED_EDGE('',*,*,#5563,.T.);
#5634=ORIENTED_EDGE('',*,*,#5586,.T.);
#5635=EDGE_LOOP('',(#5628,#5629,#5630,#5632,#5633,#5634));
#5636=FACE_OUTER_BOUND('',#5635,.F.);
#5638=CARTESIAN_POINT('',(-2.35E0,4.E-1,-8.E-1));
#5639=DIRECTION('',(0.E0,8.944271909999E-1,-4.472135955E-1));
#5640=DIRECTION('',(0.E0,4.472135955E-1,8.944271909999E-1));
#5641=AXIS2_PLACEMENT_3D('',#5638,#5639,#5640);
#5642=PLANE('',#5641);
#5643=ORIENTED_EDGE('',*,*,#3303,.T.);
#5645=ORIENTED_EDGE('',*,*,#5644,.F.);
#5647=ORIENTED_EDGE('',*,*,#5646,.F.);
#5649=ORIENTED_EDGE('',*,*,#5648,.F.);
#5651=ORIENTED_EDGE('',*,*,#5650,.F.);
#5653=ORIENTED_EDGE('',*,*,#5652,.F.);
#5654=EDGE_LOOP('',(#5643,#5645,#5647,#5649,#5651,#5653));
#5655=FACE_OUTER_BOUND('',#5654,.F.);
#5657=CARTESIAN_POINT('',(-1.9E0,1.75E0,-1.E-1));
#5658=DIRECTION('',(7.071067811865E-1,0.E0,7.071067811865E-1));
#5659=DIRECTION('',(0.E0,-1.E0,0.E0));
#5660=AXIS2_PLACEMENT_3D('',#5657,#5658,#5659);
#5661=PLANE('',#5660);
#5662=ORIENTED_EDGE('',*,*,#3285,.F.);
#5664=ORIENTED_EDGE('',*,*,#5663,.F.);
#5665=ORIENTED_EDGE('',*,*,#5565,.T.);
#5666=ORIENTED_EDGE('',*,*,#5631,.T.);
#5667=EDGE_LOOP('',(#5662,#5664,#5665,#5666));
#5668=FACE_OUTER_BOUND('',#5667,.F.);
#5670=CARTESIAN_POINT('',(-1.45E0,2.8E0,-1.E-1));
#5671=DIRECTION('',(0.E0,-7.071067811865E-1,7.071067811865E-1));
#5672=DIRECTION('',(-1.E0,0.E0,0.E0));
#5673=AXIS2_PLACEMENT_3D('',#5670,#5671,#5672);
#5674=PLANE('',#5673);
#5676=ORIENTED_EDGE('',*,*,#5675,.F.);
#5677=ORIENTED_EDGE('',*,*,#5663,.T.);
#5678=ORIENTED_EDGE('',*,*,#3315,.T.);
#5680=ORIENTED_EDGE('',*,*,#5679,.F.);
#5681=EDGE_LOOP('',(#5676,#5677,#5678,#5680));
#5682=FACE_OUTER_BOUND('',#5681,.F.);
#5684=CARTESIAN_POINT('',(-1.1E0,2.7E0,0.E0));
#5685=DIRECTION('',(0.E0,1.E0,0.E0));
#5686=DIRECTION('',(-1.E0,0.E0,0.E0));
#5687=AXIS2_PLACEMENT_3D('',#5684,#5685,#5686);
#5688=PLANE('',#5687);
#5689=ORIENTED_EDGE('',*,*,#5675,.T.);
#5691=ORIENTED_EDGE('',*,*,#5690,.T.);
#5693=ORIENTED_EDGE('',*,*,#5692,.T.);
#5694=ORIENTED_EDGE('',*,*,#5567,.F.);
#5695=EDGE_LOOP('',(#5689,#5691,#5693,#5694));
#5696=FACE_OUTER_BOUND('',#5695,.F.);
#5698=CARTESIAN_POINT('',(-1.1E0,2.05E0,0.E0));
#5699=DIRECTION('',(1.E0,0.E0,0.E0));
#5700=DIRECTION('',(0.E0,1.E0,0.E0));
#5701=AXIS2_PLACEMENT_3D('',#5698,#5699,#5700);
#5702=PLANE('',#5701);
#5704=ORIENTED_EDGE('',*,*,#5703,.T.);
#5706=ORIENTED_EDGE('',*,*,#5705,.T.);
#5708=ORIENTED_EDGE('',*,*,#5707,.T.);
#5709=ORIENTED_EDGE('',*,*,#5690,.F.);
#5710=EDGE_LOOP('',(#5704,#5706,#5708,#5709));
#5711=FACE_OUTER_BOUND('',#5710,.F.);
#5713=CARTESIAN_POINT('',(-1.E0,2.375E0,-1.E-1));
#5714=DIRECTION('',(-7.071067811865E-1,0.E0,7.071067811865E-1));
#5715=DIRECTION('',(0.E0,-1.E0,0.E0));
#5716=AXIS2_PLACEMENT_3D('',#5713,#5714,#5715);
#5717=PLANE('',#5716);
#5718=ORIENTED_EDGE('',*,*,#3313,.T.);
#5720=ORIENTED_EDGE('',*,*,#5719,.F.);
#5722=ORIENTED_EDGE('',*,*,#5721,.T.);
#5723=ORIENTED_EDGE('',*,*,#5703,.F.);
#5724=ORIENTED_EDGE('',*,*,#5679,.T.);
#5725=EDGE_LOOP('',(#5718,#5720,#5722,#5723,#5724));
#5726=FACE_OUTER_BOUND('',#5725,.F.);
#5728=CARTESIAN_POINT('',(0.E0,2.1E0,-5.E-2));
#5729=DIRECTION('',(0.E0,-7.071067811865E-1,7.071067811865E-1));
#5730=DIRECTION('',(-1.E0,0.E0,0.E0));
#5731=AXIS2_PLACEMENT_3D('',#5728,#5729,#5730);
#5732=PLANE('',#5731);
#5734=ORIENTED_EDGE('',*,*,#5733,.F.);
#5735=ORIENTED_EDGE('',*,*,#5719,.T.);
#5736=ORIENTED_EDGE('',*,*,#3311,.T.);
#5738=ORIENTED_EDGE('',*,*,#5737,.F.);
#5739=EDGE_LOOP('',(#5734,#5735,#5736,#5738));
#5740=FACE_OUTER_BOUND('',#5739,.F.);
#5742=CARTESIAN_POINT('',(1.8E0,2.05E0,0.E0));
#5743=DIRECTION('',(0.E0,1.E0,0.E0));
#5744=DIRECTION('',(-1.E0,0.E0,0.E0));
#5745=AXIS2_PLACEMENT_3D('',#5742,#5743,#5744);
#5746=PLANE('',#5745);
#5748=ORIENTED_EDGE('',*,*,#5747,.F.);
#5749=ORIENTED_EDGE('',*,*,#5571,.F.);
#5751=ORIENTED_EDGE('',*,*,#5750,.F.);
#5752=ORIENTED_EDGE('',*,*,#5705,.F.);
#5753=ORIENTED_EDGE('',*,*,#5721,.F.);
#5754=ORIENTED_EDGE('',*,*,#5733,.T.);
#5756=ORIENTED_EDGE('',*,*,#5755,.F.);
#5758=ORIENTED_EDGE('',*,*,#5757,.T.);
#5760=ORIENTED_EDGE('',*,*,#5759,.F.);
#5762=ORIENTED_EDGE('',*,*,#5761,.T.);
#5763=EDGE_LOOP('',(#5748,#5749,#5751,#5752,#5753,#5754,#5756,#5758,#5760,
#5762));
#5764=FACE_OUTER_BOUND('',#5763,.F.);
#5766=CARTESIAN_POINT('',(-1.3527E1,1.95E0,-4.4E0));
#5767=DIRECTION('',(1.E0,0.E0,0.E0));
#5768=DIRECTION('',(0.E0,0.E0,-1.E0));
#5769=AXIS2_PLACEMENT_3D('',#5766,#5767,#5768);
#5770=CYLINDRICAL_SURFACE('',#5769,1.E-1);
#5771=ORIENTED_EDGE('',*,*,#5456,.F.);
#5772=ORIENTED_EDGE('',*,*,#5547,.F.);
#5773=ORIENTED_EDGE('',*,*,#5747,.T.);
#5775=ORIENTED_EDGE('',*,*,#5774,.T.);
#5776=EDGE_LOOP('',(#5771,#5772,#5773,#5775));
#5777=FACE_OUTER_BOUND('',#5776,.F.);
#5779=CARTESIAN_POINT('',(1.7E0,9.48764E0,-4.4E0));
#5780=DIRECTION('',(0.E0,-1.E0,0.E0));
#5781=DIRECTION('',(0.E0,0.E0,-1.E0));
#5782=AXIS2_PLACEMENT_3D('',#5779,#5780,#5781);
#5783=CYLINDRICAL_SURFACE('',#5782,1.E-1);
#5784=ORIENTED_EDGE('',*,*,#5458,.F.);
#5785=ORIENTED_EDGE('',*,*,#5774,.F.);
#5787=ORIENTED_EDGE('',*,*,#5786,.T.);
#5789=ORIENTED_EDGE('',*,*,#5788,.T.);
#5790=EDGE_LOOP('',(#5784,#5785,#5787,#5789));
#5791=FACE_OUTER_BOUND('',#5790,.F.);
#5793=CARTESIAN_POINT('',(1.8E0,4.E-1,0.E0));
#5794=DIRECTION('',(1.E0,0.E0,0.E0));
#5795=DIRECTION('',(0.E0,1.E0,0.E0));
#5796=AXIS2_PLACEMENT_3D('',#5793,#5794,#5795);
#5797=PLANE('',#5796);
#5798=ORIENTED_EDGE('',*,*,#5786,.F.);
#5799=ORIENTED_EDGE('',*,*,#5761,.F.);
#5801=ORIENTED_EDGE('',*,*,#5800,.T.);
#5803=ORIENTED_EDGE('',*,*,#5802,.F.);
#5805=ORIENTED_EDGE('',*,*,#5804,.F.);
#5806=ORIENTED_EDGE('',*,*,#5650,.T.);
#5808=ORIENTED_EDGE('',*,*,#5807,.T.);
#5809=EDGE_LOOP('',(#5798,#5799,#5801,#5803,#5805,#5806,#5808));
#5810=FACE_OUTER_BOUND('',#5809,.F.);
#5812=CARTESIAN_POINT('',(0.E0,0.E0,-3.55E0));
#5813=DIRECTION('',(0.E0,0.E0,1.E0));
#5814=DIRECTION('',(1.E0,0.E0,0.E0));
#5815=AXIS2_PLACEMENT_3D('',#5812,#5813,#5814);
#5816=PLANE('',#5815);
#5817=ORIENTED_EDGE('',*,*,#5759,.T.);
#5819=ORIENTED_EDGE('',*,*,#5818,.F.);
#5821=ORIENTED_EDGE('',*,*,#5820,.F.);
#5822=ORIENTED_EDGE('',*,*,#5800,.F.);
#5823=EDGE_LOOP('',(#5817,#5819,#5821,#5822));
#5824=FACE_OUTER_BOUND('',#5823,.F.);
#5826=CARTESIAN_POINT('',(0.E0,0.E0,-3.55E0));
#5827=DIRECTION('',(0.E0,0.E0,1.E0));
#5828=DIRECTION('',(1.E0,0.E0,0.E0));
#5829=AXIS2_PLACEMENT_3D('',#5826,#5827,#5828);
#5830=PLANE('',#5829);
#5831=ORIENTED_EDGE('',*,*,#5750,.T.);
#5832=ORIENTED_EDGE('',*,*,#5569,.F.);
#5833=ORIENTED_EDGE('',*,*,#5692,.F.);
#5834=ORIENTED_EDGE('',*,*,#5707,.F.);
#5835=EDGE_LOOP('',(#5831,#5832,#5833,#5834));
#5836=FACE_OUTER_BOUND('',#5835,.F.);
#5838=CARTESIAN_POINT('',(1.1E0,2.7E0,0.E0));
#5839=DIRECTION('',(-1.E0,0.E0,0.E0));
#5840=DIRECTION('',(0.E0,-1.E0,0.E0));
#5841=AXIS2_PLACEMENT_3D('',#5838,#5839,#5840);
#5842=PLANE('',#5841);
#5844=ORIENTED_EDGE('',*,*,#5843,.T.);
#5846=ORIENTED_EDGE('',*,*,#5845,.T.);
#5847=ORIENTED_EDGE('',*,*,#5818,.T.);
#5848=ORIENTED_EDGE('',*,*,#5757,.F.);
#5849=EDGE_LOOP('',(#5844,#5846,#5847,#5848));
#5850=FACE_OUTER_BOUND('',#5849,.F.);
#5852=CARTESIAN_POINT('',(1.E0,2.375E0,-1.E-1));
#5853=DIRECTION('',(7.071067811865E-1,0.E0,7.071067811865E-1));
#5854=DIRECTION('',(0.E0,-1.E0,0.E0));
#5855=AXIS2_PLACEMENT_3D('',#5852,#5853,#5854);
#5856=PLANE('',#5855);
#5857=ORIENTED_EDGE('',*,*,#5843,.F.);
#5858=ORIENTED_EDGE('',*,*,#5755,.T.);
#5859=ORIENTED_EDGE('',*,*,#5737,.T.);
#5860=ORIENTED_EDGE('',*,*,#3309,.T.);
#5862=ORIENTED_EDGE('',*,*,#5861,.F.);
#5863=EDGE_LOOP('',(#5857,#5858,#5859,#5860,#5862));
#5864=FACE_OUTER_BOUND('',#5863,.F.);
#5866=CARTESIAN_POINT('',(1.45E0,2.8E0,-1.E-1));
#5867=DIRECTION('',(0.E0,-7.071067811865E-1,7.071067811865E-1));
#5868=DIRECTION('',(-1.E0,0.E0,0.E0));
#5869=AXIS2_PLACEMENT_3D('',#5866,#5867,#5868);
#5870=PLANE('',#5869);
#5871=ORIENTED_EDGE('',*,*,#3307,.T.);
#5873=ORIENTED_EDGE('',*,*,#5872,.F.);
#5875=ORIENTED_EDGE('',*,*,#5874,.F.);
#5876=ORIENTED_EDGE('',*,*,#5861,.T.);
#5877=EDGE_LOOP('',(#5871,#5873,#5875,#5876));
#5878=FACE_OUTER_BOUND('',#5877,.F.);
#5880=CARTESIAN_POINT('',(1.9E0,1.75E0,-1.E-1));
#5881=DIRECTION('',(-7.071067811865E-1,0.E0,7.071067811865E-1));
#5882=DIRECTION('',(0.E0,-1.E0,0.E0));
#5883=AXIS2_PLACEMENT_3D('',#5880,#5881,#5882);
#5884=PLANE('',#5883);
#5885=ORIENTED_EDGE('',*,*,#5804,.T.);
#5886=ORIENTED_EDGE('',*,*,#5872,.T.);
#5887=ORIENTED_EDGE('',*,*,#3305,.F.);
#5888=ORIENTED_EDGE('',*,*,#5652,.T.);
#5889=EDGE_LOOP('',(#5885,#5886,#5887,#5888));
#5890=FACE_OUTER_BOUND('',#5889,.F.);
#5892=CARTESIAN_POINT('',(1.8E0,2.7E0,0.E0));
#5893=DIRECTION('',(0.E0,1.E0,0.E0));
#5894=DIRECTION('',(-1.E0,0.E0,0.E0));
#5895=AXIS2_PLACEMENT_3D('',#5892,#5893,#5894);
#5896=PLANE('',#5895);
#5897=ORIENTED_EDGE('',*,*,#5874,.T.);
#5898=ORIENTED_EDGE('',*,*,#5802,.T.);
#5899=ORIENTED_EDGE('',*,*,#5820,.T.);
#5900=ORIENTED_EDGE('',*,*,#5845,.F.);
#5901=EDGE_LOOP('',(#5897,#5898,#5899,#5900));
#5902=FACE_OUTER_BOUND('',#5901,.F.);
#5904=CARTESIAN_POINT('',(2.35E0,4.E-1,0.E0));
#5905=DIRECTION('',(0.E0,1.E0,0.E0));
#5906=DIRECTION('',(-1.E0,0.E0,0.E0));
#5907=AXIS2_PLACEMENT_3D('',#5904,#5905,#5906);
#5908=PLANE('',#5907);
#5909=ORIENTED_EDGE('',*,*,#5460,.T.);
#5910=ORIENTED_EDGE('',*,*,#5788,.F.);
#5911=ORIENTED_EDGE('',*,*,#5807,.F.);
#5912=ORIENTED_EDGE('',*,*,#5648,.T.);
#5914=ORIENTED_EDGE('',*,*,#5913,.T.);
#5915=EDGE_LOOP('',(#5909,#5910,#5911,#5912,#5914));
#5916=FACE_OUTER_BOUND('',#5915,.F.);
#5918=CARTESIAN_POINT('',(2.35E0,-4.E-1,0.E0));
#5919=DIRECTION('',(1.E0,0.E0,0.E0));
#5920=DIRECTION('',(0.E0,1.E0,0.E0));
#5921=AXIS2_PLACEMENT_3D('',#5918,#5919,#5920);
#5922=PLANE('',#5921);
#5924=ORIENTED_EDGE('',*,*,#5923,.F.);
#5926=ORIENTED_EDGE('',*,*,#5925,.T.);
#5928=ORIENTED_EDGE('',*,*,#5927,.T.);
#5929=ORIENTED_EDGE('',*,*,#5462,.T.);
#5930=ORIENTED_EDGE('',*,*,#5913,.F.);
#5931=ORIENTED_EDGE('',*,*,#5646,.T.);
#5932=EDGE_LOOP('',(#5924,#5926,#5928,#5929,#5930,#5931));
#5933=FACE_OUTER_BOUND('',#5932,.F.);
#5935=CARTESIAN_POINT('',(2.45E0,0.E0,-1.E-1));
#5936=DIRECTION('',(-7.071067811865E-1,0.E0,7.071067811865E-1));
#5937=DIRECTION('',(0.E0,-1.E0,0.E0));
#5938=AXIS2_PLACEMENT_3D('',#5935,#5936,#5937);
#5939=PLANE('',#5938);
#5941=ORIENTED_EDGE('',*,*,#5940,.T.);
#5942=ORIENTED_EDGE('',*,*,#5923,.T.);
#5943=ORIENTED_EDGE('',*,*,#5644,.T.);
#5944=ORIENTED_EDGE('',*,*,#3301,.F.);
#5945=EDGE_LOOP('',(#5941,#5942,#5943,#5944));
#5946=FACE_OUTER_BOUND('',#5945,.F.);
#5948=CARTESIAN_POINT('',(-2.35E0,-8.E-1,0.E0));
#5949=DIRECTION('',(0.E0,-8.944271909999E-1,-4.472135955E-1));
#5950=DIRECTION('',(0.E0,4.472135955E-1,-8.944271909999E-1));
#5951=AXIS2_PLACEMENT_3D('',#5948,#5949,#5950);
#5952=PLANE('',#5951);
#5953=ORIENTED_EDGE('',*,*,#5925,.F.);
#5954=ORIENTED_EDGE('',*,*,#5940,.F.);
#5955=ORIENTED_EDGE('',*,*,#3299,.T.);
#5957=ORIENTED_EDGE('',*,*,#5956,.F.);
#5959=ORIENTED_EDGE('',*,*,#5958,.T.);
#5961=ORIENTED_EDGE('',*,*,#5960,.T.);
#5962=EDGE_LOOP('',(#5953,#5954,#5955,#5957,#5959,#5961));
#5963=FACE_OUTER_BOUND('',#5962,.F.);
#5965=CARTESIAN_POINT('',(-2.35E0,-8.E-1,0.E0));
#5966=DIRECTION('',(0.E0,-8.944271909999E-1,-4.472135955E-1));
#5967=DIRECTION('',(0.E0,4.472135955E-1,-8.944271909999E-1));
#5968=AXIS2_PLACEMENT_3D('',#5965,#5966,#5967);
#5969=PLANE('',#5968);
#5970=ORIENTED_EDGE('',*,*,#3291,.T.);
#5971=ORIENTED_EDGE('',*,*,#5617,.F.);
#5972=ORIENTED_EDGE('',*,*,#5604,.T.);
#5974=ORIENTED_EDGE('',*,*,#5973,.F.);
#5976=ORIENTED_EDGE('',*,*,#5975,.F.);
#5978=ORIENTED_EDGE('',*,*,#5977,.F.);
#5979=EDGE_LOOP('',(#5970,#5971,#5972,#5974,#5976,#5978));
#5980=FACE_OUTER_BOUND('',#5979,.F.);
#5982=CARTESIAN_POINT('',(1.9E0,-9.25E-1,-1.E-1));
#5983=DIRECTION('',(-7.071067811865E-1,0.E0,7.071067811865E-1));
#5984=DIRECTION('',(0.E0,-1.E0,0.E0));
#5985=AXIS2_PLACEMENT_3D('',#5982,#5983,#5984);
#5986=PLANE('',#5985);
#5987=ORIENTED_EDGE('',*,*,#3297,.T.);
#5989=ORIENTED_EDGE('',*,*,#5988,.F.);
#5991=ORIENTED_EDGE('',*,*,#5990,.F.);
#5992=ORIENTED_EDGE('',*,*,#5956,.T.);
#5993=EDGE_LOOP('',(#5987,#5989,#5991,#5992));
#5994=FACE_OUTER_BOUND('',#5993,.F.);
#5996=CARTESIAN_POINT('',(0.E0,-1.15E0,-1.E-1));
#5997=DIRECTION('',(0.E0,7.071067811865E-1,7.071067811865E-1));
#5998=DIRECTION('',(-1.E0,0.E0,0.E0));
#5999=AXIS2_PLACEMENT_3D('',#5996,#5997,#5998);
#6000=PLANE('',#5999);
#6001=ORIENTED_EDGE('',*,*,#3295,.T.);
#6003=ORIENTED_EDGE('',*,*,#6002,.F.);
#6005=ORIENTED_EDGE('',*,*,#6004,.F.);
#6006=ORIENTED_EDGE('',*,*,#5988,.T.);
#6007=EDGE_LOOP('',(#6001,#6003,#6005,#6006));
#6008=FACE_OUTER_BOUND('',#6007,.F.);
#6010=CARTESIAN_POINT('',(-1.9E0,-9.25E-1,-1.E-1));
#6011=DIRECTION('',(7.071067811865E-1,0.E0,7.071067811865E-1));
#6012=DIRECTION('',(0.E0,-1.E0,0.E0));
#6013=AXIS2_PLACEMENT_3D('',#6010,#6011,#6012);
#6014=PLANE('',#6013);
#6016=ORIENTED_EDGE('',*,*,#6015,.F.);
#6017=ORIENTED_EDGE('',*,*,#6002,.T.);
#6018=ORIENTED_EDGE('',*,*,#3293,.T.);
#6019=ORIENTED_EDGE('',*,*,#5977,.T.);
#6020=EDGE_LOOP('',(#6016,#6017,#6018,#6019));
#6021=FACE_OUTER_BOUND('',#6020,.F.);
#6023=CARTESIAN_POINT('',(-1.8E0,-4.E-1,0.E0));
#6024=DIRECTION('',(-1.E0,0.E0,0.E0));
#6025=DIRECTION('',(0.E0,-1.E0,0.E0));
#6026=AXIS2_PLACEMENT_3D('',#6023,#6024,#6025);
#6027=PLANE('',#6026);
#6029=ORIENTED_EDGE('',*,*,#6028,.F.);
#6031=ORIENTED_EDGE('',*,*,#6030,.F.);
#6032=ORIENTED_EDGE('',*,*,#6015,.T.);
#6033=ORIENTED_EDGE('',*,*,#5975,.T.);
#6035=ORIENTED_EDGE('',*,*,#6034,.T.);
#6036=EDGE_LOOP('',(#6029,#6031,#6032,#6033,#6035));
#6037=FACE_OUTER_BOUND('',#6036,.F.);
#6039=CARTESIAN_POINT('',(-1.7E0,-8.18764E0,-4.4E0));
#6040=DIRECTION('',(0.E0,1.E0,0.E0));
#6041=DIRECTION('',(0.E0,0.E0,-1.E0));
#6042=AXIS2_PLACEMENT_3D('',#6039,#6040,#6041);
#6043=CYLINDRICAL_SURFACE('',#6042,1.E-1);
#6044=ORIENTED_EDGE('',*,*,#5470,.F.);
#6046=ORIENTED_EDGE('',*,*,#6045,.F.);
#6047=ORIENTED_EDGE('',*,*,#6028,.T.);
#6049=ORIENTED_EDGE('',*,*,#6048,.T.);
#6050=EDGE_LOOP('',(#6044,#6046,#6047,#6049));
#6051=FACE_OUTER_BOUND('',#6050,.F.);
#6053=CARTESIAN_POINT('',(1.3527E1,-9.5E-1,-4.4E0));
#6054=DIRECTION('',(-1.E0,0.E0,0.E0));
#6055=DIRECTION('',(0.E0,0.E0,-1.E0));
#6056=AXIS2_PLACEMENT_3D('',#6053,#6054,#6055);
#6057=CYLINDRICAL_SURFACE('',#6056,1.E-1);
#6059=ORIENTED_EDGE('',*,*,#6058,.T.);
#6060=ORIENTED_EDGE('',*,*,#6045,.T.);
#6061=ORIENTED_EDGE('',*,*,#5468,.F.);
#6063=ORIENTED_EDGE('',*,*,#6062,.F.);
#6064=EDGE_LOOP('',(#6059,#6060,#6061,#6063));
#6065=FACE_OUTER_BOUND('',#6064,.F.);
#6067=CARTESIAN_POINT('',(-1.8E0,-1.05E0,0.E0));
#6068=DIRECTION('',(0.E0,-1.E0,0.E0));
#6069=DIRECTION('',(1.E0,0.E0,0.E0));
#6070=AXIS2_PLACEMENT_3D('',#6067,#6068,#6069);
#6071=PLANE('',#6070);
#6072=ORIENTED_EDGE('',*,*,#6058,.F.);
#6074=ORIENTED_EDGE('',*,*,#6073,.F.);
#6075=ORIENTED_EDGE('',*,*,#6004,.T.);
#6076=ORIENTED_EDGE('',*,*,#6030,.T.);
#6077=EDGE_LOOP('',(#6072,#6074,#6075,#6076));
#6078=FACE_OUTER_BOUND('',#6077,.F.);
#6080=CARTESIAN_POINT('',(1.8E0,-1.05E0,0.E0));
#6081=DIRECTION('',(1.E0,0.E0,0.E0));
#6082=DIRECTION('',(0.E0,1.E0,0.E0));
#6083=AXIS2_PLACEMENT_3D('',#6080,#6081,#6082);
#6084=PLANE('',#6083);
#6086=ORIENTED_EDGE('',*,*,#6085,.F.);
#6088=ORIENTED_EDGE('',*,*,#6087,.F.);
#6089=ORIENTED_EDGE('',*,*,#5958,.F.);
#6090=ORIENTED_EDGE('',*,*,#5990,.T.);
#6091=ORIENTED_EDGE('',*,*,#6073,.T.);
#6092=EDGE_LOOP('',(#6086,#6088,#6089,#6090,#6091));
#6093=FACE_OUTER_BOUND('',#6092,.F.);
#6095=CARTESIAN_POINT('',(1.7E0,9.48764E0,-4.4E0));
#6096=DIRECTION('',(0.E0,-1.E0,0.E0));
#6097=DIRECTION('',(0.E0,0.E0,-1.E0));
#6098=AXIS2_PLACEMENT_3D('',#6095,#6096,#6097);
#6099=CYLINDRICAL_SURFACE('',#6098,1.E-1);
#6100=ORIENTED_EDGE('',*,*,#6085,.T.);
#6101=ORIENTED_EDGE('',*,*,#6062,.T.);
#6102=ORIENTED_EDGE('',*,*,#5466,.F.);
#6104=ORIENTED_EDGE('',*,*,#6103,.T.);
#6105=EDGE_LOOP('',(#6100,#6101,#6102,#6104));
#6106=FACE_OUTER_BOUND('',#6105,.F.);
#6108=CARTESIAN_POINT('',(1.8E0,-4.E-1,0.E0));
#6109=DIRECTION('',(0.E0,-1.E0,0.E0));
#6110=DIRECTION('',(1.E0,0.E0,0.E0));
#6111=AXIS2_PLACEMENT_3D('',#6108,#6109,#6110);
#6112=PLANE('',#6111);
#6113=ORIENTED_EDGE('',*,*,#6087,.T.);
#6114=ORIENTED_EDGE('',*,*,#6103,.F.);
#6115=ORIENTED_EDGE('',*,*,#5464,.T.);
#6116=ORIENTED_EDGE('',*,*,#5927,.F.);
#6117=ORIENTED_EDGE('',*,*,#5960,.F.);
#6118=EDGE_LOOP('',(#6113,#6114,#6115,#6116,#6117));
#6119=FACE_OUTER_BOUND('',#6118,.F.);
#6121=CARTESIAN_POINT('',(-2.35E0,-4.E-1,0.E0));
#6122=DIRECTION('',(0.E0,-1.E0,0.E0));
#6123=DIRECTION('',(1.E0,0.E0,0.E0));
#6124=AXIS2_PLACEMENT_3D('',#6121,#6122,#6123);
#6125=PLANE('',#6124);
#6126=ORIENTED_EDGE('',*,*,#5472,.T.);
#6127=ORIENTED_EDGE('',*,*,#6048,.F.);
#6128=ORIENTED_EDGE('',*,*,#6034,.F.);
#6129=ORIENTED_EDGE('',*,*,#5973,.T.);
#6130=ORIENTED_EDGE('',*,*,#5602,.T.);
#6131=EDGE_LOOP('',(#6126,#6127,#6128,#6129,#6130));
#6132=FACE_OUTER_BOUND('',#6131,.F.);
#6134=CARTESIAN_POINT('',(2.5E-1,1.45E0,-4.5E0));
#6135=DIRECTION('',(-1.E0,0.E0,0.E0));
#6136=DIRECTION('',(0.E0,-1.E0,0.E0));
#6137=AXIS2_PLACEMENT_3D('',#6134,#6135,#6136);
#6138=PLANE('',#6137);
#6139=ORIENTED_EDGE('',*,*,#5480,.F.);
#6141=ORIENTED_EDGE('',*,*,#6140,.T.);
#6143=ORIENTED_EDGE('',*,*,#6142,.T.);
#6145=ORIENTED_EDGE('',*,*,#6144,.F.);
#6146=EDGE_LOOP('',(#6139,#6141,#6143,#6145));
#6147=FACE_OUTER_BOUND('',#6146,.F.);
#6149=CARTESIAN_POINT('',(1.2E0,1.45E0,-4.5E0));
#6150=DIRECTION('',(0.E0,1.E0,0.E0));
#6151=DIRECTION('',(-1.E0,0.E0,0.E0));
#6152=AXIS2_PLACEMENT_3D('',#6149,#6150,#6151);
#6153=PLANE('',#6152);
#6154=ORIENTED_EDGE('',*,*,#5486,.F.);
#6156=ORIENTED_EDGE('',*,*,#6155,.T.);
#6158=ORIENTED_EDGE('',*,*,#6157,.T.);
#6159=ORIENTED_EDGE('',*,*,#6140,.F.);
#6160=EDGE_LOOP('',(#6154,#6156,#6158,#6159));
#6161=FACE_OUTER_BOUND('',#6160,.F.);
#6163=CARTESIAN_POINT('',(1.2E0,5.E-1,-4.5E0));
#6164=DIRECTION('',(1.E0,0.E0,0.E0));
#6165=DIRECTION('',(0.E0,1.E0,0.E0));
#6166=AXIS2_PLACEMENT_3D('',#6163,#6164,#6165);
#6167=PLANE('',#6166);
#6168=ORIENTED_EDGE('',*,*,#5484,.F.);
#6170=ORIENTED_EDGE('',*,*,#6169,.T.);
#6172=ORIENTED_EDGE('',*,*,#6171,.T.);
#6173=ORIENTED_EDGE('',*,*,#6155,.F.);
#6174=EDGE_LOOP('',(#6168,#6170,#6172,#6173));
#6175=FACE_OUTER_BOUND('',#6174,.F.);
#6177=CARTESIAN_POINT('',(2.5E-1,5.E-1,-4.5E0));
#6178=DIRECTION('',(0.E0,-1.E0,0.E0));
#6179=DIRECTION('',(1.E0,0.E0,0.E0));
#6180=AXIS2_PLACEMENT_3D('',#6177,#6178,#6179);
#6181=PLANE('',#6180);
#6182=ORIENTED_EDGE('',*,*,#5482,.F.);
#6183=ORIENTED_EDGE('',*,*,#6144,.T.);
#6185=ORIENTED_EDGE('',*,*,#6184,.T.);
#6186=ORIENTED_EDGE('',*,*,#6169,.F.);
#6187=EDGE_LOOP('',(#6182,#6183,#6185,#6186));
#6188=FACE_OUTER_BOUND('',#6187,.F.);
#6190=CARTESIAN_POINT('',(0.E0,0.E0,-4.55E0));
#6191=DIRECTION('',(0.E0,0.E0,1.E0));
#6192=DIRECTION('',(1.E0,0.E0,0.E0));
#6193=AXIS2_PLACEMENT_3D('',#6190,#6191,#6192);
#6194=PLANE('',#6193);
#6195=ORIENTED_EDGE('',*,*,#6142,.F.);
#6196=ORIENTED_EDGE('',*,*,#6157,.F.);
#6197=ORIENTED_EDGE('',*,*,#6171,.F.);
#6198=ORIENTED_EDGE('',*,*,#6184,.F.);
#6199=EDGE_LOOP('',(#6195,#6196,#6197,#6198));
#6200=FACE_OUTER_BOUND('',#6199,.F.);
#6202=ORIENTED_EDGE('',*,*,#6201,.F.);
#6204=ORIENTED_EDGE('',*,*,#6203,.F.);
#6206=ORIENTED_EDGE('',*,*,#6205,.F.);
#6208=ORIENTED_EDGE('',*,*,#6207,.F.);
#6210=ORIENTED_EDGE('',*,*,#6209,.F.);
#6212=ORIENTED_EDGE('',*,*,#6211,.F.);
#6214=ORIENTED_EDGE('',*,*,#6213,.F.);
#6216=ORIENTED_EDGE('',*,*,#6215,.F.);
#6217=EDGE_LOOP('',(#6202,#6204,#6206,#6208,#6210,#6212,#6214,#6216));
#6218=FACE_BOUND('',#6217,.F.);
#6220=CARTESIAN_POINT('',(0.E0,0.E0,-4.55E0));
#6221=DIRECTION('',(0.E0,0.E0,1.E0));
#6222=DIRECTION('',(1.E0,0.E0,0.E0));
#6223=AXIS2_PLACEMENT_3D('',#6220,#6221,#6222);
#6224=PLANE('',#6223);
#6226=ORIENTED_EDGE('',*,*,#6225,.F.);
#6228=ORIENTED_EDGE('',*,*,#6227,.F.);
#6230=ORIENTED_EDGE('',*,*,#6229,.F.);
#6231=EDGE_LOOP('',(#6226,#6228,#6230));
#6232=FACE_OUTER_BOUND('',#6231,.F.);
#6234=CARTESIAN_POINT('',(7.5E-1,1.25E0,-4.5E0));
#6235=DIRECTION('',(-9.486833037051E-1,-3.162277490531E-1,0.E0));
#6236=DIRECTION('',(3.162277490531E-1,-9.486833037051E-1,0.E0));
#6237=AXIS2_PLACEMENT_3D('',#6234,#6235,#6236);
#6238=PLANE('',#6237);
#6239=ORIENTED_EDGE('',*,*,#5513,.F.);
#6241=ORIENTED_EDGE('',*,*,#6240,.T.);
#6242=ORIENTED_EDGE('',*,*,#6201,.T.);
#6244=ORIENTED_EDGE('',*,*,#6243,.F.);
#6245=EDGE_LOOP('',(#6239,#6241,#6242,#6244));
#6246=FACE_OUTER_BOUND('',#6245,.F.);
#6248=CARTESIAN_POINT('',(6.500000059605E-1,1.25E0,-4.5E0));
#6249=DIRECTION('',(0.E0,-1.E0,0.E0));
#6250=DIRECTION('',(1.E0,0.E0,0.E0));
#6251=AXIS2_PLACEMENT_3D('',#6248,#6249,#6250);
#6252=PLANE('',#6251);
#6253=ORIENTED_EDGE('',*,*,#5527,.F.);
#6255=ORIENTED_EDGE('',*,*,#6254,.T.);
#6256=ORIENTED_EDGE('',*,*,#6203,.T.);
#6257=ORIENTED_EDGE('',*,*,#6240,.F.);
#6258=EDGE_LOOP('',(#6253,#6255,#6256,#6257));
#6259=FACE_OUTER_BOUND('',#6258,.F.);
#6261=CARTESIAN_POINT('',(4.5E-1,6.5E-1,-4.5E0));
#6262=DIRECTION('',(9.486832952232E-1,-3.162277744987E-1,0.E0));
#6263=DIRECTION('',(3.162277744987E-1,9.486832952232E-1,0.E0));
#6264=AXIS2_PLACEMENT_3D('',#6261,#6262,#6263);
#6265=PLANE('',#6264);
#6266=ORIENTED_EDGE('',*,*,#5525,.F.);
#6268=ORIENTED_EDGE('',*,*,#6267,.T.);
#6269=ORIENTED_EDGE('',*,*,#6205,.T.);
#6270=ORIENTED_EDGE('',*,*,#6254,.F.);
#6271=EDGE_LOOP('',(#6266,#6268,#6269,#6270));
#6272=FACE_OUTER_BOUND('',#6271,.F.);
#6274=CARTESIAN_POINT('',(5.25E-1,6.5E-1,-4.5E0));
#6275=DIRECTION('',(0.E0,1.E0,0.E0));
#6276=DIRECTION('',(-1.E0,0.E0,0.E0));
#6277=AXIS2_PLACEMENT_3D('',#6274,#6275,#6276);
#6278=PLANE('',#6277);
#6279=ORIENTED_EDGE('',*,*,#5523,.F.);
#6281=ORIENTED_EDGE('',*,*,#6280,.T.);
#6282=ORIENTED_EDGE('',*,*,#6207,.T.);
#6283=ORIENTED_EDGE('',*,*,#6267,.F.);
#6284=EDGE_LOOP('',(#6279,#6281,#6282,#6283));
#6285=FACE_OUTER_BOUND('',#6284,.F.);
#6287=CARTESIAN_POINT('',(5.749999970198E-1,8.031914889812E-1,-4.5E0));
#6288=DIRECTION('',(-9.506452082487E-1,3.102800155243E-1,0.E0));
#6289=DIRECTION('',(-3.102800155243E-1,-9.506452082487E-1,0.E0));
#6290=AXIS2_PLACEMENT_3D('',#6287,#6288,#6289);
#6291=PLANE('',#6290);
#6292=ORIENTED_EDGE('',*,*,#5521,.F.);
#6294=ORIENTED_EDGE('',*,*,#6293,.T.);
#6295=ORIENTED_EDGE('',*,*,#6209,.T.);
#6296=ORIENTED_EDGE('',*,*,#6280,.F.);
#6297=EDGE_LOOP('',(#6292,#6294,#6295,#6296));
#6298=FACE_OUTER_BOUND('',#6297,.F.);
#6300=CARTESIAN_POINT('',(8.25E-1,8.031914889812E-1,-4.5E0));
#6301=DIRECTION('',(0.E0,1.E0,0.E0));
#6302=DIRECTION('',(-1.E0,0.E0,0.E0));
#6303=AXIS2_PLACEMENT_3D('',#6300,#6301,#6302);
#6304=PLANE('',#6303);
#6305=ORIENTED_EDGE('',*,*,#5519,.F.);
#6307=ORIENTED_EDGE('',*,*,#6306,.T.);
#6308=ORIENTED_EDGE('',*,*,#6211,.T.);
#6309=ORIENTED_EDGE('',*,*,#6293,.F.);
#6310=EDGE_LOOP('',(#6305,#6307,#6308,#6309));
#6311=FACE_OUTER_BOUND('',#6310,.F.);
#6313=CARTESIAN_POINT('',(8.749999880791E-1,6.5E-1,-4.5E0));
#6314=DIRECTION('',(9.506452246141E-1,3.102799653834E-1,0.E0));
#6315=DIRECTION('',(-3.102799653834E-1,9.506452246141E-1,0.E0));
#6316=AXIS2_PLACEMENT_3D('',#6313,#6314,#6315);
#6317=PLANE('',#6316);
#6318=ORIENTED_EDGE('',*,*,#5517,.F.);
#6320=ORIENTED_EDGE('',*,*,#6319,.T.);
#6321=ORIENTED_EDGE('',*,*,#6213,.T.);
#6322=ORIENTED_EDGE('',*,*,#6306,.F.);
#6323=EDGE_LOOP('',(#6318,#6320,#6321,#6322));
#6324=FACE_OUTER_BOUND('',#6323,.F.);
#6326=CARTESIAN_POINT('',(9.499999880791E-1,6.5E-1,-4.5E0));
#6327=DIRECTION('',(0.E0,1.E0,0.E0));
#6328=DIRECTION('',(-1.E0,0.E0,0.E0));
#6329=AXIS2_PLACEMENT_3D('',#6326,#6327,#6328);
#6330=PLANE('',#6329);
#6331=ORIENTED_EDGE('',*,*,#5515,.F.);
#6332=ORIENTED_EDGE('',*,*,#6243,.T.);
#6333=ORIENTED_EDGE('',*,*,#6215,.T.);
#6334=ORIENTED_EDGE('',*,*,#6319,.F.);
#6335=EDGE_LOOP('',(#6331,#6332,#6333,#6334));
#6336=FACE_OUTER_BOUND('',#6335,.F.);
#6338=CARTESIAN_POINT('',(6.999999940395E-1,1.198936176300E0,-4.5E0));
#6339=DIRECTION('',(-9.506452136281E-1,3.102799990428E-1,0.E0));
#6340=DIRECTION('',(-3.102799990428E-1,-9.506452136281E-1,0.E0));
#6341=AXIS2_PLACEMENT_3D('',#6338,#6339,#6340);
#6342=PLANE('',#6341);
#6343=ORIENTED_EDGE('',*,*,#5531,.F.);
#6345=ORIENTED_EDGE('',*,*,#6344,.T.);
#6346=ORIENTED_EDGE('',*,*,#6225,.T.);
#6348=ORIENTED_EDGE('',*,*,#6347,.F.);
#6349=EDGE_LOOP('',(#6343,#6345,#6346,#6348));
#6350=FACE_OUTER_BOUND('',#6349,.F.);
#6352=CARTESIAN_POINT('',(8.125000119209E-1,8.542553126812E-1,-4.5E0));
#6353=DIRECTION('',(9.506451918075E-1,3.102800658973E-1,0.E0));
#6354=DIRECTION('',(-3.102800658973E-1,9.506451918075E-1,0.E0));
#6355=AXIS2_PLACEMENT_3D('',#6352,#6353,#6354);
#6356=PLANE('',#6355);
#6357=ORIENTED_EDGE('',*,*,#5535,.F.);
#6359=ORIENTED_EDGE('',*,*,#6358,.T.);
#6360=ORIENTED_EDGE('',*,*,#6227,.T.);
#6361=ORIENTED_EDGE('',*,*,#6344,.F.);
#6362=EDGE_LOOP('',(#6357,#6359,#6360,#6361));
#6363=FACE_OUTER_BOUND('',#6362,.F.);
#6365=CARTESIAN_POINT('',(5.875000029802E-1,8.542553126812E-1,-4.5E0));
#6366=DIRECTION('',(0.E0,-1.E0,0.E0));
#6367=DIRECTION('',(1.E0,0.E0,0.E0));
#6368=AXIS2_PLACEMENT_3D('',#6365,#6366,#6367);
#6369=PLANE('',#6368);
#6370=ORIENTED_EDGE('',*,*,#5533,.F.);
#6371=ORIENTED_EDGE('',*,*,#6347,.T.);
#6372=ORIENTED_EDGE('',*,*,#6229,.T.);
#6373=ORIENTED_EDGE('',*,*,#6358,.F.);
#6374=EDGE_LOOP('',(#6370,#6371,#6372,#6373));
#6375=FACE_OUTER_BOUND('',#6374,.F.);
#6377=CARTESIAN_POINT('',(5.E-1,-2.5E-1,-2.1E0));
#6378=DIRECTION('',(0.E0,-1.E0,0.E0));
#6379=DIRECTION('',(0.E0,0.E0,-1.E0));
#6380=AXIS2_PLACEMENT_3D('',#6377,#6378,#6379);
#6381=PLANE('',#6380);
#6382=ORIENTED_EDGE('',*,*,#5491,.F.);
#6383=ORIENTED_EDGE('',*,*,#5394,.F.);
#6385=ORIENTED_EDGE('',*,*,#6384,.T.);
#6386=ORIENTED_EDGE('',*,*,#5331,.T.);
#6387=EDGE_LOOP('',(#6382,#6383,#6385,#6386));
#6388=FACE_OUTER_BOUND('',#6387,.F.);
#6390=CARTESIAN_POINT('',(5.E-1,2.5E-1,-2.1E0));
#6391=DIRECTION('',(0.E0,0.E0,1.E0));
#6392=DIRECTION('',(0.E0,-1.E0,0.E0));
#6393=AXIS2_PLACEMENT_3D('',#6390,#6391,#6392);
#6394=PLANE('',#6393);
#6395=ORIENTED_EDGE('',*,*,#5392,.F.);
#6397=ORIENTED_EDGE('',*,*,#6396,.T.);
#6398=ORIENTED_EDGE('',*,*,#5333,.T.);
#6399=ORIENTED_EDGE('',*,*,#6384,.F.);
#6400=EDGE_LOOP('',(#6395,#6397,#6398,#6399));
#6401=FACE_OUTER_BOUND('',#6400,.F.);
#6403=CARTESIAN_POINT('',(5.E-1,2.5E-1,-4.5E0));
#6404=DIRECTION('',(0.E0,1.E0,0.E0));
#6405=DIRECTION('',(0.E0,0.E0,1.E0));
#6406=AXIS2_PLACEMENT_3D('',#6403,#6404,#6405);
#6407=PLANE('',#6406);
#6408=ORIENTED_EDGE('',*,*,#5494,.T.);
#6409=ORIENTED_EDGE('',*,*,#5335,.T.);
#6410=ORIENTED_EDGE('',*,*,#6396,.F.);
#6411=ORIENTED_EDGE('',*,*,#5390,.F.);
#6412=EDGE_LOOP('',(#6408,#6409,#6410,#6411));
#6413=FACE_OUTER_BOUND('',#6412,.F.);
#6415=CARTESIAN_POINT('',(-1.E0,-2.5E-1,-2.1E0));
#6416=DIRECTION('',(0.E0,-1.E0,0.E0));
#6417=DIRECTION('',(0.E0,0.E0,-1.E0));
#6418=AXIS2_PLACEMENT_3D('',#6415,#6416,#6417);
#6419=PLANE('',#6418);
#6420=ORIENTED_EDGE('',*,*,#5499,.F.);
#6421=ORIENTED_EDGE('',*,*,#3705,.F.);
#6423=ORIENTED_EDGE('',*,*,#6422,.T.);
#6425=ORIENTED_EDGE('',*,*,#6424,.T.);
#6426=EDGE_LOOP('',(#6420,#6421,#6423,#6425));
#6427=FACE_OUTER_BOUND('',#6426,.F.);
#6429=CARTESIAN_POINT('',(-1.E0,2.5E-1,-2.1E0));
#6430=DIRECTION('',(0.E0,0.E0,1.E0));
#6431=DIRECTION('',(0.E0,-1.E0,0.E0));
#6432=AXIS2_PLACEMENT_3D('',#6429,#6430,#6431);
#6433=PLANE('',#6432);
#6434=ORIENTED_EDGE('',*,*,#3703,.F.);
#6436=ORIENTED_EDGE('',*,*,#6435,.T.);
#6438=ORIENTED_EDGE('',*,*,#6437,.T.);
#6439=ORIENTED_EDGE('',*,*,#6422,.F.);
#6440=EDGE_LOOP('',(#6434,#6436,#6438,#6439));
#6441=FACE_OUTER_BOUND('',#6440,.F.);
#6443=CARTESIAN_POINT('',(-1.E0,2.5E-1,-4.5E0));
#6444=DIRECTION('',(0.E0,1.E0,0.E0));
#6445=DIRECTION('',(0.E0,0.E0,1.E0));
#6446=AXIS2_PLACEMENT_3D('',#6443,#6444,#6445);
#6447=PLANE('',#6446);
#6448=ORIENTED_EDGE('',*,*,#5503,.T.);
#6450=ORIENTED_EDGE('',*,*,#6449,.T.);
#6451=ORIENTED_EDGE('',*,*,#6435,.F.);
#6452=ORIENTED_EDGE('',*,*,#3701,.F.);
#6453=EDGE_LOOP('',(#6448,#6450,#6451,#6452));
#6454=FACE_OUTER_BOUND('',#6453,.F.);
#6456=CARTESIAN_POINT('',(-5.E-1,0.E0,0.E0));
#6457=DIRECTION('',(1.E0,0.E0,0.E0));
#6458=DIRECTION('',(0.E0,0.E0,-1.E0));
#6459=AXIS2_PLACEMENT_3D('',#6456,#6457,#6458);
#6460=PLANE('',#6459);
#6461=ORIENTED_EDGE('',*,*,#3730,.T.);
#6462=ORIENTED_EDGE('',*,*,#3776,.F.);
#6463=ORIENTED_EDGE('',*,*,#3789,.F.);
#6464=ORIENTED_EDGE('',*,*,#3803,.F.);
#6465=ORIENTED_EDGE('',*,*,#3816,.F.);
#6466=ORIENTED_EDGE('',*,*,#3843,.F.);
#6467=EDGE_LOOP('',(#6461,#6462,#6463,#6464,#6465,#6466));
#6468=FACE_OUTER_BOUND('',#6467,.F.);
#6470=CARTESIAN_POINT('',(-5.E-1,0.E0,0.E0));
#6471=DIRECTION('',(1.E0,0.E0,0.E0));
#6472=DIRECTION('',(0.E0,0.E0,-1.E0));
#6473=AXIS2_PLACEMENT_3D('',#6470,#6471,#6472);
#6474=PLANE('',#6473);
#6475=ORIENTED_EDGE('',*,*,#5501,.F.);
#6476=ORIENTED_EDGE('',*,*,#6424,.F.);
#6477=ORIENTED_EDGE('',*,*,#6437,.F.);
#6478=ORIENTED_EDGE('',*,*,#6449,.F.);
#6479=EDGE_LOOP('',(#6475,#6476,#6477,#6478));
#6480=FACE_OUTER_BOUND('',#6479,.F.);
#6482=CARTESIAN_POINT('',(-5.E-1,0.E0,0.E0));
#6483=DIRECTION('',(1.E0,0.E0,0.E0));
#6484=DIRECTION('',(0.E0,0.E0,-1.E0));
#6485=AXIS2_PLACEMENT_3D('',#6482,#6483,#6484);
#6486=PLANE('',#6485);
#6487=ORIENTED_EDGE('',*,*,#3667,.F.);
#6488=ORIENTED_EDGE('',*,*,#3627,.F.);
#6490=ORIENTED_EDGE('',*,*,#6489,.F.);
#6491=EDGE_LOOP('',(#6487,#6488,#6490));
#6492=FACE_OUTER_BOUND('',#6491,.F.);
#6494=CARTESIAN_POINT('',(-1.E0,-3.5E-1,-6.65E0));
#6495=DIRECTION('',(1.E0,0.E0,0.E0));
#6496=DIRECTION('',(0.E0,0.E0,-1.E0));
#6497=AXIS2_PLACEMENT_3D('',#6494,#6495,#6496);
#6498=CYLINDRICAL_SURFACE('',#6497,6.E-1);
#6499=ORIENTED_EDGE('',*,*,#3669,.T.);
#6500=ORIENTED_EDGE('',*,*,#6489,.T.);
#6501=ORIENTED_EDGE('',*,*,#3625,.F.);
#6502=ORIENTED_EDGE('',*,*,#3716,.F.);
#6503=EDGE_LOOP('',(#6499,#6500,#6501,#6502));
#6504=FACE_OUTER_BOUND('',#6503,.F.);
#6506=CARTESIAN_POINT('',(5.E-1,-3.5E-1,-6.65E0));
#6507=DIRECTION('',(1.E0,0.E0,0.E0));
#6508=DIRECTION('',(0.E0,0.E0,-1.E0));
#6509=AXIS2_PLACEMENT_3D('',#6506,#6507,#6508);
#6510=CYLINDRICAL_SURFACE('',#6509,6.E-1);
#6511=ORIENTED_EDGE('',*,*,#3662,.T.);
#6512=ORIENTED_EDGE('',*,*,#5347,.T.);
#6513=ORIENTED_EDGE('',*,*,#3633,.F.);
#6514=ORIENTED_EDGE('',*,*,#5405,.F.);
#6515=EDGE_LOOP('',(#6511,#6512,#6513,#6514));
#6516=FACE_OUTER_BOUND('',#6515,.F.);
#6518=CARTESIAN_POINT('',(2.4E0,1.2E0,0.E0));
#6519=DIRECTION('',(1.E0,0.E0,0.E0));
#6520=DIRECTION('',(0.E0,1.E0,0.E0));
#6521=AXIS2_PLACEMENT_3D('',#6518,#6519,#6520);
#6522=PLANE('',#6521);
#6523=ORIENTED_EDGE('',*,*,#3425,.F.);
#6524=ORIENTED_EDGE('',*,*,#3443,.F.);
#6525=ORIENTED_EDGE('',*,*,#3247,.T.);
#6527=ORIENTED_EDGE('',*,*,#6526,.T.);
#6528=EDGE_LOOP('',(#6523,#6524,#6525,#6527));
#6529=FACE_OUTER_BOUND('',#6528,.F.);
#6531=CARTESIAN_POINT('',(2.4E0,2.6E0,0.E0));
#6532=DIRECTION('',(0.E0,-1.E0,0.E0));
#6533=DIRECTION('',(1.E0,0.E0,0.E0));
#6534=AXIS2_PLACEMENT_3D('',#6531,#6532,#6533);
#6535=PLANE('',#6534);
#6536=ORIENTED_EDGE('',*,*,#3427,.F.);
#6537=ORIENTED_EDGE('',*,*,#6526,.F.);
#6538=ORIENTED_EDGE('',*,*,#3245,.T.);
#6540=ORIENTED_EDGE('',*,*,#6539,.T.);
#6541=EDGE_LOOP('',(#6536,#6537,#6538,#6540));
#6542=FACE_OUTER_BOUND('',#6541,.F.);
#6544=CARTESIAN_POINT('',(2.55E0,2.6E0,0.E0));
#6545=DIRECTION('',(1.E0,0.E0,0.E0));
#6546=DIRECTION('',(0.E0,1.E0,0.E0));
#6547=AXIS2_PLACEMENT_3D('',#6544,#6545,#6546);
#6548=PLANE('',#6547);
#6549=ORIENTED_EDGE('',*,*,#3429,.F.);
#6550=ORIENTED_EDGE('',*,*,#6539,.F.);
#6551=ORIENTED_EDGE('',*,*,#3243,.T.);
#6552=ORIENTED_EDGE('',*,*,#3377,.T.);
#6553=EDGE_LOOP('',(#6549,#6550,#6551,#6552));
#6554=FACE_OUTER_BOUND('',#6553,.F.);
#6556=CLOSED_SHELL('',(#3319,#3334,#3348,#3362,#3382,#3394,#3408,#3434,#3452,
#3469,#3489,#3509,#3529,#3549,#3575,#3596,#3615,#3645,#3673,#3693,#3709,#3721,
#3766,#3780,#3794,#3808,#3822,#3848,#3861,#3874,#3887,#3925,#3966,#3979,#3992,
#4004,#4021,#4039,#4057,#4103,#4126,#4150,#4165,#4183,#4198,#4215,#4235,#4259,
#4271,#4287,#4302,#4317,#4335,#4354,#4370,#4382,#4396,#4425,#4439,#4452,#4464,
#4477,#4490,#4504,#4516,#4530,#4543,#4555,#4569,#4582,#4595,#4609,#4621,#4635,
#4649,#4661,#4676,#4693,#4707,#4723,#4736,#4767,#4783,#4828,#4843,#4860,#4877,
#4895,#4913,#4928,#4941,#4954,#4967,#4981,#4994,#5012,#5029,#5045,#5058,#5070,
#5091,#5106,#5119,#5131,#5149,#5162,#5175,#5188,#5203,#5218,#5231,#5244,#5257,
#5269,#5281,#5293,#5305,#5323,#5339,#5351,#5365,#5382,#5398,#5410,#5423,#5436,
#5448,#5507,#5539,#5554,#5575,#5590,#5608,#5622,#5637,#5656,#5669,#5683,#5697,
#5712,#5727,#5741,#5765,#5778,#5792,#5811,#5825,#5837,#5851,#5865,#5879,#5891,
#5903,#5917,#5934,#5947,#5964,#5981,#5995,#6009,#6022,#6038,#6052,#6066,#6079,
#6094,#6107,#6120,#6133,#6148,#6162,#6176,#6189,#6219,#6233,#6247,#6260,#6273,
#6286,#6299,#6312,#6325,#6337,#6351,#6364,#6376,#6389,#6402,#6414,#6428,#6442,
#6455,#6469,#6481,#6493,#6505,#6517,#6530,#6543,#6555));
#6557=MANIFOLD_SOLID_BREP('',#6556);
#6560=PLANE_ANGLE_MEASURE_WITH_UNIT(PLANE_ANGLE_MEASURE(1.745329251994E-2),
#6559);
#6561=(CONVERSION_BASED_UNIT('DEGREE',#6560)NAMED_UNIT(*)PLANE_ANGLE_UNIT());
#6563=UNCERTAINTY_MEASURE_WITH_UNIT(LENGTH_MEASURE(1.405299612595E-3),#6558,
'distance_accuracy_value',
'Maximum model space distance between geometric entities at asserted connectivities');
#6566=APPLICATION_CONTEXT('automotive_design');
#6567=APPLICATION_PROTOCOL_DEFINITION('international standard',
'automotive_design',2001,#6566);
#6568=PRODUCT_DEFINITION_CONTEXT('part definition',#6566,'design');
#6569=PRODUCT_CONTEXT('',#6566,'mechanical');
#6570=PRODUCT('C-292228-2','C-292228-2','NOT SPECIFIED',(#6569));
#6571=PRODUCT_DEFINITION_FORMATION('1','LAST_VERSION',#6570);
#6579=DERIVED_UNIT_ELEMENT(#6578,2.E0);
#6580=DERIVED_UNIT((#6579));
#6581=MEASURE_REPRESENTATION_ITEM('surface area measure',AREA_MEASURE(
3.784826286570E2),#6580);
#6586=DERIVED_UNIT_ELEMENT(#6585,3.E0);
#6587=DERIVED_UNIT((#6586));
#6588=MEASURE_REPRESENTATION_ITEM('volume measure',VOLUME_MEASURE(
1.343548783498E2),#6587);
#6592=CARTESIAN_POINT('centre point',(-2.304276064724E-2,2.849282316593E-1,
-3.855180257577E0));
#6597=DERIVED_UNIT_ELEMENT(#6596,2.E0);
#6598=DERIVED_UNIT((#6597));
#6599=MEASURE_REPRESENTATION_ITEM('surface area measure',AREA_MEASURE(
3.784826286570E2),#6598);
#6604=DERIVED_UNIT_ELEMENT(#6603,3.E0);
#6605=DERIVED_UNIT((#6604));
#6606=MEASURE_REPRESENTATION_ITEM('volume measure',VOLUME_MEASURE(
1.343548783498E2),#6605);
#6610=CARTESIAN_POINT('centre point',(-2.304276064724E-2,2.849282316593E-1,
-3.855180257577E0));
#6615=PRODUCT_RELATED_PRODUCT_CATEGORY('part','',(#6570));
#6617=GENERAL_PROPERTY('','PART_NO','user defined attribute');
#6618=GENERAL_PROPERTY_ASSOCIATION('user defined attribute','',#6617,#6616);
#6619=DESCRIPTIVE_REPRESENTATION_ITEM('PART_NO','292228');
#6623=GENERAL_PROPERTY('','DWG_TITLE','user defined attribute');
#6624=GENERAL_PROPERTY_ASSOCIATION('user defined attribute','',#6623,#6622);
#6625=DESCRIPTIVE_REPRESENTATION_ITEM('DWG_TITLE',
'AMP Mini CT Connector 1.5mm PITCH SINGLE ROW POST HDR ASS''Y (H)');
#6629=GENERAL_PROPERTY('','DWG_TITLE_2','user defined attribute');
#6630=GENERAL_PROPERTY_ASSOCIATION('user defined attribute','',#6629,#6628);
#6631=DESCRIPTIVE_REPRESENTATION_ITEM('DWG_TITLE_2',
'SMT TYPE WITHOUT BOSS, EMBOSS TAPE PACKAGED');
#6635=GENERAL_PROPERTY('','DESC','user defined attribute');
#6636=GENERAL_PROPERTY_ASSOCIATION('user defined attribute','',#6635,#6634);
#6637=DESCRIPTIVE_REPRESENTATION_ITEM('DESC',
'AMP Mini CT Connector 1.5mm PITCH SINGLE ROW POST HDR ASS''Y (H) SMT TYPE WITHOUT');
#6641=GENERAL_PROPERTY('','DOC_STATUS','user defined attribute');
#6642=GENERAL_PROPERTY_ASSOCIATION('user defined attribute','',#6641,#6640);
#6643=DESCRIPTIVE_REPRESENTATION_ITEM('DOC_STATUS','Active');
#6647=GENERAL_PROPERTY('','MOD_NUM','user defined attribute');
#6648=GENERAL_PROPERTY_ASSOCIATION('user defined attribute','',#6647,#6646);
#6649=DESCRIPTIVE_REPRESENTATION_ITEM('MOD_NUM','MOD60716');
#6653=GENERAL_PROPERTY('','PROI_CREATED_BY','user defined attribute');
#6654=GENERAL_PROPERTY_ASSOCIATION('user defined attribute','',#6653,#6652);
#6655=DESCRIPTIVE_REPRESENTATION_ITEM('PROI_CREATED_BY','');
#6659=GENERAL_PROPERTY('','PROI_CREATED_ON','user defined attribute');
#6660=GENERAL_PROPERTY_ASSOCIATION('user defined attribute','',#6659,#6658);
#6661=DESCRIPTIVE_REPRESENTATION_ITEM('PROI_CREATED_ON',
'05/11/2006 12:55:37 PM');
#6665=GENERAL_PROPERTY('','PROI_LOCATION','user defined attribute');
#6666=GENERAL_PROPERTY_ASSOCIATION('user defined attribute','',#6665,#6664);
#6667=DESCRIPTIVE_REPRESENTATION_ITEM('PROI_LOCATION',
'Root Folder/EMCS MOD SVCS/GPL-398');
#6671=GENERAL_PROPERTY('','PTC_COMMON_NAME','user defined attribute');
#6672=GENERAL_PROPERTY_ASSOCIATION('user defined attribute','',#6671,#6670);
#6673=DESCRIPTIVE_REPRESENTATION_ITEM('PTC_COMMON_NAME','c-292228-2.prt');
#6677=GENERAL_PROPERTY('','PTC_ORGANIZATION_ID','user defined attribute');
#6678=GENERAL_PROPERTY_ASSOCIATION('user defined attribute','',#6677,#6676);
#6679=DESCRIPTIVE_REPRESENTATION_ITEM('PTC_ORGANIZATION_ID','TE');
#6683=GENERAL_PROPERTY('','PTC_WM_REVISION','user defined attribute');
#6684=GENERAL_PROPERTY_ASSOCIATION('user defined attribute','',#6683,#6682);
#6685=DESCRIPTIVE_REPRESENTATION_ITEM('PTC_WM_REVISION','A');
#6689=GENERAL_PROPERTY('','PTC_WM_ITERATION','user defined attribute');
#6690=GENERAL_PROPERTY_ASSOCIATION('user defined attribute','',#6689,#6688);
#6691=DESCRIPTIVE_REPRESENTATION_ITEM('PTC_WM_ITERATION','0');
#6695=GENERAL_PROPERTY('','PTC_WM_VERSION','user defined attribute');
#6696=GENERAL_PROPERTY_ASSOCIATION('user defined attribute','',#6695,#6694);
#6697=DESCRIPTIVE_REPRESENTATION_ITEM('PTC_WM_VERSION','A.0');
#6701=GENERAL_PROPERTY('','PTC_WM_LIFECYCLE_STATE','user defined attribute');
#6702=GENERAL_PROPERTY_ASSOCIATION('user defined attribute','',#6701,#6700);
#6703=DESCRIPTIVE_REPRESENTATION_ITEM('PTC_WM_LIFECYCLE_STATE','Concept');
#6707=GENERAL_PROPERTY('','PTC_WM_LIFECYCLE','user defined attribute');
#6708=GENERAL_PROPERTY_ASSOCIATION('user defined attribute','',#6707,#6706);
#6709=DESCRIPTIVE_REPRESENTATION_ITEM('PTC_WM_LIFECYCLE',
'TE Standard Lifecycle - Restricted Access');
#6713=GENERAL_PROPERTY('','PTC_WM_LOCATION','user defined attribute');
#6714=GENERAL_PROPERTY_ASSOCIATION('user defined attribute','',#6713,#6712);
#6715=DESCRIPTIVE_REPRESENTATION_ITEM('PTC_WM_LOCATION',
'/Libraries/CVM Library/Documentation/GPL-398');
#6719=GENERAL_PROPERTY('','PTC_WM_CREATED_BY','user defined attribute');
#6720=GENERAL_PROPERTY_ASSOCIATION('user defined attribute','',#6719,#6718);
#6721=DESCRIPTIVE_REPRESENTATION_ITEM('PTC_WM_CREATED_BY','US054997,');
#6725=GENERAL_PROPERTY('','PTC_WM_CREATED_ON','user defined attribute');
#6726=GENERAL_PROPERTY_ASSOCIATION('user defined attribute','',#6725,#6724);
#6727=DESCRIPTIVE_REPRESENTATION_ITEM('PTC_WM_CREATED_ON',
'11-May-06 10:27:40 PM');
#6731=GENERAL_PROPERTY('','PTC_WM_MODIFIED_BY','user defined attribute');
#6732=GENERAL_PROPERTY_ASSOCIATION('user defined attribute','',#6731,#6730);
#6733=DESCRIPTIVE_REPRESENTATION_ITEM('PTC_WM_MODIFIED_BY','US054997,');
#6737=GENERAL_PROPERTY('','PTC_WM_MODIFIED_ON','user defined attribute');
#6738=GENERAL_PROPERTY_ASSOCIATION('user defined attribute','',#6737,#6736);
#6739=DESCRIPTIVE_REPRESENTATION_ITEM('PTC_WM_MODIFIED_ON',
'11-May-06 10:27:40 PM');
#6743=GENERAL_PROPERTY('','PTC_WM_TEAM','user defined attribute');
#6744=GENERAL_PROPERTY_ASSOCIATION('user defined attribute','',#6743,#6742);
#6745=DESCRIPTIVE_REPRESENTATION_ITEM('PTC_WM_TEAM','Default');
#6749=GENERAL_PROPERTY('','DOC_NUMBER','user defined attribute');
#6750=GENERAL_PROPERTY_ASSOCIATION('user defined attribute','',#6749,#6748);
#6751=DESCRIPTIVE_REPRESENTATION_ITEM('DOC_NUMBER','g-0292210-00-3.prt');
#6755=GENERAL_PROPERTY('','EXPORT_RESTRICTED','user defined attribute');
#6756=GENERAL_PROPERTY_ASSOCIATION('user defined attribute','',#6755,#6754);
#6757=DESCRIPTIVE_REPRESENTATION_ITEM('EXPORT_RESTRICTED','NULL');
#6761=GENERAL_PROPERTY('','PART_REV','user defined attribute');
#6762=GENERAL_PROPERTY_ASSOCIATION('user defined attribute','',#6761,#6760);
#6763=DESCRIPTIVE_REPRESENTATION_ITEM('PART_REV','A1');
#6767=GENERAL_PROPERTY('','COMMENTS','user defined attribute');
#6768=GENERAL_PROPERTY_ASSOCIATION('user defined attribute','',#6767,#6766);
#6769=DESCRIPTIVE_REPRESENTATION_ITEM('COMMENTS','-');
#1=DRAUGHTING_PRE_DEFINED_COLOUR('black');
#2=COLOUR_RGB('',0.E0,0.E0,3.6E-1);
#3=COLOUR_RGB('',0.E0,0.E0,4.8E-1);
#4=DRAUGHTING_PRE_DEFINED_COLOUR('blue');
#5=COLOUR_RGB('',0.E0,5.8824E-2,4.58824E-1);
#6=COLOUR_RGB('',0.E0,1.80392E-1,4.78431E-1);
#7=COLOUR_RGB('',0.E0,3.6E-1,9.E-2);
#8=COLOUR_RGB('',0.E0,3.6E-1,2.7E-1);
#9=COLOUR_RGB('',0.E0,5.6E-1,6.4E-1);
#10=COLOUR_RGB('',0.E0,5.8E-1,8.E-1);
#11=COLOUR_RGB('',0.E0,7.1E-1,6.6E-1);
#12=COLOUR_RGB('',0.E0,7.13E-1,0.E0);
#13=COLOUR_RGB('',0.E0,9.5E-1,8.4E-1);
#14=DRAUGHTING_PRE_DEFINED_COLOUR('green');
#15=DRAUGHTING_PRE_DEFINED_COLOUR('cyan');
#16=COLOUR_RGB('',1.1765E-2,1.9608E-2,3.9216E-2);
#17=COLOUR_RGB('',4.E-2,0.E0,1.6E-1);
#18=COLOUR_RGB('',3.9216E-2,2.19608E-1,1.21569E-1);
#19=COLOUR_RGB('',3.9216E-2,3.60784E-1,2.E-1);
#20=COLOUR_RGB('',5.098E-2,7.0588E-2,1.01961E-1);
#21=COLOUR_RGB('',9.E-2,0.E0,1.2E-1);
#22=COLOUR_RGB('',9.0196E-2,1.60784E-1,1.09804E-1);
#23=COLOUR_RGB('',9.0196E-2,3.80392E-1,6.70588E-1);
#24=COLOUR_RGB('',1.E-1,0.E0,2.5E-1);
#25=COLOUR_RGB('',1.01961E-1,4.78431E-1,3.88235E-1);
#26=COLOUR_RGB('',1.09804E-1,1.4902E-1,9.0196E-2);
#27=COLOUR_RGB('',1.4902E-1,3.09804E-1,5.29412E-1);
#28=COLOUR_RGB('',1.4902E-1,4.E-1,1.60784E-1);
#29=COLOUR_RGB('',1.6E-1,3.2E-2,0.E0);
#30=COLOUR_RGB('',1.60784E-1,4.5098E-1,7.21569E-1);
#31=COLOUR_RGB('',1.6E-1,4.6E-1,6.5E-1);
#32=COLOUR_RGB('',1.6E-1,1.E0,1.6E-1);
#33=COLOUR_RGB('',2.E-1,3.2E-2,0.E0);
#34=COLOUR_RGB('',2.11765E-1,4.11765E-1,1.4902E-1);
#35=COLOUR_RGB('',2.39216E-1,2.39216E-1,2.31373E-1);
#36=COLOUR_RGB('',2.39216E-1,2.70588E-1,1.80392E-1);
#37=COLOUR_RGB('',2.5098E-1,2.90196E-1,3.29412E-1);
#38=COLOUR_RGB('',2.90196E-1,4.31373E-1,2.E-1);
#39=COLOUR_RGB('',3.1E-1,3.1E-1,5.6E-1);
#40=COLOUR_RGB('',3.09804E-1,6.58824E-1,2.E-1);
#41=COLOUR_RGB('',3.2E-1,1.5E-1,0.E0);
#42=COLOUR_RGB('',3.60784E-1,3.1373E-2,1.68627E-1);
#43=COLOUR_RGB('',3.68627E-1,2.E-1,1.21569E-1);
#44=COLOUR_RGB('',3.88235E-1,2.39216E-1,6.11765E-1);
#45=COLOUR_RGB('',4.E-1,4.E-1,4.E-1);
#46=COLOUR_RGB('',4.11765E-1,5.8824E-2,7.8431E-2);
#47=COLOUR_RGB('',4.11765E-1,3.29412E-1,2.19608E-1);
#48=COLOUR_RGB('',4.2E-1,4.2E-1,1.E0);
#49=COLOUR_RGB('',4.4E-1,8.5E-1,1.E0);
#50=COLOUR_RGB('',4.58824E-1,4.5098E-1,3.09804E-1);
#51=COLOUR_RGB('',4.70588E-1,5.09804E-1,5.4902E-1);
#52=COLOUR_RGB('',4.78431E-1,4.90196E-1,4.58824E-1);
#53=COLOUR_RGB('',4.90196E-1,3.60784E-1,2.19608E-1);
#54=COLOUR_RGB('',4.9E-1,4.9E-1,0.E0);
#55=COLOUR_RGB('',4.9E-1,1.E0,0.E0);
#56=COLOUR_RGB('',5.E-1,0.E0,0.E0);
#57=COLOUR_RGB('',5.E-1,0.E0,2.3E-1);
#58=COLOUR_RGB('',5.E-1,5.E-1,5.E-1);
#59=COLOUR_RGB('',5.21569E-1,2.19608E-1,1.68627E-1);
#60=COLOUR_RGB('',5.3E-1,0.E0,0.E0);
#61=COLOUR_RGB('',5.29412E-1,5.80392E-1,6.5098E-1);
#62=COLOUR_RGB('',5.4E-1,0.E0,4.4E-1);
#63=COLOUR_RGB('',5.5E-1,3.E-1,0.E0);
#64=COLOUR_RGB('',5.6E-1,1.E-1,5.E-2);
#65=COLOUR_RGB('',5.60784E-1,5.80392E-1,6.19608E-1);
#66=COLOUR_RGB('',5.68627E-1,5.8824E-2,4.E-1);
#67=COLOUR_RGB('',5.8E-1,2.2E-1,1.E-2);
#68=COLOUR_RGB('',5.88235E-1,1.21569E-1,1.09804E-1);
#69=COLOUR_RGB('',6.E-1,6.E-1,6.E-1);
#70=COLOUR_RGB('',6.11765E-1,5.60784E-1,3.80392E-1);
#71=COLOUR_RGB('',6.11765E-1,6.11765E-1,6.5098E-1);
#72=COLOUR_RGB('',6.2E-1,0.E0,5.5E-1);
#73=COLOUR_RGB('',6.19608E-1,6.39216E-1,6.90196E-1);
#74=COLOUR_RGB('',6.35294E-1,6.86275E-1,7.4902E-1);
#75=COLOUR_RGB('',6.4E-1,0.E0,2.5E-1);
#76=COLOUR_RGB('',6.4E-1,1.E-2,0.E0);
#77=COLOUR_RGB('',6.39216E-1,5.4902E-1,4.78431E-1);
#78=COLOUR_RGB('',6.5098E-1,6.70588E-1,7.09804E-1);
#79=COLOUR_RGB('',6.70588E-1,1.21569E-1,1.09804E-1);
#80=COLOUR_RGB('',6.78431E-1,4.78431E-1,3.09804E-1);
#81=COLOUR_RGB('',6.8E-1,7.5E-1,1.E0);
#82=COLOUR_RGB('',7.09804E-1,7.0588E-2,2.E-1);
#83=COLOUR_RGB('',7.1E-1,3.1E-1,0.E0);
#84=COLOUR_RGB('',7.2E-1,7.2E-1,7.2E-1);
#85=COLOUR_RGB('',7.29412E-1,7.41176E-1,7.29412E-1);
#86=COLOUR_RGB('',7.41176E-1,7.29412E-1,6.70588E-1);
#87=COLOUR_RGB('',7.4E-1,1.E0,2.6E-1);
#88=COLOUR_RGB('',7.5E-1,3.E-2,0.E0);
#89=COLOUR_RGB('',7.4902E-1,8.90196E-1,7.29412E-1);
#90=COLOUR_RGB('',7.6E-1,0.E0,4.7E-1);
#91=COLOUR_RGB('',7.80392E-1,9.0196E-2,7.0588E-2);
#92=COLOUR_RGB('',7.88235E-1,2.19608E-1,5.4902E-1);
#93=COLOUR_RGB('',8.1E-1,4.E-2,0.E0);
#94=COLOUR_RGB('',8.1E-1,6.1E-1,0.E0);
#95=COLOUR_RGB('',8.2E-1,4.E-2,6.6E-1);
#96=COLOUR_RGB('',8.31373E-1,8.5098E-1,8.58824E-1);
#97=COLOUR_RGB('',8.5098E-1,7.29412E-1,5.4902E-1);
#98=COLOUR_RGB('',8.5E-1,8.5E-1,8.5E-1);
#99=COLOUR_RGB('',8.78431E-1,3.68627E-1,1.21569E-1);
#100=COLOUR_RGB('',8.784E-1,9.49E-1,1.E0);
#101=COLOUR_RGB('',8.90196E-1,5.88235E-1,1.41176E-1);
#102=COLOUR_RGB('',9.E-1,1.E0,0.E0);
#103=COLOUR_RGB('',9.09804E-1,6.11765E-1,7.09804E-1);
#104=COLOUR_RGB('',9.37E-1,7.85E-1,0.E0);
#105=COLOUR_RGB('',9.41176E-1,9.29412E-1,9.01961E-1);
#106=COLOUR_RGB('',9.5E-1,2.2E-1,8.1E-1);
#107=COLOUR_RGB('',9.6E-1,3.7E-1,3.E-1);
#108=COLOUR_RGB('',9.6E-1,7.1E-1,3.75E-1);
#109=COLOUR_RGB('',9.80392E-1,1.E0,1.E0);
#110=COLOUR_RGB('',9.88235E-1,1.09804E-1,7.8431E-2);
#111=COLOUR_RGB('',9.88235E-1,7.21569E-1,1.29412E-1);
#112=COLOUR_RGB('',9.88235E-1,9.21569E-1,8.E-1);
#113=DRAUGHTING_PRE_DEFINED_COLOUR('red');
#114=COLOUR_RGB('',1.E0,0.E0,6.1E-1);
#115=COLOUR_RGB('',1.E0,4.E-2,0.E0);
#116=COLOUR_RGB('',1.E0,2.3E-1,0.E0);
#117=COLOUR_RGB('',1.E0,3.5E-1,5.2E-1);
#118=COLOUR_RGB('',1.E0,3.6E-1,0.E0);
#119=COLOUR_RGB('',1.E0,3.88235E-1,2.11765E-1);
#120=COLOUR_RGB('',1.E0,4.9E-1,3.7E-1);
#121=COLOUR_RGB('',1.E0,5.E-1,0.E0);
#122=COLOUR_RGB('',1.E0,5.6E-1,7.8E-1);
#123=COLOUR_RGB('',1.E0,6.4E-1,4.9E-1);
#124=COLOUR_RGB('',1.E0,6.7E-1,0.E0);
#125=COLOUR_RGB('',1.E0,7.6E-1,6.5E-1);
#126=COLOUR_RGB('',1.E0,8.39216E-1,3.01961E-1);
#127=COLOUR_RGB('',1.E0,8.6E-1,4.E-2);
#128=COLOUR_RGB('',1.E0,9.60784E-1,2.58824E-1);
#129=COLOUR_RGB('',1.E0,9.60784E-1,8.90196E-1);
#130=COLOUR_RGB('',1.E0,9.8E-1,7.2E-1);
#131=DRAUGHTING_PRE_DEFINED_COLOUR('yellow');
#132=COLOUR_RGB('',1.E0,1.E0,3.9216E-2);
#133=DRAUGHTING_PRE_DEFINED_COLOUR('white');
#526=CIRCLE('',#525,6.E-1);
#555=CIRCLE('',#554,6.E-1);
#852=CIRCLE('',#851,2.E-1);
#865=CIRCLE('',#864,1.E-1);
#874=CIRCLE('',#873,1.E-1);
#883=CIRCLE('',#882,1.E-1);
#892=CIRCLE('',#891,1.E-1);
#905=CIRCLE('',#904,2.E-1);
#922=CIRCLE('',#921,2.E-1);
#939=CIRCLE('',#938,4.5E-1);
#956=CIRCLE('',#955,4.5E-1);
#973=CIRCLE('',#972,2.E-1);
#1014=CIRCLE('',#1013,4.5E-1);
#1031=CIRCLE('',#1030,2.E-1);
#1048=CIRCLE('',#1047,2.E-1);
#1065=CIRCLE('',#1064,4.5E-1);
#1094=CIRCLE('',#1093,1.E-1);
#1099=CIRCLE('',#1098,1.E-1);
#1124=CIRCLE('',#1123,2.E-1);
#1133=CIRCLE('',#1132,2.E-1);
#1162=CIRCLE('',#1161,2.E-1);
#1171=CIRCLE('',#1170,1.E-1);
#1180=CIRCLE('',#1179,1.E-1);
#1189=CIRCLE('',#1188,2.E-1);
#1310=CIRCLE('',#1309,2.E-1);
#1319=CIRCLE('',#1318,1.E-1);
#1328=CIRCLE('',#1327,1.E-1);
#1337=CIRCLE('',#1336,2.E-1);
#1346=CIRCLE('',#1345,2.E-1);
#1359=CIRCLE('',#1358,1.E-1);
#1368=CIRCLE('',#1367,1.E-1);
#1377=CIRCLE('',#1376,1.E-1);
#1386=CIRCLE('',#1385,1.E-1);
#1399=CIRCLE('',#1398,2.E-1);
#1412=CIRCLE('',#1411,1.E-1);
#1421=CIRCLE('',#1420,1.E-1);
#1442=CIRCLE('',#1441,2.E-1);
#1451=CIRCLE('',#1450,2.E-1);
#1704=CIRCLE('',#1703,6.E-1);
#1725=CIRCLE('',#1724,6.E-1);
#1734=CIRCLE('',#1733,6.E-1);
#1763=CIRCLE('',#1762,6.E-1);
#1904=CIRCLE('',#1903,1.E-1);
#2046=B_SPLINE_CURVE_WITH_KNOTS('',3,(#2037,#2038,#2039,#2040,#2041,#2042,#2043,
#2044,#2045),.UNSPECIFIED.,.F.,.F.,(4,1,1,1,1,1,4),(0.E0,1.666666666667E-1,
3.333333333333E-1,5.E-1,6.666666666667E-1,8.333333333333E-1,1.E0),
.UNSPECIFIED.);
#2056=B_SPLINE_CURVE_WITH_KNOTS('',3,(#2047,#2048,#2049,#2050,#2051,#2052,#2053,
#2054,#2055),.UNSPECIFIED.,.F.,.F.,(4,1,1,1,1,1,4),(0.E0,1.666666666667E-1,
3.333333333333E-1,5.E-1,6.666666666667E-1,8.333333333333E-1,1.E0),
.UNSPECIFIED.);
#2061=CIRCLE('',#2060,1.E-1);
#2215=B_SPLINE_CURVE_WITH_KNOTS('',3,(#2206,#2207,#2208,#2209,#2210,#2211,#2212,
#2213,#2214),.UNSPECIFIED.,.F.,.F.,(4,1,1,1,1,1,4),(0.E0,1.666666666667E-1,
3.333333333333E-1,5.E-1,6.666666666667E-1,8.333333333333E-1,1.E0),
.UNSPECIFIED.);
#2220=CIRCLE('',#2219,1.E-1);
#2230=B_SPLINE_CURVE_WITH_KNOTS('',3,(#2221,#2222,#2223,#2224,#2225,#2226,#2227,
#2228,#2229),.UNSPECIFIED.,.F.,.F.,(4,1,1,1,1,1,4),(0.E0,1.666666666667E-1,
3.333333333333E-1,5.E-1,6.666666666667E-1,8.333333333333E-1,1.E0),
.UNSPECIFIED.);
#2263=CIRCLE('',#2262,1.E-1);
#2440=CIRCLE('',#2439,6.E-1);
#2461=CIRCLE('',#2460,6.E-1);
#3239=EDGE_CURVE('',#2932,#2933,#137,.T.);
#3241=EDGE_CURVE('',#2519,#2932,#141,.T.);
#3243=EDGE_CURVE('',#2518,#2519,#145,.T.);
#3245=EDGE_CURVE('',#2923,#2518,#149,.T.);
#3247=EDGE_CURVE('',#2515,#2923,#153,.T.);
#3249=EDGE_CURVE('',#2513,#2515,#157,.T.);
#3251=EDGE_CURVE('',#2511,#2513,#161,.T.);
#3253=EDGE_CURVE('',#2509,#2511,#165,.T.);
#3255=EDGE_CURVE('',#2507,#2509,#169,.T.);
#3257=EDGE_CURVE('',#2505,#2507,#173,.T.);
#3259=EDGE_CURVE('',#2503,#2505,#177,.T.);
#3261=EDGE_CURVE('',#2501,#2503,#181,.T.);
#3263=EDGE_CURVE('',#2499,#2501,#185,.T.);
#3265=EDGE_CURVE('',#2497,#2499,#189,.T.);
#3267=EDGE_CURVE('',#2495,#2497,#193,.T.);
#3269=EDGE_CURVE('',#2493,#2495,#197,.T.);
#3271=EDGE_CURVE('',#2491,#2493,#201,.T.);
#3273=EDGE_CURVE('',#2489,#2491,#205,.T.);
#3275=EDGE_CURVE('',#2488,#2489,#209,.T.);
#3277=EDGE_CURVE('',#2936,#2488,#213,.T.);
#3279=EDGE_CURVE('',#2936,#2937,#217,.T.);
#3281=EDGE_CURVE('',#2937,#2933,#221,.T.);
#3285=EDGE_CURVE('',#2650,#2651,#225,.T.);
#3287=EDGE_CURVE('',#2710,#2651,#1964,.T.);
#3289=EDGE_CURVE('',#2710,#2715,#229,.T.);
#3291=EDGE_CURVE('',#2699,#2715,#2177,.T.);
#3293=EDGE_CURVE('',#2693,#2699,#233,.T.);
#3295=EDGE_CURVE('',#2687,#2693,#237,.T.);
#3297=EDGE_CURVE('',#2686,#2687,#241,.T.);
#3299=EDGE_CURVE('',#2702,#2686,#2169,.T.);
#3301=EDGE_CURVE('',#2702,#2707,#245,.T.);
#3303=EDGE_CURVE('',#2683,#2707,#1972,.T.);
#3305=EDGE_CURVE('',#2683,#2677,#249,.T.);
#3307=EDGE_CURVE('',#2675,#2677,#253,.T.);
#3309=EDGE_CURVE('',#2669,#2675,#257,.T.);
#3311=EDGE_CURVE('',#2661,#2669,#261,.T.);
#3313=EDGE_CURVE('',#2659,#2661,#265,.T.);
#3315=EDGE_CURVE('',#2650,#2659,#269,.T.);
#3319=ADVANCED_FACE('',(#3284,#3318),#3238,.T.);
#3326=EDGE_CURVE('',#2933,#2928,#273,.T.);
#3328=EDGE_CURVE('',#2928,#2939,#277,.T.);
#3330=EDGE_CURVE('',#2932,#2939,#289,.T.);
#3334=ADVANCED_FACE('',(#3333),#3324,.F.);
#3341=EDGE_CURVE('',#2937,#2929,#285,.T.);
#3343=EDGE_CURVE('',#2928,#2929,#309,.T.);
#3348=ADVANCED_FACE('',(#3347),#3339,.F.);
#3355=EDGE_CURVE('',#2936,#2941,#297,.T.);
#3357=EDGE_CURVE('',#2929,#2941,#281,.T.);
#3362=ADVANCED_FACE('',(#3361),#3353,.T.);
#3369=EDGE_CURVE('',#2941,#2939,#293,.T.);
#3373=EDGE_CURVE('',#2488,#2738,#317,.T.);
#3375=EDGE_CURVE('',#2749,#2738,#301,.T.);
#3377=EDGE_CURVE('',#2519,#2749,#305,.T.);
#3382=ADVANCED_FACE('',(#3381),#3367,.T.);
#3394=ADVANCED_FACE('',(#3393),#3387,.F.);
#3400=EDGE_CURVE('',#2738,#2739,#313,.T.);
#3404=EDGE_CURVE('',#2489,#2739,#337,.T.);
#3408=ADVANCED_FACE('',(#3407),#3399,.T.);
#3415=EDGE_CURVE('',#2741,#2739,#333,.T.);
#3417=EDGE_CURVE('',#2741,#2755,#1619,.T.);
#3419=EDGE_CURVE('',#2755,#2751,#485,.T.);
#3421=EDGE_CURVE('',#2745,#2751,#465,.T.);
#3423=EDGE_CURVE('',#2744,#2745,#321,.T.);
#3425=EDGE_CURVE('',#2744,#2925,#2465,.T.);
#3427=EDGE_CURVE('',#2925,#2748,#2473,.T.);
#3429=EDGE_CURVE('',#2748,#2749,#2481,.T.);
#3434=ADVANCED_FACE('',(#3433),#3413,.F.);
#3440=EDGE_CURVE('',#2513,#2982,#413,.T.);
#3443=EDGE_CURVE('',#2515,#2744,#2469,.T.);
#3446=EDGE_CURVE('',#2745,#2617,#325,.T.);
#3448=EDGE_CURVE('',#2982,#2617,#441,.T.);
#3452=ADVANCED_FACE('',(#3451),#3439,.T.);
#3458=EDGE_CURVE('',#3001,#2491,#1539,.T.);
#3460=EDGE_CURVE('',#2623,#3001,#1591,.T.);
#3462=EDGE_CURVE('',#2741,#2623,#329,.T.);
#3469=ADVANCED_FACE('',(#3468),#3457,.T.);
#3475=EDGE_CURVE('',#3033,#2578,#341,.T.);
#3477=EDGE_CURVE('',#2578,#2579,#345,.T.);
#3479=EDGE_CURVE('',#2579,#2581,#349,.T.);
#3481=EDGE_CURVE('',#2581,#2979,#353,.T.);
#3483=EDGE_CURVE('',#3032,#2979,#1085,.T.);
#3485=EDGE_CURVE('',#3032,#3033,#357,.T.);
#3489=ADVANCED_FACE('',(#3488),#3474,.T.);
#3495=EDGE_CURVE('',#2987,#3093,#1107,.T.);
#3497=EDGE_CURVE('',#2584,#2987,#453,.T.);
#3499=EDGE_CURVE('',#2584,#2585,#361,.T.);
#3501=EDGE_CURVE('',#2585,#2587,#365,.T.);
#3503=EDGE_CURVE('',#2587,#3092,#369,.T.);
#3505=EDGE_CURVE('',#3092,#3093,#373,.T.);
#3509=ADVANCED_FACE('',(#3508),#3494,.T.);
#3515=EDGE_CURVE('',#2990,#3183,#1416,.T.);
#3517=EDGE_CURVE('',#2990,#2590,#377,.T.);
#3519=EDGE_CURVE('',#2590,#2591,#381,.T.);
#3521=EDGE_CURVE('',#2591,#2593,#385,.T.);
#3523=EDGE_CURVE('',#2593,#3219,#389,.T.);
#3525=EDGE_CURVE('',#3183,#3219,#393,.T.);
#3529=ADVANCED_FACE('',(#3528),#3514,.T.);
#3535=EDGE_CURVE('',#3221,#2596,#397,.T.);
#3537=EDGE_CURVE('',#2596,#2597,#401,.T.);
#3539=EDGE_CURVE('',#2597,#2599,#405,.T.);
#3541=EDGE_CURVE('',#2996,#2599,#1579,.T.);
#3543=EDGE_CURVE('',#3185,#2996,#1429,.T.);
#3545=EDGE_CURVE('',#3221,#3185,#409,.T.);
#3549=ADVANCED_FACE('',(#3548),#3534,.T.);
#3556=EDGE_CURVE('',#2982,#2983,#437,.T.);
#3558=EDGE_CURVE('',#3009,#2983,#843,.T.);
#3560=EDGE_CURVE('',#2611,#3009,#417,.T.);
#3562=EDGE_CURVE('',#2610,#2611,#421,.T.);
#3564=EDGE_CURVE('',#2610,#3007,#425,.T.);
#3566=EDGE_CURVE('',#2976,#3007,#835,.T.);
#3568=EDGE_CURVE('',#2607,#2976,#429,.T.);
#3570=EDGE_CURVE('',#2511,#2607,#433,.T.);
#3575=ADVANCED_FACE('',(#3574),#3554,.T.);
#3583=EDGE_CURVE('',#2617,#2615,#445,.T.);
#3585=EDGE_CURVE('',#2615,#2548,#449,.T.);
#3587=EDGE_CURVE('',#2548,#2584,#1233,.T.);
#3590=EDGE_CURVE('',#2987,#2985,#457,.T.);
#3592=EDGE_CURVE('',#2983,#2985,#461,.T.);
#3596=ADVANCED_FACE('',(#3595),#3580,.T.);
#3603=EDGE_CURVE('',#2751,#2753,#469,.T.);
#3605=EDGE_CURVE('',#2753,#2735,#473,.T.);
#3607=EDGE_CURVE('',#2614,#2735,#611,.T.);
#3609=EDGE_CURVE('',#2614,#2615,#695,.T.);
#3615=ADVANCED_FACE('',(#3614),#3601,.F.);
#3621=EDGE_CURVE('',#2757,#2856,#493,.T.);
#3623=EDGE_CURVE('',#2832,#2856,#559,.T.);
#3625=EDGE_CURVE('',#2832,#2833,#477,.T.);
#3627=EDGE_CURVE('',#2833,#2860,#2456,.T.);
#3629=EDGE_CURVE('',#2860,#2804,#513,.T.);
#3631=EDGE_CURVE('',#2780,#2804,#1767,.T.);
#3633=EDGE_CURVE('',#2780,#2781,#481,.T.);
#3635=EDGE_CURVE('',#2781,#2808,#1720,.T.);
#3637=EDGE_CURVE('',#2808,#2753,#497,.T.);
#3641=EDGE_CURVE('',#2755,#2757,#1631,.T.);
#3645=ADVANCED_FACE('',(#3644),#3620,.F.);
#3651=EDGE_CURVE('',#2856,#2857,#489,.T.);
#3654=EDGE_CURVE('',#2757,#2734,#1627,.T.);
#3656=EDGE_CURVE('',#2734,#2735,#615,.T.);
#3660=EDGE_CURVE('',#2808,#2809,#501,.T.);
#3662=EDGE_CURVE('',#2805,#2809,#505,.T.);
#3664=EDGE_CURVE('',#2804,#2805,#509,.T.);
#3667=EDGE_CURVE('',#2860,#2861,#517,.T.);
#3669=EDGE_CURVE('',#2857,#2861,#521,.T.);
#3673=ADVANCED_FACE('',(#3672),#3650,.F.);
#3679=EDGE_CURVE('',#2836,#2837,#563,.T.);
#3681=EDGE_CURVE('',#2836,#2843,#655,.T.);
#3683=EDGE_CURVE('',#2843,#2819,#526,.T.);
#3685=EDGE_CURVE('',#2819,#2816,#530,.T.);
#3687=EDGE_CURVE('',#2816,#2817,#534,.T.);
#3689=EDGE_CURVE('',#2817,#2837,#538,.T.);
#3693=ADVANCED_FACE('',(#3692),#3678,.F.);
#3699=EDGE_CURVE('',#2848,#2849,#1887,.T.);
#3701=EDGE_CURVE('',#2849,#2812,#542,.T.);
#3703=EDGE_CURVE('',#2812,#2813,#546,.T.);
#3705=EDGE_CURVE('',#2813,#2848,#550,.T.);
#3709=ADVANCED_FACE('',(#3708),#3698,.F.);
#3716=EDGE_CURVE('',#2857,#2832,#555,.T.);
#3721=ADVANCED_FACE('',(#3720),#3714,.F.);
#3728=EDGE_CURVE('',#2837,#2841,#567,.T.);
#3730=EDGE_CURVE('',#2840,#2841,#571,.T.);
#3732=EDGE_CURVE('',#2840,#2784,#575,.T.);
#3734=EDGE_CURVE('',#2784,#2785,#579,.T.);
#3736=EDGE_CURVE('',#2785,#2789,#583,.T.);
#3738=EDGE_CURVE('',#2788,#2789,#587,.T.);
#3740=EDGE_CURVE('',#2788,#2530,#591,.T.);
#3742=EDGE_CURVE('',#2530,#2531,#595,.T.);
#3744=EDGE_CURVE('',#2531,#2533,#599,.T.);
#3746=EDGE_CURVE('',#2533,#2535,#603,.T.);
#3748=EDGE_CURVE('',#2535,#2614,#607,.T.);
#3752=EDGE_CURVE('',#2620,#2734,#619,.T.);
#3754=EDGE_CURVE('',#2620,#2522,#623,.T.);
#3756=EDGE_CURVE('',#2522,#2523,#627,.T.);
#3758=EDGE_CURVE('',#2523,#2525,#631,.T.);
#3760=EDGE_CURVE('',#2525,#2527,#635,.T.);
#3762=EDGE_CURVE('',#2527,#2836,#639,.T.);
#3766=ADVANCED_FACE('',(#3765),#3726,.F.);
#3774=EDGE_CURVE('',#2817,#2827,#643,.T.);
#3776=EDGE_CURVE('',#2827,#2841,#2427,.T.);
#3780=ADVANCED_FACE('',(#3779),#3771,.T.);
#3787=EDGE_CURVE('',#2816,#2826,#647,.T.);
#3789=EDGE_CURVE('',#2826,#2827,#2431,.T.);
#3794=ADVANCED_FACE('',(#3793),#3785,.T.);
#3801=EDGE_CURVE('',#2819,#2829,#651,.T.);
#3803=EDGE_CURVE('',#2829,#2826,#2435,.T.);
#3808=ADVANCED_FACE('',(#3807),#3799,.T.);
#3814=EDGE_CURVE('',#2843,#2845,#679,.T.);
#3816=EDGE_CURVE('',#2845,#2829,#2440,.T.);
#3822=ADVANCED_FACE('',(#3821),#3813,.T.);
#3830=EDGE_CURVE('',#2501,#2527,#659,.T.);
#3833=EDGE_CURVE('',#2503,#2530,#811,.T.);
#3836=EDGE_CURVE('',#2788,#2793,#663,.T.);
#3838=EDGE_CURVE('',#2791,#2793,#667,.T.);
#3840=EDGE_CURVE('',#2784,#2791,#671,.T.);
#3843=EDGE_CURVE('',#2840,#2845,#675,.T.);
#3848=ADVANCED_FACE('',(#3847),#3827,.T.);
#3857=EDGE_CURVE('',#2499,#2525,#683,.T.);
#3861=ADVANCED_FACE('',(#3860),#3853,.T.);
#3870=EDGE_CURVE('',#2497,#2523,#687,.T.);
#3874=ADVANCED_FACE('',(#3873),#3866,.T.);
#3883=EDGE_CURVE('',#2495,#2522,#691,.T.);
#3887=ADVANCED_FACE('',(#3886),#3879,.T.);
#3896=EDGE_CURVE('',#2509,#2535,#699,.T.);
#3900=EDGE_CURVE('',#2545,#2607,#703,.T.);
#3902=EDGE_CURVE('',#2543,#2545,#707,.T.);
#3904=EDGE_CURVE('',#2541,#2543,#711,.T.);
#3906=EDGE_CURVE('',#2539,#2541,#715,.T.);
#3908=EDGE_CURVE('',#2538,#2539,#719,.T.);
#3910=EDGE_CURVE('',#2610,#2538,#723,.T.);
#3913=EDGE_CURVE('',#2555,#2611,#727,.T.);
#3915=EDGE_CURVE('',#2553,#2555,#731,.T.);
#3917=EDGE_CURVE('',#2551,#2553,#735,.T.);
#3919=EDGE_CURVE('',#2549,#2551,#739,.T.);
#3921=EDGE_CURVE('',#2548,#2549,#743,.T.);
#3925=ADVANCED_FACE('',(#3924),#3892,.T.);
#3931=EDGE_CURVE('',#2575,#2621,#1587,.T.);
#3933=EDGE_CURVE('',#2573,#2575,#747,.T.);
#3935=EDGE_CURVE('',#2571,#2573,#751,.T.);
#3937=EDGE_CURVE('',#2569,#2571,#755,.T.);
#3939=EDGE_CURVE('',#2568,#2569,#759,.T.);
#3941=EDGE_CURVE('',#2605,#2568,#763,.T.);
#3943=EDGE_CURVE('',#2604,#2605,#767,.T.);
#3945=EDGE_CURVE('',#2565,#2604,#771,.T.);
#3947=EDGE_CURVE('',#2563,#2565,#775,.T.);
#3949=EDGE_CURVE('',#2561,#2563,#779,.T.);
#3951=EDGE_CURVE('',#2559,#2561,#783,.T.);
#3953=EDGE_CURVE('',#2558,#2559,#787,.T.);
#3955=EDGE_CURVE('',#2601,#2558,#791,.T.);
#3957=EDGE_CURVE('',#2493,#2601,#795,.T.);
#3962=EDGE_CURVE('',#2620,#2621,#799,.T.);
#3966=ADVANCED_FACE('',(#3965),#3930,.T.);
#3975=EDGE_CURVE('',#2507,#2533,#803,.T.);
#3979=ADVANCED_FACE('',(#3978),#3971,.T.);
#3988=EDGE_CURVE('',#2505,#2531,#807,.T.);
#3992=ADVANCED_FACE('',(#3991),#3984,.T.);
#4004=ADVANCED_FACE('',(#4003),#3997,.T.);
#4010=EDGE_CURVE('',#2976,#2977,#815,.T.);
#4012=EDGE_CURVE('',#2979,#2977,#819,.T.);
#4015=EDGE_CURVE('',#2545,#2581,#823,.T.);
#4021=ADVANCED_FACE('',(#4020),#4009,.T.);
#4027=EDGE_CURVE('',#3037,#3043,#827,.T.);
#4029=EDGE_CURVE('',#3043,#3099,#831,.T.);
#4031=EDGE_CURVE('',#2977,#3099,#1089,.T.);
#4035=EDGE_CURVE('',#3007,#3037,#1269,.T.);
#4039=ADVANCED_FACE('',(#4038),#4026,.F.);
#4045=EDGE_CURVE('',#3045,#3041,#839,.T.);
#4047=EDGE_CURVE('',#3041,#3009,#1257,.T.);
#4051=EDGE_CURVE('',#3102,#2985,#1103,.T.);
#4053=EDGE_CURVE('',#3045,#3102,#847,.T.);
#4057=ADVANCED_FACE('',(#4056),#4044,.F.);
#4063=EDGE_CURVE('',#3077,#3081,#934,.T.);
#4065=EDGE_CURVE('',#3081,#3088,#852,.T.);
#4067=EDGE_CURVE('',#3088,#3089,#856,.T.);
#4069=EDGE_CURVE('',#3089,#3040,#860,.T.);
#4071=EDGE_CURVE('',#3040,#3041,#1245,.T.);
#4074=EDGE_CURVE('',#3045,#3027,#865,.T.);
#4076=EDGE_CURVE('',#3026,#3027,#869,.T.);
#4078=EDGE_CURVE('',#3029,#3026,#874,.T.);
#4080=EDGE_CURVE('',#3021,#3029,#878,.T.);
#4082=EDGE_CURVE('',#3020,#3021,#883,.T.);
#4084=EDGE_CURVE('',#3023,#3020,#887,.T.);
#4086=EDGE_CURVE('',#3023,#3043,#892,.T.);
#4089=EDGE_CURVE('',#3036,#3037,#1265,.T.);
#4091=EDGE_CURVE('',#3036,#3084,#896,.T.);
#4093=EDGE_CURVE('',#3084,#3085,#900,.T.);
#4095=EDGE_CURVE('',#3085,#3079,#905,.T.);
#4097=EDGE_CURVE('',#3061,#3079,#1018,.T.);
#4099=EDGE_CURVE('',#3061,#3077,#909,.T.);
#4103=ADVANCED_FACE('',(#4102),#4062,.T.);
#4109=EDGE_CURVE('',#3137,#3132,#913,.T.);
#4111=EDGE_CURVE('',#3073,#3137,#917,.T.);
#4113=EDGE_CURVE('',#3072,#3073,#922,.T.);
#4115=EDGE_CURVE('',#3121,#3072,#926,.T.);
#4117=EDGE_CURVE('',#3081,#3121,#930,.T.);
#4120=EDGE_CURVE('',#3076,#3077,#939,.T.);
#4122=EDGE_CURVE('',#3132,#3076,#943,.T.);
#4126=ADVANCED_FACE('',(#4125),#4108,.T.);
#4132=EDGE_CURVE('',#3145,#3140,#947,.T.);
#4134=EDGE_CURVE('',#3065,#3145,#951,.T.);
#4136=EDGE_CURVE('',#3064,#3065,#956,.T.);
#4138=EDGE_CURVE('',#3207,#3064,#960,.T.);
#4140=EDGE_CURVE('',#3207,#3200,#964,.T.);
#4142=EDGE_CURVE('',#3069,#3200,#968,.T.);
#4144=EDGE_CURVE('',#3068,#3069,#973,.T.);
#4146=EDGE_CURVE('',#3140,#3068,#977,.T.);
#4150=ADVANCED_FACE('',(#4149),#4131,.T.);
#4156=EDGE_CURVE('',#3132,#3133,#989,.T.);
#4158=EDGE_CURVE('',#3135,#3133,#1687,.T.);
#4160=EDGE_CURVE('',#3135,#3137,#1001,.T.);
#4165=ADVANCED_FACE('',(#4164),#4155,.T.);
#4171=EDGE_CURVE('',#3127,#3129,#981,.T.);
#4173=EDGE_CURVE('',#3127,#3133,#985,.T.);
#4177=EDGE_CURVE('',#3060,#3076,#1073,.T.);
#4179=EDGE_CURVE('',#3129,#3060,#1009,.T.);
#4183=ADVANCED_FACE('',(#4182),#4170,.T.);
#4189=EDGE_CURVE('',#3124,#3125,#993,.T.);
#4191=EDGE_CURVE('',#3127,#3125,#1679,.T.);
#4194=EDGE_CURVE('',#3129,#3124,#1005,.T.);
#4198=ADVANCED_FACE('',(#4197),#4188,.T.);
#4205=EDGE_CURVE('',#3057,#3124,#1035,.T.);
#4207=EDGE_CURVE('',#3057,#3073,#997,.T.);
#4211=EDGE_CURVE('',#3125,#3135,#1683,.T.);
#4215=ADVANCED_FACE('',(#4214),#4203,.T.);
#4223=EDGE_CURVE('',#3060,#3061,#1014,.T.);
#4226=EDGE_CURVE('',#3079,#3119,#1022,.T.);
#4228=EDGE_CURVE('',#3119,#3056,#1026,.T.);
#4230=EDGE_CURVE('',#3056,#3057,#1031,.T.);
#4235=ADVANCED_FACE('',(#4234),#4220,.F.);
#4241=EDGE_CURVE('',#3153,#3148,#1039,.T.);
#4243=EDGE_CURVE('',#3153,#3052,#1043,.T.);
#4245=EDGE_CURVE('',#3052,#3053,#1048,.T.);
#4247=EDGE_CURVE('',#3053,#3197,#1052,.T.);
#4249=EDGE_CURVE('',#3197,#3205,#1056,.T.);
#4251=EDGE_CURVE('',#3205,#3048,#1060,.T.);
#4253=EDGE_CURVE('',#3048,#3049,#1065,.T.);
#4255=EDGE_CURVE('',#3049,#3148,#1069,.T.);
#4259=ADVANCED_FACE('',(#4258),#4240,.F.);
#4271=ADVANCED_FACE('',(#4270),#4264,.T.);
#4277=EDGE_CURVE('',#3109,#3107,#1124,.T.);
#4279=EDGE_CURVE('',#3109,#3119,#1162,.T.);
#4283=EDGE_CURVE('',#3107,#3085,#1077,.T.);
#4287=ADVANCED_FACE('',(#4286),#4276,.F.);
#4293=EDGE_CURVE('',#3032,#3097,#1081,.T.);
#4298=EDGE_CURVE('',#3097,#3099,#1094,.T.);
#4302=ADVANCED_FACE('',(#4301),#4292,.T.);
#4308=EDGE_CURVE('',#3102,#3103,#1099,.T.);
#4313=EDGE_CURVE('',#3093,#3103,#1111,.T.);
#4317=ADVANCED_FACE('',(#4316),#4307,.T.);
#4323=EDGE_CURVE('',#3095,#3105,#1115,.T.);
#4325=EDGE_CURVE('',#2538,#3095,#1119,.T.);
#4328=EDGE_CURVE('',#2539,#3109,#1197,.T.);
#4331=EDGE_CURVE('',#3105,#3107,#1128,.T.);
#4335=ADVANCED_FACE('',(#4334),#4322,.T.);
#4341=EDGE_CURVE('',#3112,#3113,#1133,.T.);
#4343=EDGE_CURVE('',#2553,#3113,#1137,.T.);
#4346=EDGE_CURVE('',#2555,#3117,#1253,.T.);
#4348=EDGE_CURVE('',#3115,#3117,#1141,.T.);
#4350=EDGE_CURVE('',#3112,#3115,#1145,.T.);
#4354=ADVANCED_FACE('',(#4353),#4340,.T.);
#4361=EDGE_CURVE('',#3097,#3023,#1153,.T.);
#4364=EDGE_CURVE('',#3020,#3013,#1149,.T.);
#4366=EDGE_CURVE('',#3013,#3032,#1166,.T.);
#4370=ADVANCED_FACE('',(#4369),#4359,.T.);
#4382=ADVANCED_FACE('',(#4381),#4375,.T.);
#4388=EDGE_CURVE('',#3012,#3013,#1171,.T.);
#4392=EDGE_CURVE('',#3021,#3012,#1157,.T.);
#4396=ADVANCED_FACE('',(#4395),#4387,.T.);
#4404=EDGE_CURVE('',#3033,#3109,#1193,.T.);
#4409=EDGE_CURVE('',#3017,#3012,#1175,.T.);
#4411=EDGE_CURVE('',#3016,#3017,#1180,.T.);
#4413=EDGE_CURVE('',#3093,#3016,#1184,.T.);
#4416=EDGE_CURVE('',#3092,#3113,#1221,.T.);
#4418=EDGE_CURVE('',#3121,#3113,#1189,.T.);
#4421=EDGE_CURVE('',#3056,#3072,#1261,.T.);
#4425=ADVANCED_FACE('',(#4424),#4401,.T.);
#4434=EDGE_CURVE('',#2541,#2578,#1201,.T.);
#4439=ADVANCED_FACE('',(#4438),#4430,.T.);
#4446=EDGE_CURVE('',#2543,#2579,#1205,.T.);
#4452=ADVANCED_FACE('',(#4451),#4444,.T.);
#4464=ADVANCED_FACE('',(#4463),#4457,.T.);
#4473=EDGE_CURVE('',#3029,#3017,#1209,.T.);
#4477=ADVANCED_FACE('',(#4476),#4469,.T.);
#4486=EDGE_CURVE('',#3026,#3016,#1213,.T.);
#4490=ADVANCED_FACE('',(#4489),#4482,.T.);
#4500=EDGE_CURVE('',#3103,#3027,#1217,.T.);
#4504=ADVANCED_FACE('',(#4503),#4495,.T.);
#4516=ADVANCED_FACE('',(#4515),#4509,.T.);
#4524=EDGE_CURVE('',#2551,#2587,#1225,.T.);
#4530=ADVANCED_FACE('',(#4529),#4521,.T.);
#4539=EDGE_CURVE('',#2549,#2585,#1229,.T.);
#4543=ADVANCED_FACE('',(#4542),#4535,.T.);
#4555=ADVANCED_FACE('',(#4554),#4548,.T.);
#4562=EDGE_CURVE('',#3112,#3088,#1237,.T.);
#4569=ADVANCED_FACE('',(#4568),#4560,.F.);
#4576=EDGE_CURVE('',#3115,#3089,#1241,.T.);
#4582=ADVANCED_FACE('',(#4581),#4574,.T.);
#4589=EDGE_CURVE('',#3117,#3040,#1249,.T.);
#4595=ADVANCED_FACE('',(#4594),#4587,.T.);
#4609=ADVANCED_FACE('',(#4608),#4600,.T.);
#4621=ADVANCED_FACE('',(#4620),#4614,.F.);
#4627=EDGE_CURVE('',#3095,#3036,#1273,.T.);
#4630=EDGE_CURVE('',#3105,#3084,#1277,.T.);
#4635=ADVANCED_FACE('',(#4634),#4626,.T.);
#4649=ADVANCED_FACE('',(#4648),#4640,.T.);
#4661=ADVANCED_FACE('',(#4660),#4654,.T.);
#4667=EDGE_CURVE('',#3148,#3149,#1285,.T.);
#4669=EDGE_CURVE('',#3151,#3149,#1671,.T.);
#4671=EDGE_CURVE('',#3151,#3153,#1297,.T.);
#4676=ADVANCED_FACE('',(#4675),#4666,.T.);
#4682=EDGE_CURVE('',#3143,#3145,#1281,.T.);
#4684=EDGE_CURVE('',#3149,#3143,#1675,.T.);
#4688=EDGE_CURVE('',#3049,#3065,#1289,.T.);
#4693=ADVANCED_FACE('',(#4692),#4681,.T.);
#4699=EDGE_CURVE('',#3140,#3141,#1293,.T.);
#4701=EDGE_CURVE('',#3143,#3141,#1667,.T.);
#4707=ADVANCED_FACE('',(#4706),#4698,.T.);
#4715=EDGE_CURVE('',#3052,#3068,#1305,.T.);
#4719=EDGE_CURVE('',#3151,#3141,#1301,.T.);
#4723=ADVANCED_FACE('',(#4722),#4712,.T.);
#4732=EDGE_CURVE('',#3053,#3069,#1341,.T.);
#4736=ADVANCED_FACE('',(#4735),#4728,.F.);
#4743=EDGE_CURVE('',#3200,#3201,#1310,.T.);
#4745=EDGE_CURVE('',#3221,#3201,#1611,.T.);
#4748=EDGE_CURVE('',#3185,#3160,#1314,.T.);
#4750=EDGE_CURVE('',#3160,#3161,#1319,.T.);
#4752=EDGE_CURVE('',#3161,#3156,#1323,.T.);
#4754=EDGE_CURVE('',#3156,#3157,#1328,.T.);
#4756=EDGE_CURVE('',#3157,#3183,#1332,.T.);
#4759=EDGE_CURVE('',#3219,#3196,#1651,.T.);
#4761=EDGE_CURVE('',#3196,#3197,#1337,.T.);
#4767=ADVANCED_FACE('',(#4766),#4741,.T.);
#4775=EDGE_CURVE('',#3207,#3180,#1399,.T.);
#4777=EDGE_CURVE('',#3215,#3180,#1571,.T.);
#4779=EDGE_CURVE('',#3215,#3201,#1451,.T.);
#4783=ADVANCED_FACE('',(#4782),#4772,.F.);
#4790=EDGE_CURVE('',#3177,#3205,#1346,.T.);
#4792=EDGE_CURVE('',#3176,#3177,#1350,.T.);
#4794=EDGE_CURVE('',#3203,#3176,#1354,.T.);
#4796=EDGE_CURVE('',#3231,#3203,#1511,.T.);
#4798=EDGE_CURVE('',#3187,#3231,#1487,.T.);
#4800=EDGE_CURVE('',#3167,#3187,#1359,.T.);
#4802=EDGE_CURVE('',#3165,#3167,#1363,.T.);
#4804=EDGE_CURVE('',#3164,#3165,#1368,.T.);
#4806=EDGE_CURVE('',#3173,#3164,#1372,.T.);
#4808=EDGE_CURVE('',#3171,#3173,#1377,.T.);
#4810=EDGE_CURVE('',#3170,#3171,#1381,.T.);
#4812=EDGE_CURVE('',#3189,#3170,#1386,.T.);
#4814=EDGE_CURVE('',#3233,#3189,#1499,.T.);
#4816=EDGE_CURVE('',#3233,#3209,#1555,.T.);
#4818=EDGE_CURVE('',#3181,#3209,#1390,.T.);
#4820=EDGE_CURVE('',#3180,#3181,#1394,.T.);
#4824=EDGE_CURVE('',#3048,#3064,#1663,.T.);
#4828=ADVANCED_FACE('',(#4827),#4788,.T.);
#4835=EDGE_CURVE('',#3196,#3213,#1442,.T.);
#4837=EDGE_CURVE('',#3213,#3177,#1403,.T.);
#4843=ADVANCED_FACE('',(#4842),#4833,.F.);
#4849=EDGE_CURVE('',#3183,#3191,#1407,.T.);
#4851=EDGE_CURVE('',#3191,#3223,#1412,.T.);
#4853=EDGE_CURVE('',#2991,#3223,#1491,.T.);
#4855=EDGE_CURVE('',#2990,#2991,#1635,.T.);
#4860=ADVANCED_FACE('',(#4859),#4848,.T.);
#4866=EDGE_CURVE('',#3225,#3193,#1421,.T.);
#4868=EDGE_CURVE('',#3185,#3193,#1425,.T.);
#4871=EDGE_CURVE('',#2996,#2997,#1575,.T.);
#4873=EDGE_CURVE('',#3225,#2997,#1507,.T.);
#4877=ADVANCED_FACE('',(#4876),#4865,.T.);
#4883=EDGE_CURVE('',#3227,#3211,#1433,.T.);
#4885=EDGE_CURVE('',#3211,#3213,#1437,.T.);
#4888=EDGE_CURVE('',#2563,#3196,#1446,.T.);
#4891=EDGE_CURVE('',#2565,#3227,#1519,.T.);
#4895=ADVANCED_FACE('',(#4894),#4882,.T.);
#4902=EDGE_CURVE('',#3215,#3217,#1455,.T.);
#4904=EDGE_CURVE('',#3217,#3229,#1459,.T.);
#4906=EDGE_CURVE('',#2568,#3229,#1463,.T.);
#4909=EDGE_CURVE('',#2569,#3201,#1615,.T.);
#4913=ADVANCED_FACE('',(#4912),#4900,.T.);
#4920=EDGE_CURVE('',#3157,#3165,#1467,.T.);
#4923=EDGE_CURVE('',#3191,#3167,#1659,.T.);
#4928=ADVANCED_FACE('',(#4927),#4918,.F.);
#4935=EDGE_CURVE('',#3156,#3164,#1471,.T.);
#4941=ADVANCED_FACE('',(#4940),#4933,.T.);
#4948=EDGE_CURVE('',#3161,#3173,#1475,.T.);
#4954=ADVANCED_FACE('',(#4953),#4946,.F.);
#4961=EDGE_CURVE('',#3160,#3171,#1479,.T.);
#4967=ADVANCED_FACE('',(#4966),#4959,.T.);
#4975=EDGE_CURVE('',#3193,#3170,#1483,.T.);
#4981=ADVANCED_FACE('',(#4980),#4972,.F.);
#4990=EDGE_CURVE('',#3225,#3189,#1503,.T.);
#4994=ADVANCED_FACE('',(#4993),#4986,.T.);
#5001=EDGE_CURVE('',#3231,#3003,#1523,.T.);
#5003=EDGE_CURVE('',#2993,#3003,#1547,.T.);
#5005=EDGE_CURVE('',#2993,#2991,#1639,.T.);
#5008=EDGE_CURVE('',#3223,#3187,#1495,.T.);
#5012=ADVANCED_FACE('',(#5011),#4999,.F.);
#5021=EDGE_CURVE('',#2997,#2999,#1599,.T.);
#5023=EDGE_CURVE('',#3005,#2999,#1535,.T.);
#5025=EDGE_CURVE('',#3005,#3233,#1559,.T.);
#5029=ADVANCED_FACE('',(#5028),#5017,.F.);
#5036=EDGE_CURVE('',#3227,#3203,#1515,.T.);
#5040=EDGE_CURVE('',#3003,#2604,#1551,.T.);
#5045=ADVANCED_FACE('',(#5044),#5034,.T.);
#5052=EDGE_CURVE('',#3211,#3176,#1527,.T.);
#5058=ADVANCED_FACE('',(#5057),#5050,.F.);
#5070=ADVANCED_FACE('',(#5069),#5063,.F.);
#5076=EDGE_CURVE('',#3005,#2605,#1531,.T.);
#5079=EDGE_CURVE('',#3001,#2999,#1595,.T.);
#5084=EDGE_CURVE('',#2993,#2601,#1543,.T.);
#5091=ADVANCED_FACE('',(#5090),#5075,.T.);
#5102=EDGE_CURVE('',#3229,#3209,#1563,.T.);
#5106=ADVANCED_FACE('',(#5105),#5096,.T.);
#5115=EDGE_CURVE('',#3217,#3181,#1567,.T.);
#5119=ADVANCED_FACE('',(#5118),#5111,.F.);
#5131=ADVANCED_FACE('',(#5130),#5124,.F.);
#5139=EDGE_CURVE('',#2575,#2599,#1583,.T.);
#5142=EDGE_CURVE('',#2623,#2621,#1623,.T.);
#5149=ADVANCED_FACE('',(#5148),#5136,.T.);
#5158=EDGE_CURVE('',#2573,#2597,#1603,.T.);
#5162=ADVANCED_FACE('',(#5161),#5154,.T.);
#5171=EDGE_CURVE('',#2571,#2596,#1607,.T.);
#5175=ADVANCED_FACE('',(#5174),#5167,.T.);
#5188=ADVANCED_FACE('',(#5187),#5180,.T.);
#5203=ADVANCED_FACE('',(#5202),#5193,.F.);
#5213=EDGE_CURVE('',#2558,#2590,#1643,.T.);
#5218=ADVANCED_FACE('',(#5217),#5208,.T.);
#5225=EDGE_CURVE('',#2559,#2591,#1647,.T.);
#5231=ADVANCED_FACE('',(#5230),#5223,.T.);
#5238=EDGE_CURVE('',#2561,#2593,#1655,.T.);
#5244=ADVANCED_FACE('',(#5243),#5236,.T.);
#5257=ADVANCED_FACE('',(#5256),#5249,.T.);
#5269=ADVANCED_FACE('',(#5268),#5262,.T.);
#5281=ADVANCED_FACE('',(#5280),#5274,.T.);
#5293=ADVANCED_FACE('',(#5292),#5286,.T.);
#5305=ADVANCED_FACE('',(#5304),#5298,.T.);
#5312=EDGE_CURVE('',#2775,#2789,#1691,.T.);
#5314=EDGE_CURVE('',#2774,#2775,#1695,.T.);
#5316=EDGE_CURVE('',#2777,#2774,#1699,.T.);
#5318=EDGE_CURVE('',#2793,#2777,#1704,.T.);
#5323=ADVANCED_FACE('',(#5322),#5310,.T.);
#5329=EDGE_CURVE('',#2800,#2801,#1879,.T.);
#5331=EDGE_CURVE('',#2771,#2800,#1708,.T.);
#5333=EDGE_CURVE('',#2770,#2771,#1712,.T.);
#5335=EDGE_CURVE('',#2801,#2770,#1716,.T.);
#5339=ADVANCED_FACE('',(#5338),#5328,.T.);
#5347=EDGE_CURVE('',#2809,#2781,#1725,.T.);
#5351=ADVANCED_FACE('',(#5350),#5344,.T.);
#5358=EDGE_CURVE('',#2765,#2785,#1746,.T.);
#5360=EDGE_CURVE('',#2765,#2775,#1729,.T.);
#5365=ADVANCED_FACE('',(#5364),#5356,.T.);
#5373=EDGE_CURVE('',#2791,#2767,#1734,.T.);
#5375=EDGE_CURVE('',#2767,#2764,#1738,.T.);
#5377=EDGE_CURVE('',#2764,#2765,#1742,.T.);
#5382=ADVANCED_FACE('',(#5381),#5370,.F.);
#5388=EDGE_CURVE('',#2796,#2797,#1871,.T.);
#5390=EDGE_CURVE('',#2797,#2760,#1750,.T.);
#5392=EDGE_CURVE('',#2760,#2761,#1754,.T.);
#5394=EDGE_CURVE('',#2761,#2796,#1758,.T.);
#5398=ADVANCED_FACE('',(#5397),#5387,.F.);
#5405=EDGE_CURVE('',#2805,#2780,#1763,.T.);
#5410=ADVANCED_FACE('',(#5409),#5403,.F.);
#5418=EDGE_CURVE('',#2767,#2777,#1771,.T.);
#5423=ADVANCED_FACE('',(#5422),#5415,.T.);
#5432=EDGE_CURVE('',#2764,#2774,#1775,.T.);
#5436=ADVANCED_FACE('',(#5435),#5428,.T.);
#5448=ADVANCED_FACE('',(#5447),#5441,.T.);
#5454=EDGE_CURVE('',#2948,#2949,#1779,.T.);
#5456=EDGE_CURVE('',#2949,#2951,#1783,.T.);
#5458=EDGE_CURVE('',#2951,#2955,#1787,.T.);
#5460=EDGE_CURVE('',#2631,#2955,#2133,.T.);
#5462=EDGE_CURVE('',#2630,#2631,#1791,.T.);
#5464=EDGE_CURVE('',#2964,#2630,#2271,.T.);
#5466=EDGE_CURVE('',#2964,#2965,#1795,.T.);
#5468=EDGE_CURVE('',#2965,#2969,#1799,.T.);
#5470=EDGE_CURVE('',#2969,#2971,#1803,.T.);
#5472=EDGE_CURVE('',#2627,#2971,#2279,.T.);
#5474=EDGE_CURVE('',#2626,#2627,#1807,.T.);
#5476=EDGE_CURVE('',#2948,#2626,#1932,.T.);
#5480=EDGE_CURVE('',#2894,#2895,#1811,.T.);
#5482=EDGE_CURVE('',#2895,#2897,#1815,.T.);
#5484=EDGE_CURVE('',#2897,#2899,#1819,.T.);
#5486=EDGE_CURVE('',#2899,#2894,#1823,.T.);
#5491=EDGE_CURVE('',#2796,#2800,#1875,.T.);
#5494=EDGE_CURVE('',#2797,#2801,#1883,.T.);
#5499=EDGE_CURVE('',#2848,#2852,#1891,.T.);
#5501=EDGE_CURVE('',#2852,#2853,#1895,.T.);
#5503=EDGE_CURVE('',#2849,#2853,#1899,.T.);
#5507=ADVANCED_FACE('',(#5479,#5489,#5497,#5506),#5453,.T.);
#5513=EDGE_CURVE('',#2902,#2903,#1827,.T.);
#5515=EDGE_CURVE('',#2903,#2905,#1831,.T.);
#5517=EDGE_CURVE('',#2905,#2907,#1835,.T.);
#5519=EDGE_CURVE('',#2907,#2909,#1839,.T.);
#5521=EDGE_CURVE('',#2909,#2911,#1843,.T.);
#5523=EDGE_CURVE('',#2911,#2913,#1847,.T.);
#5525=EDGE_CURVE('',#2913,#2915,#1851,.T.);
#5527=EDGE_CURVE('',#2915,#2902,#1855,.T.);
#5531=EDGE_CURVE('',#2918,#2919,#1859,.T.);
#5533=EDGE_CURVE('',#2919,#2921,#1863,.T.);
#5535=EDGE_CURVE('',#2921,#2918,#1867,.T.);
#5539=ADVANCED_FACE('',(#5530,#5538),#5512,.T.);
#5545=EDGE_CURVE('',#2944,#2945,#1908,.T.);
#5547=EDGE_CURVE('',#2945,#2949,#2046,.T.);
#5550=EDGE_CURVE('',#2948,#2944,#1904,.T.);
#5554=ADVANCED_FACE('',(#5553),#5544,.F.);
#5561=EDGE_CURVE('',#2718,#2944,#1928,.T.);
#5563=EDGE_CURVE('',#2655,#2718,#1912,.T.);
#5565=EDGE_CURVE('',#2654,#2655,#1916,.T.);
#5567=EDGE_CURVE('',#2654,#2639,#1920,.T.);
#5569=EDGE_CURVE('',#2639,#2647,#2093,.T.);
#5571=EDGE_CURVE('',#2647,#2945,#1924,.T.);
#5575=ADVANCED_FACE('',(#5574),#5559,.F.);
#5584=EDGE_CURVE('',#2719,#2626,#1948,.T.);
#5586=EDGE_CURVE('',#2718,#2719,#1936,.T.);
#5590=ADVANCED_FACE('',(#5589),#5580,.F.);
#5596=EDGE_CURVE('',#2711,#2714,#1940,.T.);
#5598=EDGE_CURVE('',#2719,#2711,#1944,.T.);
#5602=EDGE_CURVE('',#2723,#2627,#2287,.T.);
#5604=EDGE_CURVE('',#2714,#2723,#1952,.T.);
#5608=ADVANCED_FACE('',(#5607),#5595,.F.);
#5614=EDGE_CURVE('',#2710,#2711,#1956,.T.);
#5617=EDGE_CURVE('',#2714,#2715,#1960,.T.);
#5622=ADVANCED_FACE('',(#5621),#5613,.T.);
#5631=EDGE_CURVE('',#2655,#2651,#1968,.T.);
#5637=ADVANCED_FACE('',(#5636),#5627,.F.);
#5644=EDGE_CURVE('',#2706,#2707,#2165,.T.);
#5646=EDGE_CURVE('',#2731,#2706,#2157,.T.);
#5648=EDGE_CURVE('',#2730,#2731,#2137,.T.);
#5650=EDGE_CURVE('',#2681,#2730,#2073,.T.);
#5652=EDGE_CURVE('',#2683,#2681,#1976,.T.);
#5656=ADVANCED_FACE('',(#5655),#5642,.F.);
#5663=EDGE_CURVE('',#2654,#2650,#1980,.T.);
#5669=ADVANCED_FACE('',(#5668),#5661,.T.);
#5675=EDGE_CURVE('',#2654,#2657,#1988,.T.);
#5679=EDGE_CURVE('',#2657,#2659,#1984,.T.);
#5683=ADVANCED_FACE('',(#5682),#5674,.T.);
#5690=EDGE_CURVE('',#2657,#2638,#1992,.T.);
#5692=EDGE_CURVE('',#2638,#2639,#2097,.T.);
#5697=ADVANCED_FACE('',(#5696),#5688,.F.);
#5703=EDGE_CURVE('',#2657,#2665,#1996,.T.);
#5705=EDGE_CURVE('',#2665,#2646,#2012,.T.);
#5707=EDGE_CURVE('',#2646,#2638,#2101,.T.);
#5712=ADVANCED_FACE('',(#5711),#5702,.F.);
#5719=EDGE_CURVE('',#2664,#2661,#2000,.T.);
#5721=EDGE_CURVE('',#2664,#2665,#2016,.T.);
#5727=ADVANCED_FACE('',(#5726),#5717,.T.);
#5733=EDGE_CURVE('',#2664,#2667,#2020,.T.);
#5737=EDGE_CURVE('',#2667,#2669,#2113,.T.);
#5741=ADVANCED_FACE('',(#5740),#5732,.T.);
#5747=EDGE_CURVE('',#2945,#2953,#2004,.T.);
#5750=EDGE_CURVE('',#2646,#2647,#2008,.T.);
#5755=EDGE_CURVE('',#2672,#2667,#2024,.T.);
#5757=EDGE_CURVE('',#2672,#2643,#2028,.T.);
#5759=EDGE_CURVE('',#2642,#2643,#2032,.T.);
#5761=EDGE_CURVE('',#2642,#2953,#2036,.T.);
#5765=ADVANCED_FACE('',(#5764),#5746,.F.);
#5774=EDGE_CURVE('',#2953,#2951,#2056,.T.);
#5778=ADVANCED_FACE('',(#5777),#5770,.F.);
#5786=EDGE_CURVE('',#2953,#2957,#2065,.T.);
#5788=EDGE_CURVE('',#2957,#2955,#2061,.T.);
#5792=ADVANCED_FACE('',(#5791),#5783,.F.);
#5800=EDGE_CURVE('',#2642,#2634,#2089,.T.);
#5802=EDGE_CURVE('',#2679,#2634,#2129,.T.);
#5804=EDGE_CURVE('',#2681,#2679,#2069,.T.);
#5807=EDGE_CURVE('',#2730,#2957,#2077,.T.);
#5811=ADVANCED_FACE('',(#5810),#5797,.F.);
#5818=EDGE_CURVE('',#2635,#2643,#2081,.T.);
#5820=EDGE_CURVE('',#2634,#2635,#2085,.T.);
#5825=ADVANCED_FACE('',(#5824),#5816,.T.);
#5837=ADVANCED_FACE('',(#5836),#5830,.T.);
#5843=EDGE_CURVE('',#2672,#2673,#2105,.T.);
#5845=EDGE_CURVE('',#2673,#2635,#2109,.T.);
#5851=ADVANCED_FACE('',(#5850),#5842,.F.);
#5861=EDGE_CURVE('',#2673,#2675,#2117,.T.);
#5865=ADVANCED_FACE('',(#5864),#5856,.T.);
#5872=EDGE_CURVE('',#2679,#2677,#2121,.T.);
#5874=EDGE_CURVE('',#2673,#2679,#2125,.T.);
#5879=ADVANCED_FACE('',(#5878),#5870,.T.);
#5891=ADVANCED_FACE('',(#5890),#5884,.T.);
#5903=ADVANCED_FACE('',(#5902),#5896,.F.);
#5913=EDGE_CURVE('',#2731,#2631,#2141,.T.);
#5917=ADVANCED_FACE('',(#5916),#5908,.F.);
#5923=EDGE_CURVE('',#2703,#2706,#2145,.T.);
#5925=EDGE_CURVE('',#2703,#2727,#2149,.T.);
#5927=EDGE_CURVE('',#2727,#2630,#2153,.T.);
#5934=ADVANCED_FACE('',(#5933),#5922,.F.);
#5940=EDGE_CURVE('',#2702,#2703,#2161,.T.);
#5947=ADVANCED_FACE('',(#5946),#5939,.T.);
#5956=EDGE_CURVE('',#2690,#2686,#2173,.T.);
#5958=EDGE_CURVE('',#2690,#2726,#2250,.T.);
#5960=EDGE_CURVE('',#2726,#2727,#2275,.T.);
#5964=ADVANCED_FACE('',(#5963),#5952,.F.);
#5973=EDGE_CURVE('',#2722,#2723,#2283,.T.);
#5975=EDGE_CURVE('',#2697,#2722,#2201,.T.);
#5977=EDGE_CURVE('',#2699,#2697,#2181,.T.);
#5981=ADVANCED_FACE('',(#5980),#5969,.F.);
#5988=EDGE_CURVE('',#2691,#2687,#2185,.T.);
#5990=EDGE_CURVE('',#2690,#2691,#2254,.T.);
#5995=ADVANCED_FACE('',(#5994),#5986,.T.);
#6002=EDGE_CURVE('',#2695,#2693,#2189,.T.);
#6004=EDGE_CURVE('',#2691,#2695,#2238,.T.);
#6009=ADVANCED_FACE('',(#6008),#6000,.T.);
#6015=EDGE_CURVE('',#2695,#2697,#2197,.T.);
#6022=ADVANCED_FACE('',(#6021),#6014,.T.);
#6028=EDGE_CURVE('',#2967,#2973,#2193,.T.);
#6030=EDGE_CURVE('',#2695,#2967,#2242,.T.);
#6034=EDGE_CURVE('',#2722,#2973,#2205,.T.);
#6038=ADVANCED_FACE('',(#6037),#6027,.F.);
#6045=EDGE_CURVE('',#2967,#2969,#2215,.T.);
#6048=EDGE_CURVE('',#2973,#2971,#2220,.T.);
#6052=ADVANCED_FACE('',(#6051),#6043,.F.);
#6058=EDGE_CURVE('',#2961,#2967,#2234,.T.);
#6062=EDGE_CURVE('',#2961,#2965,#2230,.T.);
#6066=ADVANCED_FACE('',(#6065),#6057,.F.);
#6073=EDGE_CURVE('',#2691,#2961,#2258,.T.);
#6079=ADVANCED_FACE('',(#6078),#6071,.F.);
#6085=EDGE_CURVE('',#2960,#2961,#2246,.T.);
#6087=EDGE_CURVE('',#2726,#2960,#2267,.T.);
#6094=ADVANCED_FACE('',(#6093),#6084,.F.);
#6103=EDGE_CURVE('',#2964,#2960,#2263,.T.);
#6107=ADVANCED_FACE('',(#6106),#6099,.F.);
#6120=ADVANCED_FACE('',(#6119),#6112,.F.);
#6133=ADVANCED_FACE('',(#6132),#6125,.F.);
#6140=EDGE_CURVE('',#2894,#2864,#2291,.T.);
#6142=EDGE_CURVE('',#2864,#2865,#2307,.T.);
#6144=EDGE_CURVE('',#2895,#2865,#2303,.T.);
#6148=ADVANCED_FACE('',(#6147),#6138,.F.);
#6155=EDGE_CURVE('',#2899,#2869,#2295,.T.);
#6157=EDGE_CURVE('',#2869,#2864,#2311,.T.);
#6162=ADVANCED_FACE('',(#6161),#6153,.F.);
#6169=EDGE_CURVE('',#2897,#2867,#2299,.T.);
#6171=EDGE_CURVE('',#2867,#2869,#2315,.T.);
#6176=ADVANCED_FACE('',(#6175),#6167,.F.);
#6184=EDGE_CURVE('',#2865,#2867,#2319,.T.);
#6189=ADVANCED_FACE('',(#6188),#6181,.F.);
#6201=EDGE_CURVE('',#2872,#2873,#2323,.T.);
#6203=EDGE_CURVE('',#2885,#2872,#2327,.T.);
#6205=EDGE_CURVE('',#2883,#2885,#2331,.T.);
#6207=EDGE_CURVE('',#2881,#2883,#2335,.T.);
#6209=EDGE_CURVE('',#2879,#2881,#2339,.T.);
#6211=EDGE_CURVE('',#2877,#2879,#2343,.T.);
#6213=EDGE_CURVE('',#2875,#2877,#2347,.T.);
#6215=EDGE_CURVE('',#2873,#2875,#2351,.T.);
#6219=ADVANCED_FACE('',(#6200,#6218),#6194,.T.);
#6225=EDGE_CURVE('',#2888,#2889,#2355,.T.);
#6227=EDGE_CURVE('',#2891,#2888,#2359,.T.);
#6229=EDGE_CURVE('',#2889,#2891,#2363,.T.);
#6233=ADVANCED_FACE('',(#6232),#6224,.T.);
#6240=EDGE_CURVE('',#2902,#2872,#2367,.T.);
#6243=EDGE_CURVE('',#2903,#2873,#2395,.T.);
#6247=ADVANCED_FACE('',(#6246),#6238,.F.);
#6254=EDGE_CURVE('',#2915,#2885,#2371,.T.);
#6260=ADVANCED_FACE('',(#6259),#6252,.F.);
#6267=EDGE_CURVE('',#2913,#2883,#2375,.T.);
#6273=ADVANCED_FACE('',(#6272),#6265,.F.);
#6280=EDGE_CURVE('',#2911,#2881,#2379,.T.);
#6286=ADVANCED_FACE('',(#6285),#6278,.F.);
#6293=EDGE_CURVE('',#2909,#2879,#2383,.T.);
#6299=ADVANCED_FACE('',(#6298),#6291,.F.);
#6306=EDGE_CURVE('',#2907,#2877,#2387,.T.);
#6312=ADVANCED_FACE('',(#6311),#6304,.F.);
#6319=EDGE_CURVE('',#2905,#2875,#2391,.T.);
#6325=ADVANCED_FACE('',(#6324),#6317,.F.);
#6337=ADVANCED_FACE('',(#6336),#6330,.F.);
#6344=EDGE_CURVE('',#2918,#2888,#2399,.T.);
#6347=EDGE_CURVE('',#2919,#2889,#2407,.T.);
#6351=ADVANCED_FACE('',(#6350),#6342,.F.);
#6358=EDGE_CURVE('',#2921,#2891,#2403,.T.);
#6364=ADVANCED_FACE('',(#6363),#6356,.F.);
#6376=ADVANCED_FACE('',(#6375),#6369,.F.);
#6384=EDGE_CURVE('',#2761,#2771,#2411,.T.);
#6389=ADVANCED_FACE('',(#6388),#6381,.T.);
#6396=EDGE_CURVE('',#2760,#2770,#2415,.T.);
#6402=ADVANCED_FACE('',(#6401),#6394,.T.);
#6414=ADVANCED_FACE('',(#6413),#6407,.T.);
#6422=EDGE_CURVE('',#2813,#2823,#2419,.T.);
#6424=EDGE_CURVE('',#2823,#2852,#2444,.T.);
#6428=ADVANCED_FACE('',(#6427),#6419,.T.);
#6435=EDGE_CURVE('',#2812,#2822,#2423,.T.);
#6437=EDGE_CURVE('',#2822,#2823,#2448,.T.);
#6442=ADVANCED_FACE('',(#6441),#6433,.T.);
#6449=EDGE_CURVE('',#2853,#2822,#2452,.T.);
#6455=ADVANCED_FACE('',(#6454),#6447,.T.);
#6469=ADVANCED_FACE('',(#6468),#6460,.T.);
#6481=ADVANCED_FACE('',(#6480),#6474,.T.);
#6489=EDGE_CURVE('',#2861,#2833,#2461,.T.);
#6493=ADVANCED_FACE('',(#6492),#6486,.T.);
#6505=ADVANCED_FACE('',(#6504),#6498,.T.);
#6517=ADVANCED_FACE('',(#6516),#6510,.T.);
#6526=EDGE_CURVE('',#2923,#2925,#2477,.T.);
#6530=ADVANCED_FACE('',(#6529),#6522,.T.);
#6539=EDGE_CURVE('',#2518,#2748,#2485,.T.);
#6543=ADVANCED_FACE('',(#6542),#6535,.T.);
#6555=ADVANCED_FACE('',(#6554),#6548,.T.);
#6558=(LENGTH_UNIT()NAMED_UNIT(*)SI_UNIT(.MILLI.,.METRE.));
#6559=(NAMED_UNIT(*)PLANE_ANGLE_UNIT()SI_UNIT($,.RADIAN.));
#6562=(NAMED_UNIT(*)SI_UNIT($,.STERADIAN.)SOLID_ANGLE_UNIT());
#6564=(GEOMETRIC_REPRESENTATION_CONTEXT(3)GLOBAL_UNCERTAINTY_ASSIGNED_CONTEXT((
#6563))GLOBAL_UNIT_ASSIGNED_CONTEXT((#6558,#6561,#6562))REPRESENTATION_CONTEXT(
'ID1','3'));
#6565=ADVANCED_BREP_SHAPE_REPRESENTATION('',(#6557),#6564);
#6572=PRODUCT_DEFINITION('part definition','',#6571,#6568);
#6573=PRODUCT_DEFINITION_SHAPE('','SHAPE FOR C-292228-2.',#6572);
#6574=SHAPE_ASPECT('','solid data associated with C-292228-2',#6573,.F.);
#6575=PROPERTY_DEFINITION('',
'shape for solid data with which properties are associated',#6574);
#6576=SHAPE_REPRESENTATION('',(#6557),#6564);
#6577=SHAPE_DEFINITION_REPRESENTATION(#6575,#6576);
#6578=(LENGTH_UNIT()NAMED_UNIT(*)SI_UNIT(.MILLI.,.METRE.));
#6582=PROPERTY_DEFINITION('geometric validation property','area of C-292228-2',
#6574);
#6583=REPRESENTATION('surface area',(#6581),#6564);
#6584=PROPERTY_DEFINITION_REPRESENTATION(#6582,#6583);
#6585=(LENGTH_UNIT()NAMED_UNIT(*)SI_UNIT(.MILLI.,.METRE.));
#6589=PROPERTY_DEFINITION('geometric validation property',
'volume of C-292228-2',#6574);
#6590=REPRESENTATION('volume',(#6588),#6564);
#6591=PROPERTY_DEFINITION_REPRESENTATION(#6589,#6590);
#6593=PROPERTY_DEFINITION('geometric validation property',
'centroid of C-292228-2',#6574);
#6594=REPRESENTATION('centroid',(#6592),#6564);
#6595=PROPERTY_DEFINITION_REPRESENTATION(#6593,#6594);
#6596=(LENGTH_UNIT()NAMED_UNIT(*)SI_UNIT(.MILLI.,.METRE.));
#6600=PROPERTY_DEFINITION('geometric validation property','area of C-292228-2',
#6573);
#6601=REPRESENTATION('surface area',(#6599),#6564);
#6602=PROPERTY_DEFINITION_REPRESENTATION(#6600,#6601);
#6603=(LENGTH_UNIT()NAMED_UNIT(*)SI_UNIT(.MILLI.,.METRE.));
#6607=PROPERTY_DEFINITION('geometric validation property',
'volume of C-292228-2',#6573);
#6608=REPRESENTATION('volume',(#6606),#6564);
#6609=PROPERTY_DEFINITION_REPRESENTATION(#6607,#6608);
#6611=PROPERTY_DEFINITION('geometric validation property',
'centroid of C-292228-2',#6573);
#6612=REPRESENTATION('centroid',(#6610),#6564);
#6613=PROPERTY_DEFINITION_REPRESENTATION(#6611,#6612);
#6614=SHAPE_DEFINITION_REPRESENTATION(#6573,#6565);
#6616=PROPERTY_DEFINITION('PART_NO','user defined attribute',#6572);
#6620=REPRESENTATION('',(#6619),#6564);
#6621=PROPERTY_DEFINITION_REPRESENTATION(#6616,#6620);
#6622=PROPERTY_DEFINITION('DWG_TITLE','user defined attribute',#6572);
#6626=REPRESENTATION('',(#6625),#6564);
#6627=PROPERTY_DEFINITION_REPRESENTATION(#6622,#6626);
#6628=PROPERTY_DEFINITION('DWG_TITLE_2','user defined attribute',#6572);
#6632=REPRESENTATION('',(#6631),#6564);
#6633=PROPERTY_DEFINITION_REPRESENTATION(#6628,#6632);
#6634=PROPERTY_DEFINITION('DESC','user defined attribute',#6572);
#6638=REPRESENTATION('',(#6637),#6564);
#6639=PROPERTY_DEFINITION_REPRESENTATION(#6634,#6638);
#6640=PROPERTY_DEFINITION('DOC_STATUS','user defined attribute',#6572);
#6644=REPRESENTATION('',(#6643),#6564);
#6645=PROPERTY_DEFINITION_REPRESENTATION(#6640,#6644);
#6646=PROPERTY_DEFINITION('MOD_NUM','user defined attribute',#6572);
#6650=REPRESENTATION('',(#6649),#6564);
#6651=PROPERTY_DEFINITION_REPRESENTATION(#6646,#6650);
#6652=PROPERTY_DEFINITION('PROI_CREATED_BY','user defined attribute',#6572);
#6656=REPRESENTATION('',(#6655),#6564);
#6657=PROPERTY_DEFINITION_REPRESENTATION(#6652,#6656);
#6658=PROPERTY_DEFINITION('PROI_CREATED_ON','user defined attribute',#6572);
#6662=REPRESENTATION('',(#6661),#6564);
#6663=PROPERTY_DEFINITION_REPRESENTATION(#6658,#6662);
#6664=PROPERTY_DEFINITION('PROI_LOCATION','user defined attribute',#6572);
#6668=REPRESENTATION('',(#6667),#6564);
#6669=PROPERTY_DEFINITION_REPRESENTATION(#6664,#6668);
#6670=PROPERTY_DEFINITION('PTC_COMMON_NAME','user defined attribute',#6572);
#6674=REPRESENTATION('',(#6673),#6564);
#6675=PROPERTY_DEFINITION_REPRESENTATION(#6670,#6674);
#6676=PROPERTY_DEFINITION('PTC_ORGANIZATION_ID','user defined attribute',#6572);
#6680=REPRESENTATION('',(#6679),#6564);
#6681=PROPERTY_DEFINITION_REPRESENTATION(#6676,#6680);
#6682=PROPERTY_DEFINITION('PTC_WM_REVISION','user defined attribute',#6572);
#6686=REPRESENTATION('',(#6685),#6564);
#6687=PROPERTY_DEFINITION_REPRESENTATION(#6682,#6686);
#6688=PROPERTY_DEFINITION('PTC_WM_ITERATION','user defined attribute',#6572);
#6692=REPRESENTATION('',(#6691),#6564);
#6693=PROPERTY_DEFINITION_REPRESENTATION(#6688,#6692);
#6694=PROPERTY_DEFINITION('PTC_WM_VERSION','user defined attribute',#6572);
#6698=REPRESENTATION('',(#6697),#6564);
#6699=PROPERTY_DEFINITION_REPRESENTATION(#6694,#6698);
#6700=PROPERTY_DEFINITION('PTC_WM_LIFECYCLE_STATE','user defined attribute',
#6572);
#6704=REPRESENTATION('',(#6703),#6564);
#6705=PROPERTY_DEFINITION_REPRESENTATION(#6700,#6704);
#6706=PROPERTY_DEFINITION('PTC_WM_LIFECYCLE','user defined attribute',#6572);
#6710=REPRESENTATION('',(#6709),#6564);
#6711=PROPERTY_DEFINITION_REPRESENTATION(#6706,#6710);
#6712=PROPERTY_DEFINITION('PTC_WM_LOCATION','user defined attribute',#6572);
#6716=REPRESENTATION('',(#6715),#6564);
#6717=PROPERTY_DEFINITION_REPRESENTATION(#6712,#6716);
#6718=PROPERTY_DEFINITION('PTC_WM_CREATED_BY','user defined attribute',#6572);
#6722=REPRESENTATION('',(#6721),#6564);
#6723=PROPERTY_DEFINITION_REPRESENTATION(#6718,#6722);
#6724=PROPERTY_DEFINITION('PTC_WM_CREATED_ON','user defined attribute',#6572);
#6728=REPRESENTATION('',(#6727),#6564);
#6729=PROPERTY_DEFINITION_REPRESENTATION(#6724,#6728);
#6730=PROPERTY_DEFINITION('PTC_WM_MODIFIED_BY','user defined attribute',#6572);
#6734=REPRESENTATION('',(#6733),#6564);
#6735=PROPERTY_DEFINITION_REPRESENTATION(#6730,#6734);
#6736=PROPERTY_DEFINITION('PTC_WM_MODIFIED_ON','user defined attribute',#6572);
#6740=REPRESENTATION('',(#6739),#6564);
#6741=PROPERTY_DEFINITION_REPRESENTATION(#6736,#6740);
#6742=PROPERTY_DEFINITION('PTC_WM_TEAM','user defined attribute',#6572);
#6746=REPRESENTATION('',(#6745),#6564);
#6747=PROPERTY_DEFINITION_REPRESENTATION(#6742,#6746);
#6748=PROPERTY_DEFINITION('DOC_NUMBER','user defined attribute',#6572);
#6752=REPRESENTATION('',(#6751),#6564);
#6753=PROPERTY_DEFINITION_REPRESENTATION(#6748,#6752);
#6754=PROPERTY_DEFINITION('EXPORT_RESTRICTED','user defined attribute',#6572);
#6758=REPRESENTATION('',(#6757),#6564);
#6759=PROPERTY_DEFINITION_REPRESENTATION(#6754,#6758);
#6760=PROPERTY_DEFINITION('PART_REV','user defined attribute',#6572);
#6764=REPRESENTATION('',(#6763),#6564);
#6765=PROPERTY_DEFINITION_REPRESENTATION(#6760,#6764);
#6766=PROPERTY_DEFINITION('COMMENTS','user defined attribute',#6572);
#6770=REPRESENTATION('',(#6769),#6564);
#6771=PROPERTY_DEFINITION_REPRESENTATION(#6766,#6770);
ENDSEC;
END-ISO-10303-21;
