ISO-10303-21;
HEADER;
FILE_DESCRIPTION (( 'STEP AP214' ),
    '1' );
FILE_NAME ('SSSS213000.STEP',
    '2023-07-20T15:11:21',
    ( '' ),
    ( '' ),
    'SwSTEP 2.0',
    'SolidWorks 2023',
    '' );
FILE_SCHEMA (( 'AUTOMOTIVE_DESIGN' ));
ENDSEC;

DATA;
#1 = LENGTH_MEASURE_WITH_UNIT ( LENGTH_MEASURE( 0.02539999999999999897 ), #622 );
#2 = UNCERTAINTY_MEASURE_WITH_UNIT (LENGTH_MEASURE( 1.000000000000000082E-05 ), #1439, 'distance_accuracy_value', 'NONE');
#3 = DIRECTION ( 'NONE',  ( -1.000000000000000000, 0.000000000000000000, 0.000000000000000000 ) ) ;
#4 = CARTESIAN_POINT ( 'NONE',  ( -0.1555118110240257256, -0.05905511811040923403, 0.03543307086066291300 ) ) ;
#5 = FACE_OUTER_BOUND ( 'NONE', #2535, .T. ) ;
#6 =( NAMED_UNIT ( * ) PLANE_ANGLE_UNIT ( ) SI_UNIT ( $, .RADIAN. ) );
#7 = STYLED_ITEM ( 'NONE', ( #3814 ), #1153 ) ;
#8 = CARTESIAN_POINT ( 'NONE',  ( -0.1377952755905511861, 0.06889763779527560694, 0.03543307085116166599 ) ) ;
#9 = VERTEX_POINT ( 'NONE', #1124 ) ;
#10 = ORIENTED_EDGE ( 'NONE', *, *, #2906, .F. ) ;
#11 =( LENGTH_UNIT ( ) NAMED_UNIT ( * ) SI_UNIT ( $, .METRE. ) );
#12 = ADVANCED_FACE ( 'NONE', ( #2309 ), #3483, .T. ) ;
#13 = PRESENTATION_LAYER_ASSIGNMENT (  '', '', ( #2333 ) ) ;
#14 = DIMENSIONAL_EXPONENTS ( 1.000000000000000000, 0.000000000000000000, 0.000000000000000000, 0.000000000000000000, 0.000000000000000000, 0.000000000000000000, 0.000000000000000000 ) ;
#15 = FILL_AREA_STYLE ('',( #1493 ) ) ;
#16 = ORIENTED_EDGE ( 'NONE', *, *, #396, .T. ) ;
#17 = CARTESIAN_POINT ( 'NONE',  ( 0.000000000000000000, 0.07086614173228350522, -0.1062992125984252023 ) ) ;
#18 = ADVANCED_FACE ( 'NONE', ( #955 ), #898, .F. ) ;
#19 = PRESENTATION_LAYER_ASSIGNMENT (  '', '', ( #2909 ) ) ;
#20 = ORIENTED_EDGE ( 'NONE', *, *, #2170, .F. ) ;
#21 =( GEOMETRIC_REPRESENTATION_CONTEXT ( 3 ) GLOBAL_UNCERTAINTY_ASSIGNED_CONTEXT ( ( #893 ) ) GLOBAL_UNIT_ASSIGNED_CONTEXT ( ( #3061, #6, #336 ) ) REPRESENTATION_CONTEXT ( 'NONE', 'WORKASPACE' ) );
#22 =( NAMED_UNIT ( * ) SI_UNIT ( $, .STERADIAN. ) SOLID_ANGLE_UNIT ( ) );
#23 = DIRECTION ( 'NONE',  ( 0.000000000000000000, -1.000000000000000000, -0.000000000000000000 ) ) ;
#24 = CARTESIAN_POINT ( 'NONE',  ( 0.1496062992124703728, 0.05708661416822414375, 0.01181102362127888980 ) ) ;
#25 = DIRECTION ( 'NONE',  ( -0.000000000000000000, -0.000000000000000000, 1.000000000000000000 ) ) ;
#26 = CARTESIAN_POINT ( 'NONE',  ( 0.06102362204724411793, 0.02165354330708661734, 0.2165354330708662289 ) ) ;
#27 = DIRECTION ( 'NONE',  ( 1.000000000000000000, -0.000000000000000000, 0.000000000000000000 ) ) ;
#28 = ORIENTED_EDGE ( 'NONE', *, *, #3175, .T. ) ;
#29 = ORIENTED_EDGE ( 'NONE', *, *, #2366, .T. ) ;
#30 =( NAMED_UNIT ( * ) PLANE_ANGLE_UNIT ( ) SI_UNIT ( $, .RADIAN. ) );
#31 =( NAMED_UNIT ( * ) SI_UNIT ( $, .STERADIAN. ) SOLID_ANGLE_UNIT ( ) );
#32 = STYLED_ITEM ( 'NONE', ( #763 ), #764 ) ;
#33 = PRESENTATION_LAYER_ASSIGNMENT (  '', '', ( #1541 ) ) ;
#34 = ORIENTED_EDGE ( 'NONE', *, *, #1119, .T. ) ;
#35 = PRESENTATION_LAYER_ASSIGNMENT (  '', '', ( #1128 ) ) ;
#36 = CYLINDRICAL_SURFACE ( 'NONE', #3729, 0.01181102362204724046 ) ;
#37 = VERTEX_POINT ( 'NONE', #1232 ) ;
#38 = EDGE_CURVE ( 'NONE', #1989, #3727, #1842, .T. ) ;
#39 = DIMENSIONAL_EXPONENTS ( 1.000000000000000000, 0.000000000000000000, 0.000000000000000000, 0.000000000000000000, 0.000000000000000000, 0.000000000000000000, 0.000000000000000000 ) ;
#40 = DIRECTION ( 'NONE',  ( 0.000000000000000000, -0.000000000000000000, -1.000000000000000000 ) ) ;
#41 = SURFACE_STYLE_FILL_AREA ( #1575 ) ;
#42 = DIRECTION ( 'NONE',  ( -1.000000000000000000, -0.000000000000000000, -0.000000000000000000 ) ) ;
#43 = LINE ( 'NONE', #2432, #3358 ) ;
#44 = CARTESIAN_POINT ( 'NONE',  ( -0.08661417322834646937, -0.06692913385826772255, 0.04330708661417324162 ) ) ;
#45 = UNCERTAINTY_MEASURE_WITH_UNIT (LENGTH_MEASURE( 1.000000000000000082E-05 ), #1122, 'distance_accuracy_value', 'NONE');
#46 =( NAMED_UNIT ( * ) PLANE_ANGLE_UNIT ( ) SI_UNIT ( $, .RADIAN. ) );
#47 =( CONVERSION_BASED_UNIT ( 'INCH', #256 ) LENGTH_UNIT ( ) NAMED_UNIT ( #384 ) );
#49 = ADVANCED_FACE ( 'NONE', ( #3612 ), #1253, .T. ) ;
#48 = CARTESIAN_POINT ( 'NONE',  ( -0.01181102362204724393, 0.06889763779515258035, 0.03543307085430561637 ) ) ;
#50 = SURFACE_STYLE_FILL_AREA ( #3042 ) ;
#51 = VERTEX_POINT ( 'NONE', #83 ) ;
#52 = ORIENTED_EDGE ( 'NONE', *, *, #473, .F. ) ;
#53 = CARTESIAN_POINT ( 'NONE',  ( -0.07086614173274485839, -0.03149606299212598381, 0.1279527559055118335 ) ) ;
#54 = CARTESIAN_POINT ( 'NONE',  ( 0.08661417322834646937, -0.07086614173228350522, -0.1062992125984252023 ) ) ;
#55 = UNCERTAINTY_MEASURE_WITH_UNIT (LENGTH_MEASURE( 1.000000000000000082E-05 ), #587, 'distance_accuracy_value', 'NONE');
#56 = LENGTH_MEASURE_WITH_UNIT ( LENGTH_MEASURE( 0.02539999999999999897 ), #3372 );
#57 =( GEOMETRIC_REPRESENTATION_CONTEXT ( 3 ) GLOBAL_UNCERTAINTY_ASSIGNED_CONTEXT ( ( #1930 ) ) GLOBAL_UNIT_ASSIGNED_CONTEXT ( ( #2786, #1683, #1111 ) ) REPRESENTATION_CONTEXT ( 'NONE', 'WORKASPACE' ) );
#58 = PRESENTATION_LAYER_ASSIGNMENT (  '', '', ( #198 ) ) ;
#59 = LINE ( 'NONE', #3329, #3792 ) ;
#60 = DIRECTION ( 'NONE',  ( -0.000000000000000000, -0.000000000000000000, -1.000000000000000000 ) ) ;
#61 = AXIS2_PLACEMENT_3D ( 'NONE', #192, #3356, #1371 ) ;
#62 = EDGE_LOOP ( 'NONE', ( #1509, #1199, #2067, #3594 ) ) ;
#63 = CARTESIAN_POINT ( 'NONE',  ( 0.1258425196850393724, -0.04921259842522202055, 3.774902900381942603E-14 ) ) ;
#64 = PRESENTATION_LAYER_ASSIGNMENT (  '', '', ( #1814 ) ) ;
#65 =( LENGTH_UNIT ( ) NAMED_UNIT ( * ) SI_UNIT ( $, .METRE. ) );
#66 = PLANE ( 'NONE',  #1501 ) ;
#67 = DIMENSIONAL_EXPONENTS ( 1.000000000000000000, 0.000000000000000000, 0.000000000000000000, 0.000000000000000000, 0.000000000000000000, 0.000000000000000000, 0.000000000000000000 ) ;
#68 = EDGE_LOOP ( 'NONE', ( #655, #2554, #3065, #2873 ) ) ;
#69 = VERTEX_POINT ( 'NONE', #434 ) ;
#70 = EDGE_CURVE ( 'NONE', #2612, #1227, #1867, .T. ) ;
#71 = AXIS2_PLACEMENT_3D ( 'NONE', #727, #1910, #3315 ) ;
#72 = PRESENTATION_LAYER_ASSIGNMENT (  '', '', ( #1155 ) ) ;
#73 = FACE_OUTER_BOUND ( 'NONE', #2720, .T. ) ;
#74 = SURFACE_SIDE_STYLE ('',( #123 ) ) ;
#75 = ADVANCED_FACE ( 'NONE', ( #1019 ), #3076, .F. ) ;
#76 = PRESENTATION_STYLE_ASSIGNMENT (( #1554 ) ) ;
#77 = STYLED_ITEM ( 'NONE', ( #2521 ), #738 ) ;
#78 = AXIS2_PLACEMENT_3D ( 'NONE', #2633, #522, #1754 ) ;
#79 = PLANE ( 'NONE',  #1438 ) ;
#80 =( LENGTH_UNIT ( ) NAMED_UNIT ( * ) SI_UNIT ( $, .METRE. ) );
#81 = ORIENTED_EDGE ( 'NONE', *, *, #807, .T. ) ;
#82 = DIRECTION ( 'NONE',  ( 0.000000000000000000, 0.000000000000000000, -1.000000000000000000 ) ) ;
#83 = CARTESIAN_POINT ( 'NONE',  ( -0.1623027554961553598, -0.06889763779527560694, 0.1376947471831421466 ) ) ;
#84 = MECHANICAL_DESIGN_GEOMETRIC_PRESENTATION_REPRESENTATION (  '', ( #3453 ), #1974 ) ;
#85 = PLANE ( 'NONE',  #1278 ) ;
#86 = AXIS2_PLACEMENT_3D ( 'NONE', #3540, #289, #3846 ) ;
#87 =( NAMED_UNIT ( * ) PLANE_ANGLE_UNIT ( ) SI_UNIT ( $, .RADIAN. ) );
#88 = DIRECTION ( 'NONE',  ( -1.000000000000000000, -0.000000000000000000, 0.000000000000000000 ) ) ;
#89 = EDGE_CURVE ( 'NONE', #1876, #3645, #478, .T. ) ;
#90 =( NAMED_UNIT ( * ) PLANE_ANGLE_UNIT ( ) SI_UNIT ( $, .RADIAN. ) );
#91 =( LENGTH_UNIT ( ) NAMED_UNIT ( * ) SI_UNIT ( $, .METRE. ) );
#92 = CARTESIAN_POINT ( 'NONE',  ( 0.01771653543307087630, 0.02952755905511811330, 0.2165354330708662289 ) ) ;
#93 = CARTESIAN_POINT ( 'NONE',  ( 0.08661417322834646937, -0.07086614173228350522, 0.04330708661417324162 ) ) ;
#94 = DIRECTION ( 'NONE',  ( 0.000000000000000000, -0.5547001962252283702, -0.8320502943378440541 ) ) ;
#95 = ORIENTED_EDGE ( 'NONE', *, *, #2055, .F. ) ;
#96 = ORIENTED_EDGE ( 'NONE', *, *, #591, .T. ) ;
#97 = FILL_AREA_STYLE_COLOUR ( '', #3678 ) ;
#98 = LENGTH_MEASURE_WITH_UNIT ( LENGTH_MEASURE( 0.02539999999999999897 ), #2171 );
#99 = EDGE_CURVE ( 'NONE', #1647, #3044, #1151, .T. ) ;
#100 = SURFACE_STYLE_USAGE ( .BOTH. , #3373 ) ;
#101 = CARTESIAN_POINT ( 'NONE',  ( -0.1555118110236220208, 0.05708661416109250125, 0.01181102362204727516 ) ) ;
#102 = EDGE_CURVE ( 'NONE', #1812, #3289, #2549, .T. ) ;
#103 = PRESENTATION_STYLE_ASSIGNMENT (( #3330 ) ) ;
#104 = ORIENTED_EDGE ( 'NONE', *, *, #2105, .T. ) ;
#105 =( LENGTH_UNIT ( ) NAMED_UNIT ( * ) SI_UNIT ( $, .METRE. ) );
#106 = STYLED_ITEM ( 'NONE', ( #2217 ), #3800 ) ;
#107 = COLOUR_RGB ( '',0.6470588235294117974, 0.6196078431372549211, 0.5882352941176470784 ) ;
#108 = DIRECTION ( 'NONE',  ( 0.000000000000000000, 1.000000000000000000, 0.000000000000000000 ) ) ;
#109 =( CONVERSION_BASED_UNIT ( 'INCH', #1616 ) LENGTH_UNIT ( ) NAMED_UNIT ( #207 ) );
#110 = AXIS2_PLACEMENT_3D ( 'NONE', #1431, #475, #2010 ) ;
#111 = EDGE_CURVE ( 'NONE', #2812, #2999, #3501, .T. ) ;
#112 = FACE_OUTER_BOUND ( 'NONE', #411, .T. ) ;
#113 =( LENGTH_UNIT ( ) NAMED_UNIT ( * ) SI_UNIT ( $, .METRE. ) );
#114 = DIRECTION ( 'NONE',  ( 0.000000000000000000, -0.000000000000000000, 1.000000000000000000 ) ) ;
#115 = STYLED_ITEM ( 'NONE', ( #1420 ), #3438 ) ;
#116 = DIRECTION ( 'NONE',  ( -1.000000000000000000, 0.000000000000000000, 0.000000000000000000 ) ) ;
#117 = ORIENTED_EDGE ( 'NONE', *, *, #3281, .T. ) ;
#118 = ORIENTED_EDGE ( 'NONE', *, *, #3861, .F. ) ;
#119 = DIRECTION ( 'NONE',  ( 1.000000000000000000, 0.000000000000000000, -0.000000000000000000 ) ) ;
#120 = ORIENTED_EDGE ( 'NONE', *, *, #288, .F. ) ;
#121 =( NAMED_UNIT ( * ) PLANE_ANGLE_UNIT ( ) SI_UNIT ( $, .RADIAN. ) );
#122 = PLANE ( 'NONE',  #976 ) ;
#123 = SURFACE_STYLE_FILL_AREA ( #2765 ) ;
#124 = DIRECTION ( 'NONE',  ( 0.000000000000000000, 0.000000000000000000, 1.000000000000000000 ) ) ;
#125 = ADVANCED_FACE ( 'NONE', ( #493, #112 ), #771, .T. ) ;
#126 = DIRECTION ( 'NONE',  ( 1.000000000000000000, -0.000000000000000000, 0.000000000000000000 ) ) ;
#127 =( NAMED_UNIT ( * ) PLANE_ANGLE_UNIT ( ) SI_UNIT ( $, .RADIAN. ) );
#128 = VECTOR ( 'NONE', #1088, 39.37007874015748143 ) ;
#129 = ORIENTED_EDGE ( 'NONE', *, *, #1167, .F. ) ;
#130 = DIRECTION ( 'NONE',  ( -1.000000000000000000, 0.000000000000000000, 0.000000000000000000 ) ) ;
#131 = FACE_OUTER_BOUND ( 'NONE', #679, .T. ) ;
#132 = DIRECTION ( 'NONE',  ( -0.000000000000000000, 0.000000000000000000, 1.000000000000000000 ) ) ;
#133 = STYLED_ITEM ( 'NONE', ( #2706 ), #1973 ) ;
#134 = UNCERTAINTY_MEASURE_WITH_UNIT (LENGTH_MEASURE( 1.000000000000000082E-05 ), #604, 'distance_accuracy_value', 'NONE');
#135 = CARTESIAN_POINT ( 'NONE',  ( 0.06889763779527560694, -0.02952755905511811677, 0.2165354330708662289 ) ) ;
#136 = DIRECTION ( 'NONE',  ( 0.000000000000000000, -1.000000000000000000, 0.000000000000000000 ) ) ;
#137 = STYLED_ITEM ( 'NONE', ( #2970 ), #2492 ) ;
#138 = EDGE_LOOP ( 'NONE', ( #2231, #755, #3707, #81 ) ) ;
#139 = ORIENTED_EDGE ( 'NONE', *, *, #2017, .T. ) ;
#140 = CARTESIAN_POINT ( 'NONE',  ( -0.1605262017717544731, 0.06889763779527560694, 0.1377952755905512139 ) ) ;
#141 = FILL_AREA_STYLE ('',( #502 ) ) ;
#142 = SURFACE_STYLE_FILL_AREA ( #1592 ) ;
#143 = VERTEX_POINT ( 'NONE', #2798 ) ;
#144 =( GEOMETRIC_REPRESENTATION_CONTEXT ( 3 ) GLOBAL_UNCERTAINTY_ASSIGNED_CONTEXT ( ( #1805 ) ) GLOBAL_UNIT_ASSIGNED_CONTEXT ( ( #1380, #90, #1895 ) ) REPRESENTATION_CONTEXT ( 'NONE', 'WORKASPACE' ) );
#145 = EDGE_CURVE ( 'NONE', #1926, #2463, #1044, .T. ) ;
#146 = DIRECTION ( 'NONE',  ( -1.000000000000000000, 0.000000000000000000, 0.000000000000000000 ) ) ;
#147 = CARTESIAN_POINT ( 'NONE',  ( -0.1476377952755935641, 0.04921259842523467709, 1.406785219277552230E-14 ) ) ;
#148 = AXIS2_PLACEMENT_3D ( 'NONE', #2632, #1802, #3 ) ;
#149 = COLOUR_RGB ( '',0.7529411764705882248, 0.7529411764705882248, 0.7529411764705882248 ) ;
#150 =( CONVERSION_BASED_UNIT ( 'INCH', #1947 ) LENGTH_UNIT ( ) NAMED_UNIT ( #858 ) );
#151 = AXIS2_PLACEMENT_3D ( 'NONE', #710, #1896, #419 ) ;
#152 = VERTEX_POINT ( 'NONE', #1307 ) ;
#153 = STYLED_ITEM ( 'NONE', ( #255 ), #2123 ) ;
#154 = ADVANCED_FACE ( 'NONE', ( #2503 ), #2734, .F. ) ;
#155 = SURFACE_STYLE_FILL_AREA ( #1951 ) ;
#156 = FACE_OUTER_BOUND ( 'NONE', #3314, .T. ) ;
#157 =( LENGTH_UNIT ( ) NAMED_UNIT ( * ) SI_UNIT ( $, .METRE. ) );
#158 =( LENGTH_UNIT ( ) NAMED_UNIT ( * ) SI_UNIT ( $, .METRE. ) );
#159 = ORIENTED_EDGE ( 'NONE', *, *, #639, .T. ) ;
#160 = EDGE_LOOP ( 'NONE', ( #584, #2156, #3188, #2239 ) ) ;
#161 = SURFACE_STYLE_FILL_AREA ( #2599 ) ;
#162 = CARTESIAN_POINT ( 'NONE',  ( 0.1771653543307088186, 0.06889763779527560694, 0.04724409448818899654 ) ) ;
#163 = CARTESIAN_POINT ( 'NONE',  ( 0.000000000000000000, 0.000000000000000000, 0.000000000000000000 ) ) ;
#164 = PRESENTATION_STYLE_ASSIGNMENT (( #2256 ) ) ;
#165 = ORIENTED_EDGE ( 'NONE', *, *, #2098, .T. ) ;
#166 = EDGE_CURVE ( 'NONE', #3706, #2166, #2504, .T. ) ;
#167 = PLANE ( 'NONE',  #61 ) ;
#168 = DIRECTION ( 'NONE',  ( -0.000000000000000000, -1.000000000000000000, -0.000000000000000000 ) ) ;
#169 = SURFACE_STYLE_FILL_AREA ( #2853 ) ;
#170 = VERTEX_POINT ( 'NONE', #1343 ) ;
#171 = DIRECTION ( 'NONE',  ( -1.000000000000000000, 0.000000000000000000, -0.000000000000000000 ) ) ;
#172 = DIMENSIONAL_EXPONENTS ( 1.000000000000000000, 0.000000000000000000, 0.000000000000000000, 0.000000000000000000, 0.000000000000000000, 0.000000000000000000, 0.000000000000000000 ) ;
#173 = EDGE_CURVE ( 'NONE', #2603, #2589, #3853, .T. ) ;
#174 = LINE ( 'NONE', #282, #3672 ) ;
#175 = AXIS2_PLACEMENT_3D ( 'NONE', #615, #908, #598 ) ;
#176 = DIRECTION ( 'NONE',  ( -0.000000000000000000, -1.000000000000000000, -0.000000000000000000 ) ) ;
#177 = DIRECTION ( 'NONE',  ( 0.000000000000000000, -0.000000000000000000, 1.000000000000000000 ) ) ;
#178 = PRESENTATION_STYLE_ASSIGNMENT (( #3102 ) ) ;
#179 = EDGE_LOOP ( 'NONE', ( #341, #2854, #1062, #3225 ) ) ;
#180 =( GEOMETRIC_REPRESENTATION_CONTEXT ( 3 ) GLOBAL_UNCERTAINTY_ASSIGNED_CONTEXT ( ( #2479 ) ) GLOBAL_UNIT_ASSIGNED_CONTEXT ( ( #1094, #503, #799 ) ) REPRESENTATION_CONTEXT ( 'NONE', 'WORKASPACE' ) );
#181 = VERTEX_POINT ( 'NONE', #1280 ) ;
#182 = PRESENTATION_LAYER_ASSIGNMENT (  '', '', ( #3530 ) ) ;
#183 = EDGE_CURVE ( 'NONE', #1613, #37, #512, .T. ) ;
#184 = MECHANICAL_DESIGN_GEOMETRIC_PRESENTATION_REPRESENTATION (  '', ( #115 ), #1070 ) ;
#185 = CARTESIAN_POINT ( 'NONE',  ( -0.01181102362204724567, 0.05905511811206033690, -0.1062992125985766229 ) ) ;
#186 = LINE ( 'NONE', #2600, #1474 ) ;
#187 = LINE ( 'NONE', #819, #1181 ) ;
#188 = CARTESIAN_POINT ( 'NONE',  ( 0.1771653543307088186, -0.06889763779527560694, 0.04724409448818899654 ) ) ;
#189 = ORIENTED_EDGE ( 'NONE', *, *, #3328, .F. ) ;
#190 = COLOUR_RGB ( '',0.6470588235294117974, 0.6196078431372549211, 0.5882352941176470784 ) ;
#191 = AXIS2_PLACEMENT_3D ( 'NONE', #2457, #374, #1256 ) ;
#192 = CARTESIAN_POINT ( 'NONE',  ( 0.1605262017716535539, 0.06889763779527560694, 0.1377952755905512139 ) ) ;
#193 = DIRECTION ( 'NONE',  ( -0.000000000000000000, -0.000000000000000000, 1.000000000000000000 ) ) ;
#194 = FILL_AREA_STYLE ('',( #2301 ) ) ;
#195 = FACE_OUTER_BOUND ( 'NONE', #250, .T. ) ;
#196 = ORIENTED_EDGE ( 'NONE', *, *, #978, .F. ) ;
#197 = STYLED_ITEM ( 'NONE', ( #2755 ), #320 ) ;
#198 = STYLED_ITEM ( 'NONE', ( #3086 ), #960 ) ;
#199 = PRESENTATION_STYLE_ASSIGNMENT (( #2289 ) ) ;
#200 = DIRECTION ( 'NONE',  ( 0.000000000000000000, 1.000000000000000000, 0.000000000000000000 ) ) ;
#201 = ORIENTED_EDGE ( 'NONE', *, *, #1377, .F. ) ;
#202 = CARTESIAN_POINT ( 'NONE',  ( 0.1555118110236220208, 0.05905511811023622659, 0.01181102362437041337 ) ) ;
#203 = FILL_AREA_STYLE_COLOUR ( '', #936 ) ;
#204 = LINE ( 'NONE', #1089, #2890 ) ;
#205 =( GEOMETRIC_REPRESENTATION_CONTEXT ( 3 ) GLOBAL_UNCERTAINTY_ASSIGNED_CONTEXT ( ( #645 ) ) GLOBAL_UNIT_ASSIGNED_CONTEXT ( ( #381, #344, #3001 ) ) REPRESENTATION_CONTEXT ( 'NONE', 'WORKASPACE' ) );
#206 = DIRECTION ( 'NONE',  ( -0.000000000000000000, 0.000000000000000000, -1.000000000000000000 ) ) ;
#207 = DIMENSIONAL_EXPONENTS ( 1.000000000000000000, 0.000000000000000000, 0.000000000000000000, 0.000000000000000000, 0.000000000000000000, 0.000000000000000000, 0.000000000000000000 ) ;
#208 = LINE ( 'NONE', #3416, #3745 ) ;
#209 = CARTESIAN_POINT ( 'NONE',  ( 0.06102362204724411793, -0.02952755905511811677, 0.2165354330708662289 ) ) ;
#210 = FACE_OUTER_BOUND ( 'NONE', #2593, .T. ) ;
#211 = ORIENTED_EDGE ( 'NONE', *, *, #3220, .T. ) ;
#212 = EDGE_CURVE ( 'NONE', #3322, #3409, #3057, .T. ) ;
#213 = EDGE_CURVE ( 'NONE', #1210, #1926, #3016, .T. ) ;
#214 =( LENGTH_UNIT ( ) NAMED_UNIT ( * ) SI_UNIT ( $, .METRE. ) );
#215 = ORIENTED_EDGE ( 'NONE', *, *, #3460, .F. ) ;
#216 = VECTOR ( 'NONE', #1195, 39.37007874015748143 ) ;
#217 = VECTOR ( 'NONE', #548, 39.37007874015748143 ) ;
#218 =( NAMED_UNIT ( * ) PLANE_ANGLE_UNIT ( ) SI_UNIT ( $, .RADIAN. ) );
#219 = CARTESIAN_POINT ( 'NONE',  ( 0.1279527559054783881, 0.04921259842520901706, 1.906050122705692027E-14 ) ) ;
#220 = AXIS2_PLACEMENT_3D ( 'NONE', #2459, #25, #961 ) ;
#221 = ORIENTED_EDGE ( 'NONE', *, *, #477, .T. ) ;
#222 = PRESENTATION_LAYER_ASSIGNMENT (  '', '', ( #3819 ) ) ;
#223 = DIRECTION ( 'NONE',  ( -0.000000000000000000, -1.000000000000000000, -0.000000000000000000 ) ) ;
#224 = CARTESIAN_POINT ( 'NONE',  ( -0.1279527559054760844, 0.04921259842523335176, 2.367629400181836666E-14 ) ) ;
#225 = FILL_AREA_STYLE ('',( #3504 ) ) ;
#226 = CARTESIAN_POINT ( 'NONE',  ( 0.06889763779527560694, 0.02952755905511810636, 0.2165354330708662289 ) ) ;
#227 = CARTESIAN_POINT ( 'NONE',  ( 0.08661417322834646937, -0.05905511811023622659, 0.01181102362426481901 ) ) ;
#228 = ORIENTED_EDGE ( 'NONE', *, *, #2557, .T. ) ;
#229 = VECTOR ( 'NONE', #1196, 39.37007874015748143 ) ;
#230 = EDGE_CURVE ( 'NONE', #577, #1812, #2208, .T. ) ;
#231 = DIMENSIONAL_EXPONENTS ( 1.000000000000000000, 0.000000000000000000, 0.000000000000000000, 0.000000000000000000, 0.000000000000000000, 0.000000000000000000, 0.000000000000000000 ) ;
#232 = FILL_AREA_STYLE ('',( #527 ) ) ;
#233 =( NAMED_UNIT ( * ) SI_UNIT ( $, .STERADIAN. ) SOLID_ANGLE_UNIT ( ) );
#234 = DIRECTION ( 'NONE',  ( 1.000000000000000000, -0.000000000000000000, -0.000000000000000000 ) ) ;
#235 = EDGE_LOOP ( 'NONE', ( #3043, #1326, #165, #139 ) ) ;
#236 = DIRECTION ( 'NONE',  ( 0.000000000000000000, 0.000000000000000000, 1.000000000000000000 ) ) ;
#237 = ORIENTED_EDGE ( 'NONE', *, *, #350, .T. ) ;
#238 = DIRECTION ( 'NONE',  ( -1.000000000000000000, -0.000000000000000000, 0.000000000000000000 ) ) ;
#239 = LENGTH_MEASURE_WITH_UNIT ( LENGTH_MEASURE( 0.02539999999999999897 ), #2355 );
#240 = PLANE ( 'NONE',  #3560 ) ;
#241 = AXIS2_PLACEMENT_3D ( 'NONE', #1614, #2180, #130 ) ;
#242 = CARTESIAN_POINT ( 'NONE',  ( -0.1555118110236220208, -0.02165354328976237461, 0.01181102362204727516 ) ) ;
#243 = FACE_OUTER_BOUND ( 'NONE', #2127, .T. ) ;
#244 = STYLED_ITEM ( 'NONE', ( #528 ), #1563 ) ;
#245 = ORIENTED_EDGE ( 'NONE', *, *, #2674, .F. ) ;
#246 = FILL_AREA_STYLE_COLOUR ( '', #1881 ) ;
#247 = DIRECTION ( 'NONE',  ( -0.000000000000000000, -0.000000000000000000, 1.000000000000000000 ) ) ;
#248 = CARTESIAN_POINT ( 'NONE',  ( -0.1555118110236220208, 0.02165354328822425081, 0.01181102362204727516 ) ) ;
#249 = ORIENTED_EDGE ( 'NONE', *, *, #2366, .F. ) ;
#250 = EDGE_LOOP ( 'NONE', ( #1408, #1116, #2103, #3787, #3176, #3494, #400 ) ) ;
#251 = EDGE_CURVE ( 'NONE', #1040, #3145, #2778, .T. ) ;
#252 = DIRECTION ( 'NONE',  ( -0.000000000000000000, 0.000000000000000000, 1.000000000000000000 ) ) ;
#253 = LINE ( 'NONE', #1452, #2069 ) ;
#254 = LINE ( 'NONE', #3577, #1224 ) ;
#255 = PRESENTATION_STYLE_ASSIGNMENT (( #2314 ) ) ;
#256 = LENGTH_MEASURE_WITH_UNIT ( LENGTH_MEASURE( 0.02539999999999999897 ), #2918 );
#257 = FACE_OUTER_BOUND ( 'NONE', #2332, .T. ) ;
#258 = ORIENTED_EDGE ( 'NONE', *, *, #409, .F. ) ;
#259 =( GEOMETRIC_REPRESENTATION_CONTEXT ( 3 ) GLOBAL_UNCERTAINTY_ASSIGNED_CONTEXT ( ( #1799 ) ) GLOBAL_UNIT_ASSIGNED_CONTEXT ( ( #2068, #3236, #3203 ) ) REPRESENTATION_CONTEXT ( 'NONE', 'WORKASPACE' ) );
#260 = DIRECTION ( 'NONE',  ( -0.000000000000000000, -0.000000000000000000, 1.000000000000000000 ) ) ;
#261 = VECTOR ( 'NONE', #1875, 39.37007874015748143 ) ;
#262 = EDGE_CURVE ( 'NONE', #2166, #1462, #1848, .T. ) ;
#263 = ORIENTED_EDGE ( 'NONE', *, *, #89, .F. ) ;
#264 = UNCERTAINTY_MEASURE_WITH_UNIT (LENGTH_MEASURE( 1.000000000000000082E-05 ), #1382, 'distance_accuracy_value', 'NONE');
#265 = VECTOR ( 'NONE', #1663, 39.37007874015748143 ) ;
#266 = VERTEX_POINT ( 'NONE', #3657 ) ;
#267 = EDGE_CURVE ( 'NONE', #3250, #469, #3181, .T. ) ;
#268 =( CONVERSION_BASED_UNIT ( 'INCH', #239 ) LENGTH_UNIT ( ) NAMED_UNIT ( #3069 ) );
#269 = DIRECTION ( 'NONE',  ( -0.000000000000000000, 0.000000000000000000, 1.000000000000000000 ) ) ;
#270 = UNCERTAINTY_MEASURE_WITH_UNIT (LENGTH_MEASURE( 1.000000000000000082E-05 ), #3552, 'distance_accuracy_value', 'NONE');
#271 = CARTESIAN_POINT ( 'NONE',  ( 0.01181102362204724567, 0.05905511812007876310, 0.04763473055118109395 ) ) ;
#272 = DIRECTION ( 'NONE',  ( 0.000000000000000000, -1.000000000000000000, 0.000000000000000000 ) ) ;
#273 =( GEOMETRIC_REPRESENTATION_CONTEXT ( 3 ) GLOBAL_UNCERTAINTY_ASSIGNED_CONTEXT ( ( #2434 ) ) GLOBAL_UNIT_ASSIGNED_CONTEXT ( ( #1270, #2676, #2960 ) ) REPRESENTATION_CONTEXT ( 'NONE', 'WORKASPACE' ) );
#274 = DIMENSIONAL_EXPONENTS ( 1.000000000000000000, 0.000000000000000000, 0.000000000000000000, 0.000000000000000000, 0.000000000000000000, 0.000000000000000000, 0.000000000000000000 ) ;
#275 = LINE ( 'NONE', #1997, #3699 ) ;
#276 = SURFACE_SIDE_STYLE ('',( #3541 ) ) ;
#277 = SHAPE_DEFINITION_REPRESENTATION ( #2617, #2193 ) ;
#278 = ORIENTED_EDGE ( 'NONE', *, *, #1607, .T. ) ;
#279 = MECHANICAL_DESIGN_GEOMETRIC_PRESENTATION_REPRESENTATION (  '', ( #3148 ), #3515 ) ;
#280 = DIRECTION ( 'NONE',  ( 0.000000000000000000, -0.8320502943378438321, 0.5547001962252289253 ) ) ;
#281 = DIRECTION ( 'NONE',  ( 0.000000000000000000, 1.000000000000000000, 0.000000000000000000 ) ) ;
#282 = CARTESIAN_POINT ( 'NONE',  ( 0.08661417322834646937, -0.07086614173228350522, -0.1062992125984252023 ) ) ;
#283 = VERTEX_POINT ( 'NONE', #3361 ) ;
#284 = PRESENTATION_LAYER_ASSIGNMENT (  '', '', ( #3453 ) ) ;
#285 = DIRECTION ( 'NONE',  ( -0.000000000000000000, -0.000000000000000000, 1.000000000000000000 ) ) ;
#286 = SURFACE_SIDE_STYLE ('',( #1436 ) ) ;
#287 = SURFACE_SIDE_STYLE ('',( #3555 ) ) ;
#288 = EDGE_CURVE ( 'NONE', #663, #1876, #2433, .T. ) ;
#289 = DIRECTION ( 'NONE',  ( 0.000000000000000000, -1.000000000000000000, 0.000000000000000000 ) ) ;
#290 = FILL_AREA_STYLE ('',( #1146 ) ) ;
#291 = FILL_AREA_STYLE_COLOUR ( '', #1472 ) ;
#292 = CARTESIAN_POINT ( 'NONE',  ( -0.1377952755905511861, 0.06889763779527560694, 0.03543307086614175955 ) ) ;
#293 = ORIENTED_EDGE ( 'NONE', *, *, #3309, .T. ) ;
#294 = EDGE_CURVE ( 'NONE', #3527, #1348, #941, .T. ) ;
#295 = DIRECTION ( 'NONE',  ( -0.000000000000000000, -0.000000000000000000, 1.000000000000000000 ) ) ;
#296 = DIMENSIONAL_EXPONENTS ( 1.000000000000000000, 0.000000000000000000, 0.000000000000000000, 0.000000000000000000, 0.000000000000000000, 0.000000000000000000, 0.000000000000000000 ) ;
#297 = CARTESIAN_POINT ( 'NONE',  ( 0.1673228346456692994, 0.06889763779527560694, 0.04724409448818899654 ) ) ;
#298 = MECHANICAL_DESIGN_GEOMETRIC_PRESENTATION_REPRESENTATION (  '', ( #3037 ), #2488 ) ;
#299 = PLANE ( 'NONE',  #86 ) ;
#300 = ORIENTED_EDGE ( 'NONE', *, *, #2052, .F. ) ;
#301 = PRESENTATION_STYLE_ASSIGNMENT (( #2693 ) ) ;
#302 = FILL_AREA_STYLE_COLOUR ( '', #1789 ) ;
#303 = SURFACE_SIDE_STYLE ('',( #2112 ) ) ;
#304 =( NAMED_UNIT ( * ) PLANE_ANGLE_UNIT ( ) SI_UNIT ( $, .RADIAN. ) );
#305 = LINE ( 'NONE', #1502, #401 ) ;
#306 = CARTESIAN_POINT ( 'NONE',  ( 0.06889763779527560694, 0.02165354330708661734, 0.2165354330708662289 ) ) ;
#307 = EDGE_CURVE ( 'NONE', #3456, #2984, #3082, .T. ) ;
#308 =( LENGTH_UNIT ( ) NAMED_UNIT ( * ) SI_UNIT ( $, .METRE. ) );
#309 = LENGTH_MEASURE_WITH_UNIT ( LENGTH_MEASURE( 0.02539999999999999897 ), #65 );
#310 = LINE ( 'NONE', #248, #3608 ) ;
#311 = DIRECTION ( 'NONE',  ( 0.000000000000000000, 1.000000000000000000, 0.000000000000000000 ) ) ;
#312 = ORIENTED_EDGE ( 'NONE', *, *, #2234, .F. ) ;
#313 = EDGE_LOOP ( 'NONE', ( #2211, #2291, #611, #474 ) ) ;
#314 = VECTOR ( 'NONE', #600, 39.37007874015748854 ) ;
#315 = AXIS2_PLACEMENT_3D ( 'NONE', #44, #2161, #668 ) ;
#316 = VECTOR ( 'NONE', #3662, 39.37007874015748143 ) ;
#317 = CIRCLE ( 'NONE', #2119, 0.003937007874015758385 ) ;
#318 = DIRECTION ( 'NONE',  ( 0.000000000000000000, 0.000000000000000000, -1.000000000000000000 ) ) ;
#319 = LINE ( 'NONE', #2363, #3348 ) ;
#320 = ADVANCED_FACE ( 'NONE', ( #2814 ), #3599, .F. ) ;
#321 = DIRECTION ( 'NONE',  ( 1.000000000000000000, 0.000000000000000000, 0.000000000000000000 ) ) ;
#322 = STYLED_ITEM ( 'NONE', ( #1290 ), #1971 ) ;
#323 = MECHANICAL_DESIGN_GEOMETRIC_PRESENTATION_REPRESENTATION (  '', ( #3683 ), #259 ) ;
#324 = VERTEX_POINT ( 'NONE', #3424 ) ;
#325 = PRESENTATION_LAYER_ASSIGNMENT (  '', '', ( #2442 ) ) ;
#326 = DIMENSIONAL_EXPONENTS ( 1.000000000000000000, 0.000000000000000000, 0.000000000000000000, 0.000000000000000000, 0.000000000000000000, 0.000000000000000000, 0.000000000000000000 ) ;
#327 = ORIENTED_EDGE ( 'NONE', *, *, #3827, .F. ) ;
#328 = UNCERTAINTY_MEASURE_WITH_UNIT (LENGTH_MEASURE( 1.000000000000000082E-05 ), #1265, 'distance_accuracy_value', 'NONE');
#329 = DIRECTION ( 'NONE',  ( 0.000000000000000000, 0.000000000000000000, 1.000000000000000000 ) ) ;
#331 = AXIS2_PLACEMENT_3D ( 'NONE', #1002, #791, #3140 ) ;
#330 = DIRECTION ( 'NONE',  ( 0.000000000000000000, 1.000000000000000000, 0.000000000000000000 ) ) ;
#332 =( LENGTH_UNIT ( ) NAMED_UNIT ( * ) SI_UNIT ( $, .METRE. ) );
#333 = UNCERTAINTY_MEASURE_WITH_UNIT (LENGTH_MEASURE( 1.000000000000000082E-05 ), #1302, 'distance_accuracy_value', 'NONE');
#334 = VECTOR ( 'NONE', #551, 39.37007874015748143 ) ;
#335 = FILL_AREA_STYLE ('',( #2080 ) ) ;
#336 =( NAMED_UNIT ( * ) SI_UNIT ( $, .STERADIAN. ) SOLID_ANGLE_UNIT ( ) );
#337 = MECHANICAL_DESIGN_GEOMETRIC_PRESENTATION_REPRESENTATION (  '', ( #1155 ), #2274 ) ;
#338 = LINE ( 'NONE', #2738, #569 ) ;
#339 = CARTESIAN_POINT ( 'NONE',  ( -0.1673228346456692994, 0.06889763779527560694, 0.1279527559055118335 ) ) ;
#340 = ORIENTED_EDGE ( 'NONE', *, *, #3420, .F. ) ;
#341 = ORIENTED_EDGE ( 'NONE', *, *, #2711, .T. ) ;
#342 = AXIS2_PLACEMENT_3D ( 'NONE', #135, #1087, #2779 ) ;
#343 = DIRECTION ( 'NONE',  ( 0.000000000000000000, -0.000000000000000000, 1.000000000000000000 ) ) ;
#344 =( NAMED_UNIT ( * ) PLANE_ANGLE_UNIT ( ) SI_UNIT ( $, .RADIAN. ) );
#345 = UNCERTAINTY_MEASURE_WITH_UNIT (LENGTH_MEASURE( 1.000000000000000082E-05 ), #971, 'distance_accuracy_value', 'NONE');
#346 = CARTESIAN_POINT ( 'NONE',  ( 0.1771653543307088186, 0.06889763779527560694, 0.04724409448818899654 ) ) ;
#347 = EDGE_LOOP ( 'NONE', ( #504, #756, #3125, #2622 ) ) ;
#348 = LINE ( 'NONE', #892, #966 ) ;
#349 = VERTEX_POINT ( 'NONE', #2011 ) ;
#350 = EDGE_CURVE ( 'NONE', #2941, #152, #3237, .T. ) ;
#351 = VECTOR ( 'NONE', #2081, 39.37007874015748143 ) ;
#352 = DIRECTION ( 'NONE',  ( 1.000000000000000000, -0.000000000000000000, 0.000000000000000000 ) ) ;
#353 = DIRECTION ( 'NONE',  ( -0.000000000000000000, -1.000000000000000000, 0.000000000000000000 ) ) ;
#354 = SURFACE_STYLE_FILL_AREA ( #3014 ) ;
#355 = DIRECTION ( 'NONE',  ( 0.000000000000000000, -0.000000000000000000, 1.000000000000000000 ) ) ;
#356 =( NAMED_UNIT ( * ) PLANE_ANGLE_UNIT ( ) SI_UNIT ( $, .RADIAN. ) );
#357 =( NAMED_UNIT ( * ) PLANE_ANGLE_UNIT ( ) SI_UNIT ( $, .RADIAN. ) );
#358 = CARTESIAN_POINT ( 'NONE',  ( -0.08661417322834646937, -0.06692913385826772255, 0.04330708661417324162 ) ) ;
#359 = CARTESIAN_POINT ( 'NONE',  ( -0.1771653543307087630, 0.06889763779527560694, 0.1219460698425197248 ) ) ;
#360 = DIMENSIONAL_EXPONENTS ( 1.000000000000000000, 0.000000000000000000, 0.000000000000000000, 0.000000000000000000, 0.000000000000000000, 0.000000000000000000, 0.000000000000000000 ) ;
#361 = FACE_OUTER_BOUND ( 'NONE', #179, .T. ) ;
#362 = VERTEX_POINT ( 'NONE', #219 ) ;
#363 = ORIENTED_EDGE ( 'NONE', *, *, #1167, .T. ) ;
#364 = PLANE ( 'NONE',  #638 ) ;
#365 =( CONVERSION_BASED_UNIT ( 'INCH', #56 ) LENGTH_UNIT ( ) NAMED_UNIT ( #2782 ) );
#366 = DIRECTION ( 'NONE',  ( -1.000000000000000000, -0.000000000000000000, 0.000000000000000000 ) ) ;
#367 = AXIS2_PLACEMENT_3D ( 'NONE', #2957, #281, #2054 ) ;
#368 = CARTESIAN_POINT ( 'NONE',  ( -0.1605262017717544731, -0.06889763779527560694, 0.1377952755905512139 ) ) ;
#369 = AXIS2_PLACEMENT_3D ( 'NONE', #3811, #895, #1157 ) ;
#370 =( GEOMETRIC_REPRESENTATION_CONTEXT ( 3 ) GLOBAL_UNCERTAINTY_ASSIGNED_CONTEXT ( ( #2530 ) ) GLOBAL_UNIT_ASSIGNED_CONTEXT ( ( #2770, #702, #2448 ) ) REPRESENTATION_CONTEXT ( 'NONE', 'WORKASPACE' ) );
#371 = LINE ( 'NONE', #3461, #3038 ) ;
#372 = EDGE_LOOP ( 'NONE', ( #3810, #935, #631, #96 ) ) ;
#373 =( CONVERSION_BASED_UNIT ( 'INCH', #3033 ) LENGTH_UNIT ( ) NAMED_UNIT ( #1084 ) );
#374 = DIRECTION ( 'NONE',  ( -0.000000000000000000, -1.000000000000000000, -0.000000000000000000 ) ) ;
#375 = CARTESIAN_POINT ( 'NONE',  ( -0.08661417322846468037, -0.06889763779494752216, 0.03543307084444214522 ) ) ;
#376 = DIRECTION ( 'NONE',  ( 0.000000000000000000, 0.000000000000000000, 1.000000000000000000 ) ) ;
#377 = SURFACE_STYLE_USAGE ( .BOTH. , #3320 ) ;
#378 = ORIENTED_EDGE ( 'NONE', *, *, #2942, .T. ) ;
#379 = VERTEX_POINT ( 'NONE', #750 ) ;
#380 = FACE_OUTER_BOUND ( 'NONE', #2449, .T. ) ;
#381 =( CONVERSION_BASED_UNIT ( 'INCH', #930 ) LENGTH_UNIT ( ) NAMED_UNIT ( #296 ) );
#382 = FACE_OUTER_BOUND ( 'NONE', #1763, .T. ) ;
#383 =( NAMED_UNIT ( * ) PLANE_ANGLE_UNIT ( ) SI_UNIT ( $, .RADIAN. ) );
#384 = DIMENSIONAL_EXPONENTS ( 1.000000000000000000, 0.000000000000000000, 0.000000000000000000, 0.000000000000000000, 0.000000000000000000, 0.000000000000000000, 0.000000000000000000 ) ;
#385 = CIRCLE ( 'NONE', #1079, 0.003937007874015758385 ) ;
#386 = CARTESIAN_POINT ( 'NONE',  ( -0.08661417322837931809, -0.05905511811023622659, 0.01181102362332434562 ) ) ;
#387 = CARTESIAN_POINT ( 'NONE',  ( -0.1614173228346456601, 0.06889763779527560694, 0.1219460698425197248 ) ) ;
#388 = EDGE_CURVE ( 'NONE', #1262, #1285, #1695, .T. ) ;
#389 = VECTOR ( 'NONE', #295, 39.37007874015748143 ) ;
#390 =( GEOMETRIC_REPRESENTATION_CONTEXT ( 3 ) GLOBAL_UNCERTAINTY_ASSIGNED_CONTEXT ( ( #2113 ) ) GLOBAL_UNIT_ASSIGNED_CONTEXT ( ( #2656, #575, #3789 ) ) REPRESENTATION_CONTEXT ( 'NONE', 'WORKASPACE' ) );
#391 = DIRECTION ( 'NONE',  ( 0.000000000000000000, 1.000000000000000000, 0.000000000000000000 ) ) ;
#392 = ORIENTED_EDGE ( 'NONE', *, *, #3066, .F. ) ;
#393 = FACE_OUTER_BOUND ( 'NONE', #2282, .T. ) ;
#394 = LINE ( 'NONE', #24, #1577 ) ;
#395 = DIRECTION ( 'NONE',  ( 0.000000000000000000, 1.000000000000000000, 0.000000000000000000 ) ) ;
#396 = EDGE_CURVE ( 'NONE', #69, #3250, #174, .T. ) ;
#397 = FILL_AREA_STYLE ('',( #3060 ) ) ;
#398 = DIRECTION ( 'NONE',  ( 0.000000000000000000, 1.000000000000000000, 0.000000000000000000 ) ) ;
#399 = VERTEX_POINT ( 'NONE', #1417 ) ;
#400 = ORIENTED_EDGE ( 'NONE', *, *, #3682, .T. ) ;
#401 = VECTOR ( 'NONE', #881, 39.37007874015748143 ) ;
#402 = VECTOR ( 'NONE', #269, 39.37007874015748143 ) ;
#403 = FACE_OUTER_BOUND ( 'NONE', #138, .T. ) ;
#404 = DIRECTION ( 'NONE',  ( 1.000000000000000000, 0.000000000000000000, -0.000000000000000000 ) ) ;
#405 = AXIS2_PLACEMENT_3D ( 'NONE', #593, #1484, #538 ) ;
#406 = VECTOR ( 'NONE', #223, 39.37007874015748143 ) ;
#407 = DIRECTION ( 'NONE',  ( 0.000000000000000000, 0.000000000000000000, -1.000000000000000000 ) ) ;
#408 = FILL_AREA_STYLE ('',( #2471 ) ) ;
#409 = EDGE_CURVE ( 'NONE', #3250, #2704, #2611, .T. ) ;
#410 = FILL_AREA_STYLE ('',( #3593 ) ) ;
#411 = EDGE_LOOP ( 'NONE', ( #1948, #2212, #1464, #2126 ) ) ;
#412 = SURFACE_STYLE_FILL_AREA ( #683 ) ;
#413 = DIRECTION ( 'NONE',  ( 1.000000000000000000, 0.000000000000000000, 0.000000000000000000 ) ) ;
#414 = UNCERTAINTY_MEASURE_WITH_UNIT (LENGTH_MEASURE( 1.000000000000000082E-05 ), #2490, 'distance_accuracy_value', 'NONE');
#415 = FILL_AREA_STYLE ('',( #3617 ) ) ;
#416 = PRESENTATION_LAYER_ASSIGNMENT (  '', '', ( #856 ) ) ;
#417 = UNCERTAINTY_MEASURE_WITH_UNIT (LENGTH_MEASURE( 1.000000000000000082E-05 ), #3095, 'distance_accuracy_value', 'NONE');
#418 = CARTESIAN_POINT ( 'NONE',  ( 0.1605262017716535539, -0.06889763779527560694, 0.1220472440944882220 ) ) ;
#419 = DIRECTION ( 'NONE',  ( 0.000000000000000000, 0.000000000000000000, -1.000000000000000000 ) ) ;
#420 = FILL_AREA_STYLE ('',( #1660 ) ) ;
#421 = PRESENTATION_STYLE_ASSIGNMENT (( #963 ) ) ;
#422 = EDGE_LOOP ( 'NONE', ( #3624, #762, #3115, #2944 ) ) ;
#423 = ORIENTED_EDGE ( 'NONE', *, *, #997, .T. ) ;
#424 = CARTESIAN_POINT ( 'NONE',  ( -0.07086614172902676312, -0.03149606299307755597, 0.08661417322834644161 ) ) ;
#425 = ORIENTED_EDGE ( 'NONE', *, *, #2809, .F. ) ;
#426 = LINE ( 'NONE', #2539, #1145 ) ;
#427 = LINE ( 'NONE', #1666, #2855 ) ;
#428 = DIRECTION ( 'NONE',  ( 0.000000000000000000, 1.000000000000000000, 0.000000000000000000 ) ) ;
#429 = ADVANCED_FACE ( 'NONE', ( #3701 ), #2225, .F. ) ;
#430 = VECTOR ( 'NONE', #1443, 39.37007874015748143 ) ;
#431 = FILL_AREA_STYLE_COLOUR ( '', #3041 ) ;
#432 =( NAMED_UNIT ( * ) PLANE_ANGLE_UNIT ( ) SI_UNIT ( $, .RADIAN. ) );
#433 = EDGE_LOOP ( 'NONE', ( #526, #423, #2928, #425 ) ) ;
#434 = CARTESIAN_POINT ( 'NONE',  ( 0.08661417322834646937, -0.07086614173228350522, -0.1062992125984252023 ) ) ;
#435 = PRESENTATION_LAYER_ASSIGNMENT (  '', '', ( #2872 ) ) ;
#436 = PRESENTATION_LAYER_ASSIGNMENT (  '', '', ( #1785 ) ) ;
#437 = EDGE_CURVE ( 'NONE', #1040, #399, #458, .T. ) ;
#438 =( LENGTH_UNIT ( ) NAMED_UNIT ( * ) SI_UNIT ( $, .METRE. ) );
#439 = DIRECTION ( 'NONE',  ( 0.000000000000000000, 0.000000000000000000, 1.000000000000000000 ) ) ;
#440 = AXIS2_PLACEMENT_3D ( 'NONE', #2663, #563, #1447 ) ;
#441 = LENGTH_MEASURE_WITH_UNIT ( LENGTH_MEASURE( 0.02539999999999999897 ), #3384 );
#442 =( NAMED_UNIT ( * ) PLANE_ANGLE_UNIT ( ) SI_UNIT ( $, .RADIAN. ) );
#443 = VECTOR ( 'NONE', #1308, 39.37007874015748143 ) ;
#444 = FACE_OUTER_BOUND ( 'NONE', #1692, .T. ) ;
#445 = VERTEX_POINT ( 'NONE', #2548 ) ;
#446 = ORIENTED_EDGE ( 'NONE', *, *, #3715, .F. ) ;
#447 = EDGE_CURVE ( 'NONE', #463, #2612, #890, .T. ) ;
#448 = PRESENTATION_STYLE_ASSIGNMENT (( #3108 ) ) ;
#449 = CARTESIAN_POINT ( 'NONE',  ( -0.1614173228346456601, -0.06889763779527560694, 0.1219460698425197248 ) ) ;
#450 = DIRECTION ( 'NONE',  ( -0.000000000000000000, 1.000000000000000000, 0.000000000000000000 ) ) ;
#451 = EDGE_CURVE ( 'NONE', #3761, #3466, #910, .T. ) ;
#452 = SURFACE_STYLE_FILL_AREA ( #232 ) ;
#453 = COLOUR_RGB ( '',0.6470588235294117974, 0.6196078431372549211, 0.5882352941176470784 ) ;
#454 = ORIENTED_EDGE ( 'NONE', *, *, #251, .T. ) ;
#456 = COLOUR_RGB ( '',0.7529411764705882248, 0.7529411764705882248, 0.7529411764705882248 ) ;
#455 = CARTESIAN_POINT ( 'NONE',  ( 0.1605262017716535539, -0.06889763779527560694, 0.1377952755905512139 ) ) ;
#457 = SURFACE_SIDE_STYLE ('',( #3116 ) ) ;
#458 = LINE ( 'NONE', #2835, #1499 ) ;
#459 = SURFACE_SIDE_STYLE ('',( #751 ) ) ;
#460 = FILL_AREA_STYLE ('',( #1381 ) ) ;
#461 =( NAMED_UNIT ( * ) PLANE_ANGLE_UNIT ( ) SI_UNIT ( $, .RADIAN. ) );
#462 = LINE ( 'NONE', #1914, #1801 ) ;
#463 = VERTEX_POINT ( 'NONE', #3838 ) ;
#464 = ORIENTED_EDGE ( 'NONE', *, *, #3335, .T. ) ;
#465 = FACE_OUTER_BOUND ( 'NONE', #1916, .T. ) ;
#466 = SURFACE_SIDE_STYLE ('',( #1034 ) ) ;
#467 = CARTESIAN_POINT ( 'NONE',  ( -0.1631938765949703940, -0.06889763779527560694, 0.1375935729310480415 ) ) ;
#468 = DIRECTION ( 'NONE',  ( 0.000000000000000000, 0.000000000000000000, 1.000000000000000000 ) ) ;
#469 = VERTEX_POINT ( 'NONE', #3567 ) ;
#470 = PRESENTATION_LAYER_ASSIGNMENT (  '', '', ( #2523 ) ) ;
#471 =( LENGTH_UNIT ( ) NAMED_UNIT ( * ) SI_UNIT ( $, .METRE. ) );
#472 = SURFACE_SIDE_STYLE ('',( #1907 ) ) ;
#473 = EDGE_CURVE ( 'NONE', #2316, #2013, #2403, .T. ) ;
#474 = ORIENTED_EDGE ( 'NONE', *, *, #447, .F. ) ;
#475 = DIRECTION ( 'NONE',  ( -1.000000000000000000, 0.000000000000000000, 0.000000000000000000 ) ) ;
#476 = ADVANCED_FACE ( 'NONE', ( #2974 ), #299, .F. ) ;
#477 = EDGE_CURVE ( 'NONE', #3666, #3157, #1771, .T. ) ;
#478 = LINE ( 'NONE', #3118, #2651 ) ;
#479 = STYLED_ITEM ( 'NONE', ( #3797 ), #12 ) ;
#480 = SURFACE_STYLE_USAGE ( .BOTH. , #3449 ) ;
#481 = ORIENTED_EDGE ( 'NONE', *, *, #3066, .T. ) ;
#482 = CARTESIAN_POINT ( 'NONE',  ( 0.1279527559054760844, -0.04921259842523335176, 2.367602209308716112E-14 ) ) ;
#483 = ORIENTED_EDGE ( 'NONE', *, *, #3569, .T. ) ;
#484 = CARTESIAN_POINT ( 'NONE',  ( 0.06102362204724411793, -0.02952755905511811677, 0.08661417322834644161 ) ) ;
#485 = VECTOR ( 'NONE', #2142, 39.37007874015748143 ) ;
#486 =( LENGTH_UNIT ( ) NAMED_UNIT ( * ) SI_UNIT ( $, .METRE. ) );
#487 = VERTEX_POINT ( 'NONE', #3556 ) ;
#488 = AXIS2_PLACEMENT_3D ( 'NONE', #1883, #3763, #2559 ) ;
#489 = SURFACE_SIDE_STYLE ('',( #3051 ) ) ;
#490 = PLANE ( 'NONE',  #2883 ) ;
#491 = ORIENTED_EDGE ( 'NONE', *, *, #1316, .T. ) ;
#492 = LINE ( 'NONE', #2834, #3658 ) ;
#493 = FACE_BOUND ( 'NONE', #3193, .T. ) ;
#494 = EDGE_CURVE ( 'NONE', #2568, #2791, #254, .T. ) ;
#495 = CYLINDRICAL_SURFACE ( 'NONE', #560, 0.01181102362204724046 ) ;
#496 = DIRECTION ( 'NONE',  ( 0.000000000000000000, -0.000000000000000000, -1.000000000000000000 ) ) ;
#497 = VECTOR ( 'NONE', #1987, 39.37007874015748143 ) ;
#498 = COLOUR_RGB ( '',0.7529411764705882248, 0.7529411764705882248, 0.7529411764705882248 ) ;
#499 = SURFACE_STYLE_USAGE ( .BOTH. , #796 ) ;
#500 = COLOUR_RGB ( '',0.6470588235294117974, 0.6196078431372549211, 0.5882352941176470784 ) ;
#501 = CARTESIAN_POINT ( 'NONE',  ( -0.1605262017716535539, -0.03346456692913386127, 0.1220472440944882220 ) ) ;
#502 = FILL_AREA_STYLE_COLOUR ( '', #1772 ) ;
#503 =( NAMED_UNIT ( * ) PLANE_ANGLE_UNIT ( ) SI_UNIT ( $, .RADIAN. ) );
#504 = ORIENTED_EDGE ( 'NONE', *, *, #855, .T. ) ;
#505 =( LENGTH_UNIT ( ) NAMED_UNIT ( * ) SI_UNIT ( $, .METRE. ) );
#506 = DIMENSIONAL_EXPONENTS ( 1.000000000000000000, 0.000000000000000000, 0.000000000000000000, 0.000000000000000000, 0.000000000000000000, 0.000000000000000000, 0.000000000000000000 ) ;
#507 =( NAMED_UNIT ( * ) PLANE_ANGLE_UNIT ( ) SI_UNIT ( $, .RADIAN. ) );
#508 = LINE ( 'NONE', #1100, #430 ) ;
#509 = FILL_AREA_STYLE_COLOUR ( '', #498 ) ;
#510 = ORIENTED_EDGE ( 'NONE', *, *, #1818, .T. ) ;
#511 = VECTOR ( 'NONE', #2268, 39.37007874015748143 ) ;
#512 = CIRCLE ( 'NONE', #1010, 0.01574803149606299885 ) ;
#513 = VECTOR ( 'NONE', #542, 39.37007874015748143 ) ;
#514 =( NAMED_UNIT ( * ) SI_UNIT ( $, .STERADIAN. ) SOLID_ANGLE_UNIT ( ) );
#515 = LENGTH_MEASURE_WITH_UNIT ( LENGTH_MEASURE( 0.02539999999999999897 ), #830 );
#516 = AXIS2_PLACEMENT_3D ( 'NONE', #1342, #1847, #1911 ) ;
#517 = ORIENTED_EDGE ( 'NONE', *, *, #2348, .T. ) ;
#518 = DIRECTION ( 'NONE',  ( 1.000000000000000000, 0.000000000000000000, -0.000000000000000000 ) ) ;
#519 = PRESENTATION_LAYER_ASSIGNMENT (  '', '', ( #322 ) ) ;
#520 = CARTESIAN_POINT ( 'NONE',  ( -0.08661417322834646937, -0.07086614173228350522, 0.04330708661417324162 ) ) ;
#521 = EDGE_CURVE ( 'NONE', #3196, #1357, #1482, .T. ) ;
#522 = DIRECTION ( 'NONE',  ( 0.000000000000000000, 0.000000000000000000, 1.000000000000000000 ) ) ;
#523 = CARTESIAN_POINT ( 'NONE',  ( 0.1377952755905511861, -0.06889763779527560694, 0.04724409448818899654 ) ) ;
#524 = COLOUR_RGB ( '',0.7529411764705882248, 0.7529411764705882248, 0.7529411764705882248 ) ;
#525 = CARTESIAN_POINT ( 'NONE',  ( 0.1605262017716535539, -0.03346456692913386127, 0.1220472440944882220 ) ) ;
#526 = ORIENTED_EDGE ( 'NONE', *, *, #1533, .T. ) ;
#527 = FILL_AREA_STYLE_COLOUR ( '', #681 ) ;
#528 = PRESENTATION_STYLE_ASSIGNMENT (( #2128 ) ) ;
#529 = ORIENTED_EDGE ( 'NONE', *, *, #1990, .T. ) ;
#530 = PRESENTATION_LAYER_ASSIGNMENT (  '', '', ( #3694 ) ) ;
#531 = VECTOR ( 'NONE', #353, 39.37007874015748143 ) ;
#532 = DIRECTION ( 'NONE',  ( -1.000000000000000000, 0.000000000000000000, -0.000000000000000000 ) ) ;
#533 = MECHANICAL_DESIGN_GEOMETRIC_PRESENTATION_REPRESENTATION (  '', ( #1216 ), #3079 ) ;
#534 = FILL_AREA_STYLE ('',( #831 ) ) ;
#535 = FACE_OUTER_BOUND ( 'NONE', #2877, .T. ) ;
#536 = CARTESIAN_POINT ( 'NONE',  ( 0.1377952755905511861, -0.06889763779527560694, 0.04724409448818899654 ) ) ;
#537 = LINE ( 'NONE', #3765, #896 ) ;
#538 = DIRECTION ( 'NONE',  ( 0.000000000000000000, -0.000000000000000000, 1.000000000000000000 ) ) ;
#539 = ORIENTED_EDGE ( 'NONE', *, *, #213, .F. ) ;
#540 = PRESENTATION_LAYER_ASSIGNMENT (  '', '', ( #2341 ) ) ;
#541 = DIRECTION ( 'NONE',  ( 0.000000000000000000, 0.000000000000000000, 1.000000000000000000 ) ) ;
#542 = DIRECTION ( 'NONE',  ( -0.000000000000000000, -1.000000000000000000, -0.000000000000000000 ) ) ;
#543 = CARTESIAN_POINT ( 'NONE',  ( 0.009842519685039369942, -0.02165354330708661734, 0.08661417322834644161 ) ) ;
#544 = ORIENTED_EDGE ( 'NONE', *, *, #2920, .T. ) ;
#545 = DIRECTION ( 'NONE',  ( -1.000000000000000000, 0.000000000000000000, 0.000000000000000000 ) ) ;
#546 = SURFACE_SIDE_STYLE ('',( #1433 ) ) ;
#547 = SURFACE_STYLE_USAGE ( .BOTH. , #3521 ) ;
#548 = DIRECTION ( 'NONE',  ( 0.000000000000000000, -0.000000000000000000, 1.000000000000000000 ) ) ;
#549 = UNCERTAINTY_MEASURE_WITH_UNIT (LENGTH_MEASURE( 1.000000000000000082E-05 ), #734, 'distance_accuracy_value', 'NONE');
#550 = PRESENTATION_LAYER_ASSIGNMENT (  '', '', ( #2235 ) ) ;
#551 = DIRECTION ( 'NONE',  ( -0.1373605638760558301, -0.5494422564666149311, -0.8241633832563337592 ) ) ;
#552 = DIRECTION ( 'NONE',  ( -0.000000000000000000, 0.000000000000000000, -1.000000000000000000 ) ) ;
#553 = VECTOR ( 'NONE', #637, 39.37007874015748143 ) ;
#554 = FACE_OUTER_BOUND ( 'NONE', #1877, .T. ) ;
#555 = COLOUR_RGB ( '',0.6470588235294117974, 0.6196078431372549211, 0.5882352941176470784 ) ;
#556 = ADVANCED_FACE ( 'NONE', ( #2995 ), #2414, .F. ) ;
#557 = VERTEX_POINT ( 'NONE', #4 ) ;
#558 = FACE_OUTER_BOUND ( 'NONE', #160, .T. ) ;
#559 = SURFACE_STYLE_FILL_AREA ( #3216 ) ;
#560 = AXIS2_PLACEMENT_3D ( 'NONE', #3142, #585, #1158 ) ;
#561 = EDGE_CURVE ( 'NONE', #463, #601, #2078, .T. ) ;
#562 = ORIENTED_EDGE ( 'NONE', *, *, #3484, .F. ) ;
#563 = DIRECTION ( 'NONE',  ( 0.9863939238321437486, -0.000000000000000000, 0.1643989873053575135 ) ) ;
#564 = ORIENTED_EDGE ( 'NONE', *, *, #1843, .T. ) ;
#565 = LINE ( 'NONE', #2076, #402 ) ;
#566 = DIRECTION ( 'NONE',  ( -0.1373605632204094873, 0.5494422558507773280, -0.8241633837761664916 ) ) ;
#567 = FACE_OUTER_BOUND ( 'NONE', #1985, .T. ) ;
#568 = VECTOR ( 'NONE', #3146, 39.37007874015748143 ) ;
#569 = VECTOR ( 'NONE', #3302, 39.37007874015748143 ) ;
#570 = DIRECTION ( 'NONE',  ( 0.000000000000000000, 1.000000000000000000, 0.000000000000000000 ) ) ;
#571 = DIRECTION ( 'NONE',  ( -0.000000000000000000, -1.000000000000000000, -0.000000000000000000 ) ) ;
#572 = COLOUR_RGB ( '',0.7529411764705882248, 0.7529411764705882248, 0.7529411764705882248 ) ;
#573 = VERTEX_POINT ( 'NONE', #606 ) ;
#574 = MECHANICAL_DESIGN_GEOMETRIC_PRESENTATION_REPRESENTATION (  '', ( #2435 ), #390 ) ;
#575 =( NAMED_UNIT ( * ) PLANE_ANGLE_UNIT ( ) SI_UNIT ( $, .RADIAN. ) );
#576 = DIRECTION ( 'NONE',  ( 1.000000000000000000, 0.000000000000000000, -0.000000000000000000 ) ) ;
#577 = VERTEX_POINT ( 'NONE', #1783 ) ;
#578 = EDGE_CURVE ( 'NONE', #3136, #2020, #2981, .T. ) ;
#579 = DIRECTION ( 'NONE',  ( 0.000000000000000000, 1.000000000000000000, 0.000000000000000000 ) ) ;
#580 = UNCERTAINTY_MEASURE_WITH_UNIT (LENGTH_MEASURE( 1.000000000000000082E-05 ), #992, 'distance_accuracy_value', 'NONE');
#581 = LENGTH_MEASURE_WITH_UNIT ( LENGTH_MEASURE( 0.02539999999999999897 ), #3258 );
#582 = COLOUR_RGB ( '',0.7529411764705882248, 0.7529411764705882248, 0.7529411764705882248 ) ;
#583 = STYLED_ITEM ( 'NONE', ( #850 ), #1063 ) ;
#584 = ORIENTED_EDGE ( 'NONE', *, *, #451, .F. ) ;
#585 = DIRECTION ( 'NONE',  ( 0.000000000000000000, 1.000000000000000000, 0.000000000000000000 ) ) ;
#586 =( NAMED_UNIT ( * ) SI_UNIT ( $, .STERADIAN. ) SOLID_ANGLE_UNIT ( ) );
#587 =( CONVERSION_BASED_UNIT ( 'INCH', #3245 ) LENGTH_UNIT ( ) NAMED_UNIT ( #2202 ) );
#588 = EDGE_CURVE ( 'NONE', #181, #1206, #589, .T. ) ;
#589 = LINE ( 'NONE', #306, #2396 ) ;
#590 = AXIS2_PLACEMENT_3D ( 'NONE', #937, #1517, #2726 ) ;
#591 = EDGE_CURVE ( 'NONE', #767, #3456, #1503, .T. ) ;
#592 = MECHANICAL_DESIGN_GEOMETRIC_PRESENTATION_REPRESENTATION (  '', ( #2333 ), #659 ) ;
#593 = CARTESIAN_POINT ( 'NONE',  ( -0.08661417322834646937, -0.07086614173228350522, 0.04330708661417324162 ) ) ;
#594 = LINE ( 'NONE', #3232, #1226 ) ;
#595 = LINE ( 'NONE', #2982, #1102 ) ;
#596 = ORIENTED_EDGE ( 'NONE', *, *, #878, .T. ) ;
#597 = PLANE ( 'NONE',  #887 ) ;
#598 = DIRECTION ( 'NONE',  ( 0.000000000000000000, 0.000000000000000000, 1.000000000000000000 ) ) ;
#599 = COLOUR_RGB ( '',0.7529411764705882248, 0.7529411764705882248, 0.7529411764705882248 ) ;
#600 = DIRECTION ( 'NONE',  ( 0.1373605639914426413, 0.5494422553992847069, -0.8241633839486560698 ) ) ;
#601 = VERTEX_POINT ( 'NONE', #2342 ) ;
#602 =( LENGTH_UNIT ( ) NAMED_UNIT ( * ) SI_UNIT ( $, .METRE. ) );
#603 = DIMENSIONAL_EXPONENTS ( 1.000000000000000000, 0.000000000000000000, 0.000000000000000000, 0.000000000000000000, 0.000000000000000000, 0.000000000000000000, 0.000000000000000000 ) ;
#604 =( CONVERSION_BASED_UNIT ( 'INCH', #581 ) LENGTH_UNIT ( ) NAMED_UNIT ( #2966 ) );
#605 = FILL_AREA_STYLE_COLOUR ( '', #582 ) ;
#606 = CARTESIAN_POINT ( 'NONE',  ( -0.1102362204724409295, -0.05905511811023622659, -0.1062992125984252023 ) ) ;
#607 = ADVANCED_FACE ( 'NONE', ( #3524 ), #3609, .T. ) ;
#608 = LENGTH_MEASURE_WITH_UNIT ( LENGTH_MEASURE( 0.02539999999999999897 ), #923 );
#609 =( CONVERSION_BASED_UNIT ( 'INCH', #3266 ) LENGTH_UNIT ( ) NAMED_UNIT ( #3847 ) );
#610 = EDGE_LOOP ( 'NONE', ( #278, #2860, #3563, #725 ) ) ;
#611 = ORIENTED_EDGE ( 'NONE', *, *, #70, .F. ) ;
#612 = COLOUR_RGB ( '',0.7529411764705882248, 0.7529411764705882248, 0.7529411764705882248 ) ;
#613 = FILL_AREA_STYLE ('',( #3669 ) ) ;
#614 = MECHANICAL_DESIGN_GEOMETRIC_PRESENTATION_REPRESENTATION (  '', ( #3839 ), #2805 ) ;
#615 = CARTESIAN_POINT ( 'NONE',  ( 0.1614173228346456601, -0.06889763779527560694, 0.1219460698425197248 ) ) ;
#616 = SURFACE_STYLE_FILL_AREA ( #15 ) ;
#617 = ORIENTED_EDGE ( 'NONE', *, *, #251, .F. ) ;
#619 = CARTESIAN_POINT ( 'NONE',  ( -0.1496062992040963491, -0.02165354329853215118, 0.01181102363487897440 ) ) ;
#618 = MECHANICAL_DESIGN_GEOMETRIC_PRESENTATION_REPRESENTATION (  '', ( #753 ), #2308 ) ;
#620 =( NAMED_UNIT ( * ) SI_UNIT ( $, .STERADIAN. ) SOLID_ANGLE_UNIT ( ) );
#621 = ORIENTED_EDGE ( 'NONE', *, *, #3514, .F. ) ;
#622 =( LENGTH_UNIT ( ) NAMED_UNIT ( * ) SI_UNIT ( $, .METRE. ) );
#623 = CARTESIAN_POINT ( 'NONE',  ( -0.09842519685039370636, -0.05905511811023622659, -0.1062992125984252023 ) ) ;
#624 = DIRECTION ( 'NONE',  ( -0.000000000000000000, 0.8320502943378441651, 0.5547001962252284812 ) ) ;
#625 = LENGTH_MEASURE_WITH_UNIT ( LENGTH_MEASURE( 0.02539999999999999897 ), #332 );
#626 = DIMENSIONAL_EXPONENTS ( 1.000000000000000000, 0.000000000000000000, 0.000000000000000000, 0.000000000000000000, 0.000000000000000000, 0.000000000000000000, 0.000000000000000000 ) ;
#627 = LINE ( 'NONE', #3618, #3760 ) ;
#628 = CARTESIAN_POINT ( 'NONE',  ( 0.07086614173289863816, 0.03149606299212598381, 0.1279527559055118335 ) ) ;
#629 = SURFACE_SIDE_STYLE ('',( #3621 ) ) ;
#630 = CARTESIAN_POINT ( 'NONE',  ( 0.1102362204724409434, -0.06889763779505687913, 0.03543307084642832033 ) ) ;
#631 = ORIENTED_EDGE ( 'NONE', *, *, #1140, .T. ) ;
#632 = EDGE_LOOP ( 'NONE', ( #927, #1139, #996, #1778 ) ) ;
#633 = COLOUR_RGB ( '',0.2509803921568627416, 0.2509803921568627416, 0.2509803921568627416 ) ;
#634 = EDGE_CURVE ( 'NONE', #399, #2568, #2655, .T. ) ;
#635 = VECTOR ( 'NONE', #114, 39.37007874015748143 ) ;
#636 = STYLED_ITEM ( 'NONE', ( #448 ), #1611 ) ;
#637 = DIRECTION ( 'NONE',  ( -0.000000000000000000, -1.000000000000000000, 0.000000000000000000 ) ) ;
#638 = AXIS2_PLACEMENT_3D ( 'NONE', #2489, #2443, #3626 ) ;
#639 = EDGE_CURVE ( 'NONE', #3804, #1050, #1228, .T. ) ;
#640 = VERTEX_POINT ( 'NONE', #368 ) ;
#641 =( LENGTH_UNIT ( ) NAMED_UNIT ( * ) SI_UNIT ( $, .METRE. ) );
#642 =( GEOMETRIC_REPRESENTATION_CONTEXT ( 3 ) GLOBAL_UNCERTAINTY_ASSIGNED_CONTEXT ( ( #3606 ) ) GLOBAL_UNIT_ASSIGNED_CONTEXT ( ( #2952, #1790, #884 ) ) REPRESENTATION_CONTEXT ( 'NONE', 'WORKASPACE' ) );
#643 = ORIENTED_EDGE ( 'NONE', *, *, #639, .F. ) ;
#644 = SURFACE_STYLE_USAGE ( .BOTH. , #303 ) ;
#645 = UNCERTAINTY_MEASURE_WITH_UNIT (LENGTH_MEASURE( 1.000000000000000082E-05 ), #381, 'distance_accuracy_value', 'NONE');
#646 = LINE ( 'NONE', #1824, #1761 ) ;
#648 = MECHANICAL_DESIGN_GEOMETRIC_PRESENTATION_REPRESENTATION (  '', ( #1346 ), #2691 ) ;
#647 = DIRECTION ( 'NONE',  ( 0.1643989873053574857, 0.000000000000000000, -0.9863939238321436376 ) ) ;
#649 = PRESENTATION_STYLE_ASSIGNMENT (( #959 ) ) ;
#650 =( LENGTH_UNIT ( ) NAMED_UNIT ( * ) SI_UNIT ( $, .METRE. ) );
#651 = UNCERTAINTY_MEASURE_WITH_UNIT (LENGTH_MEASURE( 1.000000000000000082E-05 ), #3718, 'distance_accuracy_value', 'NONE');
#652 =( NAMED_UNIT ( * ) PLANE_ANGLE_UNIT ( ) SI_UNIT ( $, .RADIAN. ) );
#653 = COLOUR_RGB ( '',0.7529411764705882248, 0.7529411764705882248, 0.7529411764705882248 ) ;
#654 = LINE ( 'NONE', #2144, #1756 ) ;
#655 = ORIENTED_EDGE ( 'NONE', *, *, #2098, .F. ) ;
#656 = ORIENTED_EDGE ( 'NONE', *, *, #916, .F. ) ;
#657 = COLOUR_RGB ( '',0.7529411764705882248, 0.7529411764705882248, 0.7529411764705882248 ) ;
#658 = UNCERTAINTY_MEASURE_WITH_UNIT (LENGTH_MEASURE( 1.000000000000000082E-05 ), #1898, 'distance_accuracy_value', 'NONE');
#659 =( GEOMETRIC_REPRESENTATION_CONTEXT ( 3 ) GLOBAL_UNCERTAINTY_ASSIGNED_CONTEXT ( ( #1233 ) ) GLOBAL_UNIT_ASSIGNED_CONTEXT ( ( #1258, #357, #2099 ) ) REPRESENTATION_CONTEXT ( 'NONE', 'WORKASPACE' ) );
#660 = COLOUR_RGB ( '',0.6470588235294117974, 0.6196078431372549211, 0.5882352941176470784 ) ;
#661 = DIRECTION ( 'NONE',  ( 0.000000000000000000, -1.000000000000000000, 0.000000000000000000 ) ) ;
#662 = CARTESIAN_POINT ( 'NONE',  ( 0.000000000000000000, 0.07086614173228350522, -0.1062992125984252023 ) ) ;
#663 = VERTEX_POINT ( 'NONE', #2426 ) ;
#664 = FILL_AREA_STYLE ('',( #2428 ) ) ;
#665 = DIRECTION ( 'NONE',  ( -1.000000000000000000, -0.000000000000000000, -0.000000000000000000 ) ) ;
#666 = PRESENTATION_STYLE_ASSIGNMENT (( #2138 ) ) ;
#667 = CIRCLE ( 'NONE', #2472, 0.01181102362204724046 ) ;
#668 = DIRECTION ( 'NONE',  ( 0.000000000000000000, 0.000000000000000000, 1.000000000000000000 ) ) ;
#669 = DIRECTION ( 'NONE',  ( 0.000000000000000000, -0.000000000000000000, -1.000000000000000000 ) ) ;
#670 = CARTESIAN_POINT ( 'NONE',  ( 0.1605262017716535539, -0.03149606299835445988, 0.1377952755905512139 ) ) ;
#671 = ORIENTED_EDGE ( 'NONE', *, *, #829, .F. ) ;
#672 = VERTEX_POINT ( 'NONE', #3590 ) ;
#673 = SURFACE_STYLE_FILL_AREA ( #3324 ) ;
#674 = EDGE_CURVE ( 'NONE', #1584, #3667, #348, .T. ) ;
#675 = DIRECTION ( 'NONE',  ( 1.000000000000000000, 0.000000000000000000, -0.000000000000000000 ) ) ;
#676 = AXIS2_PLACEMENT_3D ( 'NONE', #1650, #2904, #2623 ) ;
#677 = EDGE_CURVE ( 'NONE', #2998, #1300, #1557, .T. ) ;
#678 = DIRECTION ( 'NONE',  ( 0.000000000000000000, -0.000000000000000000, 1.000000000000000000 ) ) ;
#679 = EDGE_LOOP ( 'NONE', ( #2784, #1311, #2845, #3474 ) ) ;
#680 = DIMENSIONAL_EXPONENTS ( 1.000000000000000000, 0.000000000000000000, 0.000000000000000000, 0.000000000000000000, 0.000000000000000000, 0.000000000000000000, 0.000000000000000000 ) ;
#681 = COLOUR_RGB ( '',0.7529411764705882248, 0.7529411764705882248, 0.7529411764705882248 ) ;
#682 = DIRECTION ( 'NONE',  ( -0.000000000000000000, 1.000000000000000000, -0.000000000000000000 ) ) ;
#683 = FILL_AREA_STYLE ('',( #999 ) ) ;
#684 = CARTESIAN_POINT ( 'NONE',  ( -0.01181102362204724567, 0.06889763779515256648, 0.04671663544736769091 ) ) ;
#685 = CARTESIAN_POINT ( 'NONE',  ( 0.07086614173228350522, 0.03149606299212598381, 0.08661417322834644161 ) ) ;
#686 =( GEOMETRIC_REPRESENTATION_CONTEXT ( 3 ) GLOBAL_UNCERTAINTY_ASSIGNED_CONTEXT ( ( #1477 ) ) GLOBAL_UNIT_ASSIGNED_CONTEXT ( ( #2283, #507, #1078 ) ) REPRESENTATION_CONTEXT ( 'NONE', 'WORKASPACE' ) );
#687 = CARTESIAN_POINT ( 'NONE',  ( -0.08661417322834646937, -0.07086614173228350522, -0.1062992125984252023 ) ) ;
#688 = CARTESIAN_POINT ( 'NONE',  ( 0.06102362204724411793, 0.02165354330708661734, 0.08661417322834644161 ) ) ;
#689 = DIRECTION ( 'NONE',  ( 0.1643989873053574857, 0.000000000000000000, -0.9863939238321436376 ) ) ;
#690 = DIRECTION ( 'NONE',  ( 0.000000000000000000, 0.000000000000000000, -1.000000000000000000 ) ) ;
#691 = CARTESIAN_POINT ( 'NONE',  ( 0.06102362204724411793, -0.02165354330708661734, 0.2165354330708662289 ) ) ;
#692 = EDGE_LOOP ( 'NONE', ( #2409, #714, #237, #2582 ) ) ;
#693 = ORIENTED_EDGE ( 'NONE', *, *, #3754, .F. ) ;
#694 = CARTESIAN_POINT ( 'NONE',  ( 0.09842519685039370636, -0.07086614173228350522, -0.1062992125984252023 ) ) ;
#695 = DIRECTION ( 'NONE',  ( -0.1128111647791868316, 0.000000000000000000, -0.9936164456676244150 ) ) ;
#696 = PRESENTATION_LAYER_ASSIGNMENT (  '', '', ( #197 ) ) ;
#697 = MECHANICAL_DESIGN_GEOMETRIC_PRESENTATION_REPRESENTATION (  '', ( #2753 ), #3182 ) ;
#698 =( GEOMETRIC_REPRESENTATION_CONTEXT ( 3 ) GLOBAL_UNCERTAINTY_ASSIGNED_CONTEXT ( ( #732 ) ) GLOBAL_UNIT_ASSIGNED_CONTEXT ( ( #2777, #1255, #2117 ) ) REPRESENTATION_CONTEXT ( 'NONE', 'WORKASPACE' ) );
#699 = LINE ( 'NONE', #101, #2091 ) ;
#700 = MECHANICAL_DESIGN_GEOMETRIC_PRESENTATION_REPRESENTATION (  '', ( #1396 ), #847 ) ;
#701 = VECTOR ( 'NONE', #3333, 39.37007874015748143 ) ;
#702 =( NAMED_UNIT ( * ) PLANE_ANGLE_UNIT ( ) SI_UNIT ( $, .RADIAN. ) );
#703 = ORIENTED_EDGE ( 'NONE', *, *, #1293, .T. ) ;
#704 = ADVANCED_FACE ( 'NONE', ( #2367 ), #3570, .T. ) ;
#705 = CARTESIAN_POINT ( 'NONE',  ( -0.1259842519644819026, -0.05708661416642910741, 0.01181102362052525653 ) ) ;
#706 = VECTOR ( 'NONE', #2036, 39.37007874015748143 ) ;
#707 = CARTESIAN_POINT ( 'NONE',  ( 0.01181102362204724393, 0.06889763779527560694, 0.04671663544729665746 ) ) ;
#708 = LINE ( 'NONE', #3337, #1096 ) ;
#709 = CARTESIAN_POINT ( 'NONE',  ( -0.1279527559055057273, -0.04921259842521129996, 3.659822609012092825E-14 ) ) ;
#710 = CARTESIAN_POINT ( 'NONE',  ( -0.07086614173228350522, -0.03149606299212598381, 0.1279527559055118335 ) ) ;
#712 = EDGE_CURVE ( 'NONE', #3390, #3761, #2090, .T. ) ;
#711 = LENGTH_MEASURE_WITH_UNIT ( LENGTH_MEASURE( 0.02539999999999999897 ), #1005 );
#713 = LENGTH_MEASURE_WITH_UNIT ( LENGTH_MEASURE( 0.02539999999999999897 ), #1347 );
#714 = ORIENTED_EDGE ( 'NONE', *, *, #2985, .F. ) ;
#715 = ORIENTED_EDGE ( 'NONE', *, *, #1990, .F. ) ;
#716 = CARTESIAN_POINT ( 'NONE',  ( 0.1614173228346456601, 0.06889763779527560694, 0.1219460698425197248 ) ) ;
#717 = VECTOR ( 'NONE', #23, 39.37007874015748143 ) ;
#718 = CARTESIAN_POINT ( 'NONE',  ( 0.1258425196850393724, -0.02952755905508753706, 4.588864352482447005E-14 ) ) ;
#719 = DIRECTION ( 'NONE',  ( 0.000000000000000000, 1.000000000000000000, 0.000000000000000000 ) ) ;
#720 = DIRECTION ( 'NONE',  ( 1.000000000000000000, 0.000000000000000000, -0.000000000000000000 ) ) ;
#721 =( LENGTH_UNIT ( ) NAMED_UNIT ( * ) SI_UNIT ( $, .METRE. ) );
#722 =( GEOMETRIC_REPRESENTATION_CONTEXT ( 3 ) GLOBAL_UNCERTAINTY_ASSIGNED_CONTEXT ( ( #3278 ) ) GLOBAL_UNIT_ASSIGNED_CONTEXT ( ( #3177, #2895, #1720 ) ) REPRESENTATION_CONTEXT ( 'NONE', 'WORKASPACE' ) );
#723 = SURFACE_STYLE_FILL_AREA ( #2198 ) ;
#724 = LENGTH_MEASURE_WITH_UNIT ( LENGTH_MEASURE( 0.02539999999999999897 ), #953 );
#725 = ORIENTED_EDGE ( 'NONE', *, *, #758, .T. ) ;
#726 = EDGE_CURVE ( 'NONE', #2072, #984, #3139, .T. ) ;
#727 = CARTESIAN_POINT ( 'NONE',  ( 0.1102362204699803144, -0.06692913385826772255, 0.04330708661417324162 ) ) ;
#728 = STYLED_ITEM ( 'NONE', ( #3447 ), #607 ) ;
#729 = CARTESIAN_POINT ( 'NONE',  ( 0.06102362204724411793, -0.02952755905511811677, 0.08661417322834644161 ) ) ;
#730 = CARTESIAN_POINT ( 'NONE',  ( 0.09842519685039370636, -0.05905511811023622659, -0.1062992125984252023 ) ) ;
#731 = AXIS2_PLACEMENT_3D ( 'NONE', #3849, #2051, #2296 ) ;
#732 = UNCERTAINTY_MEASURE_WITH_UNIT (LENGTH_MEASURE( 1.000000000000000082E-05 ), #2777, 'distance_accuracy_value', 'NONE');
#733 =( LENGTH_UNIT ( ) NAMED_UNIT ( * ) SI_UNIT ( $, .METRE. ) );
#734 =( CONVERSION_BASED_UNIT ( 'INCH', #2859 ) LENGTH_UNIT ( ) NAMED_UNIT ( #3735 ) );
#735 = ORIENTED_EDGE ( 'NONE', *, *, #3795, .T. ) ;
#736 = ORIENTED_EDGE ( 'NONE', *, *, #3648, .T. ) ;
#737 = LENGTH_MEASURE_WITH_UNIT ( LENGTH_MEASURE( 0.02539999999999999897 ), #1605 );
#738 = ADVANCED_FACE ( 'NONE', ( #1631 ), #1038, .T. ) ;
#739 = LINE ( 'NONE', #718, #1200 ) ;
#740 = PRODUCT_CONTEXT ( 'NONE', #1834, 'mechanical' ) ;
#741 = PLANE ( 'NONE',  #676 ) ;
#742 = SURFACE_STYLE_USAGE ( .BOTH. , #2811 ) ;
#743 = COLOUR_RGB ( '',1.000000000000000000, 1.000000000000000000, 1.000000000000000000 ) ;
#744 = DIRECTION ( 'NONE',  ( 0.000000000000000000, 0.000000000000000000, -1.000000000000000000 ) ) ;
#745 = ORIENTED_EDGE ( 'NONE', *, *, #2660, .F. ) ;
#746 = CIRCLE ( 'NONE', #3412, 0.01181102362204724046 ) ;
#747 = VECTOR ( 'NONE', #2199, 39.37007874015748143 ) ;
#748 = CARTESIAN_POINT ( 'NONE',  ( 0.009842519685039378616, 0.02165354330708661734, 0.2165354330708662289 ) ) ;
#749 =( LENGTH_UNIT ( ) NAMED_UNIT ( * ) SI_UNIT ( $, .METRE. ) );
#750 = CARTESIAN_POINT ( 'NONE',  ( 0.1279527559054696451, 0.02952755905509012874, 2.864923904178424664E-14 ) ) ;
#751 = SURFACE_STYLE_FILL_AREA ( #1637 ) ;
#752 = DIRECTION ( 'NONE',  ( 1.000000000000000000, 0.000000000000000000, -0.000000000000000000 ) ) ;
#753 = STYLED_ITEM ( 'NONE', ( #178 ), #3395 ) ;
#754 = PLANE ( 'NONE',  #1351 ) ;
#755 = ORIENTED_EDGE ( 'NONE', *, *, #1648, .F. ) ;
#756 = ORIENTED_EDGE ( 'NONE', *, *, #3673, .T. ) ;
#757 = FACE_BOUND ( 'NONE', #2826, .T. ) ;
#758 = EDGE_CURVE ( 'NONE', #3706, #1136, #3094, .T. ) ;
#759 = LENGTH_MEASURE_WITH_UNIT ( LENGTH_MEASURE( 0.02539999999999999897 ), #3452 );
#760 = LINE ( 'NONE', #1941, #2351 ) ;
#761 = FILL_AREA_STYLE_COLOUR ( '', #660 ) ;
#762 = ORIENTED_EDGE ( 'NONE', *, *, #3777, .F. ) ;
#763 = PRESENTATION_STYLE_ASSIGNMENT (( #3650 ) ) ;
#764 = ADVANCED_FACE ( 'NONE', ( #2219 ), #3133, .F. ) ;
#765 =( CONVERSION_BASED_UNIT ( 'INCH', #2831 ) LENGTH_UNIT ( ) NAMED_UNIT ( #2343 ) );
#766 =( GEOMETRIC_REPRESENTATION_CONTEXT ( 3 ) GLOBAL_UNCERTAINTY_ASSIGNED_CONTEXT ( ( #3505 ) ) GLOBAL_UNIT_ASSIGNED_CONTEXT ( ( #3191, #2262, #233 ) ) REPRESENTATION_CONTEXT ( 'NONE', 'WORKASPACE' ) );
#767 = VERTEX_POINT ( 'NONE', #147 ) ;
#769 = MECHANICAL_DESIGN_GEOMETRIC_PRESENTATION_REPRESENTATION (  '', ( #2757 ), #2373 ) ;
#768 = DIRECTION ( 'NONE',  ( -1.000000000000000000, 0.000000000000000000, -0.000000000000000000 ) ) ;
#770 = CARTESIAN_POINT ( 'NONE',  ( 0.08661417322834646937, -0.05905511811023622659, -0.1062992125984252023 ) ) ;
#771 = PLANE ( 'NONE',  #840 ) ;
#772 = CARTESIAN_POINT ( 'NONE',  ( -0.1673228346431061830, -0.06889763779527560694, 0.04724409448818899654 ) ) ;
#773 = CARTESIAN_POINT ( 'NONE',  ( -0.1673228346456692994, -0.06889763779527560694, 0.04724409448818899654 ) ) ;
#774 = VECTOR ( 'NONE', #2165, 39.37007874015748143 ) ;
#775 = EDGE_LOOP ( 'NONE', ( #3305, #228, #1374, #703 ) ) ;
#776 = ORIENTED_EDGE ( 'NONE', *, *, #3359, .F. ) ;
#777 = DIRECTION ( 'NONE',  ( 0.000000000000000000, 0.000000000000000000, 1.000000000000000000 ) ) ;
#778 = FACE_OUTER_BOUND ( 'NONE', #3150, .T. ) ;
#779 =( LENGTH_UNIT ( ) NAMED_UNIT ( * ) SI_UNIT ( $, .METRE. ) );
#780 = SURFACE_STYLE_FILL_AREA ( #2886 ) ;
#781 = ORIENTED_EDGE ( 'NONE', *, *, #2369, .T. ) ;
#782 =( GEOMETRIC_REPRESENTATION_CONTEXT ( 3 ) GLOBAL_UNCERTAINTY_ASSIGNED_CONTEXT ( ( #2444 ) ) GLOBAL_UNIT_ASSIGNED_CONTEXT ( ( #3679, #977, #3300 ) ) REPRESENTATION_CONTEXT ( 'NONE', 'WORKASPACE' ) );
#783 = CARTESIAN_POINT ( 'NONE',  ( 0.009842519685039369942, -0.02165354330708661734, 0.08661417322834644161 ) ) ;
#784 = DIMENSIONAL_EXPONENTS ( 1.000000000000000000, 0.000000000000000000, 0.000000000000000000, 0.000000000000000000, 0.000000000000000000, 0.000000000000000000, 0.000000000000000000 ) ;
#785 =( NAMED_UNIT ( * ) SI_UNIT ( $, .STERADIAN. ) SOLID_ANGLE_UNIT ( ) );
#786 = SURFACE_STYLE_USAGE ( .BOTH. , #2376 ) ;
#787 = MECHANICAL_DESIGN_GEOMETRIC_PRESENTATION_REPRESENTATION (  '', ( #1156 ), #3565 ) ;
#788 = EDGE_CURVE ( 'NONE', #3667, #1664, #699, .T. ) ;
#789 = ORIENTED_EDGE ( 'NONE', *, *, #2927, .T. ) ;
#790 =( GEOMETRIC_REPRESENTATION_CONTEXT ( 3 ) GLOBAL_UNCERTAINTY_ASSIGNED_CONTEXT ( ( #345 ) ) GLOBAL_UNIT_ASSIGNED_CONTEXT ( ( #971, #1056, #2172 ) ) REPRESENTATION_CONTEXT ( 'NONE', 'WORKASPACE' ) );
#791 = DIRECTION ( 'NONE',  ( 0.9863939238321437486, -0.000000000000000000, 0.1643989873053575135 ) ) ;
#792 = SURFACE_SIDE_STYLE ('',( #2816 ) ) ;
#793 = SURFACE_SIDE_STYLE ('',( #2800 ) ) ;
#794 = CARTESIAN_POINT ( 'NONE',  ( 0.1279527559055118890, -0.02952755905511811677, 0.000000000000000000 ) ) ;
#795 = CARTESIAN_POINT ( 'NONE',  ( 0.08661417322834644161, -0.05905511811023622659, 0.01181102362390842354 ) ) ;
#796 = SURFACE_SIDE_STYLE ('',( #3746 ) ) ;
#797 = CARTESIAN_POINT ( 'NONE',  ( 0.01181102362204724567, 0.05905511811269684858, 0.01181102362442321488 ) ) ;
#798 = VECTOR ( 'NONE', #3619, 39.37007874015748143 ) ;
#799 =( NAMED_UNIT ( * ) SI_UNIT ( $, .STERADIAN. ) SOLID_ANGLE_UNIT ( ) );
#800 = DIRECTION ( 'NONE',  ( 0.000000000000000000, -0.000000000000000000, -1.000000000000000000 ) ) ;
#801 = ORIENTED_EDGE ( 'NONE', *, *, #145, .T. ) ;
#802 = EDGE_CURVE ( 'NONE', #1462, #3756, #2587, .T. ) ;
#803 = LINE ( 'NONE', #3711, #3528 ) ;
#804 = FILL_AREA_STYLE ('',( #2284 ) ) ;
#805 = DIRECTION ( 'NONE',  ( -0.000000000000000000, 0.8320502943378438321, 0.5547001962252289253 ) ) ;
#806 = ORIENTED_EDGE ( 'NONE', *, *, #2525, .F. ) ;
#807 = EDGE_CURVE ( 'NONE', #1534, #2998, #508, .T. ) ;
#808 =( GEOMETRIC_REPRESENTATION_CONTEXT ( 3 ) GLOBAL_UNCERTAINTY_ASSIGNED_CONTEXT ( ( #414 ) ) GLOBAL_UNIT_ASSIGNED_CONTEXT ( ( #2490, #2808, #2402 ) ) REPRESENTATION_CONTEXT ( 'NONE', 'WORKASPACE' ) );
#809 = ORIENTED_EDGE ( 'NONE', *, *, #1220, .T. ) ;
#810 = LENGTH_MEASURE_WITH_UNIT ( LENGTH_MEASURE( 0.02539999999999999897 ), #1107 );
#811 = LENGTH_MEASURE_WITH_UNIT ( LENGTH_MEASURE( 0.02539999999999999897 ), #3467 );
#812 = CARTESIAN_POINT ( 'NONE',  ( 0.06102362204724411793, -0.02952755905511811677, 0.2165354330708662289 ) ) ;
#813 = FACE_OUTER_BOUND ( 'NONE', #1624, .T. ) ;
#814 = MECHANICAL_DESIGN_GEOMETRIC_PRESENTATION_REPRESENTATION (  '', ( #1986 ), #2044 ) ;
#815 = FILL_AREA_STYLE_COLOUR ( '', #3740 ) ;
#816 = ADVANCED_FACE ( 'NONE', ( #3477 ), #490, .F. ) ;
#817 = VECTOR ( 'NONE', #1639, 39.37007874015748143 ) ;
#818 = FILL_AREA_STYLE ('',( #3470 ) ) ;
#819 = CARTESIAN_POINT ( 'NONE',  ( 0.1673228346456692994, -0.06889763779502953989, 0.03543307086614175955 ) ) ;
#820 = SURFACE_SIDE_STYLE ('',( #1701 ) ) ;
#821 = EDGE_LOOP ( 'NONE', ( #2354, #28, #1696, #2046 ) ) ;
#822 = DIRECTION ( 'NONE',  ( -1.000000000000000000, -0.000000000000000000, -0.000000000000000000 ) ) ;
#823 = SURFACE_SIDE_STYLE ('',( #1983 ) ) ;
#824 = PLANE ( 'NONE',  #3218 ) ;
#825 = ORIENTED_EDGE ( 'NONE', *, *, #3648, .F. ) ;
#826 = PRESENTATION_LAYER_ASSIGNMENT (  '', '', ( #3488 ) ) ;
#827 = VECTOR ( 'NONE', #395, 39.37007874015748143 ) ;
#828 = CARTESIAN_POINT ( 'NONE',  ( 0.1555118110241737739, 0.05905511811179334214, 0.01181102362381603044 ) ) ;
#829 = EDGE_CURVE ( 'NONE', #880, #2425, #2605, .T. ) ;
#830 =( LENGTH_UNIT ( ) NAMED_UNIT ( * ) SI_UNIT ( $, .METRE. ) );
#831 = FILL_AREA_STYLE_COLOUR ( '', #2148 ) ;
#832 = LINE ( 'NONE', #3485, #1587 ) ;
#833 = PRESENTATION_STYLE_ASSIGNMENT (( #2914 ) ) ;
#834 = CARTESIAN_POINT ( 'NONE',  ( 0.07086614173228350522, -0.03149606299212598381, 0.08661417322834644161 ) ) ;
#835 = DIRECTION ( 'NONE',  ( -1.000000000000000000, -0.000000000000000000, 0.000000000000000000 ) ) ;
#836 = SURFACE_STYLE_USAGE ( .BOTH. , #1998 ) ;
#837 = STYLED_ITEM ( 'NONE', ( #3428 ), #2646 ) ;
#838 = ORIENTED_EDGE ( 'NONE', *, *, #2667, .T. ) ;
#839 = CARTESIAN_POINT ( 'NONE',  ( -0.1496062992073803055, 0.05708661416352126677, 0.01181102361776343278 ) ) ;
#840 = AXIS2_PLACEMENT_3D ( 'NONE', #3101, #1953, #3741 ) ;
#841 = FACE_OUTER_BOUND ( 'NONE', #1899, .T. ) ;
#842 = VERTEX_POINT ( 'NONE', #1393 ) ;
#843 = VECTOR ( 'NONE', #566, 39.37007874015748854 ) ;
#844 = MECHANICAL_DESIGN_GEOMETRIC_PRESENTATION_REPRESENTATION (  '', ( #3376 ), #1033 ) ;
#845 = MECHANICAL_DESIGN_GEOMETRIC_PRESENTATION_REPRESENTATION (  '', ( #2956 ), #2454 ) ;
#846 = EDGE_CURVE ( 'NONE', #1206, #2590, #1118, .T. ) ;
#847 =( GEOMETRIC_REPRESENTATION_CONTEXT ( 3 ) GLOBAL_UNCERTAINTY_ASSIGNED_CONTEXT ( ( #2715 ) ) GLOBAL_UNIT_ASSIGNED_CONTEXT ( ( #1180, #883, #1164 ) ) REPRESENTATION_CONTEXT ( 'NONE', 'WORKASPACE' ) );
#848 =( LENGTH_UNIT ( ) NAMED_UNIT ( * ) SI_UNIT ( $, .METRE. ) );
#849 = LINE ( 'NONE', #2338, #1859 ) ;
#850 = PRESENTATION_STYLE_ASSIGNMENT (( #1159 ) ) ;
#851 = DIRECTION ( 'NONE',  ( 0.000000000000000000, 0.000000000000000000, -1.000000000000000000 ) ) ;
#852 = CARTESIAN_POINT ( 'NONE',  ( 0.1497480314960629999, 0.02165354330708661734, 0.01181102362204727516 ) ) ;
#853 = PLANE ( 'NONE',  #3519 ) ;
#854 = ORIENTED_EDGE ( 'NONE', *, *, #3576, .F. ) ;
#855 = EDGE_CURVE ( 'NONE', #1528, #1584, #310, .T. ) ;
#856 = STYLED_ITEM ( 'NONE', ( #2122 ), #3301 ) ;
#857 = DIRECTION ( 'NONE',  ( 0.000000000000000000, -0.5547001962252288143, -0.8320502943378437211 ) ) ;
#858 = DIMENSIONAL_EXPONENTS ( 1.000000000000000000, 0.000000000000000000, 0.000000000000000000, 0.000000000000000000, 0.000000000000000000, 0.000000000000000000, 0.000000000000000000 ) ;
#859 = CARTESIAN_POINT ( 'NONE',  ( -0.1496062992120795188, 0.02165354329537528752, 0.01181102361893375183 ) ) ;
#860 = ORIENTED_EDGE ( 'NONE', *, *, #3183, .T. ) ;
#861 = CARTESIAN_POINT ( 'NONE',  ( 0.1555118110242275919, -0.05905511811023622659, 0.01181102362283925102 ) ) ;
#862 = ADVANCED_FACE ( 'NONE', ( #2905 ), #3753, .T. ) ;
#863 = ORIENTED_EDGE ( 'NONE', *, *, #2468, .F. ) ;
#864 = DIRECTION ( 'NONE',  ( -0.000000000000000000, -1.000000000000000000, 0.000000000000000000 ) ) ;
#865 = LENGTH_MEASURE_WITH_UNIT ( LENGTH_MEASURE( 0.02539999999999999897 ), #3522 );
#866 = UNCERTAINTY_MEASURE_WITH_UNIT (LENGTH_MEASURE( 1.000000000000000082E-05 ), #2048, 'distance_accuracy_value', 'NONE');
#867 = VECTOR ( 'NONE', #2773, 39.37007874015748143 ) ;
#868 = LINE ( 'NONE', #271, #3557 ) ;
#869 = MECHANICAL_DESIGN_GEOMETRIC_PRESENTATION_REPRESENTATION (  '', ( #929 ), #1179 ) ;
#870 = DIRECTION ( 'NONE',  ( -1.000000000000000000, -0.000000000000000000, 0.000000000000000000 ) ) ;
#871 = PRESENTATION_STYLE_ASSIGNMENT (( #3526 ) ) ;
#872 = ORIENTED_EDGE ( 'NONE', *, *, #2079, .F. ) ;
#873 = EDGE_CURVE ( 'NONE', #9, #349, #1581, .T. ) ;
#874 = AXIS2_PLACEMENT_3D ( 'NONE', #3476, #146, #2003 ) ;
#875 = CARTESIAN_POINT ( 'NONE',  ( 0.1102362204712106358, -0.07086614173228350522, -0.1062992125984252023 ) ) ;
#876 = VECTOR ( 'NONE', #1897, 39.37007874015748143 ) ;
#877 = ORIENTED_EDGE ( 'NONE', *, *, #288, .T. ) ;
#878 = EDGE_CURVE ( 'NONE', #2575, #463, #2437, .T. ) ;
#879 = FILL_AREA_STYLE ('',( #302 ) ) ;
#880 = VERTEX_POINT ( 'NONE', #1831 ) ;
#881 = DIRECTION ( 'NONE',  ( -0.000000000000000000, 1.000000000000000000, 0.000000000000000000 ) ) ;
#882 = MECHANICAL_DESIGN_GEOMETRIC_PRESENTATION_REPRESENTATION (  '', ( #1691 ), #698 ) ;
#883 =( NAMED_UNIT ( * ) PLANE_ANGLE_UNIT ( ) SI_UNIT ( $, .RADIAN. ) );
#884 =( NAMED_UNIT ( * ) SI_UNIT ( $, .STERADIAN. ) SOLID_ANGLE_UNIT ( ) );
#885 = AXIS2_PLACEMENT_3D ( 'NONE', #501, #2884, #3109 ) ;
#886 = ORIENTED_EDGE ( 'NONE', *, *, #3063, .T. ) ;
#887 = AXIS2_PLACEMENT_3D ( 'NONE', #2972, #280, #857 ) ;
#888 = FILL_AREA_STYLE ('',( #1723 ) ) ;
#889 = LINE ( 'NONE', #1777, #3471 ) ;
#890 = LINE ( 'NONE', #2071, #314 ) ;
#891 = ORIENTED_EDGE ( 'NONE', *, *, #2458, .T. ) ;
#892 = CARTESIAN_POINT ( 'NONE',  ( -0.1496062992021288118, -0.05905511811023622659, 0.01181102362204727516 ) ) ;
#893 = UNCERTAINTY_MEASURE_WITH_UNIT (LENGTH_MEASURE( 1.000000000000000082E-05 ), #3061, 'distance_accuracy_value', 'NONE');
#894 = EDGE_CURVE ( 'NONE', #2894, #1206, #2640, .T. ) ;
#895 = DIRECTION ( 'NONE',  ( -0.000000000000000000, 0.8320502943378441651, 0.5547001962252284812 ) ) ;
#896 = VECTOR ( 'NONE', #1716, 39.37007874015748143 ) ;
#897 = COLOUR_RGB ( '',0.7529411764705882248, 0.7529411764705882248, 0.7529411764705882248 ) ;
#898 = PLANE ( 'NONE',  #1060 ) ;
#899 = VECTOR ( 'NONE', #60, 39.37007874015748143 ) ;
#900 = AXIS2_PLACEMENT_3D ( 'NONE', #2505, #3742, #177 ) ;
#901 = DIMENSIONAL_EXPONENTS ( 1.000000000000000000, 0.000000000000000000, 0.000000000000000000, 0.000000000000000000, 0.000000000000000000, 0.000000000000000000, 0.000000000000000000 ) ;
#902 = PRESENTATION_STYLE_ASSIGNMENT (( #1787 ) ) ;
#903 = DIRECTION ( 'NONE',  ( -0.1373605638785408700, 0.5494422564436253209, 0.8241633832712459418 ) ) ;
#904 = CARTESIAN_POINT ( 'NONE',  ( -0.1555118110236220208, -0.05905511811023622659, 0.01181102362204727516 ) ) ;
#905 = EDGE_LOOP ( 'NONE', ( #2377, #1327, #3500, #2378 ) ) ;
#906 = ORIENTED_EDGE ( 'NONE', *, *, #1090, .F. ) ;
#907 = DIRECTION ( 'NONE',  ( -1.000000000000000000, -0.000000000000000000, 0.000000000000000000 ) ) ;
#908 = DIRECTION ( 'NONE',  ( 0.000000000000000000, 1.000000000000000000, 0.000000000000000000 ) ) ;
#909 = MECHANICAL_DESIGN_GEOMETRIC_PRESENTATION_REPRESENTATION (  '', ( #2909 ), #3389 ) ;
#910 = LINE ( 'NONE', #3588, #1191 ) ;
#911 = STYLED_ITEM ( 'NONE', ( #2951 ), #3243 ) ;
#912 = VERTEX_POINT ( 'NONE', #93 ) ;
#913 = LENGTH_MEASURE_WITH_UNIT ( LENGTH_MEASURE( 0.02539999999999999897 ), #641 );
#914 = ORIENTED_EDGE ( 'NONE', *, *, #2746, .T. ) ;
#915 = FILL_AREA_STYLE_COLOUR ( '', #1705 ) ;
#916 = EDGE_CURVE ( 'NONE', #51, #640, #3854, .T. ) ;
#917 = UNCERTAINTY_MEASURE_WITH_UNIT (LENGTH_MEASURE( 1.000000000000000082E-05 ), #2532, 'distance_accuracy_value', 'NONE');
#918 = DIRECTION ( 'NONE',  ( 0.000000000000000000, -0.8320502943378441651, 0.5547001962252284812 ) ) ;
#919 = FILL_AREA_STYLE ('',( #605 ) ) ;
#920 = DIRECTION ( 'NONE',  ( 0.000000000000000000, -0.5547001962252288143, 0.8320502943378437211 ) ) ;
#921 = PRESENTATION_LAYER_ASSIGNMENT (  '', '', ( #2621 ) ) ;
#922 = UNCERTAINTY_MEASURE_WITH_UNIT (LENGTH_MEASURE( 1.000000000000000082E-05 ), #1249, 'distance_accuracy_value', 'NONE');
#923 =( LENGTH_UNIT ( ) NAMED_UNIT ( * ) SI_UNIT ( $, .METRE. ) );
#924 = DIRECTION ( 'NONE',  ( 0.000000000000000000, 0.000000000000000000, 1.000000000000000000 ) ) ;
#925 =( NAMED_UNIT ( * ) SI_UNIT ( $, .STERADIAN. ) SOLID_ANGLE_UNIT ( ) );
#926 = FILL_AREA_STYLE_COLOUR ( '', #2323 ) ;
#927 = ORIENTED_EDGE ( 'NONE', *, *, #1403, .F. ) ;
#928 = ORIENTED_EDGE ( 'NONE', *, *, #634, .T. ) ;
#929 = STYLED_ITEM ( 'NONE', ( #3823 ), #3731 ) ;
#930 = LENGTH_MEASURE_WITH_UNIT ( LENGTH_MEASURE( 0.02539999999999999897 ), #1529 );
#931 = UNCERTAINTY_MEASURE_WITH_UNIT (LENGTH_MEASURE( 1.000000000000000082E-05 ), #3396, 'distance_accuracy_value', 'NONE');
#932 = PRESENTATION_LAYER_ASSIGNMENT (  '', '', ( #1676 ) ) ;
#933 = DIMENSIONAL_EXPONENTS ( 1.000000000000000000, 0.000000000000000000, 0.000000000000000000, 0.000000000000000000, 0.000000000000000000, 0.000000000000000000, 0.000000000000000000 ) ;
#934 = CARTESIAN_POINT ( 'NONE',  ( -0.1771653543307088186, -0.06889763779527560694, 0.04724409448818899654 ) ) ;
#935 = ORIENTED_EDGE ( 'NONE', *, *, #2388, .T. ) ;
#937 = CARTESIAN_POINT ( 'NONE',  ( 0.01181102362204724567, 0.07086614173228350522, 0.04330708661417324162 ) ) ;
#936 = COLOUR_RGB ( '',0.6470588235294117974, 0.6196078431372549211, 0.5882352941176470784 ) ;
#938 = FACE_OUTER_BOUND ( 'NONE', #3418, .T. ) ;
#939 = ORIENTED_EDGE ( 'NONE', *, *, #1607, .F. ) ;
#940 = LINE ( 'NONE', #2114, #1706 ) ;
#941 = LINE ( 'NONE', #3036, #1863 ) ;
#942 = CARTESIAN_POINT ( 'NONE',  ( -0.1259842519580955666, -0.05905511811023622659, 0.01181102362204727516 ) ) ;
#943 =( NAMED_UNIT ( * ) SI_UNIT ( $, .STERADIAN. ) SOLID_ANGLE_UNIT ( ) );
#944 =( NAMED_UNIT ( * ) SI_UNIT ( $, .STERADIAN. ) SOLID_ANGLE_UNIT ( ) );
#945 = DIRECTION ( 'NONE',  ( 0.1643989873053574857, 0.000000000000000000, 0.9863939238321436376 ) ) ;
#946 = VERTEX_POINT ( 'NONE', #3062 ) ;
#947 = ORIENTED_EDGE ( 'NONE', *, *, #1185, .F. ) ;
#948 = DIRECTION ( 'NONE',  ( 1.000000000000000000, -0.000000000000000000, 0.000000000000000000 ) ) ;
#949 = PLANE ( 'NONE',  #3726 ) ;
#950 = AXIS2_PLACEMENT_3D ( 'NONE', #2637, #3529, #3544 ) ;
#951 = EDGE_CURVE ( 'NONE', #3289, #3706, #1309, .T. ) ;
#952 = PRESENTATION_LAYER_ASSIGNMENT (  '', '', ( #137 ) ) ;
#953 =( LENGTH_UNIT ( ) NAMED_UNIT ( * ) SI_UNIT ( $, .METRE. ) );
#954 = ORIENTED_EDGE ( 'NONE', *, *, #3026, .T. ) ;
#955 = FACE_OUTER_BOUND ( 'NONE', #1081, .T. ) ;
#956 = CARTESIAN_POINT ( 'NONE',  ( -0.1555118110236220208, -0.05905511811023622659, 0.01181102362204727516 ) ) ;
#958 = COLOUR_RGB ( '',0.7529411764705882248, 0.7529411764705882248, 0.7529411764705882248 ) ;
#957 = CARTESIAN_POINT ( 'NONE',  ( 0.1496062992021288118, -0.05905511811023622659, 0.01181102362204727516 ) ) ;
#959 = SURFACE_STYLE_USAGE ( .BOTH. , #1022 ) ;
#960 = ADVANCED_FACE ( 'NONE', ( #1238 ), #2398, .T. ) ;
#961 = DIRECTION ( 'NONE',  ( -1.000000000000000000, 0.000000000000000000, 0.000000000000000000 ) ) ;
#962 = DIRECTION ( 'NONE',  ( -0.1373605639914426413, -0.5494422553992845959, -0.8241633839486560698 ) ) ;
#963 = SURFACE_STYLE_USAGE ( .BOTH. , #3303 ) ;
#964 = ORIENTED_EDGE ( 'NONE', *, *, #3569, .F. ) ;
#965 = ORIENTED_EDGE ( 'NONE', *, *, #3090, .F. ) ;
#966 = VECTOR ( 'NONE', #2109, 39.37007874015748143 ) ;
#967 = MECHANICAL_DESIGN_GEOMETRIC_PRESENTATION_REPRESENTATION (  '', ( #3819 ), #722 ) ;
#968 = CARTESIAN_POINT ( 'NONE',  ( -0.1496062992044648876, 0.02165354329858366553, 0.01181102362255818071 ) ) ;
#969 =( NAMED_UNIT ( * ) SI_UNIT ( $, .STERADIAN. ) SOLID_ANGLE_UNIT ( ) );
#970 = EDGE_CURVE ( 'NONE', #1664, #3456, #2760, .T. ) ;
#971 =( CONVERSION_BASED_UNIT ( 'INCH', #1355 ) LENGTH_UNIT ( ) NAMED_UNIT ( #2476 ) );
#972 = DIRECTION ( 'NONE',  ( 0.000000000000000000, -0.000000000000000000, -1.000000000000000000 ) ) ;
#973 = CARTESIAN_POINT ( 'NONE',  ( 0.000000000000000000, 0.07086614173228350522, -0.1062992125984252023 ) ) ;
#974 = FILL_AREA_STYLE ('',( #3352 ) ) ;
#975 = ORIENTED_EDGE ( 'NONE', *, *, #3715, .T. ) ;
#976 = AXIS2_PLACEMENT_3D ( 'NONE', #2899, #2652, #2328 ) ;
#977 =( NAMED_UNIT ( * ) PLANE_ANGLE_UNIT ( ) SI_UNIT ( $, .RADIAN. ) );
#978 = EDGE_CURVE ( 'NONE', #266, #2685, #338, .T. ) ;
#979 = LINE ( 'NONE', #942, #1901 ) ;
#980 = FACE_OUTER_BOUND ( 'NONE', #610, .T. ) ;
#981 = DIRECTION ( 'NONE',  ( -1.000000000000000000, 0.000000000000000000, 0.000000000000000000 ) ) ;
#982 = DIMENSIONAL_EXPONENTS ( 1.000000000000000000, 0.000000000000000000, 0.000000000000000000, 0.000000000000000000, 0.000000000000000000, 0.000000000000000000, 0.000000000000000000 ) ;
#983 = CARTESIAN_POINT ( 'NONE',  ( 0.1279527559055037567, 0.02144094488188976952, 4.836864928157280888E-14 ) ) ;
#984 = VERTEX_POINT ( 'NONE', #359 ) ;
#985 = VERTEX_POINT ( 'NONE', #48 ) ;
#986 = PLANE ( 'NONE',  #1504 ) ;
#987 = SURFACE_STYLE_FILL_AREA ( #2423 ) ;
#988 = SURFACE_STYLE_USAGE ( .BOTH. , #74 ) ;
#989 = CARTESIAN_POINT ( 'NONE',  ( 0.1673228346456692994, -0.05905511811046691012, 0.03543307086614175955 ) ) ;
#990 = ADVANCED_FACE ( 'NONE', ( #2143 ), #66, .F. ) ;
#991 = VECTOR ( 'NONE', #2467, 39.37007874015748143 ) ;
#992 =( CONVERSION_BASED_UNIT ( 'INCH', #3649 ) LENGTH_UNIT ( ) NAMED_UNIT ( #39 ) );
#993 =( NAMED_UNIT ( * ) SI_UNIT ( $, .STERADIAN. ) SOLID_ANGLE_UNIT ( ) );
#994 = PRESENTATION_LAYER_ASSIGNMENT (  '', '', ( #1986 ) ) ;
#995 = SURFACE_STYLE_FILL_AREA ( #410 ) ;
#996 = ORIENTED_EDGE ( 'NONE', *, *, #2874, .F. ) ;
#997 = EDGE_CURVE ( 'NONE', #3049, #2029, #2319, .T. ) ;
#998 =( GEOMETRIC_REPRESENTATION_CONTEXT ( 3 ) GLOBAL_UNCERTAINTY_ASSIGNED_CONTEXT ( ( #2058 ) ) GLOBAL_UNIT_ASSIGNED_CONTEXT ( ( #1317, #3028, #2153 ) ) REPRESENTATION_CONTEXT ( 'NONE', 'WORKASPACE' ) );
#999 = FILL_AREA_STYLE_COLOUR ( '', #1727 ) ;
#1000 = LINE ( 'NONE', #1021, #2382 ) ;
#1001 = DIRECTION ( 'NONE',  ( -0.000000000000000000, -1.000000000000000000, -0.000000000000000000 ) ) ;
#1002 = CARTESIAN_POINT ( 'NONE',  ( -0.1476377952755905387, 0.05729921259842521430, 0.000000000000000000 ) ) ;
#1003 =( NAMED_UNIT ( * ) PLANE_ANGLE_UNIT ( ) SI_UNIT ( $, .RADIAN. ) );
#1004 = LENGTH_MEASURE_WITH_UNIT ( LENGTH_MEASURE( 0.02539999999999999897 ), #3365 );
#1005 =( LENGTH_UNIT ( ) NAMED_UNIT ( * ) SI_UNIT ( $, .METRE. ) );
#1006 = ORIENTED_EDGE ( 'NONE', *, *, #1205, .F. ) ;
#1007 = ORIENTED_EDGE ( 'NONE', *, *, #2252, .T. ) ;
#1008 = MECHANICAL_DESIGN_GEOMETRIC_PRESENTATION_REPRESENTATION (  '', ( #2689 ), #2183 ) ;
#1009 =( NAMED_UNIT ( * ) SI_UNIT ( $, .STERADIAN. ) SOLID_ANGLE_UNIT ( ) );
#1010 = AXIS2_PLACEMENT_3D ( 'NONE', #1827, #1306, #1323 ) ;
#1011 = AXIS2_PLACEMENT_3D ( 'NONE', #26, #2781, #1808 ) ;
#1012 = DIMENSIONAL_EXPONENTS ( 1.000000000000000000, 0.000000000000000000, 0.000000000000000000, 0.000000000000000000, 0.000000000000000000, 0.000000000000000000, 0.000000000000000000 ) ;
#1013 = PRESENTATION_LAYER_ASSIGNMENT (  '', '', ( #636 ) ) ;
#1014 = CARTESIAN_POINT ( 'NONE',  ( 0.1102362204724409434, -0.05905511811023622659, -0.1188897637795275075 ) ) ;
#1015 = CIRCLE ( 'NONE', #3747, 0.01181102362204724046 ) ;
#1016 = CARTESIAN_POINT ( 'NONE',  ( -0.1102362204724409434, -0.05905511811023622659, 0.01181102362204727516 ) ) ;
#1017 = ORIENTED_EDGE ( 'NONE', *, *, #677, .F. ) ;
#1018 = MECHANICAL_DESIGN_GEOMETRIC_PRESENTATION_REPRESENTATION (  '', ( #137 ), #2518 ) ;
#1019 = FACE_OUTER_BOUND ( 'NONE', #3502, .T. ) ;
#1020 = EDGE_CURVE ( 'NONE', #487, #181, #462, .T. ) ;
#1021 = CARTESIAN_POINT ( 'NONE',  ( 0.07086614172635216646, 0.06889763779527560694, 0.1377952755905512139 ) ) ;
#1022 = SURFACE_SIDE_STYLE ('',( #3035 ) ) ;
#1023 = CARTESIAN_POINT ( 'NONE',  ( -0.1555118110236220208, -0.05905511811023622659, 0.01181102362225847253 ) ) ;
#1024 = SURFACE_STYLE_USAGE ( .BOTH. , #3684 ) ;
#1025 = SURFACE_STYLE_FILL_AREA ( #460 ) ;
#1026 =( NAMED_UNIT ( * ) SI_UNIT ( $, .STERADIAN. ) SOLID_ANGLE_UNIT ( ) );
#1027 = CARTESIAN_POINT ( 'NONE',  ( 0.1497480314960629999, 0.02952755905509605108, 3.311298564195394149E-14 ) ) ;
#1028 = ORIENTED_EDGE ( 'NONE', *, *, #3383, .T. ) ;
#1029 = ORIENTED_EDGE ( 'NONE', *, *, #1552, .F. ) ;
#1030 = CARTESIAN_POINT ( 'NONE',  ( -0.1555118110236220208, -0.05905511811023622659, 0.01181102362204727516 ) ) ;
#1031 = COLOUR_RGB ( '',0.7529411764705882248, 0.7529411764705882248, 0.7529411764705882248 ) ;
#1032 = ORIENTED_EDGE ( 'NONE', *, *, #3795, .F. ) ;
#1033 =( GEOMETRIC_REPRESENTATION_CONTEXT ( 3 ) GLOBAL_UNCERTAINTY_ASSIGNED_CONTEXT ( ( #2934 ) ) GLOBAL_UNIT_ASSIGNED_CONTEXT ( ( #373, #304, #1234 ) ) REPRESENTATION_CONTEXT ( 'NONE', 'WORKASPACE' ) );
#1034 = SURFACE_STYLE_FILL_AREA ( #2807 ) ;
#1035 = SURFACE_STYLE_FILL_AREA ( #3308 ) ;
#1036 = SURFACE_STYLE_FILL_AREA ( #3692 ) ;
#1037 = SURFACE_SIDE_STYLE ('',( #1479 ) ) ;
#1038 = CYLINDRICAL_SURFACE ( 'NONE', #2406, 0.01574803149606303354 ) ;
#1039 = SURFACE_STYLE_FILL_AREA ( #2588 ) ;
#1040 = VERTEX_POINT ( 'NONE', #1109 ) ;
#1041 = FILL_AREA_STYLE_COLOUR ( '', #555 ) ;
#1042 = UNCERTAINTY_MEASURE_WITH_UNIT (LENGTH_MEASURE( 1.000000000000000082E-05 ), #150, 'distance_accuracy_value', 'NONE');
#1043 = EDGE_CURVE ( 'NONE', #2812, #3136, #2292, .T. ) ;
#1044 = LINE ( 'NONE', #2269, #2018 ) ;
#1045 = LENGTH_MEASURE_WITH_UNIT ( LENGTH_MEASURE( 0.02539999999999999897 ), #91 );
#1046 = CARTESIAN_POINT ( 'NONE',  ( 0.1771653543307086243, -0.03346456692913386127, 0.1219460698425197248 ) ) ;
#1047 =( NAMED_UNIT ( * ) SI_UNIT ( $, .STERADIAN. ) SOLID_ANGLE_UNIT ( ) );
#1048 = CARTESIAN_POINT ( 'NONE',  ( 0.01181102362204724567, 0.07086614173228350522, 0.04330708661417324162 ) ) ;
#1049 = EDGE_LOOP ( 'NONE', ( #2891, #1709, #3611, #2785 ) ) ;
#1050 = VERTEX_POINT ( 'NONE', #1993 ) ;
#1051 =( CONVERSION_BASED_UNIT ( 'INCH', #737 ) LENGTH_UNIT ( ) NAMED_UNIT ( #1112 ) );
#1052 = EDGE_CURVE ( 'NONE', #2316, #143, #3179, .T. ) ;
#1053 = LINE ( 'NONE', #1389, #3362 ) ;
#1054 =( LENGTH_UNIT ( ) NAMED_UNIT ( * ) SI_UNIT ( $, .METRE. ) );
#1055 = ADVANCED_FACE ( 'NONE', ( #2272 ), #1934, .F. ) ;
#1056 =( NAMED_UNIT ( * ) PLANE_ANGLE_UNIT ( ) SI_UNIT ( $, .RADIAN. ) );
#1057 = VERTEX_POINT ( 'NONE', #3227 ) ;
#1058 = AXIS2_PLACEMENT_3D ( 'NONE', #2790, #2176, #3351 ) ;
#1059 = FACE_OUTER_BOUND ( 'NONE', #2902, .T. ) ;
#1060 = AXIS2_PLACEMENT_3D ( 'NONE', #1535, #352, #1798 ) ;
#1061 = CARTESIAN_POINT ( 'NONE',  ( -0.1259842519633176117, 0.02165354329618947651, 0.01181102362632815463 ) ) ;
#1062 = ORIENTED_EDGE ( 'NONE', *, *, #1841, .T. ) ;
#1063 = MANIFOLD_SOLID_BREP ( 'NONE', #1654 ) ;
#1064 =( GEOMETRIC_REPRESENTATION_CONTEXT ( 3 ) GLOBAL_UNCERTAINTY_ASSIGNED_CONTEXT ( ( #134 ) ) GLOBAL_UNIT_ASSIGNED_CONTEXT ( ( #604, #2389, #620 ) ) REPRESENTATION_CONTEXT ( 'NONE', 'WORKASPACE' ) );
#1065 = DIRECTION ( 'NONE',  ( 0.000000000000000000, 0.000000000000000000, -1.000000000000000000 ) ) ;
#1066 = DIRECTION ( 'NONE',  ( 0.000000000000000000, -0.5547001962252288143, -0.8320502943378437211 ) ) ;
#1067 = PRESENTATION_STYLE_ASSIGNMENT (( #3161 ) ) ;
#1068 = CARTESIAN_POINT ( 'NONE',  ( 0.1623027555521381060, -0.06889763779527560694, 0.1376947471782075383 ) ) ;
#1069 = PRESENTATION_STYLE_ASSIGNMENT (( #480 ) ) ;
#1070 =( GEOMETRIC_REPRESENTATION_CONTEXT ( 3 ) GLOBAL_UNCERTAINTY_ASSIGNED_CONTEXT ( ( #3534 ) ) GLOBAL_UNIT_ASSIGNED_CONTEXT ( ( #268, #1435, #1448 ) ) REPRESENTATION_CONTEXT ( 'NONE', 'WORKASPACE' ) );
#1071 = ORIENTED_EDGE ( 'NONE', *, *, #262, .F. ) ;
#1072 = ORIENTED_EDGE ( 'NONE', *, *, #1769, .F. ) ;
#1073 = PLANE ( 'NONE',  #2254 ) ;
#1074 = SURFACE_STYLE_USAGE ( .BOTH. , #466 ) ;
#1075 = CARTESIAN_POINT ( 'NONE',  ( 0.07086614173228350522, -0.03149606299212598381, 0.1279527559055118335 ) ) ;
#1076 = ORIENTED_EDGE ( 'NONE', *, *, #1478, .T. ) ;
#1077 =( LENGTH_UNIT ( ) NAMED_UNIT ( * ) SI_UNIT ( $, .METRE. ) );
#1078 =( NAMED_UNIT ( * ) SI_UNIT ( $, .STERADIAN. ) SOLID_ANGLE_UNIT ( ) );
#1079 = AXIS2_PLACEMENT_3D ( 'NONE', #2251, #1091, #777 ) ;
#1080 = SURFACE_SIDE_STYLE ('',( #1039 ) ) ;
#1081 = EDGE_LOOP ( 'NONE', ( #2475, #964, #3562, #1241, #34, #1312, #2675 ) ) ;
#1082 =( GEOMETRIC_REPRESENTATION_CONTEXT ( 3 ) GLOBAL_UNCERTAINTY_ASSIGNED_CONTEXT ( ( #1536 ) ) GLOBAL_UNIT_ASSIGNED_CONTEXT ( ( #2253, #121, #1353 ) ) REPRESENTATION_CONTEXT ( 'NONE', 'WORKASPACE' ) );
#1083 = CARTESIAN_POINT ( 'NONE',  ( -0.1623027555399090271, -0.03346456692913386127, 0.1376947471767531184 ) ) ;
#1084 = DIMENSIONAL_EXPONENTS ( 1.000000000000000000, 0.000000000000000000, 0.000000000000000000, 0.000000000000000000, 0.000000000000000000, 0.000000000000000000, 0.000000000000000000 ) ;
#1085 = CARTESIAN_POINT ( 'NONE',  ( 0.1102362204724409434, -0.06889763779494752216, -0.1062992125984252023 ) ) ;
#1086 = CARTESIAN_POINT ( 'NONE',  ( -0.1377952755905511861, 0.06889763779527560694, 0.04671663544662305739 ) ) ;
#1087 = DIRECTION ( 'NONE',  ( 0.000000000000000000, 0.000000000000000000, 1.000000000000000000 ) ) ;
#1088 = DIRECTION ( 'NONE',  ( 1.000000000000000000, 0.000000000000000000, -0.000000000000000000 ) ) ;
#1089 = CARTESIAN_POINT ( 'NONE',  ( 0.1631938765674487701, 0.06889763779527560694, 0.1375935729339858582 ) ) ;
#1090 = EDGE_CURVE ( 'NONE', #1357, #3346, #2061, .T. ) ;
#1091 = DIRECTION ( 'NONE',  ( 1.000000000000000000, -0.000000000000000000, -0.000000000000000000 ) ) ;
#1092 = SURFACE_STYLE_USAGE ( .BOTH. , #2558 ) ;
#1093 = CARTESIAN_POINT ( 'NONE',  ( -0.1497480314960629999, -0.04921259842521543554, 2.787376764697543210E-14 ) ) ;
#1094 =( CONVERSION_BASED_UNIT ( 'INCH', #2255 ) LENGTH_UNIT ( ) NAMED_UNIT ( #3663 ) );
#1095 = ORIENTED_EDGE ( 'NONE', *, *, #2132, .F. ) ;
#1096 = VECTOR ( 'NONE', #42, 39.37007874015748143 ) ;
#1097 = EDGE_CURVE ( 'NONE', #3409, #1669, #2933, .T. ) ;
#1098 = LINE ( 'NONE', #1964, #3363 ) ;
#1099 =( NAMED_UNIT ( * ) PLANE_ANGLE_UNIT ( ) SI_UNIT ( $, .RADIAN. ) );
#1100 = CARTESIAN_POINT ( 'NONE',  ( 0.1673228346456692994, 0.05905511812007876310, 0.03543307086614175955 ) ) ;
#1101 = MECHANICAL_DESIGN_GEOMETRIC_PRESENTATION_REPRESENTATION (  '', ( #2537 ), #2602 ) ;
#1102 = VECTOR ( 'NONE', #311, 39.37007874015748143 ) ;
#1103 = EDGE_LOOP ( 'NONE', ( #1516, #2953, #735, #1201 ) ) ;
#1104 = FILL_AREA_STYLE_COLOUR ( '', #2001 ) ;
#1105 = AXIS2_PLACEMENT_3D ( 'NONE', #1903, #3767, #3110 ) ;
#1106 = ORIENTED_EDGE ( 'NONE', *, *, #2892, .F. ) ;
#1107 =( LENGTH_UNIT ( ) NAMED_UNIT ( * ) SI_UNIT ( $, .METRE. ) );
#1108 = PRESENTATION_LAYER_ASSIGNMENT (  '', '', ( #728 ) ) ;
#1109 = CARTESIAN_POINT ( 'NONE',  ( 0.01181102362204724567, 0.05905511811023622659, -0.1062992125984252023 ) ) ;
#1110 = DIRECTION ( 'NONE',  ( -0.9936164465179113670, 0.000000000000000000, 0.1128111572900425824 ) ) ;
#1111 =( NAMED_UNIT ( * ) SI_UNIT ( $, .STERADIAN. ) SOLID_ANGLE_UNIT ( ) );
#1112 = DIMENSIONAL_EXPONENTS ( 1.000000000000000000, 0.000000000000000000, 0.000000000000000000, 0.000000000000000000, 0.000000000000000000, 0.000000000000000000, 0.000000000000000000 ) ;
#1113 = LINE ( 'NONE', #1093, #2344 ) ;
#1114 = DIRECTION ( 'NONE',  ( 0.1643989873053574857, 0.000000000000000000, 0.9863939238321436376 ) ) ;
#1115 = PRESENTATION_STYLE_ASSIGNMENT (( #3733 ) ) ;
#1116 = ORIENTED_EDGE ( 'NONE', *, *, #951, .T. ) ;
#1117 = CARTESIAN_POINT ( 'NONE',  ( 0.06102362204724411793, -0.02952755905511811677, 0.08661417322834644161 ) ) ;
#1118 = LINE ( 'NONE', #1150, #1745 ) ;
#1119 = EDGE_CURVE ( 'NONE', #2463, #349, #2016, .T. ) ;
#1120 = SURFACE_STYLE_USAGE ( .BOTH. , #1080 ) ;
#1121 = ORIENTED_EDGE ( 'NONE', *, *, #829, .T. ) ;
#1122 =( CONVERSION_BASED_UNIT ( 'INCH', #1656 ) LENGTH_UNIT ( ) NAMED_UNIT ( #2943 ) );
#1123 = EDGE_CURVE ( 'NONE', #3157, #445, #565, .T. ) ;
#1124 = CARTESIAN_POINT ( 'NONE',  ( -0.1555118110237969642, 0.05905511811133838662, 0.03543307085573890042 ) ) ;
#1125 = DIRECTION ( 'NONE',  ( -0.000000000000000000, -1.000000000000000000, 0.000000000000000000 ) ) ;
#1126 = SURFACE_SIDE_STYLE ('',( #2594 ) ) ;
#1127 = CARTESIAN_POINT ( 'NONE',  ( -0.1102362204724409434, -0.06889763779498396523, 0.04671663544772547416 ) ) ;
#1128 = STYLED_ITEM ( 'NONE', ( #1497 ), #1414 ) ;
#1129 = COLOUR_RGB ( '',0.7529411764705882248, 0.7529411764705882248, 0.7529411764705882248 ) ;
#1130 = LENGTH_MEASURE_WITH_UNIT ( LENGTH_MEASURE( 0.02539999999999999897 ), #2634 );
#1131 = ORIENTED_EDGE ( 'NONE', *, *, #1589, .F. ) ;
#1132 = LINE ( 'NONE', #1776, #389 ) ;
#1133 = CARTESIAN_POINT ( 'NONE',  ( -0.1102362204724409295, -0.05905511811023622659, -0.1188897637795275075 ) ) ;
#1134 = CARTESIAN_POINT ( 'NONE',  ( 0.01181102362204724567, 0.07086614173228350522, 0.04763473055118109395 ) ) ;
#1135 = EDGE_CURVE ( 'NONE', #3346, #2316, #3830, .T. ) ;
#1136 = VERTEX_POINT ( 'NONE', #1127 ) ;
#1137 = SURFACE_SIDE_STYLE ('',( #1746 ) ) ;
#1138 = CIRCLE ( 'NONE', #3296, 0.01574803149606296415 ) ;
#1139 = ORIENTED_EDGE ( 'NONE', *, *, #1344, .F. ) ;
#1140 = EDGE_CURVE ( 'NONE', #170, #767, #2915, .T. ) ;
#1141 = SURFACE_STYLE_FILL_AREA ( #1712 ) ;
#1142 = LINE ( 'NONE', #2325, #3598 ) ;
#1143 = SURFACE_STYLE_FILL_AREA ( #1466 ) ;
#1144 = UNCERTAINTY_MEASURE_WITH_UNIT (LENGTH_MEASURE( 1.000000000000000082E-05 ), #3071, 'distance_accuracy_value', 'NONE');
#1145 = VECTOR ( 'NONE', #3691, 39.37007874015748143 ) ;
#1146 = FILL_AREA_STYLE_COLOUR ( '', #1828 ) ;
#1147 = MECHANICAL_DESIGN_GEOMETRIC_PRESENTATION_REPRESENTATION (  '', ( #837 ), #2897 ) ;
#1148 = ORIENTED_EDGE ( 'NONE', *, *, #3460, .T. ) ;
#1149 = LENGTH_MEASURE_WITH_UNIT ( LENGTH_MEASURE( 0.02539999999999999897 ), #1170 );
#1150 = CARTESIAN_POINT ( 'NONE',  ( 0.06889763779527562082, 0.02165354330708661734, 0.2165354330708662289 ) ) ;
#1151 = CIRCLE ( 'NONE', #1640, 0.01574803149606301619 ) ;
#1152 = CARTESIAN_POINT ( 'NONE',  ( 0.01181102362204724567, 0.05905511811884844170, 0.03543307085116166599 ) ) ;
#1153 = ADVANCED_FACE ( 'NONE', ( #1450 ), #240, .F. ) ;
#1154 = ORIENTED_EDGE ( 'NONE', *, *, #2348, .F. ) ;
#1155 = STYLED_ITEM ( 'NONE', ( #1069 ), #1055 ) ;
#1156 = STYLED_ITEM ( 'NONE', ( #1067 ), #2313 ) ;
#1157 = DIRECTION ( 'NONE',  ( 0.000000000000000000, -0.5547001962252283702, 0.8320502943378440541 ) ) ;
#1158 = DIRECTION ( 'NONE',  ( 0.000000000000000000, 0.000000000000000000, 1.000000000000000000 ) ) ;
#1159 = SURFACE_STYLE_USAGE ( .BOTH. , #286 ) ;
#1160 = LINE ( 'NONE', #3799, #1704 ) ;
#1161 = ADVANCED_FACE ( 'NONE', ( #393 ), #1213, .F. ) ;
#1162 = DIRECTION ( 'NONE',  ( 0.000000000000000000, 1.000000000000000000, -0.000000000000000000 ) ) ;
#1163 = VECTOR ( 'NONE', #768, 39.37007874015748143 ) ;
#1164 =( NAMED_UNIT ( * ) SI_UNIT ( $, .STERADIAN. ) SOLID_ANGLE_UNIT ( ) );
#1165 = DIRECTION ( 'NONE',  ( -1.000000000000000000, -0.000000000000000000, 0.000000000000000000 ) ) ;
#1166 = EDGE_LOOP ( 'NONE', ( #1017, #809, #1247, #1329 ) ) ;
#1167 = EDGE_CURVE ( 'NONE', #2939, #2612, #2412, .T. ) ;
#1168 = VECTOR ( 'NONE', #2969, 39.37007874015748143 ) ;
#1169 = EDGE_CURVE ( 'NONE', #3794, #2763, #3279, .T. ) ;
#1170 =( LENGTH_UNIT ( ) NAMED_UNIT ( * ) SI_UNIT ( $, .METRE. ) );
#1171 = PRESENTATION_LAYER_ASSIGNMENT (  '', '', ( #1358 ) ) ;
#1172 = VERTEX_POINT ( 'NONE', #1845 ) ;
#1173 = UNCERTAINTY_MEASURE_WITH_UNIT (LENGTH_MEASURE( 1.000000000000000082E-05 ), #2671, 'distance_accuracy_value', 'NONE');
#1174 = SURFACE_STYLE_USAGE ( .BOTH. , #1137 ) ;
#1175 = ORIENTED_EDGE ( 'NONE', *, *, #3213, .T. ) ;
#1176 = SURFACE_STYLE_FILL_AREA ( #3226 ) ;
#1177 = FILL_AREA_STYLE_COLOUR ( '', #653 ) ;
#1178 = SURFACE_STYLE_USAGE ( .BOTH. , #2668 ) ;
#1179 =( GEOMETRIC_REPRESENTATION_CONTEXT ( 3 ) GLOBAL_UNCERTAINTY_ASSIGNED_CONTEXT ( ( #1890 ) ) GLOBAL_UNIT_ASSIGNED_CONTEXT ( ( #365, #1314, #969 ) ) REPRESENTATION_CONTEXT ( 'NONE', 'WORKASPACE' ) );
#1180 =( CONVERSION_BASED_UNIT ( 'INCH', #2968 ) LENGTH_UNIT ( ) NAMED_UNIT ( #1203 ) );
#1181 = VECTOR ( 'NONE', #2900, 39.37007874015748143 ) ;
#1182 = EDGE_LOOP ( 'NONE', ( #1007, #1603, #3623, #2390 ) ) ;
#1183 = PRESENTATION_LAYER_ASSIGNMENT (  '', '', ( #753 ) ) ;
#1184 = PRESENTATION_STYLE_ASSIGNMENT (( #3805 ) ) ;
#1185 = EDGE_CURVE ( 'NONE', #573, #3756, #3248, .T. ) ;
#1186 = COLOUR_RGB ( '',0.7529411764705882248, 0.7529411764705882248, 0.7529411764705882248 ) ;
#1187 = DIRECTION ( 'NONE',  ( 0.000000000000000000, 1.000000000000000000, 0.000000000000000000 ) ) ;
#1188 = ORIENTED_EDGE ( 'NONE', *, *, #2985, .T. ) ;
#1189 = FILL_AREA_STYLE_COLOUR ( '', #2868 ) ;
#1190 = DIRECTION ( 'NONE',  ( 0.000000000000000000, -1.000000000000000000, 0.000000000000000000 ) ) ;
#1191 = VECTOR ( 'NONE', #321, 39.37007874015748143 ) ;
#1192 = LENGTH_MEASURE_WITH_UNIT ( LENGTH_MEASURE( 0.02539999999999999897 ), #3070 );
#1193 =( NAMED_UNIT ( * ) PLANE_ANGLE_UNIT ( ) SI_UNIT ( $, .RADIAN. ) );
#1194 = COLOUR_RGB ( '',0.7529411764705882248, 0.7529411764705882248, 0.7529411764705882248 ) ;
#1195 = DIRECTION ( 'NONE',  ( -0.000000000000000000, -0.000000000000000000, 1.000000000000000000 ) ) ;
#1196 = DIRECTION ( 'NONE',  ( 0.000000000000000000, -1.000000000000000000, -0.000000000000000000 ) ) ;
#1197 = LINE ( 'NONE', #670, #798 ) ;
#1198 =( LENGTH_UNIT ( ) NAMED_UNIT ( * ) SI_UNIT ( $, .METRE. ) );
#1199 = ORIENTED_EDGE ( 'NONE', *, *, #3202, .F. ) ;
#1200 = VECTOR ( 'NONE', #1645, 39.37007874015748143 ) ;
#1201 = ORIENTED_EDGE ( 'NONE', *, *, #3328, .T. ) ;
#1202 = PLANE ( 'NONE',  #2194 ) ;
#1203 = DIMENSIONAL_EXPONENTS ( 1.000000000000000000, 0.000000000000000000, 0.000000000000000000, 0.000000000000000000, 0.000000000000000000, 0.000000000000000000, 0.000000000000000000 ) ;
#1204 = CARTESIAN_POINT ( 'NONE',  ( 0.1476377952755936473, -0.05729921259842521430, 1.852468792458772911E-14 ) ) ;
#1205 = EDGE_CURVE ( 'NONE', #2844, #1415, #2752, .T. ) ;
#1206 = VERTEX_POINT ( 'NONE', #2716 ) ;
#1207 = DIRECTION ( 'NONE',  ( 0.000000000000000000, -1.000000000000000000, 0.000000000000000000 ) ) ;
#1208 = VECTOR ( 'NONE', #3705, 39.37007874015748143 ) ;
#1209 = PRESENTATION_LAYER_ASSIGNMENT (  '', '', ( #3375 ) ) ;
#1210 = VERTEX_POINT ( 'NONE', #1276 ) ;
#1211 = VECTOR ( 'NONE', #3554, 39.37007874015748143 ) ;
#1212 =( NAMED_UNIT ( * ) PLANE_ANGLE_UNIT ( ) SI_UNIT ( $, .RADIAN. ) );
#1213 = PLANE ( 'NONE',  #1822 ) ;
#1214 = LINE ( 'NONE', #2394, #3757 ) ;
#1215 = DIRECTION ( 'NONE',  ( -0.000000000000000000, 1.000000000000000000, 0.000000000000000000 ) ) ;
#1216 = STYLED_ITEM ( 'NONE', ( #3407 ), #2305 ) ;
#1217 = DIRECTION ( 'NONE',  ( -1.000000000000000000, -0.000000000000000000, 0.000000000000000000 ) ) ;
#1218 = CARTESIAN_POINT ( 'NONE',  ( -0.01181102362391578398, 0.05905511811114828175, 0.01181102362336064818 ) ) ;
#1219 = EDGE_LOOP ( 'NONE', ( #464, #2146, #517, #3725 ) ) ;
#1220 = EDGE_CURVE ( 'NONE', #2998, #2832, #2453, .T. ) ;
#1221 = ORIENTED_EDGE ( 'NONE', *, *, #3754, .T. ) ;
#1222 = PRESENTATION_STYLE_ASSIGNMENT (( #3584 ) ) ;
#1223 = FACE_OUTER_BOUND ( 'NONE', #3840, .T. ) ;
#1224 = VECTOR ( 'NONE', #272, 39.37007874015748143 ) ;
#1225 =( LENGTH_UNIT ( ) NAMED_UNIT ( * ) SI_UNIT ( $, .METRE. ) );
#1226 = VECTOR ( 'NONE', #2035, 39.37007874015748143 ) ;
#1227 = VERTEX_POINT ( 'NONE', #2158 ) ;
#1228 = LINE ( 'NONE', #2154, #2774 ) ;
#1229 = DIMENSIONAL_EXPONENTS ( 1.000000000000000000, 0.000000000000000000, 0.000000000000000000, 0.000000000000000000, 0.000000000000000000, 0.000000000000000000, 0.000000000000000000 ) ;
#1230 = PRESENTATION_STYLE_ASSIGNMENT (( #1251 ) ) ;
#1231 = VERTEX_POINT ( 'NONE', #3596 ) ;
#1232 = CARTESIAN_POINT ( 'NONE',  ( -0.1623027555080040762, 0.06889763779527560694, 0.1376947471817968893 ) ) ;
#1233 = UNCERTAINTY_MEASURE_WITH_UNIT (LENGTH_MEASURE( 1.000000000000000082E-05 ), #1258, 'distance_accuracy_value', 'NONE');
#1234 =( NAMED_UNIT ( * ) SI_UNIT ( $, .STERADIAN. ) SOLID_ANGLE_UNIT ( ) );
#1235 =( NAMED_UNIT ( * ) SI_UNIT ( $, .STERADIAN. ) SOLID_ANGLE_UNIT ( ) );
#1236 = UNCERTAINTY_MEASURE_WITH_UNIT (LENGTH_MEASURE( 1.000000000000000082E-05 ), #3844, 'distance_accuracy_value', 'NONE');
#1237 = DIRECTION ( 'NONE',  ( -1.000000000000000000, 0.000000000000000000, 0.000000000000000000 ) ) ;
#1238 = FACE_OUTER_BOUND ( 'NONE', #433, .T. ) ;
#1239 = CARTESIAN_POINT ( 'NONE',  ( 0.1673228346456692994, -0.06889763779507054875, 0.03543307086279982865 ) ) ;
#1240 = ORIENTED_EDGE ( 'NONE', *, *, #1337, .F. ) ;
#1241 = ORIENTED_EDGE ( 'NONE', *, *, #3431, .F. ) ;
#1242 =( CONVERSION_BASED_UNIT ( 'INCH', #2641 ) LENGTH_UNIT ( ) NAMED_UNIT ( #172 ) );
#1243 = AXIS2_PLACEMENT_3D ( 'NONE', #163, #3709, #2516 ) ;
#1244 = UNCERTAINTY_MEASURE_WITH_UNIT (LENGTH_MEASURE( 1.000000000000000082E-05 ), #1999, 'distance_accuracy_value', 'NONE');
#1245 = STYLED_ITEM ( 'NONE', ( #1230 ), #1469 ) ;
#1246 = DIRECTION ( 'NONE',  ( -0.000000000000000000, -1.000000000000000000, -0.000000000000000000 ) ) ;
#1247 = ORIENTED_EDGE ( 'NONE', *, *, #2525, .T. ) ;
#1249 =( CONVERSION_BASED_UNIT ( 'INCH', #913 ) LENGTH_UNIT ( ) NAMED_UNIT ( #274 ) );
#1248 = PRESENTATION_LAYER_ASSIGNMENT (  '', '', ( #115 ) ) ;
#1250 = EDGE_CURVE ( 'NONE', #3004, #1534, #940, .T. ) ;
#1251 = SURFACE_STYLE_USAGE ( .BOTH. , #2178 ) ;
#1252 = ORIENTED_EDGE ( 'NONE', *, *, #3272, .F. ) ;
#1253 = CYLINDRICAL_SURFACE ( 'NONE', #241, 0.007874015748031499423 ) ;
#1254 = SURFACE_STYLE_USAGE ( .BOTH. , #1800 ) ;
#1255 =( NAMED_UNIT ( * ) PLANE_ANGLE_UNIT ( ) SI_UNIT ( $, .RADIAN. ) );
#1256 = DIRECTION ( 'NONE',  ( -8.890457814381122475E-14, 0.000000000000000000, 1.000000000000000000 ) ) ;
#1257 = EDGE_CURVE ( 'NONE', #577, #2704, #646, .T. ) ;
#1258 =( CONVERSION_BASED_UNIT ( 'INCH', #2701 ) LENGTH_UNIT ( ) NAMED_UNIT ( #3275 ) );
#1259 = CARTESIAN_POINT ( 'NONE',  ( 0.1259842519685039353, 0.02144094488188976952, 0.01181102362204727516 ) ) ;
#1260 = DIRECTION ( 'NONE',  ( 0.000000000000000000, 0.000000000000000000, 1.000000000000000000 ) ) ;
#1261 = PLANE ( 'NONE',  #1271 ) ;
#1262 = VERTEX_POINT ( 'NONE', #684 ) ;
#1263 = ORIENTED_EDGE ( 'NONE', *, *, #1670, .T. ) ;
#1264 = SURFACE_STYLE_FILL_AREA ( #3809 ) ;
#1265 =( CONVERSION_BASED_UNIT ( 'INCH', #3270 ) LENGTH_UNIT ( ) NAMED_UNIT ( #1786 ) );
#1266 =( GEOMETRIC_REPRESENTATION_CONTEXT ( 3 ) GLOBAL_UNCERTAINTY_ASSIGNED_CONTEXT ( ( #328 ) ) GLOBAL_UNIT_ASSIGNED_CONTEXT ( ( #1265, #3646, #2466 ) ) REPRESENTATION_CONTEXT ( 'NONE', 'WORKASPACE' ) );
#1267 = CARTESIAN_POINT ( 'NONE',  ( 0.1496062992034923322, -0.05708661416699180313, 0.01181102361269244228 ) ) ;
#1268 = STYLED_ITEM ( 'NONE', ( #3653 ), #1869 ) ;
#1269 = FILL_AREA_STYLE_COLOUR ( '', #3664 ) ;
#1270 =( CONVERSION_BASED_UNIT ( 'INCH', #2405 ) LENGTH_UNIT ( ) NAMED_UNIT ( #2042 ) );
#1271 = AXIS2_PLACEMENT_3D ( 'NONE', #1622, #2534, #945 ) ;
#1272 = EDGE_CURVE ( 'NONE', #2000, #1458, #3013, .T. ) ;
#1273 = VERTEX_POINT ( 'NONE', #1537 ) ;
#1274 = DIRECTION ( 'NONE',  ( 0.000000000000000000, 0.000000000000000000, -1.000000000000000000 ) ) ;
#1275 = DIRECTION ( 'NONE',  ( 0.000000000000000000, 1.000000000000000000, 0.000000000000000000 ) ) ;
#1276 = CARTESIAN_POINT ( 'NONE',  ( -0.1555118110240795437, -0.05905511811104362241, 0.01181102362210007493 ) ) ;
#1277 = DIRECTION ( 'NONE',  ( -0.000000000000000000, -0.000000000000000000, 1.000000000000000000 ) ) ;
#1278 = AXIS2_PLACEMENT_3D ( 'NONE', #2754, #3099, #647 ) ;
#1279 = PRESENTATION_STYLE_ASSIGNMENT (( #1891 ) ) ;
#1280 = CARTESIAN_POINT ( 'NONE',  ( 0.06889763779527560694, -0.02165354330699196042, 0.2165354330708662289 ) ) ;
#1281 = CARTESIAN_POINT ( 'NONE',  ( -0.1102362204724409434, -0.07086614173228350522, 0.04330708661417324162 ) ) ;
#1282 = LINE ( 'NONE', #3039, #1657 ) ;
#1283 = EDGE_CURVE ( 'NONE', #3794, #3256, #2731, .T. ) ;
#1284 = FILL_AREA_STYLE_COLOUR ( '', #453 ) ;
#1285 = VERTEX_POINT ( 'NONE', #707 ) ;
#1286 = EDGE_LOOP ( 'NONE', ( #510, #3088, #2486, #617, #1853, #1240, #544 ) ) ;
#1287 = AXIS2_PLACEMENT_3D ( 'NONE', #17, #3006, #3550 ) ;
#1288 = CIRCLE ( 'NONE', #2901, 0.007874015748031499423 ) ;
#1289 =( LENGTH_UNIT ( ) NAMED_UNIT ( * ) SI_UNIT ( $, .METRE. ) );
#1290 = PRESENTATION_STYLE_ASSIGNMENT (( #1855 ) ) ;
#1291 = LINE ( 'NONE', #1267, #991 ) ;
#1292 =( LENGTH_UNIT ( ) NAMED_UNIT ( * ) SI_UNIT ( $, .METRE. ) );
#1293 = EDGE_CURVE ( 'NONE', #362, #2000, #2793, .T. ) ;
#1294 = DIMENSIONAL_EXPONENTS ( 1.000000000000000000, 0.000000000000000000, 0.000000000000000000, 0.000000000000000000, 0.000000000000000000, 0.000000000000000000, 0.000000000000000000 ) ;
#1295 =( GEOMETRIC_REPRESENTATION_CONTEXT ( 3 ) GLOBAL_UNCERTAINTY_ASSIGNED_CONTEXT ( ( #3291 ) ) GLOBAL_UNIT_ASSIGNED_CONTEXT ( ( #3423, #2526, #2833 ) ) REPRESENTATION_CONTEXT ( 'NONE', 'WORKASPACE' ) );
#1296 = ADVANCED_FACE ( 'NONE', ( #567 ), #1636, .T. ) ;
#1297 = SURFACE_STYLE_USAGE ( .BOTH. , #1037 ) ;
#1298 = DIRECTION ( 'NONE',  ( -1.000000000000000000, -0.000000000000000000, 0.000000000000000000 ) ) ;
#1299 = SURFACE_STYLE_FILL_AREA ( #974 ) ;
#1300 = VERTEX_POINT ( 'NONE', #828 ) ;
#1301 = CARTESIAN_POINT ( 'NONE',  ( 0.000000000000000000, 0.05905511811023622659, -0.1062992125984252023 ) ) ;
#1302 =( CONVERSION_BASED_UNIT ( 'INCH', #3097 ) LENGTH_UNIT ( ) NAMED_UNIT ( #2300 ) );
#1303 = DIRECTION ( 'NONE',  ( -0.9863939238321437486, 0.000000000000000000, 0.1643989873053575135 ) ) ;
#1304 = CARTESIAN_POINT ( 'NONE',  ( 0.01771653543307087630, 0.02952755905511811330, 0.08661417322834644161 ) ) ;
#1305 = FACE_OUTER_BOUND ( 'NONE', #1049, .T. ) ;
#1306 = DIRECTION ( 'NONE',  ( -0.000000000000000000, -1.000000000000000000, -0.000000000000000000 ) ) ;
#1307 = CARTESIAN_POINT ( 'NONE',  ( 0.1496062992083926069, 0.02165354329233117395, 0.01181102362739951984 ) ) ;
#1308 = DIRECTION ( 'NONE',  ( 0.000000000000000000, 0.000000000000000000, -1.000000000000000000 ) ) ;
#1309 = LINE ( 'NONE', #3019, #2258 ) ;
#1310 = LINE ( 'NONE', #3344, #1339 ) ;
#1311 = ORIENTED_EDGE ( 'NONE', *, *, #2687, .F. ) ;
#1312 = ORIENTED_EDGE ( 'NONE', *, *, #2263, .F. ) ;
#1313 = CARTESIAN_POINT ( 'NONE',  ( 0.1631938764173228307, -0.03346456692913386127, 0.1375935729527559548 ) ) ;
#1314 =( NAMED_UNIT ( * ) PLANE_ANGLE_UNIT ( ) SI_UNIT ( $, .RADIAN. ) );
#1315 = VECTOR ( 'NONE', #1246, 39.37007874015748143 ) ;
#1316 = EDGE_CURVE ( 'NONE', #2425, #2802, #3404, .T. ) ;
#1317 =( CONVERSION_BASED_UNIT ( 'INCH', #1192 ) LENGTH_UNIT ( ) NAMED_UNIT ( #1874 ) );
#1318 = LINE ( 'NONE', #1572, #2097 ) ;
#1319 = EDGE_LOOP ( 'NONE', ( #3387, #2135, #2690, #117 ) ) ;
#1320 = DIMENSIONAL_EXPONENTS ( 1.000000000000000000, 0.000000000000000000, 0.000000000000000000, 0.000000000000000000, 0.000000000000000000, 0.000000000000000000, 0.000000000000000000 ) ;
#1321 = AXIS2_PLACEMENT_3D ( 'NONE', #1620, #2227, #752 ) ;
#1322 = LENGTH_MEASURE_WITH_UNIT ( LENGTH_MEASURE( 0.02539999999999999897 ), #2116 );
#1323 = DIRECTION ( 'NONE',  ( -6.407634839389327974E-12, 0.000000000000000000, 1.000000000000000000 ) ) ;
#1324 = UNCERTAINTY_MEASURE_WITH_UNIT (LENGTH_MEASURE( 1.000000000000000082E-05 ), #1242, 'distance_accuracy_value', 'NONE');
#1325 = FILL_AREA_STYLE_COLOUR ( '', #2817 ) ;
#1326 = ORIENTED_EDGE ( 'NONE', *, *, #2837, .F. ) ;
#1327 = ORIENTED_EDGE ( 'NONE', *, *, #2170, .T. ) ;
#1328 = LINE ( 'NONE', #2555, #1629 ) ;
#1329 = ORIENTED_EDGE ( 'NONE', *, *, #2369, .F. ) ;
#1330 = FILL_AREA_STYLE_COLOUR ( '', #3011 ) ;
#1331 =( GEOMETRIC_REPRESENTATION_CONTEXT ( 3 ) GLOBAL_UNCERTAINTY_ASSIGNED_CONTEXT ( ( #45 ) ) GLOBAL_UNIT_ASSIGNED_CONTEXT ( ( #1122, #1379, #3138 ) ) REPRESENTATION_CONTEXT ( 'NONE', 'WORKASPACE' ) );
#1332 = APPLICATION_PROTOCOL_DEFINITION ( 'draft international standard', 'automotive_design', 1998, #1834 ) ;
#1333 = CYLINDRICAL_SURFACE ( 'NONE', #3826, 0.01181102362204724046 ) ;
#1334 = VECTOR ( 'NONE', #88, 39.37007874015748143 ) ;
#1335 = CARTESIAN_POINT ( 'NONE',  ( -0.1496062992124703728, -0.05708661416822414375, 0.01181102362127888980 ) ) ;
#1336 = PRESENTATION_LAYER_ASSIGNMENT (  '', '', ( #1747 ) ) ;
#1337 = EDGE_CURVE ( 'NONE', #2685, #399, #492, .T. ) ;
#1338 = ORIENTED_EDGE ( 'NONE', *, *, #2547, .T. ) ;
#1339 = VECTOR ( 'NONE', #2462, 39.37007874015748143 ) ;
#1340 = SURFACE_STYLE_USAGE ( .BOTH. , #3052 ) ;
#1341 = FILL_AREA_STYLE_COLOUR ( '', #3325 ) ;
#1342 = CARTESIAN_POINT ( 'NONE',  ( 0.1102362204724409434, -0.06692913385826772255, 0.04330708661417324162 ) ) ;
#1343 = CARTESIAN_POINT ( 'NONE',  ( -0.1476377952755980050, 0.02952755905510493981, 1.610380367979917378E-14 ) ) ;
#1344 = EDGE_CURVE ( 'NONE', #2861, #2763, #3778, .T. ) ;
#1345 = LINE ( 'NONE', #3703, #2137 ) ;
#1346 = STYLED_ITEM ( 'NONE', ( #2210 ), #154 ) ;
#1347 =( LENGTH_UNIT ( ) NAMED_UNIT ( * ) SI_UNIT ( $, .METRE. ) );
#1348 = VERTEX_POINT ( 'NONE', #1710 ) ;
#1349 = ORIENTED_EDGE ( 'NONE', *, *, #634, .F. ) ;
#1350 = DIRECTION ( 'NONE',  ( 1.000000000000000000, 0.000000000000000000, 0.000000000000000000 ) ) ;
#1351 = AXIS2_PLACEMENT_3D ( 'NONE', #2576, #3123, #3198 ) ;
#1352 = MECHANICAL_DESIGN_GEOMETRIC_PRESENTATION_REPRESENTATION (  '', ( #7 ), #2023 ) ;
#1353 =( NAMED_UNIT ( * ) SI_UNIT ( $, .STERADIAN. ) SOLID_ANGLE_UNIT ( ) );
#1354 = DIRECTION ( 'NONE',  ( -1.000000000000000000, -0.000000000000000000, -0.000000000000000000 ) ) ;
#1355 = LENGTH_MEASURE_WITH_UNIT ( LENGTH_MEASURE( 0.02539999999999999897 ), #1292 );
#1357 = VERTEX_POINT ( 'NONE', #2911 ) ;
#1356 = PRESENTATION_LAYER_ASSIGNMENT (  '', '', ( #2956 ) ) ;
#1358 = STYLED_ITEM ( 'NONE', ( #3392 ), #3195 ) ;
#1359 = ORIENTED_EDGE ( 'NONE', *, *, #2263, .T. ) ;
#1360 = DIRECTION ( 'NONE',  ( 0.000000000000000000, 1.000000000000000000, 0.000000000000000000 ) ) ;
#1361 = AXIS2_PLACEMENT_3D ( 'NONE', #358, #3559, #924 ) ;
#1362 = DIRECTION ( 'NONE',  ( -1.000000000000000000, -0.000000000000000000, 0.000000000000000000 ) ) ;
#1363 = CARTESIAN_POINT ( 'NONE',  ( 0.1377952755905511861, -0.06889763779527560694, 0.03543307082767428035 ) ) ;
#1364 = ORIENTED_EDGE ( 'NONE', *, *, #2286, .T. ) ;
#1365 = ORIENTED_EDGE ( 'NONE', *, *, #267, .F. ) ;
#1366 = LINE ( 'NONE', #2764, #2991 ) ;
#1367 = SURFACE_SIDE_STYLE ('',( #161 ) ) ;
#1368 =( NAMED_UNIT ( * ) SI_UNIT ( $, .STERADIAN. ) SOLID_ANGLE_UNIT ( ) );
#1369 = PLANE ( 'NONE',  #3141 ) ;
#1370 = ORIENTED_EDGE ( 'NONE', *, *, #1996, .F. ) ;
#1371 = DIRECTION ( 'NONE',  ( -1.000000000000000000, 0.000000000000000000, -0.000000000000000000 ) ) ;
#1372 = FILL_AREA_STYLE_COLOUR ( '', #3167 ) ;
#1373 = CARTESIAN_POINT ( 'NONE',  ( -0.1614173228346456601, -0.03346456692913386127, 0.1219460698425197248 ) ) ;
#1374 = ORIENTED_EDGE ( 'NONE', *, *, #2519, .T. ) ;
#1375 = VECTOR ( 'NONE', #450, 39.37007874015748143 ) ;
#1376 = COLOUR_RGB ( '',0.7529411764705882248, 0.7529411764705882248, 0.7529411764705882248 ) ;
#1377 = EDGE_CURVE ( 'NONE', #324, #912, #2679, .T. ) ;
#1378 = AXIS2_PLACEMENT_3D ( 'NONE', #1016, #391, #678 ) ;
#1379 =( NAMED_UNIT ( * ) PLANE_ANGLE_UNIT ( ) SI_UNIT ( $, .RADIAN. ) );
#1380 =( CONVERSION_BASED_UNIT ( 'INCH', #3083 ) LENGTH_UNIT ( ) NAMED_UNIT ( #3783 ) );
#1381 = FILL_AREA_STYLE_COLOUR ( '', #3077 ) ;
#1382 =( CONVERSION_BASED_UNIT ( 'INCH', #2550 ) LENGTH_UNIT ( ) NAMED_UNIT ( #2508 ) );
#1383 = PRESENTATION_STYLE_ASSIGNMENT (( #3743 ) ) ;
#1384 = ORIENTED_EDGE ( 'NONE', *, *, #951, .F. ) ;
#1385 =( CONVERSION_BASED_UNIT ( 'INCH', #2880 ) LENGTH_UNIT ( ) NAMED_UNIT ( #3551 ) );
#1386 = LINE ( 'NONE', #1699, #2751 ) ;
#1387 = ADVANCED_FACE ( 'NONE', ( #2629 ), #1416, .F. ) ;
#1388 = DIMENSIONAL_EXPONENTS ( 1.000000000000000000, 0.000000000000000000, 0.000000000000000000, 0.000000000000000000, 0.000000000000000000, 0.000000000000000000, 0.000000000000000000 ) ;
#1389 = CARTESIAN_POINT ( 'NONE',  ( 0.1102362204724409434, -0.05905511811023622659, -0.1188897637795275075 ) ) ;
#1390 = SURFACE_SIDE_STYLE ('',( #2540 ) ) ;
#1391 = ORIENTED_EDGE ( 'NONE', *, *, #1453, .F. ) ;
#1392 = PLANE ( 'NONE',  #950 ) ;
#1393 = CARTESIAN_POINT ( 'NONE',  ( -0.1259842519634339908, -0.02165354329788874571, 0.01181102362667771528 ) ) ;
#1394 = PRESENTATION_STYLE_ASSIGNMENT (( #1120 ) ) ;
#1395 = ORIENTED_EDGE ( 'NONE', *, *, #3063, .F. ) ;
#1396 = STYLED_ITEM ( 'NONE', ( #1902 ), #2092 ) ;
#1397 = ADVANCED_FACE ( 'NONE', ( #3842 ), #2678, .T. ) ;
#1398 = PRESENTATION_STYLE_ASSIGNMENT (( #3444 ) ) ;
#1399 = ORIENTED_EDGE ( 'NONE', *, *, #3431, .T. ) ;
#1400 = CARTESIAN_POINT ( 'NONE',  ( -0.1258425196850393724, 0.02952755905508753706, 4.588864352482447005E-14 ) ) ;
#1401 = CARTESIAN_POINT ( 'NONE',  ( 0.06102362204744600505, 0.02952755905511811677, 0.08661417322834644161 ) ) ;
#1402 =( LENGTH_UNIT ( ) NAMED_UNIT ( * ) SI_UNIT ( $, .METRE. ) );
#1403 = EDGE_CURVE ( 'NONE', #2763, #2762, #2695, .T. ) ;
#1404 = FILL_AREA_STYLE_COLOUR ( '', #2371 ) ;
#1405 =( CONVERSION_BASED_UNIT ( 'INCH', #759 ) LENGTH_UNIT ( ) NAMED_UNIT ( #982 ) );
#1406 = DIRECTION ( 'NONE',  ( -0.000000000000000000, 1.000000000000000000, -0.000000000000000000 ) ) ;
#1407 = FILL_AREA_STYLE_COLOUR ( '', #657 ) ;
#1408 = ORIENTED_EDGE ( 'NONE', *, *, #102, .T. ) ;
#1409 = VECTOR ( 'NONE', #3402, 39.37007874015748143 ) ;
#1410 = PRESENTATION_LAYER_ASSIGNMENT (  '', '', ( #583 ) ) ;
#1411 = LINE ( 'NONE', #1117, #701 ) ;
#1412 = DIMENSIONAL_EXPONENTS ( 1.000000000000000000, 0.000000000000000000, 0.000000000000000000, 0.000000000000000000, 0.000000000000000000, 0.000000000000000000, 0.000000000000000000 ) ;
#1413 = SURFACE_SIDE_STYLE ('',( #3772 ) ) ;
#1414 = ADVANCED_FACE ( 'NONE', ( #2350 ), #2644, .F. ) ;
#1415 = VERTEX_POINT ( 'NONE', #861 ) ;
#1416 = PLANE ( 'NONE',  #440 ) ;
#1417 = CARTESIAN_POINT ( 'NONE',  ( 0.01181102362204724567, 0.07086614173228350522, -0.1062992125984252023 ) ) ;
#1418 = ORIENTED_EDGE ( 'NONE', *, *, #1945, .F. ) ;
#1419 = FILL_AREA_STYLE_COLOUR ( '', #2075 ) ;
#1420 = PRESENTATION_STYLE_ASSIGNMENT (( #547 ) ) ;
#1421 = COLOUR_RGB ( '',0.6470588235294117974, 0.6196078431372549211, 0.5882352941176470784 ) ;
#1422 =( CONVERSION_BASED_UNIT ( 'INCH', #2030 ) LENGTH_UNIT ( ) NAMED_UNIT ( #1718 ) );
#1423 = DIRECTION ( 'NONE',  ( 0.000000000000000000, 0.000000000000000000, -1.000000000000000000 ) ) ;
#1424 = COLOUR_RGB ( '',0.6470588235294117974, 0.6196078431372549211, 0.5882352941176470784 ) ;
#1425 = LINE ( 'NONE', #1470, #2965 ) ;
#1426 = ADVANCED_FACE ( 'NONE', ( #2043 ), #3223, .F. ) ;
#1427 = ORIENTED_EDGE ( 'NONE', *, *, #2152, .F. ) ;
#1428 = SURFACE_SIDE_STYLE ('',( #1459 ) ) ;
#1429 = EDGE_CURVE ( 'NONE', #2013, #1519, #1318, .T. ) ;
#1430 = ORIENTED_EDGE ( 'NONE', *, *, #3420, .T. ) ;
#1431 = CARTESIAN_POINT ( 'NONE',  ( 0.01181102362204724567, 0.06692913385826772255, 0.04330708661417324162 ) ) ;
#1432 = VECTOR ( 'NONE', #1511, 39.37007874015748143 ) ;
#1433 = SURFACE_STYLE_FILL_AREA ( #534 ) ;
#1434 = CARTESIAN_POINT ( 'NONE',  ( 0.1102362204724409434, -0.07086614173228350522, -0.1062992125984252023 ) ) ;
#1435 =( NAMED_UNIT ( * ) PLANE_ANGLE_UNIT ( ) SI_UNIT ( $, .RADIAN. ) );
#1436 = SURFACE_STYLE_FILL_AREA ( #225 ) ;
#1437 = FILL_AREA_STYLE_COLOUR ( '', #2012 ) ;
#1438 = AXIS2_PLACEMENT_3D ( 'NONE', #3671, #126, #407 ) ;
#1439 =( CONVERSION_BASED_UNIT ( 'INCH', #2034 ) LENGTH_UNIT ( ) NAMED_UNIT ( #2086 ) );
#1440 = FILL_AREA_STYLE ('',( #291 ) ) ;
#1441 = ORIENTED_EDGE ( 'NONE', *, *, #712, .T. ) ;
#1442 =( NAMED_UNIT ( * ) PLANE_ANGLE_UNIT ( ) SI_UNIT ( $, .RADIAN. ) );
#1443 = DIRECTION ( 'NONE',  ( 1.000000000000000000, 0.000000000000000000, -0.000000000000000000 ) ) ;
#1444 = ORIENTED_EDGE ( 'NONE', *, *, #2660, .T. ) ;
#1445 = EDGE_CURVE ( 'NONE', #1057, #2941, #2110, .T. ) ;
#1446 = AXIS2_PLACEMENT_3D ( 'NONE', #3641, #690, #981 ) ;
#1447 = DIRECTION ( 'NONE',  ( 0.1643989873053574857, 0.000000000000000000, -0.9863939238321436376 ) ) ;
#1448 =( NAMED_UNIT ( * ) SI_UNIT ( $, .STERADIAN. ) SOLID_ANGLE_UNIT ( ) );
#1449 =( GEOMETRIC_REPRESENTATION_CONTEXT ( 3 ) GLOBAL_UNCERTAINTY_ASSIGNED_CONTEXT ( ( #2797 ) ) GLOBAL_UNIT_ASSIGNED_CONTEXT ( ( #109, #87, #2139 ) ) REPRESENTATION_CONTEXT ( 'NONE', 'WORKASPACE' ) );
#1450 = FACE_OUTER_BOUND ( 'NONE', #1182, .T. ) ;
#1451 = UNCERTAINTY_MEASURE_WITH_UNIT (LENGTH_MEASURE( 1.000000000000000082E-05 ), #3481, 'distance_accuracy_value', 'NONE');
#1452 = CARTESIAN_POINT ( 'NONE',  ( 0.08661417322834646937, -0.07086614173228350522, -0.1062992125984252023 ) ) ;
#1453 = EDGE_CURVE ( 'NONE', #1231, #283, #2134, .T. ) ;
#1454 = SURFACE_STYLE_USAGE ( .BOTH. , #3831 ) ;
#1455 = DIMENSIONAL_EXPONENTS ( 1.000000000000000000, 0.000000000000000000, 0.000000000000000000, 0.000000000000000000, 0.000000000000000000, 0.000000000000000000, 0.000000000000000000 ) ;
#1456 = COLOUR_RGB ( '',0.7529411764705882248, 0.7529411764705882248, 0.7529411764705882248 ) ;
#1457 = SURFACE_STYLE_FILL_AREA ( #1487 ) ;
#1458 = VERTEX_POINT ( 'NONE', #3674 ) ;
#1459 = SURFACE_STYLE_FILL_AREA ( #888 ) ;
#1460 = LINE ( 'NONE', #859, #1681 ) ;
#1461 = VECTOR ( 'NONE', #176, 39.37007874015748143 ) ;
#1462 = VERTEX_POINT ( 'NONE', #3377 ) ;
#1463 = AXIS2_PLACEMENT_3D ( 'NONE', #973, #1207, #2385 ) ;
#1464 = ORIENTED_EDGE ( 'NONE', *, *, #2967, .F. ) ;
#1465 = CARTESIAN_POINT ( 'NONE',  ( -0.1279527559054696451, -0.02952755905509012874, 2.864986824468664293E-14 ) ) ;
#1466 = FILL_AREA_STYLE ('',( #1177 ) ) ;
#1467 = CARTESIAN_POINT ( 'NONE',  ( 0.07086614173095445723, 0.03149606299524022185, 0.1377952755905512139 ) ) ;
#1468 = FILL_AREA_STYLE ('',( #1753 ) ) ;
#1469 = ADVANCED_FACE ( 'NONE', ( #938 ), #36, .T. ) ;
#1470 = CARTESIAN_POINT ( 'NONE',  ( 0.1605262017716536094, 0.06889763779527560694, 0.1377952755905512139 ) ) ;
#1471 = ORIENTED_EDGE ( 'NONE', *, *, #3213, .F. ) ;
#1472 = COLOUR_RGB ( '',0.7529411764705882248, 0.7529411764705882248, 0.7529411764705882248 ) ;
#1473 = FILL_AREA_STYLE_COLOUR ( '', #612 ) ;
#1474 = VECTOR ( 'NONE', #2277, 39.37007874015748854 ) ;
#1475 = ORIENTED_EDGE ( 'NONE', *, *, #2547, .F. ) ;
#1476 =( NAMED_UNIT ( * ) PLANE_ANGLE_UNIT ( ) SI_UNIT ( $, .RADIAN. ) );
#1477 = UNCERTAINTY_MEASURE_WITH_UNIT (LENGTH_MEASURE( 1.000000000000000082E-05 ), #2283, 'distance_accuracy_value', 'NONE');
#1478 = EDGE_CURVE ( 'NONE', #3851, #2072, #371, .T. ) ;
#1479 = SURFACE_STYLE_FILL_AREA ( #3693 ) ;
#1480 =( LENGTH_UNIT ( ) NAMED_UNIT ( * ) SI_UNIT ( $, .METRE. ) );
#1481 = PLANE ( 'NONE',  #1956 ) ;
#1482 = LINE ( 'NONE', #2375, #229 ) ;
#1483 = VECTOR ( 'NONE', #1946, 39.37007874015748143 ) ;
#1484 = DIRECTION ( 'NONE',  ( 0.000000000000000000, 1.000000000000000000, 0.000000000000000000 ) ) ;
#1485 =( NAMED_UNIT ( * ) PLANE_ANGLE_UNIT ( ) SI_UNIT ( $, .RADIAN. ) );
#1486 = PRESENTATION_LAYER_ASSIGNMENT (  '', '', ( #3037 ) ) ;
#1487 = FILL_AREA_STYLE ('',( #926 ) ) ;
#1488 = ORIENTED_EDGE ( 'NONE', *, *, #2132, .T. ) ;
#1489 = ADVANCED_FACE ( 'NONE', ( #3172 ), #824, .F. ) ;
#1490 = VECTOR ( 'NONE', #1913, 39.37007874015748143 ) ;
#1491 = FACE_OUTER_BOUND ( 'NONE', #1731, .T. ) ;
#1492 = LINE ( 'NONE', #1204, #1861 ) ;
#1493 = FILL_AREA_STYLE_COLOUR ( '', #633 ) ;
#1494 = ORIENTED_EDGE ( 'NONE', *, *, #846, .T. ) ;
#1495 = CARTESIAN_POINT ( 'NONE',  ( 0.1555118110236220208, 0.05905511811400407374, 0.01181102362204727516 ) ) ;
#1496 = DIMENSIONAL_EXPONENTS ( 1.000000000000000000, 0.000000000000000000, 0.000000000000000000, 0.000000000000000000, 0.000000000000000000, 0.000000000000000000, 0.000000000000000000 ) ;
#1497 = PRESENTATION_STYLE_ASSIGNMENT (( #3535 ) ) ;
#1498 = LENGTH_MEASURE_WITH_UNIT ( LENGTH_MEASURE( 0.02539999999999999897 ), #1768 );
#1499 = VECTOR ( 'NONE', #1360, 39.37007874015748143 ) ;
#1500 = VECTOR ( 'NONE', #1579, 39.37007874015748143 ) ;
#1501 = AXIS2_PLACEMENT_3D ( 'NONE', #2879, #136, #496 ) ;
#1502 = CARTESIAN_POINT ( 'NONE',  ( 0.1259842519615981260, -0.05905511811023622659, 0.01181102362204727516 ) ) ;
#1503 = LINE ( 'NONE', #2936, #1714 ) ;
#1504 = AXIS2_PLACEMENT_3D ( 'NONE', #1030, #3347, #119 ) ;
#1505 = SURFACE_STYLE_USAGE ( .BOTH. , #3639 ) ;
#1506 = DIRECTION ( 'NONE',  ( 1.000000000000000000, -0.000000000000000000, 0.000000000000000000 ) ) ;
#1507 = LINE ( 'NONE', #8, #3252 ) ;
#1508 = ORIENTED_EDGE ( 'NONE', *, *, #3383, .F. ) ;
#1509 = ORIENTED_EDGE ( 'NONE', *, *, #3029, .F. ) ;
#1510 = PRESENTATION_LAYER_ASSIGNMENT (  '', '', ( #2757 ) ) ;
#1511 = DIRECTION ( 'NONE',  ( -0.000000000000000000, -0.000000000000000000, 1.000000000000000000 ) ) ;
#1512 = ADVANCED_FACE ( 'NONE', ( #195 ), #2606, .T. ) ;
#1513 = SURFACE_STYLE_USAGE ( .BOTH. , #2722 ) ;
#1514 = PLANE ( 'NONE',  #2976 ) ;
#1515 = SURFACE_SIDE_STYLE ('',( #616 ) ) ;
#1516 = ORIENTED_EDGE ( 'NONE', *, *, #102, .F. ) ;
#1517 = DIRECTION ( 'NONE',  ( 0.000000000000000000, 1.000000000000000000, 0.000000000000000000 ) ) ;
#1518 = PRESENTATION_STYLE_ASSIGNMENT (( #1174 ) ) ;
#1519 = VERTEX_POINT ( 'NONE', #3713 ) ;
#1520 = VECTOR ( 'NONE', #252, 39.37007874015748143 ) ;
#1521 = DIRECTION ( 'NONE',  ( 1.000000000000000000, 0.000000000000000000, -0.000000000000000000 ) ) ;
#1522 = LINE ( 'NONE', #1538, #2768 ) ;
#1523 = MECHANICAL_DESIGN_GEOMETRIC_PRESENTATION_REPRESENTATION (  '', ( #153 ), #1765 ) ;
#1524 = SURFACE_STYLE_FILL_AREA ( #335 ) ;
#1525 = FILL_AREA_STYLE_COLOUR ( '', #2220 ) ;
#1526 = SURFACE_STYLE_USAGE ( .BOTH. , #629 ) ;
#1527 = EDGE_LOOP ( 'NONE', ( #2089, #2247, #2400, #1742 ) ) ;
#1528 = VERTEX_POINT ( 'NONE', #1061 ) ;
#1529 =( LENGTH_UNIT ( ) NAMED_UNIT ( * ) SI_UNIT ( $, .METRE. ) );
#1530 = ADVANCED_FACE ( 'NONE', ( #2242 ), #3421, .T. ) ;
#1531 =( GEOMETRIC_REPRESENTATION_CONTEXT ( 3 ) GLOBAL_UNCERTAINTY_ASSIGNED_CONTEXT ( ( #1744 ) ) GLOBAL_UNIT_ASSIGNED_CONTEXT ( ( #1921, #1626, #2822 ) ) REPRESENTATION_CONTEXT ( 'NONE', 'WORKASPACE' ) );
#1532 = ORIENTED_EDGE ( 'NONE', *, *, #3834, .F. ) ;
#1533 = EDGE_CURVE ( 'NONE', #1050, #3049, #1813, .T. ) ;
#1534 = VERTEX_POINT ( 'NONE', #1152 ) ;
#1535 = CARTESIAN_POINT ( 'NONE',  ( -0.01181102362204724567, 0.07086614173228350522, 0.04763473055118109395 ) ) ;
#1536 = UNCERTAINTY_MEASURE_WITH_UNIT (LENGTH_MEASURE( 1.000000000000000082E-05 ), #2253, 'distance_accuracy_value', 'NONE');
#1537 = CARTESIAN_POINT ( 'NONE',  ( 0.1102362204699803144, -0.07086614173228350522, 0.04330708661417324162 ) ) ;
#1538 = CARTESIAN_POINT ( 'NONE',  ( -0.1259842519615981538, -0.05905511811023622659, 0.01181102362204727516 ) ) ;
#1539 =( GEOMETRIC_REPRESENTATION_CONTEXT ( 3 ) GLOBAL_UNCERTAINTY_ASSIGNED_CONTEXT ( ( #1144 ) ) GLOBAL_UNIT_ASSIGNED_CONTEXT ( ( #3071, #127, #2495 ) ) REPRESENTATION_CONTEXT ( 'NONE', 'WORKASPACE' ) );
#1540 = UNCERTAINTY_MEASURE_WITH_UNIT (LENGTH_MEASURE( 1.000000000000000082E-05 ), #1619, 'distance_accuracy_value', 'NONE');
#1541 = STYLED_ITEM ( 'NONE', ( #3636 ), #49 ) ;
#1542 = DIRECTION ( 'NONE',  ( -1.000000000000000000, 0.000000000000000000, 0.000000000000000000 ) ) ;
#1543 = SURFACE_SIDE_STYLE ('',( #3018 ) ) ;
#1544 = CYLINDRICAL_SURFACE ( 'NONE', #3687, 0.007874015748031499423 ) ;
#1545 = EDGE_LOOP ( 'NONE', ( #671, #965, #3633, #2222, #2384, #891, #3652, #886 ) ) ;
#1546 = ORIENTED_EDGE ( 'NONE', *, *, #916, .T. ) ;
#1547 = SURFACE_SIDE_STYLE ('',( #1264 ) ) ;
#1548 = PRODUCT_DEFINITION_FORMATION_WITH_SPECIFIED_SOURCE ( 'ANY', '', #1977, .NOT_KNOWN. ) ;
#1549 = MECHANICAL_DESIGN_GEOMETRIC_PRESENTATION_REPRESENTATION (  '', ( #1128 ), #1064 ) ;
#1550 = UNCERTAINTY_MEASURE_WITH_UNIT (LENGTH_MEASURE( 1.000000000000000082E-05 ), #1385, 'distance_accuracy_value', 'NONE');
#1551 = COLOUR_RGB ( '',0.6470588235294117974, 0.6196078431372549211, 0.5882352941176470784 ) ;
#1552 = EDGE_CURVE ( 'NONE', #1669, #2762, #2742, .T. ) ;
#1553 = CARTESIAN_POINT ( 'NONE',  ( -0.08661417322834646937, -0.05905511811023622659, -0.1062992125984252023 ) ) ;
#1554 = SURFACE_STYLE_USAGE ( .BOTH. , #2491 ) ;
#1555 = DIRECTION ( 'NONE',  ( -0.000000000000000000, 0.000000000000000000, 1.000000000000000000 ) ) ;
#1557 = LINE ( 'NONE', #1495, #899 ) ;
#1556 = AXIS2_PLACEMENT_3D ( 'NONE', #2932, #2647, #1732 ) ;
#1558 = ORIENTED_EDGE ( 'NONE', *, *, #1140, .F. ) ;
#1559 = SURFACE_STYLE_FILL_AREA ( #3635 ) ;
#1560 = DIRECTION ( 'NONE',  ( -0.000000000000000000, -1.000000000000000000, -0.000000000000000000 ) ) ;
#1561 = DIRECTION ( 'NONE',  ( -0.000000000000000000, -1.000000000000000000, 0.000000000000000000 ) ) ;
#1562 = CARTESIAN_POINT ( 'NONE',  ( -0.1771653543307086798, -0.03346456692913386127, 0.1219460698425197248 ) ) ;
#1563 = ADVANCED_FACE ( 'NONE', ( #841 ), #2441, .F. ) ;
#1564 = PRESENTATION_STYLE_ASSIGNMENT (( #377 ) ) ;
#1565 = ORIENTED_EDGE ( 'NONE', *, *, #1804, .T. ) ;
#1566 = ORIENTED_EDGE ( 'NONE', *, *, #1804, .F. ) ;
#1567 = MECHANICAL_DESIGN_GEOMETRIC_PRESENTATION_REPRESENTATION (  '', ( #244 ), #2885 ) ;
#1568 = SURFACE_STYLE_USAGE ( .BOTH. , #1854 ) ;
#1569 = DIRECTION ( 'NONE',  ( 0.000000000000000000, 0.000000000000000000, 1.000000000000000000 ) ) ;
#1570 = FACE_OUTER_BOUND ( 'NONE', #372, .T. ) ;
#1571 = PRESENTATION_STYLE_ASSIGNMENT (( #2494 ) ) ;
#1572 = CARTESIAN_POINT ( 'NONE',  ( -0.1377952755905511861, 0.06889763779527560694, 0.04724409448818899654 ) ) ;
#1573 = EDGE_LOOP ( 'NONE', ( #596, #2562, #129, #2741 ) ) ;
#1574 = DIMENSIONAL_EXPONENTS ( 1.000000000000000000, 0.000000000000000000, 0.000000000000000000, 0.000000000000000000, 0.000000000000000000, 0.000000000000000000, 0.000000000000000000 ) ;
#1575 = FILL_AREA_STYLE ('',( #2393 ) ) ;
#1576 = LINE ( 'NONE', #685, #3246 ) ;
#1577 = VECTOR ( 'NONE', #1846, 39.37007874015748854 ) ;
#1578 = FILL_AREA_STYLE_COLOUR ( '', #3434 ) ;
#1579 = DIRECTION ( 'NONE',  ( -0.000000000000000000, 0.000000000000000000, -1.000000000000000000 ) ) ;
#1580 = SURFACE_SIDE_STYLE ('',( #3558 ) ) ;
#1581 = LINE ( 'NONE', #2482, #316 ) ;
#1582 = DIRECTION ( 'NONE',  ( 0.000000000000000000, -0.8320502943378441651, 0.5547001962252284812 ) ) ;
#1583 = ORIENTED_EDGE ( 'NONE', *, *, #3600, .T. ) ;
#1584 = VERTEX_POINT ( 'NONE', #968 ) ;
#1585 = PRESENTATION_LAYER_ASSIGNMENT (  '', '', ( #3251 ) ) ;
#1586 = COLOUR_RGB ( '',1.000000000000000000, 1.000000000000000000, 1.000000000000000000 ) ;
#1587 = VECTOR ( 'NONE', #1125, 39.37007874015748143 ) ;
#1588 = LENGTH_MEASURE_WITH_UNIT ( LENGTH_MEASURE( 0.02539999999999999897 ), #1289 );
#1589 = EDGE_CURVE ( 'NONE', #2802, #324, #2147, .T. ) ;
#1590 = FILL_AREA_STYLE_COLOUR ( '', #3495 ) ;
#1591 = DIRECTION ( 'NONE',  ( 0.000000000000000000, -1.000000000000000000, -0.000000000000000000 ) ) ;
#1592 = FILL_AREA_STYLE ('',( #761 ) ) ;
#1593 = PRESENTATION_STYLE_ASSIGNMENT (( #1297 ) ) ;
#1594 =( LENGTH_UNIT ( ) NAMED_UNIT ( * ) SI_UNIT ( $, .METRE. ) );
#1595 = EDGE_LOOP ( 'NONE', ( #2931, #3008, #2230, #1188 ) ) ;
#1596 =( NAMED_UNIT ( * ) SI_UNIT ( $, .STERADIAN. ) SOLID_ANGLE_UNIT ( ) );
#1597 = DIRECTION ( 'NONE',  ( 1.000000000000000000, 0.000000000000000000, 0.000000000000000000 ) ) ;
#1598 = CARTESIAN_POINT ( 'NONE',  ( 0.009842519685039375146, -0.02165354330708661734, 0.2165354330708662289 ) ) ;
#1599 = SURFACE_STYLE_FILL_AREA ( #415 ) ;
#1600 = SURFACE_STYLE_USAGE ( .BOTH. , #459 ) ;
#1601 = SURFACE_STYLE_USAGE ( .BOTH. , #1543 ) ;
#1602 = DIMENSIONAL_EXPONENTS ( 1.000000000000000000, 0.000000000000000000, 0.000000000000000000, 0.000000000000000000, 0.000000000000000000, 0.000000000000000000, 0.000000000000000000 ) ;
#1603 = ORIENTED_EDGE ( 'NONE', *, *, #3151, .F. ) ;
#1604 = ORIENTED_EDGE ( 'NONE', *, *, #1684, .F. ) ;
#1605 =( LENGTH_UNIT ( ) NAMED_UNIT ( * ) SI_UNIT ( $, .METRE. ) );
#1606 = DIRECTION ( 'NONE',  ( -0.000000000000000000, 1.000000000000000000, 0.000000000000000000 ) ) ;
#1607 = EDGE_CURVE ( 'NONE', #1136, #2188, #317, .T. ) ;
#1608 = MECHANICAL_DESIGN_GEOMETRIC_PRESENTATION_REPRESENTATION (  '', ( #1245 ), #2240 ) ;
#1609 = FACE_OUTER_BOUND ( 'NONE', #2250, .T. ) ;
#1610 = STYLED_ITEM ( 'NONE', ( #1518 ), #1397 ) ;
#1611 = ADVANCED_FACE ( 'NONE', ( #3793, #2085, #2191, #757, #465 ), #986, .F. ) ;
#1612 = FILL_AREA_STYLE ('',( #509 ) ) ;
#1613 = VERTEX_POINT ( 'NONE', #140 ) ;
#1614 = CARTESIAN_POINT ( 'NONE',  ( 0.06102362204724411793, 0.02165354330708661734, 0.2165354330708662289 ) ) ;
#1615 = PRESENTATION_STYLE_ASSIGNMENT (( #2244 ) ) ;
#1616 = LENGTH_MEASURE_WITH_UNIT ( LENGTH_MEASURE( 0.02539999999999999897 ), #3381 );
#1617 = DIRECTION ( 'NONE',  ( -0.000000000000000000, -1.000000000000000000, -0.000000000000000000 ) ) ;
#1618 = UNCERTAINTY_MEASURE_WITH_UNIT (LENGTH_MEASURE( 1.000000000000000082E-05 ), #2889, 'distance_accuracy_value', 'NONE');
#1619 =( CONVERSION_BASED_UNIT ( 'INCH', #441 ) LENGTH_UNIT ( ) NAMED_UNIT ( #2658 ) );
#1620 = CARTESIAN_POINT ( 'NONE',  ( 0.08661417322834646937, -0.06889763779527560694, 0.03543307086614175955 ) ) ;
#1621 = LENGTH_MEASURE_WITH_UNIT ( LENGTH_MEASURE( 0.02539999999999999897 ), #3103 );
#1622 = CARTESIAN_POINT ( 'NONE',  ( -0.1259842519685039353, -0.02144094488188976952, 0.01181102362204727516 ) ) ;
#1623 = ORIENTED_EDGE ( 'NONE', *, *, #2055, .T. ) ;
#1624 = EDGE_LOOP ( 'NONE', ( #1072, #2643, #3124, #2249 ) ) ;
#1625 = DIRECTION ( 'NONE',  ( 0.000000000000000000, 0.000000000000000000, 1.000000000000000000 ) ) ;
#1626 =( NAMED_UNIT ( * ) PLANE_ANGLE_UNIT ( ) SI_UNIT ( $, .RADIAN. ) );
#1627 = LENGTH_MEASURE_WITH_UNIT ( LENGTH_MEASURE( 0.02539999999999999897 ), #1054 );
#1628 = VECTOR ( 'NONE', #962, 39.37007874015748854 ) ;
#1629 = VECTOR ( 'NONE', #3126, 39.37007874015748143 ) ;
#1630 = PRESENTATION_STYLE_ASSIGNMENT (( #2542 ) ) ;
#1631 = FACE_OUTER_BOUND ( 'NONE', #3422, .T. ) ;
#1632 = SURFACE_STYLE_FILL_AREA ( #1612 ) ;
#1633 = ORIENTED_EDGE ( 'NONE', *, *, #3576, .T. ) ;
#1634 = STYLED_ITEM ( 'NONE', ( #871 ), #2498 ) ;
#1635 = CARTESIAN_POINT ( 'NONE',  ( 0.1623027555208623463, -0.06889763779527560694, 0.1376947471803370571 ) ) ;
#1636 = CYLINDRICAL_SURFACE ( 'NONE', #110, 0.003937007874015758385 ) ;
#1637 = FILL_AREA_STYLE ('',( #1931 ) ) ;
#1638 = FACE_OUTER_BOUND ( 'NONE', #2007, .T. ) ;
#1639 = DIRECTION ( 'NONE',  ( 0.9936164460866221404, 0.000000000000000000, -0.1128111610887450045 ) ) ;
#1640 = AXIS2_PLACEMENT_3D ( 'NONE', #418, #3659, #2226 ) ;
#1641 = DIRECTION ( 'NONE',  ( 0.000000000000000000, 0.000000000000000000, 1.000000000000000000 ) ) ;
#1642 = LINE ( 'NONE', #773, #265 ) ;
#1643 = ORIENTED_EDGE ( 'NONE', *, *, #1453, .T. ) ;
#1644 = EDGE_LOOP ( 'NONE', ( #2189, #3064, #1702, #340 ) ) ;
#1645 = DIRECTION ( 'NONE',  ( 1.000000000000000000, 0.000000000000000000, 0.000000000000000000 ) ) ;
#1646 =( LENGTH_UNIT ( ) NAMED_UNIT ( * ) SI_UNIT ( $, .METRE. ) );
#1647 = VERTEX_POINT ( 'NONE', #3369 ) ;
#1648 = EDGE_CURVE ( 'NONE', #3145, #1300, #1366, .T. ) ;
#1649 = VECTOR ( 'NONE', #3285, 39.37007874015748143 ) ;
#1650 = CARTESIAN_POINT ( 'NONE',  ( -0.07086614173228350522, 0.03149606299212598381, 0.1279527559055118335 ) ) ;
#1651 = VECTOR ( 'NONE', #2469, 39.37007874015748143 ) ;
#1652 = DIRECTION ( 'NONE',  ( 0.000000000000000000, -0.5547001962252288143, 0.8320502943378437211 ) ) ;
#1653 = ORIENTED_EDGE ( 'NONE', *, *, #2947, .F. ) ;
#1654 = CLOSED_SHELL ( 'NONE', ( #1469, #1869, #2418, #2313, #3547, #3195, #2411, #476, #2073, #2288, #1971, #1703, #862, #125, #3731, #1296, #3628, #738, #154, #3301, #3317, #1762, #960, #3243, #1894, #1973, #3542, #2646, #816, #1426, #1793, #2492, #2123, #3591, #2305, #1563, #2391, #1611, #18, #3050, #1966, #2604, #49, #1387, #1414, #3438, #429, #1153, #1161, #75, #1489, #3244, #556, #3800, #2498, #2561, #1938, #2882, #2788, #990, #607, #704, #12, #3479, #3395, #3159, #1782, #2177, #1055, #3114, #764, #320, #1512, #3112, #3507, #1530, #3775, #1397, #2092 ) ) ;
#1655 = EDGE_CURVE ( 'NONE', #445, #3527, #1138, .T. ) ;
#1656 = LENGTH_MEASURE_WITH_UNIT ( LENGTH_MEASURE( 0.02539999999999999897 ), #650 );
#1657 = VECTOR ( 'NONE', #903, 39.37007874015748143 ) ;
#1658 = CARTESIAN_POINT ( 'NONE',  ( 0.01771653543307087630, -0.02165354330708661734, 0.2165354330708662289 ) ) ;
#1659 =( NAMED_UNIT ( * ) SI_UNIT ( $, .STERADIAN. ) SOLID_ANGLE_UNIT ( ) );
#1660 = FILL_AREA_STYLE_COLOUR ( '', #500 ) ;
#1661 = AXIS2_PLACEMENT_3D ( 'NONE', #3716, #1065, #171 ) ;
#1662 = ORIENTED_EDGE ( 'NONE', *, *, #173, .T. ) ;
#1663 = DIRECTION ( 'NONE',  ( -0.000000000000000000, -1.000000000000000000, -0.000000000000000000 ) ) ;
#1664 = VERTEX_POINT ( 'NONE', #1918 ) ;
#1665 = SURFACE_STYLE_FILL_AREA ( #3749 ) ;
#1666 = CARTESIAN_POINT ( 'NONE',  ( -0.1496062992028476535, -0.05905511811023622659, 0.01181102362204727516 ) ) ;
#1667 =( NAMED_UNIT ( * ) PLANE_ANGLE_UNIT ( ) SI_UNIT ( $, .RADIAN. ) );
#1668 = DIRECTION ( 'NONE',  ( 0.000000000000000000, 1.000000000000000000, 0.000000000000000000 ) ) ;
#1669 = VERTEX_POINT ( 'NONE', #424 ) ;
#1670 = EDGE_CURVE ( 'NONE', #37, #2072, #2538, .T. ) ;
#1671 = SURFACE_STYLE_USAGE ( .BOTH. , #489 ) ;
#1672 = DIMENSIONAL_EXPONENTS ( 1.000000000000000000, 0.000000000000000000, 0.000000000000000000, 0.000000000000000000, 0.000000000000000000, 0.000000000000000000, 0.000000000000000000 ) ;
#1673 = PRESENTATION_STYLE_ASSIGNMENT (( #3265 ) ) ;
#1674 =( GEOMETRIC_REPRESENTATION_CONTEXT ( 3 ) GLOBAL_UNCERTAINTY_ASSIGNED_CONTEXT ( ( #2368 ) ) GLOBAL_UNIT_ASSIGNED_CONTEXT ( ( #3440, #1099, #785 ) ) REPRESENTATION_CONTEXT ( 'NONE', 'WORKASPACE' ) );
#1675 = ORIENTED_EDGE ( 'NONE', *, *, #2223, .T. ) ;
#1676 = STYLED_ITEM ( 'NONE', ( #1222 ), #1530 ) ;
#1677 = CARTESIAN_POINT ( 'NONE',  ( 0.1605262017716535539, 0.03149606299627829425, 0.1377952755905512139 ) ) ;
#1678 = EDGE_CURVE ( 'NONE', #283, #1136, #1328, .T. ) ;
#1679 = PRESENTATION_STYLE_ASSIGNMENT (( #1991 ) ) ;
#1680 = SURFACE_SIDE_STYLE ('',( #3122 ) ) ;
#1681 = VECTOR ( 'NONE', #3545, 39.37007874015748854 ) ;
#1682 = CARTESIAN_POINT ( 'NONE',  ( 0.01771653543307087630, -0.02165354330708661734, 0.2165354330708662289 ) ) ;
#1683 =( NAMED_UNIT ( * ) PLANE_ANGLE_UNIT ( ) SI_UNIT ( $, .RADIAN. ) );
#1684 = EDGE_CURVE ( 'NONE', #1936, #69, #1878, .T. ) ;
#1685 = DIRECTION ( 'NONE',  ( 0.000000000000000000, 1.000000000000000000, 0.000000000000000000 ) ) ;
#1686 = EDGE_LOOP ( 'NONE', ( #1399, #2721, #1532, #454, #1565 ) ) ;
#1687 = AXIS2_PLACEMENT_3D ( 'NONE', #3739, #2245, #3482 ) ;
#1688 = LENGTH_MEASURE_WITH_UNIT ( LENGTH_MEASURE( 0.02539999999999999897 ), #505 );
#1689 = DIRECTION ( 'NONE',  ( 1.000000000000000000, 0.000000000000000000, -0.000000000000000000 ) ) ;
#1690 = AXIS2_PLACEMENT_3D ( 'NONE', #730, #1001, #439 ) ;
#1691 = STYLED_ITEM ( 'NONE', ( #1976 ), #1762 ) ;
#1692 = EDGE_LOOP ( 'NONE', ( #1154, #327, #378, #120 ) ) ;
#1693 = VECTOR ( 'NONE', #3165, 39.37007874015748143 ) ;
#1694 = AXIS2_PLACEMENT_3D ( 'NONE', #2450, #2584, #82 ) ;
#1695 = LINE ( 'NONE', #1086, #2815 ) ;
#1696 = ORIENTED_EDGE ( 'NONE', *, *, #2780, .T. ) ;
#1697 =( NAMED_UNIT ( * ) PLANE_ANGLE_UNIT ( ) SI_UNIT ( $, .RADIAN. ) );
#1698 =( LENGTH_UNIT ( ) NAMED_UNIT ( * ) SI_UNIT ( $, .METRE. ) );
#1699 = CARTESIAN_POINT ( 'NONE',  ( 0.1771653543307087075, -0.06889763779527560694, 0.1279527559055118335 ) ) ;
#1700 = LINE ( 'NONE', #2618, #3512 ) ;
#1701 = SURFACE_STYLE_FILL_AREA ( #2601 ) ;
#1702 = ORIENTED_EDGE ( 'NONE', *, *, #1020, .F. ) ;
#1703 = ADVANCED_FACE ( 'NONE', ( #380 ), #1073, .F. ) ;
#1704 = VECTOR ( 'NONE', #851, 39.37007874015748143 ) ;
#1705 = COLOUR_RGB ( '',0.6470588235294117974, 0.6196078431372549211, 0.5882352941176470784 ) ;
#1706 = VECTOR ( 'NONE', #3299, 39.37007874015748143 ) ;
#1707 = CARTESIAN_POINT ( 'NONE',  ( 0.1377952755905511861, -0.06889763779527560694, 0.04671663544648096966 ) ) ;
#1708 = VECTOR ( 'NONE', #3510, 39.37007874015748143 ) ;
#1709 = ORIENTED_EDGE ( 'NONE', *, *, #1043, .F. ) ;
#1710 = CARTESIAN_POINT ( 'NONE',  ( 0.1631938765328238561, -0.06889763779527560694, 0.1375935729336035807 ) ) ;
#1711 = ORIENTED_EDGE ( 'NONE', *, *, #1670, .F. ) ;
#1712 = FILL_AREA_STYLE ('',( #1419 ) ) ;
#1713 = FILL_AREA_STYLE ('',( #203 ) ) ;
#1714 = VECTOR ( 'NONE', #2650, 39.37007874015748143 ) ;
#1715 = CARTESIAN_POINT ( 'NONE',  ( -0.1673228346423885071, -0.06889763779527560694, 0.1279527559055118335 ) ) ;
#1716 = DIRECTION ( 'NONE',  ( 0.000000000000000000, 0.000000000000000000, -1.000000000000000000 ) ) ;
#1717 =( GEOMETRIC_REPRESENTATION_CONTEXT ( 3 ) GLOBAL_UNCERTAINTY_ASSIGNED_CONTEXT ( ( #2962 ) ) GLOBAL_UNIT_ASSIGNED_CONTEXT ( ( #47, #652, #943 ) ) REPRESENTATION_CONTEXT ( 'NONE', 'WORKASPACE' ) );
#1718 = DIMENSIONAL_EXPONENTS ( 1.000000000000000000, 0.000000000000000000, 0.000000000000000000, 0.000000000000000000, 0.000000000000000000, 0.000000000000000000, 0.000000000000000000 ) ;
#1719 = LINE ( 'NONE', #2917, #1708 ) ;
#1720 =( NAMED_UNIT ( * ) SI_UNIT ( $, .STERADIAN. ) SOLID_ANGLE_UNIT ( ) );
#1721 = ORIENTED_EDGE ( 'NONE', *, *, #1678, .F. ) ;
#1722 = EDGE_CURVE ( 'NONE', #2188, #2166, #1995, .T. ) ;
#1723 = FILL_AREA_STYLE_COLOUR ( '', #3127 ) ;
#1724 = LINE ( 'NONE', #3254, #3536 ) ;
#1725 = PRESENTATION_LAYER_ASSIGNMENT (  '', '', ( #32 ) ) ;
#1726 = ORIENTED_EDGE ( 'NONE', *, *, #3260, .T. ) ;
#1727 = COLOUR_RGB ( '',0.7529411764705882248, 0.7529411764705882248, 0.7529411764705882248 ) ;
#1728 = EDGE_CURVE ( 'NONE', #672, #2420, #1386, .T. ) ;
#1729 = EDGE_CURVE ( 'NONE', #266, #1262, #385, .T. ) ;
#1730 = SURFACE_STYLE_FILL_AREA ( #879 ) ;
#1731 = EDGE_LOOP ( 'NONE', ( #2992, #258, #2725, #3738, #201, #825, #1032 ) ) ;
#1732 = DIRECTION ( 'NONE',  ( 0.000000000000000000, 0.000000000000000000, -1.000000000000000000 ) ) ;
#1733 = CARTESIAN_POINT ( 'NONE',  ( 0.1623027556064236265, -0.03346456692913386127, 0.1376947471692013536 ) ) ;
#1734 = CARTESIAN_POINT ( 'NONE',  ( -0.1377952755905511861, 0.06889763779527560694, 0.04724409448818899654 ) ) ;
#1735 = PRESENTATION_LAYER_ASSIGNMENT (  '', '', ( #3419 ) ) ;
#1736 =( NAMED_UNIT ( * ) SI_UNIT ( $, .STERADIAN. ) SOLID_ANGLE_UNIT ( ) );
#1737 = SURFACE_STYLE_FILL_AREA ( #2672 ) ;
#1738 = ORIENTED_EDGE ( 'NONE', *, *, #473, .T. ) ;
#1739 = LENGTH_MEASURE_WITH_UNIT ( LENGTH_MEASURE( 0.02539999999999999897 ), #3215 );
#1740 = DIMENSIONAL_EXPONENTS ( 1.000000000000000000, 0.000000000000000000, 0.000000000000000000, 0.000000000000000000, 0.000000000000000000, 0.000000000000000000, 0.000000000000000000 ) ;
#1741 = SURFACE_SIDE_STYLE ('',( #559 ) ) ;
#1742 = ORIENTED_EDGE ( 'NONE', *, *, #2874, .T. ) ;
#1743 = AXIS2_PLACEMENT_3D ( 'NONE', #694, #3730, #3690 ) ;
#1744 = UNCERTAINTY_MEASURE_WITH_UNIT (LENGTH_MEASURE( 1.000000000000000082E-05 ), #1921, 'distance_accuracy_value', 'NONE');
#1745 = VECTOR ( 'NONE', #3791, 39.37007874015748143 ) ;
#1746 = SURFACE_STYLE_FILL_AREA ( #2929 ) ;
#1747 = STYLED_ITEM ( 'NONE', ( #2276 ), #2073 ) ;
#1748 = EDGE_LOOP ( 'NONE', ( #947, #854, #481, #562 ) ) ;
#1749 = CARTESIAN_POINT ( 'NONE',  ( 0.1476377952755905387, -0.05729921259842521430, 0.000000000000000000 ) ) ;
#1750 =( GEOMETRIC_REPRESENTATION_CONTEXT ( 3 ) GLOBAL_UNCERTAINTY_ASSIGNED_CONTEXT ( ( #1618 ) ) GLOBAL_UNIT_ASSIGNED_CONTEXT ( ( #2889, #3771, #1596 ) ) REPRESENTATION_CONTEXT ( 'NONE', 'WORKASPACE' ) );
#1751 = UNCERTAINTY_MEASURE_WITH_UNIT (LENGTH_MEASURE( 1.000000000000000082E-05 ), #3040, 'distance_accuracy_value', 'NONE');
#1752 = DIRECTION ( 'NONE',  ( 0.000000000000000000, 0.000000000000000000, -1.000000000000000000 ) ) ;
#1753 = FILL_AREA_STYLE_COLOUR ( '', #1421 ) ;
#1754 = DIRECTION ( 'NONE',  ( 1.000000000000000000, 0.000000000000000000, -0.000000000000000000 ) ) ;
#1755 = FACE_OUTER_BOUND ( 'NONE', #3207, .T. ) ;
#1756 = VECTOR ( 'NONE', #2761, 39.37007874015748143 ) ;
#1757 = LENGTH_MEASURE_WITH_UNIT ( LENGTH_MEASURE( 0.02539999999999999897 ), #3233 );
#1758 = ORIENTED_EDGE ( 'NONE', *, *, #1205, .T. ) ;
#1759 = LENGTH_MEASURE_WITH_UNIT ( LENGTH_MEASURE( 0.02539999999999999897 ), #1077 );
#1760 = CIRCLE ( 'NONE', #71, 0.003937007874015758385 ) ;
#1761 = VECTOR ( 'NONE', #3336, 39.37007874015748143 ) ;
#1762 = ADVANCED_FACE ( 'NONE', ( #2294 ), #2577, .T. ) ;
#1763 = EDGE_LOOP ( 'NONE', ( #1121, #491, #789, #1488, #249, #1796, #2771 ) ) ;
#1764 = COLOUR_RGB ( '',0.7529411764705882248, 0.7529411764705882248, 0.7529411764705882248 ) ;
#1765 =( GEOMETRIC_REPRESENTATION_CONTEXT ( 3 ) GLOBAL_UNCERTAINTY_ASSIGNED_CONTEXT ( ( #2 ) ) GLOBAL_UNIT_ASSIGNED_CONTEXT ( ( #1439, #3469, #1736 ) ) REPRESENTATION_CONTEXT ( 'NONE', 'WORKASPACE' ) );
#1766 = VECTOR ( 'NONE', #2913, 39.37007874015748854 ) ;
#1767 = CARTESIAN_POINT ( 'NONE',  ( -0.07086614172832926550, 0.06889763779527560694, 0.1377952755905512139 ) ) ;
#1768 =( LENGTH_UNIT ( ) NAMED_UNIT ( * ) SI_UNIT ( $, .METRE. ) );
#1769 = EDGE_CURVE ( 'NONE', #9, #1926, #43, .T. ) ;
#1770 = DIRECTION ( 'NONE',  ( -1.000000000000000000, -0.000000000000000000, 0.000000000000000000 ) ) ;
#1771 = LINE ( 'NONE', #1734, #2608 ) ;
#1772 = COLOUR_RGB ( '',0.6470588235294117974, 0.6196078431372549211, 0.5882352941176470784 ) ;
#1773 = SURFACE_STYLE_FILL_AREA ( #290 ) ;
#1774 = SURFACE_SIDE_STYLE ('',( #1737 ) ) ;
#1775 = EDGE_LOOP ( 'NONE', ( #3022, #2627, #715, #3689 ) ) ;
#1776 = CARTESIAN_POINT ( 'NONE',  ( 0.1102362204724409434, -0.05905511811023622659, -0.1062992125984252023 ) ) ;
#1777 = CARTESIAN_POINT ( 'NONE',  ( 0.1605262017716535539, 0.06889763779527560694, 0.1377952755905512139 ) ) ;
#1778 = ORIENTED_EDGE ( 'NONE', *, *, #3281, .F. ) ;
#1779 = FILL_AREA_STYLE ('',( #3257 ) ) ;
#1780 = SURFACE_SIDE_STYLE ('',( #2451 ) ) ;
#1781 = DIRECTION ( 'NONE',  ( 0.1643989873053574857, 0.000000000000000000, 0.9863939238321436376 ) ) ;
#1782 = ADVANCED_FACE ( 'NONE', ( #1305 ), #2207, .F. ) ;
#1783 = CARTESIAN_POINT ( 'NONE',  ( 0.08661417322834644161, -0.05905511811023622659, 0.03543307084949717106 ) ) ;
#1784 =( GEOMETRIC_REPRESENTATION_CONTEXT ( 3 ) GLOBAL_UNCERTAINTY_ASSIGNED_CONTEXT ( ( #3841 ) ) GLOBAL_UNIT_ASSIGNED_CONTEXT ( ( #2331, #1442, #3836 ) ) REPRESENTATION_CONTEXT ( 'NONE', 'WORKASPACE' ) );
#1785 = STYLED_ITEM ( 'NONE', ( #1925 ), #1489 ) ;
#1786 = DIMENSIONAL_EXPONENTS ( 1.000000000000000000, 0.000000000000000000, 0.000000000000000000, 0.000000000000000000, 0.000000000000000000, 0.000000000000000000, 0.000000000000000000 ) ;
#1787 = SURFACE_STYLE_USAGE ( .BOTH. , #1580 ) ;
#1788 = SURFACE_STYLE_FILL_AREA ( #2460 ) ;
#1789 = COLOUR_RGB ( '',0.7529411764705882248, 0.7529411764705882248, 0.7529411764705882248 ) ;
#1790 =( NAMED_UNIT ( * ) PLANE_ANGLE_UNIT ( ) SI_UNIT ( $, .RADIAN. ) );
#1791 = ORIENTED_EDGE ( 'NONE', *, *, #970, .T. ) ;
#1792 = ORIENTED_EDGE ( 'NONE', *, *, #1429, .T. ) ;
#1793 = ADVANCED_FACE ( 'NONE', ( #131 ), #1866, .F. ) ;
#1794 = CIRCLE ( 'NONE', #1556, 0.01181102362204724046 ) ;
#1795 = SURFACE_STYLE_FILL_AREA ( #613 ) ;
#1796 = ORIENTED_EDGE ( 'NONE', *, *, #1996, .T. ) ;
#1797 = ORIENTED_EDGE ( 'NONE', *, *, #2780, .F. ) ;
#1798 = DIRECTION ( 'NONE',  ( 0.000000000000000000, 0.000000000000000000, -1.000000000000000000 ) ) ;
#1799 = UNCERTAINTY_MEASURE_WITH_UNIT (LENGTH_MEASURE( 1.000000000000000082E-05 ), #2068, 'distance_accuracy_value', 'NONE');
#1800 = SURFACE_SIDE_STYLE ('',( #41 ) ) ;
#1801 = VECTOR ( 'NONE', #3764, 39.37007874015748143 ) ;
#1802 = DIRECTION ( 'NONE',  ( 0.000000000000000000, 0.000000000000000000, -1.000000000000000000 ) ) ;
#1803 = COLOUR_RGB ( '',0.7529411764705882248, 0.7529411764705882248, 0.7529411764705882248 ) ;
#1804 = EDGE_CURVE ( 'NONE', #3145, #2463, #1098, .T. ) ;
#1805 = UNCERTAINTY_MEASURE_WITH_UNIT (LENGTH_MEASURE( 1.000000000000000082E-05 ), #1380, 'distance_accuracy_value', 'NONE');
#1806 = DIRECTION ( 'NONE',  ( -0.000000000000000000, -0.000000000000000000, 1.000000000000000000 ) ) ;
#1807 = FACE_OUTER_BOUND ( 'NONE', #1103, .T. ) ;
#1808 = DIRECTION ( 'NONE',  ( -1.000000000000000000, 0.000000000000000000, 0.000000000000000000 ) ) ;
#1809 = CARTESIAN_POINT ( 'NONE',  ( 0.01771653543307087630, -0.02952755905511811677, 0.08661417322834644161 ) ) ;
#1810 = ORIENTED_EDGE ( 'NONE', *, *, #3240, .T. ) ;
#1811 = PRESENTATION_LAYER_ASSIGNMENT (  '', '', ( #2322 ) ) ;
#1812 = VERTEX_POINT ( 'NONE', #3170 ) ;
#1813 = LINE ( 'NONE', #3499, #1432 ) ;
#1814 = STYLED_ITEM ( 'NONE', ( #1564 ), #2604 ) ;
#1815 =( LENGTH_UNIT ( ) NAMED_UNIT ( * ) SI_UNIT ( $, .METRE. ) );
#1816 = UNCERTAINTY_MEASURE_WITH_UNIT (LENGTH_MEASURE( 1.000000000000000082E-05 ), #609, 'distance_accuracy_value', 'NONE');
#1817 = CARTESIAN_POINT ( 'NONE',  ( -0.07086614172783499421, 0.03149606299310639401, 0.08661417322834644161 ) ) ;
#1818 = EDGE_CURVE ( 'NONE', #1285, #3004, #3439, .T. ) ;
#1819 = ORIENTED_EDGE ( 'NONE', *, *, #1135, .F. ) ;
#1820 = PRESENTATION_LAYER_ASSIGNMENT (  '', '', ( #1346 ) ) ;
#1821 = ORIENTED_EDGE ( 'NONE', *, *, #3090, .T. ) ;
#1822 = AXIS2_PLACEMENT_3D ( 'NONE', #3575, #918, #2095 ) ;
#1823 = FILL_AREA_STYLE ('',( #915 ) ) ;
#1824 = CARTESIAN_POINT ( 'NONE',  ( 0.08661417322834644161, -0.05905511811023622659, 0.01181102362204727516 ) ) ;
#1825 = VECTOR ( 'NONE', #2310, 39.37007874015748143 ) ;
#1826 = CARTESIAN_POINT ( 'NONE',  ( 0.01771653543307087630, -0.02165354330708661734, 0.08661417322834644161 ) ) ;
#1827 = CARTESIAN_POINT ( 'NONE',  ( -0.1605262017716535539, 0.06889763779527560694, 0.1220472440944882220 ) ) ;
#1828 = COLOUR_RGB ( '',0.2509803921568627416, 0.2509803921568627416, 0.2509803921568627416 ) ;
#1829 =( CONVERSION_BASED_UNIT ( 'INCH', #608 ) LENGTH_UNIT ( ) NAMED_UNIT ( #1496 ) );
#1830 = FILL_AREA_STYLE ('',( #1525 ) ) ;
#1831 = CARTESIAN_POINT ( 'NONE',  ( 0.1102362204724409434, -0.05905511811031311648, 0.03543307084838753090 ) ) ;
#1832 = CARTESIAN_POINT ( 'NONE',  ( 0.06889763779527560694, 0.02165354330708661734, 0.08661417322834644161 ) ) ;
#1833 = EDGE_LOOP ( 'NONE', ( #3173, #1106, #3031, #2545 ) ) ;
#1834 = APPLICATION_CONTEXT ( 'automotive_design' ) ;
#1835 = STYLED_ITEM ( 'NONE', ( #1615 ), #3050 ) ;
#1836 = ORIENTED_EDGE ( 'NONE', *, *, #1729, .T. ) ;
#1837 =( NAMED_UNIT ( * ) SI_UNIT ( $, .STERADIAN. ) SOLID_ANGLE_UNIT ( ) );
#1838 = CARTESIAN_POINT ( 'NONE',  ( 0.08661417322834646937, -0.07086614173228350522, 0.03543307083951042352 ) ) ;
#1839 = EDGE_CURVE ( 'NONE', #2791, #1989, #1015, .T. ) ;
#1840 = EDGE_LOOP ( 'NONE', ( #1095, #20, #914, #1604 ) ) ;
#1841 = EDGE_CURVE ( 'NONE', #2999, #3804, #2772, .T. ) ;
#1842 = LINE ( 'NONE', #2730, #2408 ) ;
#1843 = EDGE_CURVE ( 'NONE', #2020, #2484, #1411, .T. ) ;
#1844 = ORIENTED_EDGE ( 'NONE', *, *, #591, .F. ) ;
#1845 = CARTESIAN_POINT ( 'NONE',  ( 0.1673228346456692994, -0.06889763779512181330, 0.04724409448818899654 ) ) ;
#1846 = DIRECTION ( 'NONE',  ( -0.1373605639723379512, -0.5494422555760120064, -0.8241633838340221008 ) ) ;
#1847 = DIRECTION ( 'NONE',  ( -1.000000000000000000, 0.000000000000000000, 0.000000000000000000 ) ) ;
#1848 = LINE ( 'NONE', #687, #2365 ) ;
#1849 = CARTESIAN_POINT ( 'NONE',  ( 0.1614173228346456601, -0.03346456692913386127, 0.1219460698425197248 ) ) ;
#1850 = FILL_AREA_STYLE ('',( #3665 ) ) ;
#1851 = ORIENTED_EDGE ( 'NONE', *, *, #38, .T. ) ;
#1852 =( GEOMETRIC_REPRESENTATION_CONTEXT ( 3 ) GLOBAL_UNCERTAINTY_ASSIGNED_CONTEXT ( ( #2160 ) ) GLOBAL_UNIT_ASSIGNED_CONTEXT ( ( #2850, #1667, #1368 ) ) REPRESENTATION_CONTEXT ( 'NONE', 'WORKASPACE' ) );
#1853 = ORIENTED_EDGE ( 'NONE', *, *, #437, .T. ) ;
#1854 = SURFACE_SIDE_STYLE ('',( #673 ) ) ;
#1855 = SURFACE_STYLE_USAGE ( .BOTH. , #3045 ) ;
#1856 =( GEOMETRIC_REPRESENTATION_CONTEXT ( 3 ) GLOBAL_UNCERTAINTY_ASSIGNED_CONTEXT ( ( #2209 ) ) GLOBAL_UNIT_ASSIGNED_CONTEXT ( ( #765, #3737, #2522 ) ) REPRESENTATION_CONTEXT ( 'NONE', 'WORKASPACE' ) );
#1857 = CARTESIAN_POINT ( 'NONE',  ( 0.1673228346456692994, -0.06889763779527560694, 0.03543307086614175955 ) ) ;
#1858 = PRESENTATION_STYLE_ASSIGNMENT (( #100 ) ) ;
#1859 = VECTOR ( 'NONE', #3178, 39.37007874015748143 ) ;
#1860 = FACE_OUTER_BOUND ( 'NONE', #3688, .T. ) ;
#1862 = DIRECTION ( 'NONE',  ( 0.000000000000000000, 0.000000000000000000, 1.000000000000000000 ) ) ;
#1861 = VECTOR ( 'NONE', #2038, 39.37007874015748143 ) ;
#1863 = VECTOR ( 'NONE', #1617, 39.37007874015748143 ) ;
#1864 = SURFACE_SIDE_STYLE ('',( #1299 ) ) ;
#1865 = ORIENTED_EDGE ( 'NONE', *, *, #1728, .F. ) ;
#1866 = PLANE ( 'NONE',  #1694 ) ;
#1867 = LINE ( 'NONE', #2792, #867 ) ;
#1868 = CARTESIAN_POINT ( 'NONE',  ( 0.1476377952755919265, 0.02144094488188976952, 8.223529196648979501E-15 ) ) ;
#1869 = ADVANCED_FACE ( 'NONE', ( #3152, #2870 ), #167, .F. ) ;
#1870 = FACE_OUTER_BOUND ( 'NONE', #2111, .T. ) ;
#1871 = SURFACE_SIDE_STYLE ('',( #3638 ) ) ;
#1872 = DIRECTION ( 'NONE',  ( 0.000000000000000000, 0.000000000000000000, 1.000000000000000000 ) ) ;
#1873 = VECTOR ( 'NONE', #1561, 39.37007874015748143 ) ;
#1874 = DIMENSIONAL_EXPONENTS ( 1.000000000000000000, 0.000000000000000000, 0.000000000000000000, 0.000000000000000000, 0.000000000000000000, 0.000000000000000000, 0.000000000000000000 ) ;
#1875 = DIRECTION ( 'NONE',  ( -1.000000000000000000, -0.000000000000000000, -0.000000000000000000 ) ) ;
#1876 = VERTEX_POINT ( 'NONE', #705 ) ;
#1877 = EDGE_LOOP ( 'NONE', ( #2636, #3204, #3378, #1963 ) ) ;
#1878 = CIRCLE ( 'NONE', #1743, 0.01181102362204724046 ) ;
#1879 = PRESENTATION_STYLE_ASSIGNMENT (( #1568 ) ) ;
#1880 = PLANE ( 'NONE',  #2008 ) ;
#1881 = COLOUR_RGB ( '',0.6470588235294117974, 0.6196078431372549211, 0.5882352941176470784 ) ;
#1882 = DIRECTION ( 'NONE',  ( 0.000000000000000000, 0.000000000000000000, -1.000000000000000000 ) ) ;
#1883 = CARTESIAN_POINT ( 'NONE',  ( -0.1279527559055118890, 0.02952755905511811677, 0.000000000000000000 ) ) ;
#1884 = PRESENTATION_LAYER_ASSIGNMENT (  '', '', ( #1634 ) ) ;
#1885 =( CONVERSION_BASED_UNIT ( 'INCH', #3398 ) LENGTH_UNIT ( ) NAMED_UNIT ( #1455 ) );
#1886 = ORIENTED_EDGE ( 'NONE', *, *, #1648, .T. ) ;
#1887 = PRESENTATION_STYLE_ASSIGNMENT (( #2565 ) ) ;
#1888 = CARTESIAN_POINT ( 'NONE',  ( -0.07086614173228350522, 0.03149606299212598381, 0.08661417322834644161 ) ) ;
#1889 =( GEOMETRIC_REPRESENTATION_CONTEXT ( 3 ) GLOBAL_UNCERTAINTY_ASSIGNED_CONTEXT ( ( #55 ) ) GLOBAL_UNIT_ASSIGNED_CONTEXT ( ( #587, #3280, #3262 ) ) REPRESENTATION_CONTEXT ( 'NONE', 'WORKASPACE' ) );
#1890 = UNCERTAINTY_MEASURE_WITH_UNIT (LENGTH_MEASURE( 1.000000000000000082E-05 ), #365, 'distance_accuracy_value', 'NONE');
#1891 = SURFACE_STYLE_USAGE ( .BOTH. , #1871 ) ;
#1892 = DIRECTION ( 'NONE',  ( 0.1373605640049546661, -0.5494422552742973531, 0.8241633840297291069 ) ) ;
#1893 = VECTOR ( 'NONE', #3261, 39.37007874015748143 ) ;
#1894 = ADVANCED_FACE ( 'NONE', ( #2002 ), #1392, .F. ) ;
#1895 =( NAMED_UNIT ( * ) SI_UNIT ( $, .STERADIAN. ) SOLID_ANGLE_UNIT ( ) );
#1896 = DIRECTION ( 'NONE',  ( 1.000000000000000000, -0.000000000000000000, 0.000000000000000000 ) ) ;
#1897 = DIRECTION ( 'NONE',  ( 0.000000000000000000, 1.000000000000000000, 0.000000000000000000 ) ) ;
#1898 =( CONVERSION_BASED_UNIT ( 'INCH', #713 ) LENGTH_UNIT ( ) NAMED_UNIT ( #933 ) );
#1899 = EDGE_LOOP ( 'NONE', ( #3096, #693, #3437, #643 ) ) ;
#1900 = ORIENTED_EDGE ( 'NONE', *, *, #1478, .F. ) ;
#1901 = VECTOR ( 'NONE', #3601, 39.37007874015748143 ) ;
#1902 = PRESENTATION_STYLE_ASSIGNMENT (( #3766 ) ) ;
#1903 = CARTESIAN_POINT ( 'NONE',  ( 0.1102362204724409434, -0.07086614173228350522, 0.04330708661417324162 ) ) ;
#1904 = DIMENSIONAL_EXPONENTS ( 1.000000000000000000, 0.000000000000000000, 0.000000000000000000, 0.000000000000000000, 0.000000000000000000, 0.000000000000000000, 0.000000000000000000 ) ;
#1905 = VECTOR ( 'NONE', #552, 39.37007874015748143 ) ;
#1906 = FILL_AREA_STYLE ('',( #431 ) ) ;
#1907 = SURFACE_STYLE_FILL_AREA ( #408 ) ;
#1908 = MECHANICAL_DESIGN_GEOMETRIC_PRESENTATION_REPRESENTATION (  '', ( #856 ), #21 ) ;
#1909 = ORIENTED_EDGE ( 'NONE', *, *, #1169, .T. ) ;
#1910 = DIRECTION ( 'NONE',  ( 1.000000000000000000, -0.000000000000000000, -0.000000000000000000 ) ) ;
#1911 = DIRECTION ( 'NONE',  ( 0.000000000000000000, 0.000000000000000000, 1.000000000000000000 ) ) ;
#1912 = CARTESIAN_POINT ( 'NONE',  ( -0.1771653543307088186, -0.06889763779527560694, 0.04724409448818899654 ) ) ;
#1913 = DIRECTION ( 'NONE',  ( 0.000000000000000000, 1.000000000000000000, 0.000000000000000000 ) ) ;
#1914 = CARTESIAN_POINT ( 'NONE',  ( 0.06889763779527560694, -0.02165354330689730697, 0.08661417322834644161 ) ) ;
#1915 = EDGE_LOOP ( 'NONE', ( #2536, #1471, #2748, #2228 ) ) ;
#1916 = EDGE_LOOP ( 'NONE', ( #781, #1006, #3304, #1175, #392, #2541, #3518, #801, #1566, #1886 ) ) ;
#1917 = VECTOR ( 'NONE', #3459, 39.37007874015748143 ) ;
#1918 = CARTESIAN_POINT ( 'NONE',  ( -0.1259842519603506517, 0.05708661416834297925, 0.01181102362231363674 ) ) ;
#1919 =( GEOMETRIC_REPRESENTATION_CONTEXT ( 3 ) GLOBAL_UNCERTAINTY_ASSIGNED_CONTEXT ( ( #1236 ) ) GLOBAL_UNIT_ASSIGNED_CONTEXT ( ( #3844, #1212, #22 ) ) REPRESENTATION_CONTEXT ( 'NONE', 'WORKASPACE' ) );
#1920 = DIRECTION ( 'NONE',  ( -0.000000000000000000, 0.000000000000000000, 1.000000000000000000 ) ) ;
#1921 =( CONVERSION_BASED_UNIT ( 'INCH', #1961 ) LENGTH_UNIT ( ) NAMED_UNIT ( #680 ) );
#1922 = APPLICATION_PROTOCOL_DEFINITION ( 'draft international standard', 'automotive_design', 1998, #2848 ) ;
#1923 = COLOUR_RGB ( '',1.000000000000000000, 1.000000000000000000, 1.000000000000000000 ) ;
#1924 = DIRECTION ( 'NONE',  ( 0.1373605632204094318, -0.5494422558507774390, -0.8241633837761664916 ) ) ;
#1925 = PRESENTATION_STYLE_ASSIGNMENT (( #1984 ) ) ;
#1926 = VERTEX_POINT ( 'NONE', #2955 ) ;
#1927 = VECTOR ( 'NONE', #285, 39.37007874015748143 ) ;
#1928 = FILL_AREA_STYLE ('',( #1041 ) ) ;
#1929 = DIRECTION ( 'NONE',  ( 0.000000000000000000, -0.8320502943378438321, 0.5547001962252289253 ) ) ;
#1930 = UNCERTAINTY_MEASURE_WITH_UNIT (LENGTH_MEASURE( 1.000000000000000082E-05 ), #2786, 'distance_accuracy_value', 'NONE');
#1931 = FILL_AREA_STYLE_COLOUR ( '', #958 ) ;
#1932 = SURFACE_STYLE_USAGE ( .BOTH. , #2799 ) ;
#1933 = LINE ( 'NONE', #2271, #1490 ) ;
#1934 = PLANE ( 'NONE',  #3003 ) ;
#1935 = LENGTH_MEASURE_WITH_UNIT ( LENGTH_MEASURE( 0.02539999999999999897 ), #158 );
#1936 = VERTEX_POINT ( 'NONE', #875 ) ;
#1937 = ORIENTED_EDGE ( 'NONE', *, *, #726, .T. ) ;
#1938 = ADVANCED_FACE ( 'NONE', ( #558 ), #597, .F. ) ;
#1939 = SURFACE_SIDE_STYLE ('',( #3668 ) ) ;
#1940 = CARTESIAN_POINT ( 'NONE',  ( -0.1496062992034923322, 0.05708661416699180313, 0.01181102361269244228 ) ) ;
#1941 = CARTESIAN_POINT ( 'NONE',  ( -0.1259842519671819372, -0.02165354329467918115, 0.01181102362997930692 ) ) ;
#1942 = CARTESIAN_POINT ( 'NONE',  ( 0.1377952755905511861, -0.06889763779527560694, 0.03543307086026412089 ) ) ;
#1943 = ORIENTED_EDGE ( 'NONE', *, *, #2201, .F. ) ;
#1944 = PRESENTATION_LAYER_ASSIGNMENT (  '', '', ( #2753 ) ) ;
#1945 = EDGE_CURVE ( 'NONE', #2844, #880, #1132, .T. ) ;
#1946 = DIRECTION ( 'NONE',  ( 0.000000000000000000, -0.000000000000000000, -1.000000000000000000 ) ) ;
#1947 = LENGTH_MEASURE_WITH_UNIT ( LENGTH_MEASURE( 0.02539999999999999897 ), #2303 );
#1948 = ORIENTED_EDGE ( 'NONE', *, *, #2105, .F. ) ;
#1949 = AXIS2_PLACEMENT_3D ( 'NONE', #691, #3087, #116 ) ;
#1950 = FACE_OUTER_BOUND ( 'NONE', #1958, .T. ) ;
#1951 = FILL_AREA_STYLE ('',( #3174 ) ) ;
#1952 = SURFACE_SIDE_STYLE ('',( #3779 ) ) ;
#1953 = DIRECTION ( 'NONE',  ( 0.000000000000000000, 0.000000000000000000, 1.000000000000000000 ) ) ;
#1954 =( NAMED_UNIT ( * ) PLANE_ANGLE_UNIT ( ) SI_UNIT ( $, .RADIAN. ) );
#1955 = AXIS2_PLACEMENT_3D ( 'NONE', #1658, #2858, #2572 ) ;
#1956 = AXIS2_PLACEMENT_3D ( 'NONE', #2062, #624, #2681 ) ;
#1957 = ORIENTED_EDGE ( 'NONE', *, *, #70, .T. ) ;
#1958 = EDGE_LOOP ( 'NONE', ( #2094, #1738, #1792, #2664 ) ) ;
#1959 = FILL_AREA_STYLE ('',( #815 ) ) ;
#1960 = LINE ( 'NONE', #3391, #2823 ) ;
#1961 = LENGTH_MEASURE_WITH_UNIT ( LENGTH_MEASURE( 0.02539999999999999897 ), #1646 );
#1962 = MECHANICAL_DESIGN_GEOMETRIC_PRESENTATION_REPRESENTATION (  '', ( #77 ), #1539 ) ;
#1963 = ORIENTED_EDGE ( 'NONE', *, *, #2360, .F. ) ;
#1964 = CARTESIAN_POINT ( 'NONE',  ( 0.01181102362204724567, 0.05905511811023622659, 0.01181102362442321488 ) ) ;
#1965 = PLANE ( 'NONE',  #367 ) ;
#1966 = ADVANCED_FACE ( 'NONE', ( #1491 ), #1202, .F. ) ;
#1967 = VECTOR ( 'NONE', #404, 39.37007874015748143 ) ;
#1968 = ORIENTED_EDGE ( 'NONE', *, *, #1655, .F. ) ;
#1969 = DIMENSIONAL_EXPONENTS ( 1.000000000000000000, 0.000000000000000000, 0.000000000000000000, 0.000000000000000000, 0.000000000000000000, 0.000000000000000000, 0.000000000000000000 ) ;
#1970 = PRESENTATION_STYLE_ASSIGNMENT (( #2307 ) ) ;
#1971 = ADVANCED_FACE ( 'NONE', ( #73 ), #1880, .F. ) ;
#1972 = MECHANICAL_DESIGN_GEOMETRIC_PRESENTATION_REPRESENTATION (  '', ( #1358 ), #1531 ) ;
#1973 = ADVANCED_FACE ( 'NONE', ( #403 ), #364, .F. ) ;
#1974 =( GEOMETRIC_REPRESENTATION_CONTEXT ( 3 ) GLOBAL_UNCERTAINTY_ASSIGNED_CONTEXT ( ( #2723 ) ) GLOBAL_UNIT_ASSIGNED_CONTEXT ( ( #1405, #3417, #3128 ) ) REPRESENTATION_CONTEXT ( 'NONE', 'WORKASPACE' ) );
#1975 = LINE ( 'NONE', #3163, #216 ) ;
#1976 = PRESENTATION_STYLE_ASSIGNMENT (( #499 ) ) ;
#1977 = PRODUCT ( 'SSSS213000', 'SSSS213000', '', ( #740 ) ) ;
#1978 = CARTESIAN_POINT ( 'NONE',  ( 0.01771653543307087630, 0.02952755905511811330, 0.2165354330708662289 ) ) ;
#1979 = SURFACE_STYLE_USAGE ( .BOTH. , #1390 ) ;
#1980 = ORIENTED_EDGE ( 'NONE', *, *, #388, .T. ) ;
#1981 = FILL_AREA_STYLE ('',( #3075 ) ) ;
#1982 = SURFACE_SIDE_STYLE ('',( #452 ) ) ;
#1983 = SURFACE_STYLE_FILL_AREA ( #194 ) ;
#1984 = SURFACE_STYLE_USAGE ( .BOTH. , #2006 ) ;
#1985 = EDGE_LOOP ( 'NONE', ( #3276, #196, #1836, #1980 ) ) ;
#1986 = STYLED_ITEM ( 'NONE', ( #1398 ), #1387 ) ;
#1987 = DIRECTION ( 'NONE',  ( -0.000000000000000000, -0.000000000000000000, 1.000000000000000000 ) ) ;
#1988 =( NAMED_UNIT ( * ) SI_UNIT ( $, .STERADIAN. ) SOLID_ANGLE_UNIT ( ) );
#1989 = VERTEX_POINT ( 'NONE', #185 ) ;
#1990 = EDGE_CURVE ( 'NONE', #1227, #2168, #739, .T. ) ;
#1991 = SURFACE_STYLE_USAGE ( .BOTH. , #2324 ) ;
#1992 =( CONVERSION_BASED_UNIT ( 'INCH', #811 ) LENGTH_UNIT ( ) NAMED_UNIT ( #1574 ) );
#1993 = CARTESIAN_POINT ( 'NONE',  ( 0.009842519685039375146, 0.02165354330708661734, 0.08661417322834644161 ) ) ;
#1994 =( CONVERSION_BASED_UNIT ( 'INCH', #1935 ) LENGTH_UNIT ( ) NAMED_UNIT ( #1229 ) );
#1995 = LINE ( 'NONE', #520, #568 ) ;
#1996 = EDGE_CURVE ( 'NONE', #469, #2844, #1053, .T. ) ;
#1997 = CARTESIAN_POINT ( 'NONE',  ( -0.1555118110236220208, 0.02165354328976238502, 0.01181102362204727516 ) ) ;
#1998 = SURFACE_SIDE_STYLE ('',( #2315 ) ) ;
#1999 =( CONVERSION_BASED_UNIT ( 'INCH', #3149 ) LENGTH_UNIT ( ) NAMED_UNIT ( #326 ) );
#2000 = VERTEX_POINT ( 'NONE', #3451 ) ;
#2001 = COLOUR_RGB ( '',0.7529411764705882248, 0.7529411764705882248, 0.7529411764705882248 ) ;
#2002 = FACE_OUTER_BOUND ( 'NONE', #1166, .T. ) ;
#2003 = DIRECTION ( 'NONE',  ( 0.000000000000000000, 0.000000000000000000, 1.000000000000000000 ) ) ;
#2004 = CARTESIAN_POINT ( 'NONE',  ( -0.08661417322834646937, -0.07086614173228350522, -0.1062992125984252023 ) ) ;
#2005 = AXIS2_PLACEMENT_3D ( 'NONE', #2182, #2140, #1872 ) ;
#2006 = SURFACE_SIDE_STYLE ('',( #1632 ) ) ;
#2007 = EDGE_LOOP ( 'NONE', ( #3582, #2921, #1475, #3463, #2908, #3273, #2740, #1221 ) ) ;
#2008 = AXIS2_PLACEMENT_3D ( 'NONE', #1313, #695, #3067 ) ;
#2009 = COLOUR_RGB ( '',0.7529411764705882248, 0.7529411764705882248, 0.7529411764705882248 ) ;
#2010 = DIRECTION ( 'NONE',  ( 0.000000000000000000, 0.000000000000000000, 1.000000000000000000 ) ) ;
#2011 = CARTESIAN_POINT ( 'NONE',  ( -0.01181102362578432576, 0.05905511811253025961, 0.03543307085060682510 ) ) ;
#2012 = COLOUR_RGB ( '',0.7529411764705882248, 0.7529411764705882248, 0.7529411764705882248 ) ;
#2013 = VERTEX_POINT ( 'NONE', #2864 ) ;
#2014 = CARTESIAN_POINT ( 'NONE',  ( 0.1279527559055057273, 0.04921259842521129996, 3.659822609012092825E-14 ) ) ;
#2015 = FACE_OUTER_BOUND ( 'NONE', #2347, .T. ) ;
#2016 = LINE ( 'NONE', #3782, #1520 ) ;
#2017 = EDGE_CURVE ( 'NONE', #2867, #379, #1960, .T. ) ;
#2018 = VECTOR ( 'NONE', #3406, 39.37007874015748143 ) ;
#2019 = CARTESIAN_POINT ( 'NONE',  ( -0.08661417322834646937, -0.07086614173228350522, 0.04330708661417324162 ) ) ;
#2020 = VERTEX_POINT ( 'NONE', #484 ) ;
#2021 = CIRCLE ( 'NONE', #148, 0.007874015748031495954 ) ;
#2022 = AXIS2_PLACEMENT_3D ( 'NONE', #2993, #1190, #40 ) ;
#2023 =( GEOMETRIC_REPRESENTATION_CONTEXT ( 3 ) GLOBAL_UNCERTAINTY_ASSIGNED_CONTEXT ( ( #866 ) ) GLOBAL_UNIT_ASSIGNED_CONTEXT ( ( #2048, #3487, #3538 ) ) REPRESENTATION_CONTEXT ( 'NONE', 'WORKASPACE' ) );
#2024 = SURFACE_STYLE_FILL_AREA ( #2380 ) ;
#2025 = COLOUR_RGB ( '',0.7529411764705882248, 0.7529411764705882248, 0.7529411764705882248 ) ;
#2026 = DIMENSIONAL_EXPONENTS ( 1.000000000000000000, 0.000000000000000000, 0.000000000000000000, 0.000000000000000000, 0.000000000000000000, 0.000000000000000000, 0.000000000000000000 ) ;
#2027 = PRESENTATION_LAYER_ASSIGNMENT (  '', '', ( #153 ) ) ;
#2028 = ORIENTED_EDGE ( 'NONE', *, *, #674, .T. ) ;
#2029 = VERTEX_POINT ( 'NONE', #1978 ) ;
#2030 = LENGTH_MEASURE_WITH_UNIT ( LENGTH_MEASURE( 0.02539999999999999897 ), #1480 );
#2031 = UNCERTAINTY_MEASURE_WITH_UNIT (LENGTH_MEASURE( 1.000000000000000082E-05 ), #1422, 'distance_accuracy_value', 'NONE');
#2032 = LINE ( 'NONE', #2935, #843 ) ;
#2033 = MECHANICAL_DESIGN_GEOMETRIC_PRESENTATION_REPRESENTATION (  '', ( #2341 ), #3343 ) ;
#2034 = LENGTH_MEASURE_WITH_UNIT ( LENGTH_MEASURE( 0.02539999999999999897 ), #2295 );
#2035 = DIRECTION ( 'NONE',  ( 1.000000000000000000, 0.000000000000000000, 0.000000000000000000 ) ) ;
#2036 = DIRECTION ( 'NONE',  ( 0.000000000000000000, -0.000000000000000000, -1.000000000000000000 ) ) ;
#2037 = ORIENTED_EDGE ( 'NONE', *, *, #3531, .T. ) ;
#2038 = DIRECTION ( 'NONE',  ( -0.000000000000000000, -1.000000000000000000, 0.000000000000000000 ) ) ;
#2039 = ORIENTED_EDGE ( 'NONE', *, *, #1818, .F. ) ;
#2040 = MECHANICAL_DESIGN_GEOMETRIC_PRESENTATION_REPRESENTATION (  '', ( #2235 ), #3625 ) ;
#2041 = COLOUR_RGB ( '',0.7529411764705882248, 0.7529411764705882248, 0.7529411764705882248 ) ;
#2042 = DIMENSIONAL_EXPONENTS ( 1.000000000000000000, 0.000000000000000000, 0.000000000000000000, 0.000000000000000000, 0.000000000000000000, 0.000000000000000000, 0.000000000000000000 ) ;
#2043 = FACE_OUTER_BOUND ( 'NONE', #2404, .T. ) ;
#2044 =( GEOMETRIC_REPRESENTATION_CONTEXT ( 3 ) GLOBAL_UNCERTAINTY_ASSIGNED_CONTEXT ( ( #2339 ) ) GLOBAL_UNIT_ASSIGNED_CONTEXT ( ( #3717, #2306, #514 ) ) REPRESENTATION_CONTEXT ( 'NONE', 'WORKASPACE' ) );
#2045 = AXIS2_PLACEMENT_3D ( 'NONE', #1134, #3000, #2926 ) ;
#2046 = ORIENTED_EDGE ( 'NONE', *, *, #1185, .T. ) ;
#2047 = CARTESIAN_POINT ( 'NONE',  ( 0.07086614173137731343, -0.03149606299322173231, 0.08661417322834644161 ) ) ;
#2048 =( CONVERSION_BASED_UNIT ( 'INCH', #865 ) LENGTH_UNIT ( ) NAMED_UNIT ( #2026 ) );
#2049 = DIRECTION ( 'NONE',  ( 0.000000000000000000, 1.000000000000000000, 0.000000000000000000 ) ) ;
#2050 = CARTESIAN_POINT ( 'NONE',  ( -0.07086614173228350522, -0.03149606299212598381, 0.08661417322834644161 ) ) ;
#2051 = DIRECTION ( 'NONE',  ( 0.000000000000000000, 1.000000000000000000, 0.000000000000000000 ) ) ;
#2052 = EDGE_CURVE ( 'NONE', #1172, #3666, #426, .T. ) ;
#2053 = ORIENTED_EDGE ( 'NONE', *, *, #726, .F. ) ;
#2054 = DIRECTION ( 'NONE',  ( 0.000000000000000000, -0.000000000000000000, 1.000000000000000000 ) ) ;
#2055 = EDGE_CURVE ( 'NONE', #3667, #767, #2192, .T. ) ;
#2056 = ORIENTED_EDGE ( 'NONE', *, *, #2234, .T. ) ;
#2057 = VECTOR ( 'NONE', #2513, 39.37007874015748854 ) ;
#2058 = UNCERTAINTY_MEASURE_WITH_UNIT (LENGTH_MEASURE( 1.000000000000000082E-05 ), #1317, 'distance_accuracy_value', 'NONE');
#2059 = ORIENTED_EDGE ( 'NONE', *, *, #1655, .T. ) ;
#2060 = DIRECTION ( 'NONE',  ( -0.9863939238321437486, 0.000000000000000000, 0.1643989873053575135 ) ) ;
#2061 = LINE ( 'NONE', #1715, #217 ) ;
#2062 = CARTESIAN_POINT ( 'NONE',  ( -0.1497480314960629999, -0.04921259842519685318, 0.000000000000000000 ) ) ;
#2063 = FILL_AREA_STYLE_COLOUR ( '', #599 ) ;
#2064 = DIMENSIONAL_EXPONENTS ( 1.000000000000000000, 0.000000000000000000, 0.000000000000000000, 0.000000000000000000, 0.000000000000000000, 0.000000000000000000, 0.000000000000000000 ) ;
#2065 = PLANE ( 'NONE',  #731 ) ;
#2066 = DIRECTION ( 'NONE',  ( 0.000000000000000000, 0.000000000000000000, -1.000000000000000000 ) ) ;
#2067 = ORIENTED_EDGE ( 'NONE', *, *, #3600, .F. ) ;
#2068 =( CONVERSION_BASED_UNIT ( 'INCH', #1759 ) LENGTH_UNIT ( ) NAMED_UNIT ( #901 ) );
#2069 = VECTOR ( 'NONE', #1752, 39.37007874015748143 ) ;
#2070 =( GEOMETRIC_REPRESENTATION_CONTEXT ( 3 ) GLOBAL_UNCERTAINTY_ASSIGNED_CONTEXT ( ( #2031 ) ) GLOBAL_UNIT_ASSIGNED_CONTEXT ( ( #1422, #1193, #586 ) ) REPRESENTATION_CONTEXT ( 'NONE', 'WORKASPACE' ) );
#2071 = CARTESIAN_POINT ( 'NONE',  ( 0.1259842519682888018, -0.05708661416597293065, 0.01181102362333807075 ) ) ;
#2072 = VERTEX_POINT ( 'NONE', #2821 ) ;
#2073 = ADVANCED_FACE ( 'NONE', ( #2578 ), #2846, .T. ) ;
#2074 =( GEOMETRIC_REPRESENTATION_CONTEXT ( 3 ) GLOBAL_UNCERTAINTY_ASSIGNED_CONTEXT ( ( #922 ) ) GLOBAL_UNIT_ASSIGNED_CONTEXT ( ( #1249, #1476, #2133 ) ) REPRESENTATION_CONTEXT ( 'NONE', 'WORKASPACE' ) );
#2075 = COLOUR_RGB ( '',1.000000000000000000, 1.000000000000000000, 1.000000000000000000 ) ;
#2076 = CARTESIAN_POINT ( 'NONE',  ( 0.1771653543307088186, 0.06889763779527560694, 0.1279527559055118335 ) ) ;
#2077 = EDGE_CURVE ( 'NONE', #3851, #51, #208, .T. ) ;
#2078 = LINE ( 'NONE', #2683, #3770 ) ;
#2079 = EDGE_CURVE ( 'NONE', #143, #3851, #3058, .T. ) ;
#2080 = FILL_AREA_STYLE_COLOUR ( '', #1586 ) ;
#2081 = DIRECTION ( 'NONE',  ( -0.000000000000000000, 0.000000000000000000, 1.000000000000000000 ) ) ;
#2082 = CARTESIAN_POINT ( 'NONE',  ( -0.1771653543307088186, -0.06889763779527560694, 0.04724409448818899654 ) ) ;
#2083 = ORIENTED_EDGE ( 'NONE', *, *, #3332, .T. ) ;
#2084 = EDGE_LOOP ( 'NONE', ( #3242, #539, #745, #2851 ) ) ;
#2085 = FACE_BOUND ( 'NONE', #2399, .T. ) ;
#2086 = DIMENSIONAL_EXPONENTS ( 1.000000000000000000, 0.000000000000000000, 0.000000000000000000, 0.000000000000000000, 0.000000000000000000, 0.000000000000000000, 0.000000000000000000 ) ;
#2087 = FILL_AREA_STYLE ('',( #1473 ) ) ;
#2088 = SURFACE_STYLE_USAGE ( .BOTH. , #1515 ) ;
#2089 = ORIENTED_EDGE ( 'NONE', *, *, #3309, .F. ) ;
#2090 = LINE ( 'NONE', #619, #3629 ) ;
#2091 = VECTOR ( 'NONE', #1689, 39.37007874015748143 ) ;
#2092 = ADVANCED_FACE ( 'NONE', ( #778 ), #2514, .F. ) ;
#2093 = SURFACE_SIDE_STYLE ('',( #1730 ) ) ;
#2094 = ORIENTED_EDGE ( 'NONE', *, *, #1135, .T. ) ;
#2095 = DIRECTION ( 'NONE',  ( 0.000000000000000000, -0.5547001962252283702, -0.8320502943378440541 ) ) ;
#2096 = AXIS2_PLACEMENT_3D ( 'NONE', #3292, #3027, #1882 ) ;
#2097 = VECTOR ( 'NONE', #3048, 39.37007874015748143 ) ;
#2098 = EDGE_CURVE ( 'NONE', #152, #2867, #275, .T. ) ;
#2099 =( NAMED_UNIT ( * ) SI_UNIT ( $, .STERADIAN. ) SOLID_ANGLE_UNIT ( ) );
#2100 = LINE ( 'NONE', #628, #351 ) ;
#2101 =( GEOMETRIC_REPRESENTATION_CONTEXT ( 3 ) GLOBAL_UNCERTAINTY_ASSIGNED_CONTEXT ( ( #270 ) ) GLOBAL_UNIT_ASSIGNED_CONTEXT ( ( #3552, #3206, #3796 ) ) REPRESENTATION_CONTEXT ( 'NONE', 'WORKASPACE' ) );
#2102 = SURFACE_STYLE_USAGE ( .BOTH. , #3850 ) ;
#2103 = ORIENTED_EDGE ( 'NONE', *, *, #166, .T. ) ;
#2104 = EDGE_LOOP ( 'NONE', ( #3089, #3549, #1494, #1364 ) ) ;
#2105 = EDGE_CURVE ( 'NONE', #1669, #3794, #2670, .T. ) ;
#2106 = STYLED_ITEM ( 'NONE', ( #1571 ), #3507 ) ;
#2107 = LENGTH_MEASURE_WITH_UNIT ( LENGTH_MEASURE( 0.02539999999999999897 ), #1225 );
#2108 = VERTEX_POINT ( 'NONE', #3184 ) ;
#2109 = DIRECTION ( 'NONE',  ( -0.000000000000000000, 1.000000000000000000, 0.000000000000000000 ) ) ;
#2110 = LINE ( 'NONE', #2496, #2564 ) ;
#2111 = EDGE_LOOP ( 'NONE', ( #2842, #2439, #860, #1441 ) ) ;
#2112 = SURFACE_STYLE_FILL_AREA ( #1823 ) ;
#2113 = UNCERTAINTY_MEASURE_WITH_UNIT (LENGTH_MEASURE( 1.000000000000000082E-05 ), #2656, 'distance_accuracy_value', 'NONE');
#2114 = CARTESIAN_POINT ( 'NONE',  ( 0.01181102362204724567, 0.07086614173228350522, 0.03543307085116166599 ) ) ;
#2115 = COLOUR_RGB ( '',1.000000000000000000, 1.000000000000000000, 1.000000000000000000 ) ;
#2116 =( LENGTH_UNIT ( ) NAMED_UNIT ( * ) SI_UNIT ( $, .METRE. ) );
#2117 =( NAMED_UNIT ( * ) SI_UNIT ( $, .STERADIAN. ) SOLID_ANGLE_UNIT ( ) );
#2118 = SURFACE_SIDE_STYLE ('',( #1599 ) ) ;
#2119 = AXIS2_PLACEMENT_3D ( 'NONE', #2907, #234, #2626 ) ;
#2120 = UNCERTAINTY_MEASURE_WITH_UNIT (LENGTH_MEASURE( 1.000000000000000082E-05 ), #2750, 'distance_accuracy_value', 'NONE');
#2121 = MECHANICAL_DESIGN_GEOMETRIC_PRESENTATION_REPRESENTATION (  '', ( #3059 ), #1449 ) ;
#2122 = PRESENTATION_STYLE_ASSIGNMENT (( #2759 ) ) ;
#2123 = ADVANCED_FACE ( 'NONE', ( #243 ), #3784, .F. ) ;
#2124 = CARTESIAN_POINT ( 'NONE',  ( -0.1259842519682888018, 0.05708661416597293065, 0.01181102362333807422 ) ) ;
#2125 = CARTESIAN_POINT ( 'NONE',  ( 0.1496062992073803055, -0.05708661416352126677, 0.01181102361776343104 ) ) ;
#2126 = ORIENTED_EDGE ( 'NONE', *, *, #1283, .F. ) ;
#2127 = EDGE_LOOP ( 'NONE', ( #3780, #2465, #3532, #221 ) ) ;
#2128 = SURFACE_STYLE_USAGE ( .BOTH. , #1547 ) ;
#2129 =( NAMED_UNIT ( * ) PLANE_ANGLE_UNIT ( ) SI_UNIT ( $, .RADIAN. ) );
#2130 = UNCERTAINTY_MEASURE_WITH_UNIT (LENGTH_MEASURE( 1.000000000000000082E-05 ), #1994, 'distance_accuracy_value', 'NONE');
#2131 = FILL_AREA_STYLE_COLOUR ( '', #1186 ) ;
#2132 = EDGE_CURVE ( 'NONE', #1273, #1936, #1700, .T. ) ;
#2133 =( NAMED_UNIT ( * ) SI_UNIT ( $, .STERADIAN. ) SOLID_ANGLE_UNIT ( ) );
#2134 = LINE ( 'NONE', #3313, #747 ) ;
#2135 = ORIENTED_EDGE ( 'NONE', *, *, #1097, .T. ) ;
#2136 = VECTOR ( 'NONE', #3613, 39.37007874015748143 ) ;
#2137 = VECTOR ( 'NONE', #238, 39.37007874015748143 ) ;
#2138 = SURFACE_STYLE_USAGE ( .BOTH. , #2500 ) ;
#2139 =( NAMED_UNIT ( * ) SI_UNIT ( $, .STERADIAN. ) SOLID_ANGLE_UNIT ( ) );
#2140 = DIRECTION ( 'NONE',  ( -1.000000000000000000, 0.000000000000000000, 0.000000000000000000 ) ) ;
#2141 = PRESENTATION_STYLE_ASSIGNMENT (( #1505 ) ) ;
#2142 = DIRECTION ( 'NONE',  ( -1.000000000000000000, -0.000000000000000000, 0.000000000000000000 ) ) ;
#2143 = FACE_OUTER_BOUND ( 'NONE', #1748, .T. ) ;
#2144 = CARTESIAN_POINT ( 'NONE',  ( 0.1673228346456692994, -0.06889763779527560694, 0.03543307086614175955 ) ) ;
#2145 = ORIENTED_EDGE ( 'NONE', *, *, #494, .F. ) ;
#2146 = ORIENTED_EDGE ( 'NONE', *, *, #451, .T. ) ;
#2147 = LINE ( 'NONE', #1707, #3492 ) ;
#2148 = COLOUR_RGB ( '',0.6470588235294117974, 0.6196078431372549211, 0.5882352941176470784 ) ;
#2149 = LINE ( 'NONE', #3046, #3843 ) ;
#2150 = FACE_OUTER_BOUND ( 'NONE', #821, .T. ) ;
#2151 = VECTOR ( 'NONE', #3210, 39.37007874015748143 ) ;
#2152 = EDGE_CURVE ( 'NONE', #2894, #2029, #2898, .T. ) ;
#2153 =( NAMED_UNIT ( * ) SI_UNIT ( $, .STERADIAN. ) SOLID_ANGLE_UNIT ( ) );
#2154 = CARTESIAN_POINT ( 'NONE',  ( 0.009842519685039369942, -0.02165354330708661734, 0.08661417322834644161 ) ) ;
#2155 = MECHANICAL_DESIGN_GEOMETRIC_PRESENTATION_REPRESENTATION (  '', ( #2464 ), #790 ) ;
#2156 = ORIENTED_EDGE ( 'NONE', *, *, #712, .F. ) ;
#2157 = DIRECTION ( 'NONE',  ( 0.000000000000000000, 0.000000000000000000, -1.000000000000000000 ) ) ;
#2158 = CARTESIAN_POINT ( 'NONE',  ( 0.1279527559054842445, -0.02952755905509968012, 2.570997053575150504E-14 ) ) ;
#2159 = LINE ( 'NONE', #957, #2596 ) ;
#2160 = UNCERTAINTY_MEASURE_WITH_UNIT (LENGTH_MEASURE( 1.000000000000000082E-05 ), #2850, 'distance_accuracy_value', 'NONE');
#2161 = DIRECTION ( 'NONE',  ( 1.000000000000000000, -0.000000000000000000, -0.000000000000000000 ) ) ;
#2162 = CARTESIAN_POINT ( 'NONE',  ( -0.01181102362204724567, 0.07086614173228350522, 0.03543307084838754478 ) ) ;
#2163 = SURFACE_SIDE_STYLE ('',( #1788 ) ) ;
#2164 = FILL_AREA_STYLE ('',( #1284 ) ) ;
#2165 = DIRECTION ( 'NONE',  ( 0.000000000000000000, 1.000000000000000000, 0.000000000000000000 ) ) ;
#2166 = VERTEX_POINT ( 'NONE', #2019 ) ;
#2167 = MECHANICAL_DESIGN_GEOMETRIC_PRESENTATION_REPRESENTATION (  '', ( #3214 ), #686 ) ;
#2168 = VERTEX_POINT ( 'NONE', #3199 ) ;
#2169 =( NAMED_UNIT ( * ) SI_UNIT ( $, .STERADIAN. ) SOLID_ANGLE_UNIT ( ) );
#2170 = EDGE_CURVE ( 'NONE', #912, #1273, #1719, .T. ) ;
#2171 =( LENGTH_UNIT ( ) NAMED_UNIT ( * ) SI_UNIT ( $, .METRE. ) );
#2172 =( NAMED_UNIT ( * ) SI_UNIT ( $, .STERADIAN. ) SOLID_ANGLE_UNIT ( ) );
#2173 = DIMENSIONAL_EXPONENTS ( 1.000000000000000000, 0.000000000000000000, 0.000000000000000000, 0.000000000000000000, 0.000000000000000000, 0.000000000000000000, 0.000000000000000000 ) ;
#2174 = AXIS2_PLACEMENT_3D ( 'NONE', #1014, #661, #972 ) ;
#2175 =( NAMED_UNIT ( * ) PLANE_ANGLE_UNIT ( ) SI_UNIT ( $, .RADIAN. ) );
#2176 = DIRECTION ( 'NONE',  ( 0.000000000000000000, 0.000000000000000000, 1.000000000000000000 ) ) ;
#2177 = ADVANCED_FACE ( 'NONE', ( #3802 ), #2327, .F. ) ;
#2178 = SURFACE_SIDE_STYLE ('',( #995 ) ) ;
#2179 = ORIENTED_EDGE ( 'NONE', *, *, #3272, .T. ) ;
#2180 = DIRECTION ( 'NONE',  ( 0.000000000000000000, 0.000000000000000000, -1.000000000000000000 ) ) ;
#2181 = CARTESIAN_POINT ( 'NONE',  ( -0.1259842519685039353, 0.05729921259842521430, 0.01181102362204727516 ) ) ;
#2182 = CARTESIAN_POINT ( 'NONE',  ( 0.1771653543307088186, 0.06889763779527560694, 0.04724409448818899654 ) ) ;
#2183 =( GEOMETRIC_REPRESENTATION_CONTEXT ( 3 ) GLOBAL_UNCERTAINTY_ASSIGNED_CONTEXT ( ( #651 ) ) GLOBAL_UNIT_ASSIGNED_CONTEXT ( ( #3718, #2958, #1988 ) ) REPRESENTATION_CONTEXT ( 'NONE', 'WORKASPACE' ) );
#2184 = FILL_AREA_STYLE_COLOUR ( '', #3135 ) ;
#2185 = MECHANICAL_DESIGN_GEOMETRIC_PRESENTATION_REPRESENTATION (  '', ( #197 ), #1331 ) ;
#2186 = LINE ( 'NONE', #1046, #876 ) ;
#2187 = SURFACE_STYLE_FILL_AREA ( #1850 ) ;
#2188 = VERTEX_POINT ( 'NONE', #1281 ) ;
#2189 = ORIENTED_EDGE ( 'NONE', *, *, #846, .F. ) ;
#2190 =( GEOMETRIC_REPRESENTATION_CONTEXT ( 3 ) GLOBAL_UNCERTAINTY_ASSIGNED_CONTEXT ( ( #3681 ) ) GLOBAL_UNIT_ASSIGNED_CONTEXT ( ( #1051, #3388, #2169 ) ) REPRESENTATION_CONTEXT ( 'NONE', 'WORKASPACE' ) );
#2191 = FACE_BOUND ( 'NONE', #68, .T. ) ;
#2192 = LINE ( 'NONE', #1940, #1693 ) ;
#2193 = ADVANCED_BREP_SHAPE_REPRESENTATION ( 'SSSS213000', ( #1063, #1243 ), #180 ) ;
#2194 = AXIS2_PLACEMENT_3D ( 'NONE', #54, #3585, #318 ) ;
#2195 = VECTOR ( 'NONE', #1274, 39.37007874015748143 ) ;
#2196 = CARTESIAN_POINT ( 'NONE',  ( -0.09842519685039370636, -0.07086614173228350522, -0.1062992125984252023 ) ) ;
#2197 =( GEOMETRIC_REPRESENTATION_CONTEXT ( 3 ) GLOBAL_UNCERTAINTY_ASSIGNED_CONTEXT ( ( #2130 ) ) GLOBAL_UNIT_ASSIGNED_CONTEXT ( ( #1994, #2552, #3410 ) ) REPRESENTATION_CONTEXT ( 'NONE', 'WORKASPACE' ) );
#2198 = FILL_AREA_STYLE ('',( #3047 ) ) ;
#2199 = DIRECTION ( 'NONE',  ( -0.000000000000000000, -1.000000000000000000, -0.000000000000000000 ) ) ;
#2200 = ORIENTED_EDGE ( 'NONE', *, *, #2468, .T. ) ;
#2201 = EDGE_CURVE ( 'NONE', #3666, #3824, #3579, .T. ) ;
#2202 = DIMENSIONAL_EXPONENTS ( 1.000000000000000000, 0.000000000000000000, 0.000000000000000000, 0.000000000000000000, 0.000000000000000000, 0.000000000000000000, 0.000000000000000000 ) ;
#2203 = PRESENTATION_STYLE_ASSIGNMENT (( #1340 ) ) ;
#2204 = CARTESIAN_POINT ( 'NONE',  ( 0.01181102362204724393, 0.06692913385826772255, 0.04330708661417324162 ) ) ;
#2205 = VECTOR ( 'NONE', #2049, 39.37007874015748143 ) ;
#2206 = MECHANICAL_DESIGN_GEOMETRIC_PRESENTATION_REPRESENTATION (  '', ( #479 ), #3695 ) ;
#2207 = PLANE ( 'NONE',  #2585 ) ;
#2208 = LINE ( 'NONE', #3339, #1334 ) ;
#2209 = UNCERTAINTY_MEASURE_WITH_UNIT (LENGTH_MEASURE( 1.000000000000000082E-05 ), #765, 'distance_accuracy_value', 'NONE');
#2210 = PRESENTATION_STYLE_ASSIGNMENT (( #1024 ) ) ;
#2211 = ORIENTED_EDGE ( 'NONE', *, *, #561, .T. ) ;
#2212 = ORIENTED_EDGE ( 'NONE', *, *, #1097, .F. ) ;
#2213 = CIRCLE ( 'NONE', #220, 0.007874015748031499423 ) ;
#2214 = FILL_AREA_STYLE_COLOUR ( '', #1803 ) ;
#2215 = DIRECTION ( 'NONE',  ( 0.000000000000000000, 1.000000000000000000, 0.000000000000000000 ) ) ;
#2216 = FACE_OUTER_BOUND ( 'NONE', #1527, .T. ) ;
#2217 = PRESENTATION_STYLE_ASSIGNMENT (( #3111 ) ) ;
#2218 = MECHANICAL_DESIGN_GEOMETRIC_PRESENTATION_REPRESENTATION (  '', ( #728 ), #273 ) ;
#2219 = FACE_OUTER_BOUND ( 'NONE', #775, .T. ) ;
#2220 = COLOUR_RGB ( '',0.7529411764705882248, 0.7529411764705882248, 0.7529411764705882248 ) ;
#2221 = DIRECTION ( 'NONE',  ( 1.000000000000000000, -0.000000000000000000, 0.000000000000000000 ) ) ;
#2222 = ORIENTED_EDGE ( 'NONE', *, *, #807, .F. ) ;
#2223 = EDGE_CURVE ( 'NONE', #984, #2013, #627, .T. ) ;
#2224 = LINE ( 'NONE', #455, #1163 ) ;
#2225 = PLANE ( 'NONE',  #3180 ) ;
#2226 = DIRECTION ( 'NONE',  ( 0.000000000000000000, 0.000000000000000000, 1.000000000000000000 ) ) ;
#2227 = DIRECTION ( 'NONE',  ( 0.000000000000000000, 0.000000000000000000, 1.000000000000000000 ) ) ;
#2228 = ORIENTED_EDGE ( 'NONE', *, *, #230, .T. ) ;
#2229 = FILL_AREA_STYLE ('',( #1437 ) ) ;
#2230 = ORIENTED_EDGE ( 'NONE', *, *, #1445, .T. ) ;
#2231 = ORIENTED_EDGE ( 'NONE', *, *, #677, .T. ) ;
#2232 = COLOUR_RGB ( '',0.7529411764705882248, 0.7529411764705882248, 0.7529411764705882248 ) ;
#2233 = DIRECTION ( 'NONE',  ( -0.000000000000000000, -1.000000000000000000, -0.000000000000000000 ) ) ;
#2234 = EDGE_CURVE ( 'NONE', #2020, #487, #2213, .T. ) ;
#2235 = STYLED_ITEM ( 'NONE', ( #2203 ), #75 ) ;
#2236 = DIRECTION ( 'NONE',  ( 0.9936164463489768339, 0.000000000000000000, 0.1128111587779800917 ) ) ;
#2237 = MECHANICAL_DESIGN_GEOMETRIC_PRESENTATION_REPRESENTATION (  '', ( #3835 ), #808 ) ;
#2238 = CARTESIAN_POINT ( 'NONE',  ( 0.1476377952755905387, 0.02144094488188976952, 0.000000000000000000 ) ) ;
#2239 = ORIENTED_EDGE ( 'NONE', *, *, #3827, .T. ) ;
#2240 =( GEOMETRIC_REPRESENTATION_CONTEXT ( 3 ) GLOBAL_UNCERTAINTY_ASSIGNED_CONTEXT ( ( #417 ) ) GLOBAL_UNIT_ASSIGNED_CONTEXT ( ( #3095, #432, #2407 ) ) REPRESENTATION_CONTEXT ( 'NONE', 'WORKASPACE' ) );
#2241 = LENGTH_MEASURE_WITH_UNIT ( LENGTH_MEASURE( 0.02539999999999999897 ), #471 );
#2242 = FACE_OUTER_BOUND ( 'NONE', #1286, .T. ) ;
#2243 = ORIENTED_EDGE ( 'NONE', *, *, #873, .F. ) ;
#2244 = SURFACE_STYLE_USAGE ( .BOTH. , #2570 ) ;
#2245 = DIRECTION ( 'NONE',  ( 0.000000000000000000, 0.000000000000000000, 1.000000000000000000 ) ) ;
#2246 = LENGTH_MEASURE_WITH_UNIT ( LENGTH_MEASURE( 0.02539999999999999897 ), #113 );
#2247 = ORIENTED_EDGE ( 'NONE', *, *, #2967, .T. ) ;
#2248 = LINE ( 'NONE', #242, #1208 ) ;
#2249 = ORIENTED_EDGE ( 'NONE', *, *, #145, .F. ) ;
#2250 = EDGE_LOOP ( 'NONE', ( #621, #1633, #1797, #2983, #939, #1721, #1391 ) ) ;
#2251 = CARTESIAN_POINT ( 'NONE',  ( -0.01181102362204724567, 0.06692913385826772255, 0.04330708661417324162 ) ) ;
#2252 = EDGE_CURVE ( 'NONE', #1664, #1528, #979, .T. ) ;
#2253 =( CONVERSION_BASED_UNIT ( 'INCH', #2806 ) LENGTH_UNIT ( ) NAMED_UNIT ( #3253 ) );
#2254 = AXIS2_PLACEMENT_3D ( 'NONE', #2862, #3468, #3433 ) ;
#2255 = LENGTH_MEASURE_WITH_UNIT ( LENGTH_MEASURE( 0.02539999999999999897 ), #779 );
#2256 = SURFACE_STYLE_USAGE ( .BOTH. , #820 ) ;
#2257 = EDGE_LOOP ( 'NONE', ( #3543, #877, #2654, #2037 ) ) ;
#2258 = VECTOR ( 'NONE', #2997, 39.37007874015748143 ) ;
#2259 =( GEOMETRIC_REPRESENTATION_CONTEXT ( 3 ) GLOBAL_UNCERTAINTY_ASSIGNED_CONTEXT ( ( #3012 ) ) GLOBAL_UNIT_ASSIGNED_CONTEXT ( ( #2922, #2129, #31 ) ) REPRESENTATION_CONTEXT ( 'NONE', 'WORKASPACE' ) );
#2260 = PRESENTATION_LAYER_ASSIGNMENT (  '', '', ( #2435 ) ) ;
#2261 =( NAMED_UNIT ( * ) SI_UNIT ( $, .STERADIAN. ) SOLID_ANGLE_UNIT ( ) );
#2262 =( NAMED_UNIT ( * ) PLANE_ANGLE_UNIT ( ) SI_UNIT ( $, .RADIAN. ) );
#2263 = EDGE_CURVE ( 'NONE', #985, #349, #2416, .T. ) ;
#2264 = CARTESIAN_POINT ( 'NONE',  ( -0.1258425196850393724, 0.02165354330708661734, 0.01181102362204727516 ) ) ;
#2265 = ORIENTED_EDGE ( 'NONE', *, *, #578, .T. ) ;
#2266 = MECHANICAL_DESIGN_GEOMETRIC_PRESENTATION_REPRESENTATION (  '', ( #1814 ), #2197 ) ;
#2267 = SURFACE_SIDE_STYLE ('',( #155 ) ) ;
#2268 = DIRECTION ( 'NONE',  ( -0.000000000000000000, -0.000000000000000000, 1.000000000000000000 ) ) ;
#2269 = CARTESIAN_POINT ( 'NONE',  ( -0.1555118110236220208, 0.05905511811023622659, 0.01181102362289206467 ) ) ;
#2270 = FILL_AREA_STYLE_COLOUR ( '', #2025 ) ;
#2271 = CARTESIAN_POINT ( 'NONE',  ( -0.1476377952755919265, -0.02144094488188976952, 8.223529196648979501E-15 ) ) ;
#2272 = FACE_OUTER_BOUND ( 'NONE', #3239, .T. ) ;
#2273 = VECTOR ( 'NONE', #2916, 39.37007874015748143 ) ;
#2274 =( GEOMETRIC_REPRESENTATION_CONTEXT ( 3 ) GLOBAL_UNCERTAINTY_ASSIGNED_CONTEXT ( ( #3815 ) ) GLOBAL_UNIT_ASSIGNED_CONTEXT ( ( #2818, #3704, #1047 ) ) REPRESENTATION_CONTEXT ( 'NONE', 'WORKASPACE' ) );
#2275 = DIMENSIONAL_EXPONENTS ( 1.000000000000000000, 0.000000000000000000, 0.000000000000000000, 0.000000000000000000, 0.000000000000000000, 0.000000000000000000, 0.000000000000000000 ) ;
#2276 = PRESENTATION_STYLE_ASSIGNMENT (( #1092 ) ) ;
#2277 = DIRECTION ( 'NONE',  ( 0.1373605638785408978, -0.5494422564436247658, 0.8241633832712463859 ) ) ;
#2278 = PRESENTATION_LAYER_ASSIGNMENT (  '', '', ( #77 ) ) ;
#2279 =( NAMED_UNIT ( * ) PLANE_ANGLE_UNIT ( ) SI_UNIT ( $, .RADIAN. ) );
#2280 = VECTOR ( 'NONE', #835, 39.37007874015748143 ) ;
#2282 = EDGE_LOOP ( 'NONE', ( #3345, #1791, #1844, #95 ) ) ;
#2281 = VECTOR ( 'NONE', #3197, 39.37007874015748143 ) ;
#2283 =( CONVERSION_BASED_UNIT ( 'INCH', #3113 ) LENGTH_UNIT ( ) NAMED_UNIT ( #1320 ) );
#2284 = FILL_AREA_STYLE_COLOUR ( '', #1194 ) ;
#2285 = VECTOR ( 'NONE', #675, 39.37007874015748143 ) ;
#2286 = EDGE_CURVE ( 'NONE', #2590, #946, #1288, .T. ) ;
#2287 = ORIENTED_EDGE ( 'NONE', *, *, #758, .F. ) ;
#2288 = ADVANCED_FACE ( 'NONE', ( #5 ), #2736, .F. ) ;
#2289 = SURFACE_STYLE_USAGE ( .BOTH. , #457 ) ;
#2290 = FILL_AREA_STYLE ('',( #1104 ) ) ;
#2291 = ORIENTED_EDGE ( 'NONE', *, *, #3269, .F. ) ;
#2292 = LINE ( 'NONE', #812, #128 ) ;
#2293 = CARTESIAN_POINT ( 'NONE',  ( -0.01181102362204724567, -0.05905511811023622659, 0.03543307086614175955 ) ) ;
#2294 = FACE_OUTER_BOUND ( 'NONE', #905, .T. ) ;
#2295 =( LENGTH_UNIT ( ) NAMED_UNIT ( * ) SI_UNIT ( $, .METRE. ) );
#2296 = DIRECTION ( 'NONE',  ( 0.000000000000000000, -0.000000000000000000, 1.000000000000000000 ) ) ;
#2297 = DIRECTION ( 'NONE',  ( -0.9863939238321437486, 0.000000000000000000, 0.1643989873053575135 ) ) ;
#2298 = FACE_OUTER_BOUND ( 'NONE', #1319, .T. ) ;
#2299 = ORIENTED_EDGE ( 'NONE', *, *, #3620, .F. ) ;
#2300 = DIMENSIONAL_EXPONENTS ( 1.000000000000000000, 0.000000000000000000, 0.000000000000000000, 0.000000000000000000, 0.000000000000000000, 0.000000000000000000, 0.000000000000000000 ) ;
#2301 = FILL_AREA_STYLE_COLOUR ( '', #3098 ) ;
#2302 = PRESENTATION_LAYER_ASSIGNMENT (  '', '', ( #3214 ) ) ;
#2303 =( LENGTH_UNIT ( ) NAMED_UNIT ( * ) SI_UNIT ( $, .METRE. ) );
#2304 = ORIENTED_EDGE ( 'NONE', *, *, #3183, .F. ) ;
#2305 = ADVANCED_FACE ( 'NONE', ( #1638 ), #3385, .T. ) ;
#2306 =( NAMED_UNIT ( * ) PLANE_ANGLE_UNIT ( ) SI_UNIT ( $, .RADIAN. ) );
#2307 = SURFACE_STYLE_USAGE ( .BOTH. , #1952 ) ;
#2308 =( GEOMETRIC_REPRESENTATION_CONTEXT ( 3 ) GLOBAL_UNCERTAINTY_ASSIGNED_CONTEXT ( ( #264 ) ) GLOBAL_UNIT_ASSIGNED_CONTEXT ( ( #1382, #1954, #1026 ) ) REPRESENTATION_CONTEXT ( 'NONE', 'WORKASPACE' ) );
#2309 = FACE_OUTER_BOUND ( 'NONE', #1686, .T. ) ;
#2310 = DIRECTION ( 'NONE',  ( -0.000000000000000000, -1.000000000000000000, 0.000000000000000000 ) ) ;
#2311 = CARTESIAN_POINT ( 'NONE',  ( -0.1476377952755936473, 0.05729921259842521430, 1.852381154878247490E-14 ) ) ;
#2312 = SURFACE_SIDE_STYLE ('',( #2843 ) ) ;
#2313 = ADVANCED_FACE ( 'NONE', ( #3660 ), #3364, .T. ) ;
#2314 = SURFACE_STYLE_USAGE ( .BOTH. , #3231 ) ;
#2315 = SURFACE_STYLE_FILL_AREA ( #818 ) ;
#2316 = VERTEX_POINT ( 'NONE', #1912 ) ;
#2317 = SURFACE_STYLE_USAGE ( .BOTH. , #1413 ) ;
#2318 = LENGTH_MEASURE_WITH_UNIT ( LENGTH_MEASURE( 0.02539999999999999897 ), #214 );
#2319 = CIRCLE ( 'NONE', #3490, 0.007874015748031495954 ) ;
#2320 =( NAMED_UNIT ( * ) SI_UNIT ( $, .STERADIAN. ) SOLID_ANGLE_UNIT ( ) );
#2321 = ORIENTED_EDGE ( 'NONE', *, *, #1429, .F. ) ;
#2322 = STYLED_ITEM ( 'NONE', ( #1184 ), #1966 ) ;
#2323 = COLOUR_RGB ( '',0.7529411764705882248, 0.7529411764705882248, 0.7529411764705882248 ) ;
#2324 = SURFACE_SIDE_STYLE ('',( #1141 ) ) ;
#2325 = CARTESIAN_POINT ( 'NONE',  ( 0.06889763779527560694, 0.02165354330708661734, 0.08661417322834644161 ) ) ;
#2326 =( LENGTH_UNIT ( ) NAMED_UNIT ( * ) SI_UNIT ( $, .METRE. ) );
#2327 = PLANE ( 'NONE',  #3312 ) ;
#2328 = DIRECTION ( 'NONE',  ( 0.000000000000000000, 0.000000000000000000, 1.000000000000000000 ) ) ;
#2329 = ORIENTED_EDGE ( 'NONE', *, *, #1169, .F. ) ;
#2330 = PRESENTATION_LAYER_ASSIGNMENT (  '', '', ( #2527 ) ) ;
#2331 =( CONVERSION_BASED_UNIT ( 'INCH', #1149 ) LENGTH_UNIT ( ) NAMED_UNIT ( #1904 ) );
#2332 = EDGE_LOOP ( 'NONE', ( #2427, #1252, #1675, #52 ) ) ;
#2333 = STYLED_ITEM ( 'NONE', ( #2141 ), #2177 ) ;
#2334 = ORIENTED_EDGE ( 'NONE', *, *, #477, .F. ) ;
#2335 = VECTOR ( 'NONE', #366, 39.37007874015748143 ) ;
#2336 = EDGE_CURVE ( 'NONE', #3430, #1210, #1345, .T. ) ;
#2337 = LENGTH_MEASURE_WITH_UNIT ( LENGTH_MEASURE( 0.02539999999999999897 ), #848 );
#2338 = CARTESIAN_POINT ( 'NONE',  ( -0.01181102362204724567, 0.05905511811388445415, 0.04763473055118109395 ) ) ;
#2339 = UNCERTAINTY_MEASURE_WITH_UNIT (LENGTH_MEASURE( 1.000000000000000082E-05 ), #3717, 'distance_accuracy_value', 'NONE');
#2340 = DIRECTION ( 'NONE',  ( 0.000000000000000000, 0.000000000000000000, -1.000000000000000000 ) ) ;
#2341 = STYLED_ITEM ( 'NONE', ( #3162 ), #3317 ) ;
#2342 = CARTESIAN_POINT ( 'NONE',  ( 0.1259842519633176117, -0.02165354329618946611, 0.01181102362632815463 ) ) ;
#2343 = DIMENSIONAL_EXPONENTS ( 1.000000000000000000, 0.000000000000000000, 0.000000000000000000, 0.000000000000000000, 0.000000000000000000, 0.000000000000000000, 0.000000000000000000 ) ;
#2344 = VECTOR ( 'NONE', #1354, 39.37007874015748143 ) ;
#2345 =( NAMED_UNIT ( * ) SI_UNIT ( $, .STERADIAN. ) SOLID_ANGLE_UNIT ( ) );
#2346 = FILL_AREA_STYLE_COLOUR ( '', #1456 ) ;
#2347 = EDGE_LOOP ( 'NONE', ( #1365, #3723, #1653, #1370 ) ) ;
#2348 = EDGE_CURVE ( 'NONE', #3466, #663, #832, .T. ) ;
#2349 = EDGE_LOOP ( 'NONE', ( #3714, #2712, #928, #1148, #483 ) ) ;
#2350 = FACE_OUTER_BOUND ( 'NONE', #1573, .T. ) ;
#2351 = VECTOR ( 'NONE', #3394, 39.37007874015748854 ) ;
#2352 = MECHANICAL_DESIGN_GEOMETRIC_PRESENTATION_REPRESENTATION (  '', ( #3530 ), #370 ) ;
#2353 = AXIS2_PLACEMENT_3D ( 'NONE', #3399, #2221, #744 ) ;
#2354 = ORIENTED_EDGE ( 'NONE', *, *, #802, .F. ) ;
#2355 =( LENGTH_UNIT ( ) NAMED_UNIT ( * ) SI_UNIT ( $, .METRE. ) );
#2356 = CARTESIAN_POINT ( 'NONE',  ( 0.1496062992044648876, -0.02165354329858366206, 0.01181102362255818244 ) ) ;
#2357 = SURFACE_STYLE_FILL_AREA ( #1468 ) ;
#2358 = CARTESIAN_POINT ( 'NONE',  ( -0.01181102362204724567, 0.06889763779502953989, 0.04763473055118109395 ) ) ;
#2359 = ORIENTED_EDGE ( 'NONE', *, *, #1020, .T. ) ;
#2360 = EDGE_CURVE ( 'NONE', #362, #1057, #2631, .T. ) ;
#2361 =( LENGTH_UNIT ( ) NAMED_UNIT ( * ) SI_UNIT ( $, .METRE. ) );
#2362 = DIMENSIONAL_EXPONENTS ( 1.000000000000000000, 0.000000000000000000, 0.000000000000000000, 0.000000000000000000, 0.000000000000000000, 0.000000000000000000, 0.000000000000000000 ) ;
#2363 = CARTESIAN_POINT ( 'NONE',  ( 0.08661417322834646937, -0.06889763779425489565, -0.1062992125984252023 ) ) ;
#2364 = EDGE_LOOP ( 'NONE', ( #954, #1546, #3413, #2729 ) ) ;
#2365 = VECTOR ( 'NONE', #3382, 39.37007874015748143 ) ;
#2366 = EDGE_CURVE ( 'NONE', #469, #1936, #2613, .T. ) ;
#2367 = FACE_OUTER_BOUND ( 'NONE', #3604, .T. ) ;
#2368 = UNCERTAINTY_MEASURE_WITH_UNIT (LENGTH_MEASURE( 1.000000000000000082E-05 ), #3440, 'distance_accuracy_value', 'NONE');
#2369 = EDGE_CURVE ( 'NONE', #1300, #1415, #3798, .T. ) ;
#2370 =( LENGTH_UNIT ( ) NAMED_UNIT ( * ) SI_UNIT ( $, .METRE. ) );
#2371 = COLOUR_RGB ( '',0.6470588235294117974, 0.6196078431372549211, 0.5882352941176470784 ) ;
#2372 =( NAMED_UNIT ( * ) SI_UNIT ( $, .STERADIAN. ) SOLID_ANGLE_UNIT ( ) );
#2373 =( GEOMETRIC_REPRESENTATION_CONTEXT ( 3 ) GLOBAL_UNCERTAINTY_ASSIGNED_CONTEXT ( ( #3100 ) ) GLOBAL_UNIT_ASSIGNED_CONTEXT ( ( #2456, #3338, #2795 ) ) REPRESENTATION_CONTEXT ( 'NONE', 'WORKASPACE' ) );
#2374 = CARTESIAN_POINT ( 'NONE',  ( -0.07086614172931782196, 0.03149606299327940839, 0.1377952755905512139 ) ) ;
#2375 = CARTESIAN_POINT ( 'NONE',  ( -0.1673228346448490944, -0.06889763779527560694, 0.03543307086614175955 ) ) ;
#2376 = SURFACE_SIDE_STYLE ('',( #3171 ) ) ;
#2377 = ORIENTED_EDGE ( 'NONE', *, *, #1377, .T. ) ;
#2378 = ORIENTED_EDGE ( 'NONE', *, *, #1589, .T. ) ;
#2379 =( CONVERSION_BASED_UNIT ( 'INCH', #3306 ) LENGTH_UNIT ( ) NAMED_UNIT ( #1388 ) );
#2380 = FILL_AREA_STYLE ('',( #246 ) ) ;
#2381 = CARTESIAN_POINT ( 'NONE',  ( -0.01181102362204724567, 0.07086614173228350522, -0.1062992125985766229 ) ) ;
#2382 = VECTOR ( 'NONE', #108, 39.37007874015748143 ) ;
#2383 =( NAMED_UNIT ( * ) SI_UNIT ( $, .STERADIAN. ) SOLID_ANGLE_UNIT ( ) );
#2384 = ORIENTED_EDGE ( 'NONE', *, *, #1250, .F. ) ;
#2385 = DIRECTION ( 'NONE',  ( 0.000000000000000000, 0.000000000000000000, -1.000000000000000000 ) ) ;
#2386 = VECTOR ( 'NONE', #3341, 39.37007874015748143 ) ;
#2387 = DIMENSIONAL_EXPONENTS ( 1.000000000000000000, 0.000000000000000000, 0.000000000000000000, 0.000000000000000000, 0.000000000000000000, 0.000000000000000000, 0.000000000000000000 ) ;
#2388 = EDGE_CURVE ( 'NONE', #2984, #170, #3781, .T. ) ;
#2389 =( NAMED_UNIT ( * ) PLANE_ANGLE_UNIT ( ) SI_UNIT ( $, .RADIAN. ) );
#2390 = ORIENTED_EDGE ( 'NONE', *, *, #970, .F. ) ;
#2391 = ADVANCED_FACE ( 'NONE', ( #535 ), #3187, .F. ) ;
#2392 = UNCERTAINTY_MEASURE_WITH_UNIT (LENGTH_MEASURE( 1.000000000000000082E-05 ), #3119, 'distance_accuracy_value', 'NONE');
#2393 = FILL_AREA_STYLE_COLOUR ( '', #897 ) ;
#2394 = CARTESIAN_POINT ( 'NONE',  ( -0.1102362204724409434, -0.07086614173228350522, -0.1062992125984252023 ) ) ;
#2395 = DIRECTION ( 'NONE',  ( 1.000000000000000000, 0.000000000000000000, 0.000000000000000000 ) ) ;
#2396 = VECTOR ( 'NONE', #1162, 39.37007874015748143 ) ;
#2397 = CARTESIAN_POINT ( 'NONE',  ( 0.1377952755905511861, -0.06889763779527560694, 0.03543307083951043740 ) ) ;
#2398 = CYLINDRICAL_SURFACE ( 'NONE', #1446, 0.007874015748031495954 ) ;
#2399 = EDGE_LOOP ( 'NONE', ( #3583, #3144, #2819, #2971 ) ) ;
#2400 = ORIENTED_EDGE ( 'NONE', *, *, #212, .F. ) ;
#2401 =( LENGTH_UNIT ( ) NAMED_UNIT ( * ) SI_UNIT ( $, .METRE. ) );
#2402 =( NAMED_UNIT ( * ) SI_UNIT ( $, .STERADIAN. ) SOLID_ANGLE_UNIT ( ) );
#2403 = LINE ( 'NONE', #934, #2502 ) ;
#2404 = EDGE_LOOP ( 'NONE', ( #1444, #3386, #3537, #838 ) ) ;
#2405 = LENGTH_MEASURE_WITH_UNIT ( LENGTH_MEASURE( 0.02539999999999999897 ), #602 );
#2406 = AXIS2_PLACEMENT_3D ( 'NONE', #1373, #2543, #3712 ) ;
#2407 =( NAMED_UNIT ( * ) SI_UNIT ( $, .STERADIAN. ) SOLID_ANGLE_UNIT ( ) );
#2408 = VECTOR ( 'NONE', #1275, 39.37007874015748143 ) ;
#2409 = ORIENTED_EDGE ( 'NONE', *, *, #1272, .F. ) ;
#2410 =( NAMED_UNIT ( * ) PLANE_ANGLE_UNIT ( ) SI_UNIT ( $, .RADIAN. ) );
#2411 = ADVANCED_FACE ( 'NONE', ( #210 ), #2620, .T. ) ;
#2412 = LINE ( 'NONE', #63, #2836 ) ;
#2413 = CARTESIAN_POINT ( 'NONE',  ( 0.01181102362204724567, 0.06889763779527560694, 0.03543307085116166599 ) ) ;
#2414 = PLANE ( 'NONE',  #2787 ) ;
#2415 = PRESENTATION_LAYER_ASSIGNMENT (  '', '', ( #244 ) ) ;
#2416 = LINE ( 'NONE', #2162, #2386 ) ;
#2417 = CARTESIAN_POINT ( 'NONE',  ( 0.08661417322834646937, -0.05905511811023622659, -0.1062992125984252023 ) ) ;
#2418 = ADVANCED_FACE ( 'NONE', ( #2298 ), #1369, .T. ) ;
#2419 = ORIENTED_EDGE ( 'NONE', *, *, #3748, .T. ) ;
#2420 = VERTEX_POINT ( 'NONE', #188 ) ;
#2421 = EDGE_CURVE ( 'NONE', #640, #1613, #595, .T. ) ;
#2422 = VECTOR ( 'NONE', #3350, 39.37007874015748854 ) ;
#2423 = FILL_AREA_STYLE ('',( #1590 ) ) ;
#2424 = CARTESIAN_POINT ( 'NONE',  ( -0.1476377952755924539, -0.02952755905508633663, 1.239130718607578411E-14 ) ) ;
#2425 = VERTEX_POINT ( 'NONE', #630 ) ;
#2426 = CARTESIAN_POINT ( 'NONE',  ( -0.1279527559054783881, -0.04921259842520901706, 1.905957000676143233E-14 ) ) ;
#2427 = ORIENTED_EDGE ( 'NONE', *, *, #1052, .T. ) ;
#2428 = FILL_AREA_STYLE_COLOUR ( '', #743 ) ;
#2429 = PRESENTATION_STYLE_ASSIGNMENT (( #1254 ) ) ;
#2430 = MECHANICAL_DESIGN_GEOMETRIC_PRESENTATION_REPRESENTATION (  '', ( #198 ), #2506 ) ;
#2431 = CARTESIAN_POINT ( 'NONE',  ( -0.1279527559054842445, 0.02952755905509968012, 2.570993530038845787E-14 ) ) ;
#2432 = CARTESIAN_POINT ( 'NONE',  ( -0.1555118110239988305, 0.05905511811023622659, 0.01181102362204727516 ) ) ;
#2433 = LINE ( 'NONE', #709, #3489 ) ;
#2434 = UNCERTAINTY_MEASURE_WITH_UNIT (LENGTH_MEASURE( 1.000000000000000082E-05 ), #1270, 'distance_accuracy_value', 'NONE');
#2435 = STYLED_ITEM ( 'NONE', ( #3516 ), #1938 ) ;
#2436 = CARTESIAN_POINT ( 'NONE',  ( 0.07086614173133337635, 0.03149606299307755597, 0.08661417322834644161 ) ) ;
#2437 = LINE ( 'NONE', #2801, #3801 ) ;
#2438 = CARTESIAN_POINT ( 'NONE',  ( 0.000000000000000000, 0.07086614173228350522, -0.1181102362204724532 ) ) ;
#2439 = ORIENTED_EDGE ( 'NONE', *, *, #3531, .F. ) ;
#2440 = ORIENTED_EDGE ( 'NONE', *, *, #1678, .T. ) ;
#2441 = PLANE ( 'NONE',  #3856 ) ;
#2442 = STYLED_ITEM ( 'NONE', ( #421 ), #2561 ) ;
#2443 = DIRECTION ( 'NONE',  ( 0.000000000000000000, -1.000000000000000000, 0.000000000000000000 ) ) ;
#2444 = UNCERTAINTY_MEASURE_WITH_UNIT (LENGTH_MEASURE( 1.000000000000000082E-05 ), #3679, 'distance_accuracy_value', 'NONE');
#2445 = LINE ( 'NONE', #1942, #1651 ) ;
#2446 = LINE ( 'NONE', #3397, #1927 ) ;
#2447 = MECHANICAL_DESIGN_GEOMETRIC_PRESENTATION_REPRESENTATION (  '', ( #2527 ), #782 ) ;
#2448 =( NAMED_UNIT ( * ) SI_UNIT ( $, .STERADIAN. ) SOLID_ANGLE_UNIT ( ) );
#2449 = EDGE_LOOP ( 'NONE', ( #3234, #1263, #1900, #2989 ) ) ;
#2450 = CARTESIAN_POINT ( 'NONE',  ( -0.1673228346456692994, -0.06889763779527560694, 0.1279527559055118335 ) ) ;
#2451 = SURFACE_STYLE_FILL_AREA ( #664 ) ;
#2452 = COLOUR_RGB ( '',0.6470588235294117974, 0.6196078431372549211, 0.5882352941176470784 ) ;
#2453 = LINE ( 'NONE', #3637, #717 ) ;
#2454 =( GEOMETRIC_REPRESENTATION_CONTEXT ( 3 ) GLOBAL_UNCERTAINTY_ASSIGNED_CONTEXT ( ( #1244 ) ) GLOBAL_UNIT_ASSIGNED_CONTEXT ( ( #1999, #2279, #3473 ) ) REPRESENTATION_CONTEXT ( 'NONE', 'WORKASPACE' ) );
#2455 = CARTESIAN_POINT ( 'NONE',  ( 0.1476377952755935641, -0.04921259842523467709, 1.406803614901770609E-14 ) ) ;
#2456 =( CONVERSION_BASED_UNIT ( 'INCH', #3081 ) LENGTH_UNIT ( ) NAMED_UNIT ( #506 ) );
#2457 = CARTESIAN_POINT ( 'NONE',  ( 0.1605262017716535539, 0.06889763779527560694, 0.1220472440944882220 ) ) ;
#2458 = EDGE_CURVE ( 'NONE', #3004, #3824, #1507, .T. ) ;
#2459 = CARTESIAN_POINT ( 'NONE',  ( 0.06102362204724411793, -0.02165354330708661734, 0.08661417322834644161 ) ) ;
#2460 = FILL_AREA_STYLE ('',( #3640 ) ) ;
#2461 = FILL_AREA_STYLE_COLOUR ( '', #2115 ) ;
#2462 = DIRECTION ( 'NONE',  ( -0.000000000000000000, 0.000000000000000000, -1.000000000000000000 ) ) ;
#2463 = VERTEX_POINT ( 'NONE', #1218 ) ;
#2464 = STYLED_ITEM ( 'NONE', ( #76 ), #3114 ) ;
#2465 = ORIENTED_EDGE ( 'NONE', *, *, #3222, .T. ) ;
#2466 =( NAMED_UNIT ( * ) SI_UNIT ( $, .STERADIAN. ) SOLID_ANGLE_UNIT ( ) );
#2467 = DIRECTION ( 'NONE',  ( -0.1373605634322306590, 0.5494422558344829177, -0.8241633837517260419 ) ) ;
#2468 = EDGE_CURVE ( 'NONE', #3196, #985, #2703, .T. ) ;
#2469 = DIRECTION ( 'NONE',  ( -1.000000000000000000, -0.000000000000000000, 0.000000000000000000 ) ) ;
#2470 =( LENGTH_UNIT ( ) NAMED_UNIT ( * ) SI_UNIT ( $, .METRE. ) );
#2471 = FILL_AREA_STYLE_COLOUR ( '', #2232 ) ;
#2472 = AXIS2_PLACEMENT_3D ( 'NONE', #3371, #719, #3091 ) ;
#2473 = EDGE_CURVE ( 'NONE', #1519, #3196, #2938, .T. ) ;
#2474 = DIRECTION ( 'NONE',  ( 1.000000000000000000, 0.000000000000000000, -0.000000000000000000 ) ) ;
#2475 = ORIENTED_EDGE ( 'NONE', *, *, #1729, .F. ) ;
#2476 = DIMENSIONAL_EXPONENTS ( 1.000000000000000000, 0.000000000000000000, 0.000000000000000000, 0.000000000000000000, 0.000000000000000000, 0.000000000000000000, 0.000000000000000000 ) ;
#2477 =( LENGTH_UNIT ( ) NAMED_UNIT ( * ) SI_UNIT ( $, .METRE. ) );
#2478 = DIRECTION ( 'NONE',  ( 0.000000000000000000, 0.000000000000000000, 1.000000000000000000 ) ) ;
#2479 = UNCERTAINTY_MEASURE_WITH_UNIT (LENGTH_MEASURE( 1.000000000000000082E-05 ), #1094, 'distance_accuracy_value', 'NONE');
#2480 = CARTESIAN_POINT ( 'NONE',  ( 0.07086614172635215259, -0.03149606299212598381, 0.1279527559055118335 ) ) ;
#2481 = SURFACE_STYLE_FILL_AREA ( #3160 ) ;
#2482 = CARTESIAN_POINT ( 'NONE',  ( -0.01181102362204724567, 0.05905511811131277516, 0.03543307086614175955 ) ) ;
#2483 = LINE ( 'NONE', #1027, #261 ) ;
#2484 = VERTEX_POINT ( 'NONE', #1809 ) ;
#2485 = STYLED_ITEM ( 'NONE', ( #3496 ), #3628 ) ;
#2486 = ORIENTED_EDGE ( 'NONE', *, *, #2769, .T. ) ;
#2487 = FILL_AREA_STYLE ('',( #2214 ) ) ;
#2488 =( GEOMETRIC_REPRESENTATION_CONTEXT ( 3 ) GLOBAL_UNCERTAINTY_ASSIGNED_CONTEXT ( ( #1451 ) ) GLOBAL_UNIT_ASSIGNED_CONTEXT ( ( #3481, #218, #3194 ) ) REPRESENTATION_CONTEXT ( 'NONE', 'WORKASPACE' ) );
#2489 = CARTESIAN_POINT ( 'NONE',  ( 0.01181102362204724567, 0.05905511811023622659, 0.01181102362204727516 ) ) ;
#2490 =( CONVERSION_BASED_UNIT ( 'INCH', #98 ) LENGTH_UNIT ( ) NAMED_UNIT ( #3009 ) );
#2491 = SURFACE_SIDE_STYLE ('',( #1036 ) ) ;
#2492 = ADVANCED_FACE ( 'NONE', ( #257 ), #2653, .F. ) ;
#2493 = MECHANICAL_DESIGN_GEOMETRIC_PRESENTATION_REPRESENTATION (  '', ( #3419 ), #2569 ) ;
#2494 = SURFACE_STYLE_USAGE ( .BOTH. , #2810 ) ;
#2495 =( NAMED_UNIT ( * ) SI_UNIT ( $, .STERADIAN. ) SOLID_ANGLE_UNIT ( ) );
#2496 = CARTESIAN_POINT ( 'NONE',  ( -0.1555118110236220208, 0.05708661416078403966, 0.01181102362204727516 ) ) ;
#2497 = VERTEX_POINT ( 'NONE', #1239 ) ;
#2498 = ADVANCED_FACE ( 'NONE', ( #3602 ), #3211, .F. ) ;
#2499 =( NAMED_UNIT ( * ) PLANE_ANGLE_UNIT ( ) SI_UNIT ( $, .RADIAN. ) );
#2500 = SURFACE_SIDE_STYLE ('',( #354 ) ) ;
#2501 = CARTESIAN_POINT ( 'NONE',  ( -0.1279527559055023411, 0.05729921259842521430, 5.695476215540978935E-14 ) ) ;
#2502 = VECTOR ( 'NONE', #1187, 39.37007874015748143 ) ;
#2503 = FACE_OUTER_BOUND ( 'NONE', #422, .T. ) ;
#2504 = CIRCLE ( 'NONE', #315, 0.003937007874015758385 ) ;
#2505 = CARTESIAN_POINT ( 'NONE',  ( 0.1377952755905511861, -0.06889763779527560694, 0.1279527559055118335 ) ) ;
#2506 =( GEOMETRIC_REPRESENTATION_CONTEXT ( 3 ) GLOBAL_UNCERTAINTY_ASSIGNED_CONTEXT ( ( #1751 ) ) GLOBAL_UNIT_ASSIGNED_CONTEXT ( ( #3040, #2719, #944 ) ) REPRESENTATION_CONTEXT ( 'NONE', 'WORKASPACE' ) );
#2507 = FILL_AREA_STYLE ('',( #1325 ) ) ;
#2508 = DIMENSIONAL_EXPONENTS ( 1.000000000000000000, 0.000000000000000000, 0.000000000000000000, 0.000000000000000000, 0.000000000000000000, 0.000000000000000000, 0.000000000000000000 ) ;
#2509 =( NAMED_UNIT ( * ) PLANE_ANGLE_UNIT ( ) SI_UNIT ( $, .RADIAN. ) );
#2510 = VERTEX_POINT ( 'NONE', #3104 ) ;
#2511 = ORIENTED_EDGE ( 'NONE', *, *, #2809, .T. ) ;
#2512 = MECHANICAL_DESIGN_GEOMETRIC_PRESENTATION_REPRESENTATION (  '', ( #636 ), #2190 ) ;
#2513 = DIRECTION ( 'NONE',  ( -0.9936164460866284687, 0.000000000000000000, -0.1128111610886890770 ) ) ;
#2514 = PLANE ( 'NONE',  #405 ) ;
#2515 = MECHANICAL_DESIGN_GEOMETRIC_PRESENTATION_REPRESENTATION (  '', ( #133 ), #205 ) ;
#2516 = DIRECTION ( 'NONE',  ( 1.000000000000000000, 0.000000000000000000, 0.000000000000000000 ) ) ;
#2517 = PLANE ( 'NONE',  #488 ) ;
#2518 =( GEOMETRIC_REPRESENTATION_CONTEXT ( 3 ) GLOBAL_UNCERTAINTY_ASSIGNED_CONTEXT ( ( #1816 ) ) GLOBAL_UNIT_ASSIGNED_CONTEXT ( ( #609, #3288, #3249 ) ) REPRESENTATION_CONTEXT ( 'NONE', 'WORKASPACE' ) );
#2519 = EDGE_CURVE ( 'NONE', #379, #362, #2783, .T. ) ;
#2520 = PLANE ( 'NONE',  #874 ) ;
#2521 = PRESENTATION_STYLE_ASSIGNMENT (( #742 ) ) ;
#2522 =( NAMED_UNIT ( * ) SI_UNIT ( $, .STERADIAN. ) SOLID_ANGLE_UNIT ( ) );
#2523 = STYLED_ITEM ( 'NONE', ( #3425 ), #125 ) ;
#2524 = ORIENTED_EDGE ( 'NONE', *, *, #2892, .T. ) ;
#2525 = EDGE_CURVE ( 'NONE', #2832, #1415, #1310, .T. ) ;
#2526 =( NAMED_UNIT ( * ) PLANE_ANGLE_UNIT ( ) SI_UNIT ( $, .RADIAN. ) );
#2527 = STYLED_ITEM ( 'NONE', ( #666 ), #2882 ) ;
#2528 = DIRECTION ( 'NONE',  ( 0.000000000000000000, -0.000000000000000000, -1.000000000000000000 ) ) ;
#2529 = PRESENTATION_LAYER_ASSIGNMENT (  '', '', ( #3376 ) ) ;
#2530 = UNCERTAINTY_MEASURE_WITH_UNIT (LENGTH_MEASURE( 1.000000000000000082E-05 ), #2770, 'distance_accuracy_value', 'NONE');
#2531 = CARTESIAN_POINT ( 'NONE',  ( -0.08661417322834646937, -0.07086614173228350522, 0.03543307085282608460 ) ) ;
#2532 =( CONVERSION_BASED_UNIT ( 'INCH', #1045 ) LENGTH_UNIT ( ) NAMED_UNIT ( #3578 ) );
#2533 =( CONVERSION_BASED_UNIT ( 'INCH', #1004 ) LENGTH_UNIT ( ) NAMED_UNIT ( #1012 ) );
#2534 = DIRECTION ( 'NONE',  ( -0.9863939238321437486, 0.000000000000000000, 0.1643989873053575135 ) ) ;
#2535 = EDGE_LOOP ( 'NONE', ( #3698, #3219, #1865, #2299, #1508, #3644, #2820, #656, #3568, #872, #3758, #1819, #906, #3462, #2440, #2287, #1384, #189, #736, #1131, #3297, #1395 ) ) ;
#2536 = ORIENTED_EDGE ( 'NONE', *, *, #3682, .F. ) ;
#2537 = STYLED_ITEM ( 'NONE', ( #902 ), #2288 ) ;
#2538 = LINE ( 'NONE', #3415, #2057 ) ;
#2539 = CARTESIAN_POINT ( 'NONE',  ( 0.1673228346456692994, -0.06889763779527560694, 0.04724409448818899654 ) ) ;
#2540 = SURFACE_STYLE_FILL_AREA ( #141 ) ;
#2541 = ORIENTED_EDGE ( 'NONE', *, *, #2336, .T. ) ;
#2542 = SURFACE_STYLE_USAGE ( .BOTH. , #1982 ) ;
#2543 = DIRECTION ( 'NONE',  ( 0.000000000000000000, 1.000000000000000000, 0.000000000000000000 ) ) ;
#2544 =( NAMED_UNIT ( * ) PLANE_ANGLE_UNIT ( ) SI_UNIT ( $, .RADIAN. ) );
#2545 = ORIENTED_EDGE ( 'NONE', *, *, #561, .F. ) ;
#2546 = PLANE ( 'NONE',  #1661 ) ;
#2547 = EDGE_CURVE ( 'NONE', #181, #3136, #3862, .T. ) ;
#2548 = CARTESIAN_POINT ( 'NONE',  ( 0.1771653543307087075, 0.06889763779527560694, 0.1219460698425197248 ) ) ;
#2549 = LINE ( 'NONE', #2531, #1461 ) ;
#2550 = LENGTH_MEASURE_WITH_UNIT ( LENGTH_MEASURE( 0.02539999999999999897 ), #733 );
#2551 = ORIENTED_EDGE ( 'NONE', *, *, #1283, .T. ) ;
#2552 =( NAMED_UNIT ( * ) PLANE_ANGLE_UNIT ( ) SI_UNIT ( $, .RADIAN. ) );
#2553 = ORIENTED_EDGE ( 'NONE', *, *, #2201, .T. ) ;
#2554 = ORIENTED_EDGE ( 'NONE', *, *, #350, .F. ) ;
#2555 = CARTESIAN_POINT ( 'NONE',  ( -0.1102362204724409434, -0.06889763779469233740, -0.1062992125984252023 ) ) ;
#2556 =( GEOMETRIC_REPRESENTATION_CONTEXT ( 3 ) GLOBAL_UNCERTAINTY_ASSIGNED_CONTEXT ( ( #2120 ) ) GLOBAL_UNIT_ASSIGNED_CONTEXT ( ( #2750, #2964, #3010 ) ) REPRESENTATION_CONTEXT ( 'NONE', 'WORKASPACE' ) );
#2557 = EDGE_CURVE ( 'NONE', #1458, #379, #2483, .T. ) ;
#2558 = SURFACE_SIDE_STYLE ('',( #1665 ) ) ;
#2559 = DIRECTION ( 'NONE',  ( 1.000000000000000000, 0.000000000000000000, -0.000000000000000000 ) ) ;
#2560 = PRESENTATION_LAYER_ASSIGNMENT (  '', '', ( #929 ) ) ;
#2561 = ADVANCED_FACE ( 'NONE', ( #444 ), #1261, .F. ) ;
#2562 = ORIENTED_EDGE ( 'NONE', *, *, #447, .T. ) ;
#2563 = VECTOR ( 'NONE', #2977, 39.37007874015748143 ) ;
#2564 = VECTOR ( 'NONE', #2474, 39.37007874015748143 ) ;
#2565 = SURFACE_STYLE_USAGE ( .BOTH. , #3189 ) ;
#2566 = MECHANICAL_DESIGN_GEOMETRIC_PRESENTATION_REPRESENTATION (  '', ( #2106 ), #998 ) ;
#2567 = SURFACE_SIDE_STYLE ('',( #169 ) ) ;
#2568 = VERTEX_POINT ( 'NONE', #2438 ) ;
#2569 =( GEOMETRIC_REPRESENTATION_CONTEXT ( 3 ) GLOBAL_UNCERTAINTY_ASSIGNED_CONTEXT ( ( #580 ) ) GLOBAL_UNIT_ASSIGNED_CONTEXT ( ( #992, #2175, #2261 ) ) REPRESENTATION_CONTEXT ( 'NONE', 'WORKASPACE' ) );
#2570 = SURFACE_SIDE_STYLE ('',( #3137 ) ) ;
#2571 =( LENGTH_UNIT ( ) NAMED_UNIT ( * ) SI_UNIT ( $, .METRE. ) );
#2572 = DIRECTION ( 'NONE',  ( -1.000000000000000000, 0.000000000000000000, 0.000000000000000000 ) ) ;
#2573 =( NAMED_UNIT ( * ) SI_UNIT ( $, .STERADIAN. ) SOLID_ANGLE_UNIT ( ) );
#2574 = CARTESIAN_POINT ( 'NONE',  ( 0.01771653543307087630, 0.02165354330708661734, 0.2165354330708662289 ) ) ;
#2575 = VERTEX_POINT ( 'NONE', #2125 ) ;
#2576 = CARTESIAN_POINT ( 'NONE',  ( -0.1555118110236220208, 0.05905511811023622659, 0.01181102362204727516 ) ) ;
#2577 = CYLINDRICAL_SURFACE ( 'NONE', #516, 0.003937007874015758385 ) ;
#2578 = FACE_OUTER_BOUND ( 'NONE', #2364, .T. ) ;
#2579 = FACE_OUTER_BOUND ( 'NONE', #1840, .T. ) ;
#2580 = PRESENTATION_LAYER_ASSIGNMENT (  '', '', ( #1691 ) ) ;
#2581 = SURFACE_SIDE_STYLE ('',( #1035 ) ) ;
#2582 = ORIENTED_EDGE ( 'NONE', *, *, #2837, .T. ) ;
#2583 = EDGE_CURVE ( 'NONE', #2497, #3824, #654, .T. ) ;
#2584 = DIRECTION ( 'NONE',  ( 1.000000000000000000, -0.000000000000000000, 0.000000000000000000 ) ) ;
#2585 = AXIS2_PLACEMENT_3D ( 'NONE', #729, #3015, #355 ) ;
#2586 = DIMENSIONAL_EXPONENTS ( 1.000000000000000000, 0.000000000000000000, 0.000000000000000000, 0.000000000000000000, 0.000000000000000000, 0.000000000000000000, 0.000000000000000000 ) ;
#2587 = LINE ( 'NONE', #2004, #1917 ) ;
#2588 = FILL_AREA_STYLE ('',( #3774 ) ) ;
#2589 = VERTEX_POINT ( 'NONE', #3622 ) ;
#2590 = VERTEX_POINT ( 'NONE', #1832 ) ;
#2591 = CARTESIAN_POINT ( 'NONE',  ( 0.08661417322834646937, -0.06692913385826772255, 0.04330708661417324162 ) ) ;
#2592 = DIRECTION ( 'NONE',  ( 0.000000000000000000, -1.000000000000000000, -0.000000000000000000 ) ) ;
#2593 = EDGE_LOOP ( 'NONE', ( #3074, #3710, #3267, #1662 ) ) ;
#2594 = SURFACE_STYLE_FILL_AREA ( #1713 ) ;
#2595 = DIRECTION ( 'NONE',  ( 0.000000000000000000, 0.000000000000000000, -1.000000000000000000 ) ) ;
#2596 = VECTOR ( 'NONE', #2794, 39.37007874015748143 ) ;
#2597 = LINE ( 'NONE', #2293, #2273 ) ;
#2598 = LENGTH_MEASURE_WITH_UNIT ( LENGTH_MEASURE( 0.02539999999999999897 ), #1402 );
#2599 = FILL_AREA_STYLE ('',( #1404 ) ) ;
#2600 = CARTESIAN_POINT ( 'NONE',  ( -0.1279527559055029517, 0.02952755905509221040, 5.314084624550506935E-14 ) ) ;
#2601 = FILL_AREA_STYLE ('',( #1407 ) ) ;
#2602 =( GEOMETRIC_REPRESENTATION_CONTEXT ( 3 ) GLOBAL_UNCERTAINTY_ASSIGNED_CONTEXT ( ( #3595 ) ) GLOBAL_UNIT_ASSIGNED_CONTEXT ( ( #1829, #46, #2573 ) ) REPRESENTATION_CONTEXT ( 'NONE', 'WORKASPACE' ) );
#2603 = VERTEX_POINT ( 'NONE', #3020 ) ;
#2604 = ADVANCED_FACE ( 'NONE', ( #361 ), #1544, .T. ) ;
#2605 = LINE ( 'NONE', #3773, #513 ) ;
#2606 = PLANE ( 'NONE',  #2353 ) ;
#2607 = ORIENTED_EDGE ( 'NONE', *, *, #3240, .F. ) ;
#2608 = VECTOR ( 'NONE', #2395, 39.37007874015748143 ) ;
#2609 = COLOUR_RGB ( '',0.7529411764705882248, 0.7529411764705882248, 0.7529411764705882248 ) ;
#2610 = DIRECTION ( 'NONE',  ( -0.000000000000000000, 0.000000000000000000, -1.000000000000000000 ) ) ;
#2611 = LINE ( 'NONE', #770, #511 ) ;
#2612 = VERTEX_POINT ( 'NONE', #482 ) ;
#2613 = LINE ( 'NONE', #1434, #406 ) ;
#2614 = DIRECTION ( 'NONE',  ( 0.1643989873053574857, 0.000000000000000000, 0.9863939238321436376 ) ) ;
#2615 = SURFACE_SIDE_STYLE ('',( #1143 ) ) ;
#2616 =( NAMED_UNIT ( * ) SI_UNIT ( $, .STERADIAN. ) SOLID_ANGLE_UNIT ( ) );
#2617 = PRODUCT_DEFINITION_SHAPE ( 'NONE', 'NONE',  #2714 ) ;
#2618 = CARTESIAN_POINT ( 'NONE',  ( 0.1102362204699803144, -0.07086614173228350522, 0.04330708661417324162 ) ) ;
#2619 = SURFACE_STYLE_USAGE ( .BOTH. , #276 ) ;
#2620 = CYLINDRICAL_SURFACE ( 'NONE', #3508, 0.01574803149606301619 ) ;
#2621 = STYLED_ITEM ( 'NONE', ( #1673 ), #816 ) ;
#2622 = ORIENTED_EDGE ( 'NONE', *, *, #3151, .T. ) ;
#2623 = DIRECTION ( 'NONE',  ( 0.000000000000000000, -0.000000000000000000, -1.000000000000000000 ) ) ;
#2624 = LENGTH_MEASURE_WITH_UNIT ( LENGTH_MEASURE( 0.02539999999999999897 ), #3808 );
#2625 = PRESENTATION_LAYER_ASSIGNMENT (  '', '', ( #106 ) ) ;
#2626 = DIRECTION ( 'NONE',  ( 0.000000000000000000, 0.000000000000000000, 1.000000000000000000 ) ) ;
#2627 = ORIENTED_EDGE ( 'NONE', *, *, #2863, .T. ) ;
#2628 = VECTOR ( 'NONE', #413, 39.37007874015748143 ) ;
#2629 = FACE_OUTER_BOUND ( 'NONE', #313, .T. ) ;
#2630 = SURFACE_STYLE_USAGE ( .BOTH. , #546 ) ;
#2631 = LINE ( 'NONE', #2014, #1766 ) ;
#2632 = CARTESIAN_POINT ( 'NONE',  ( 0.01771653543307087630, 0.02165354330708661734, 0.08661417322834644161 ) ) ;
#2633 = CARTESIAN_POINT ( 'NONE',  ( 0.1673228346456692994, -0.06889763779527560694, 0.04724409448818899654 ) ) ;
#2634 =( LENGTH_UNIT ( ) NAMED_UNIT ( * ) SI_UNIT ( $, .METRE. ) );
#2635 = SURFACE_SIDE_STYLE ('',( #780 ) ) ;
#2636 = ORIENTED_EDGE ( 'NONE', *, *, #2519, .F. ) ;
#2637 = CARTESIAN_POINT ( 'NONE',  ( 0.1555118110236220208, 0.05905511811023622659, 0.01181102362204727516 ) ) ;
#2638 = SURFACE_STYLE_FILL_AREA ( #2087 ) ;
#2639 = PRESENTATION_STYLE_ASSIGNMENT (( #786 ) ) ;
#2640 = CIRCLE ( 'NONE', #1011, 0.007874015748031499423 ) ;
#2641 = LENGTH_MEASURE_WITH_UNIT ( LENGTH_MEASURE( 0.02539999999999999897 ), #11 );
#2642 = EDGE_CURVE ( 'NONE', #3527, #2603, #204, .T. ) ;
#2643 = ORIENTED_EDGE ( 'NONE', *, *, #873, .T. ) ;
#2644 = PLANE ( 'NONE',  #369 ) ;
#2645 =( GEOMETRIC_REPRESENTATION_CONTEXT ( 3 ) GLOBAL_UNCERTAINTY_ASSIGNED_CONTEXT ( ( #658 ) ) GLOBAL_UNIT_ASSIGNED_CONTEXT ( ( #1898, #2509, #3686 ) ) REPRESENTATION_CONTEXT ( 'NONE', 'WORKASPACE' ) );
#2646 = ADVANCED_FACE ( 'NONE', ( #813 ), #754, .F. ) ;
#2647 = DIRECTION ( 'NONE',  ( -0.000000000000000000, 1.000000000000000000, -0.000000000000000000 ) ) ;
#2648 = SURFACE_STYLE_USAGE ( .BOTH. , #2615 ) ;
#2649 = CARTESIAN_POINT ( 'NONE',  ( 0.000000000000000000, 0.05905511811023622659, -0.1181102362204724532 ) ) ;
#2650 = DIRECTION ( 'NONE',  ( 1.000000000000000000, 0.000000000000000000, 0.000000000000000000 ) ) ;
#2651 = VECTOR ( 'NONE', #1362, 39.37007874015748143 ) ;
#2652 = DIRECTION ( 'NONE',  ( -1.000000000000000000, 0.000000000000000000, 0.000000000000000000 ) ) ;
#2653 = PLANE ( 'NONE',  #3616 ) ;
#2654 = ORIENTED_EDGE ( 'NONE', *, *, #89, .T. ) ;
#2655 = CIRCLE ( 'NONE', #1287, 0.01181102362204724046 ) ;
#2656 =( CONVERSION_BASED_UNIT ( 'INCH', #1739 ) LENGTH_UNIT ( ) NAMED_UNIT ( #2987 ) );
#2657 =( GEOMETRIC_REPRESENTATION_CONTEXT ( 3 ) GLOBAL_UNCERTAINTY_ASSIGNED_CONTEXT ( ( #3025 ) ) GLOBAL_UNIT_ASSIGNED_CONTEXT ( ( #3768, #3200, #3511 ) ) REPRESENTATION_CONTEXT ( 'NONE', 'WORKASPACE' ) );
#2658 = DIMENSIONAL_EXPONENTS ( 1.000000000000000000, 0.000000000000000000, 0.000000000000000000, 0.000000000000000000, 0.000000000000000000, 0.000000000000000000, 0.000000000000000000 ) ;
#2659 = CARTESIAN_POINT ( 'NONE',  ( -0.01181102362204724567, -0.06889763779527560694, 0.03543307086614175955 ) ) ;
#2660 = EDGE_CURVE ( 'NONE', #557, #1210, #537, .T. ) ;
#2661 = ORIENTED_EDGE ( 'NONE', *, *, #2642, .T. ) ;
#2662 = UNCERTAINTY_MEASURE_WITH_UNIT (LENGTH_MEASURE( 1.000000000000000082E-05 ), #1992, 'distance_accuracy_value', 'NONE');
#2663 = CARTESIAN_POINT ( 'NONE',  ( 0.1259842519685039353, -0.05729921259842521430, 0.01181102362204727516 ) ) ;
#2664 = ORIENTED_EDGE ( 'NONE', *, *, #2687, .T. ) ;
#2665 = UNCERTAINTY_MEASURE_WITH_UNIT (LENGTH_MEASURE( 1.000000000000000082E-05 ), #1885, 'distance_accuracy_value', 'NONE');
#2666 = LINE ( 'NONE', #3208, #334 ) ;
#2667 = EDGE_CURVE ( 'NONE', #1231, #557, #2597, .T. ) ;
#2668 = SURFACE_SIDE_STYLE ('',( #2357 ) ) ;
#2669 = COLOUR_RGB ( '',0.7529411764705882248, 0.7529411764705882248, 0.7529411764705882248 ) ;
#2670 = LINE ( 'NONE', #2050, #3007 ) ;
#2671 =( CONVERSION_BASED_UNIT ( 'INCH', #1130 ) LENGTH_UNIT ( ) NAMED_UNIT ( #67 ) );
#2672 = FILL_AREA_STYLE ('',( #2346 ) ) ;
#2673 = ORIENTED_EDGE ( 'NONE', *, *, #3855, .F. ) ;
#2674 = EDGE_CURVE ( 'NONE', #3390, #842, #2248, .T. ) ;
#2675 = ORIENTED_EDGE ( 'NONE', *, *, #3220, .F. ) ;
#2676 =( NAMED_UNIT ( * ) PLANE_ANGLE_UNIT ( ) SI_UNIT ( $, .RADIAN. ) );
#2677 = DIMENSIONAL_EXPONENTS ( 1.000000000000000000, 0.000000000000000000, 0.000000000000000000, 0.000000000000000000, 0.000000000000000000, 0.000000000000000000, 0.000000000000000000 ) ;
#2678 = CYLINDRICAL_SURFACE ( 'NONE', #3475, 0.007874015748031499423 ) ;
#2679 = CIRCLE ( 'NONE', #3217, 0.003937007874015758385 ) ;
#2680 = SURFACE_STYLE_USAGE ( .BOTH. , #1780 ) ;
#2681 = DIRECTION ( 'NONE',  ( 0.000000000000000000, -0.5547001962252283702, 0.8320502943378440541 ) ) ;
#2682 = MECHANICAL_DESIGN_GEOMETRIC_PRESENTATION_REPRESENTATION (  '', ( #3478 ), #2743 ) ;
#2683 = CARTESIAN_POINT ( 'NONE',  ( 0.1259842519580955666, -0.05905511811023622659, 0.01181102362204727516 ) ) ;
#2684 = DIRECTION ( 'NONE',  ( 1.000000000000000000, 0.000000000000000000, 0.000000000000000000 ) ) ;
#2685 = VERTEX_POINT ( 'NONE', #1048 ) ;
#2686 = SURFACE_SIDE_STYLE ('',( #2638 ) ) ;
#2687 = EDGE_CURVE ( 'NONE', #1519, #3346, #1642, .T. ) ;
#2688 =( CONVERSION_BASED_UNIT ( 'INCH', #2107 ) LENGTH_UNIT ( ) NAMED_UNIT ( #2064 ) );
#2689 = STYLED_ITEM ( 'NONE', ( #1970 ), #429 ) ;
#2690 = ORIENTED_EDGE ( 'NONE', *, *, #1552, .T. ) ;
#2691 =( GEOMETRIC_REPRESENTATION_CONTEXT ( 3 ) GLOBAL_UNCERTAINTY_ASSIGNED_CONTEXT ( ( #1540 ) ) GLOBAL_UNIT_ASSIGNED_CONTEXT ( ( #1619, #356, #3316 ) ) REPRESENTATION_CONTEXT ( 'NONE', 'WORKASPACE' ) );
#2692 = MECHANICAL_DESIGN_GEOMETRIC_PRESENTATION_REPRESENTATION (  '', ( #3676 ), #3353 ) ;
#2693 = SURFACE_STYLE_USAGE ( .BOTH. , #3295 ) ;
#2694 = COLOUR_RGB ( '',1.000000000000000000, 1.000000000000000000, 1.000000000000000000 ) ;
#2695 = LINE ( 'NONE', #1767, #2563 ) ;
#2696 = MECHANICAL_DESIGN_GEOMETRIC_PRESENTATION_REPRESENTATION (  '', ( #322 ), #1266 ) ;
#2697 = PRESENTATION_LAYER_ASSIGNMENT (  '', '', ( #3683 ) ) ;
#2698 = LINE ( 'NONE', #1733, #2205 ) ;
#2699 =( CONVERSION_BASED_UNIT ( 'INCH', #625 ) LENGTH_UNIT ( ) NAMED_UNIT ( #3825 ) );
#2700 = DIMENSIONAL_EXPONENTS ( 1.000000000000000000, 0.000000000000000000, 0.000000000000000000, 0.000000000000000000, 0.000000000000000000, 0.000000000000000000, 0.000000000000000000 ) ;
#2701 = LENGTH_MEASURE_WITH_UNIT ( LENGTH_MEASURE( 0.02539999999999999897 ), #308 );
#2702 = DIRECTION ( 'NONE',  ( -1.000000000000000000, -0.000000000000000000, 0.000000000000000000 ) ) ;
#2703 = LINE ( 'NONE', #292, #3762 ) ;
#2704 = VERTEX_POINT ( 'NONE', #795 ) ;
#2705 = ORIENTED_EDGE ( 'NONE', *, *, #521, .F. ) ;
#2706 = PRESENTATION_STYLE_ASSIGNMENT (( #1513 ) ) ;
#2707 = FILL_AREA_STYLE_COLOUR ( '', #2041 ) ;
#2708 = PRESENTATION_LAYER_ASSIGNMENT (  '', '', ( #479 ) ) ;
#2709 = VECTOR ( 'NONE', #1597, 39.37007874015748143 ) ;
#2710 = PRESENTATION_STYLE_ASSIGNMENT (( #2088 ) ) ;
#2711 = EDGE_CURVE ( 'NONE', #2484, #2812, #1975, .T. ) ;
#2712 = ORIENTED_EDGE ( 'NONE', *, *, #1337, .T. ) ;
#2713 = VERTEX_POINT ( 'NONE', #2356 ) ;
#2714 = PRODUCT_DEFINITION ( 'UNKNOWN', '', #1548, #3056 ) ;
#2715 = UNCERTAINTY_MEASURE_WITH_UNIT (LENGTH_MEASURE( 1.000000000000000082E-05 ), #1180, 'distance_accuracy_value', 'NONE');
#2716 = CARTESIAN_POINT ( 'NONE',  ( 0.06889763779527560694, 0.02165354330708661734, 0.2165354330708662289 ) ) ;
#2717 = DIRECTION ( 'NONE',  ( -0.000000000000000000, -1.000000000000000000, 0.000000000000000000 ) ) ;
#2718 = UNCERTAINTY_MEASURE_WITH_UNIT (LENGTH_MEASURE( 1.000000000000000082E-05 ), #2699, 'distance_accuracy_value', 'NONE');
#2719 =( NAMED_UNIT ( * ) PLANE_ANGLE_UNIT ( ) SI_UNIT ( $, .RADIAN. ) );
#2720 = EDGE_LOOP ( 'NONE', ( #3603, #2661, #3734, #1028 ) ) ;
#2721 = ORIENTED_EDGE ( 'NONE', *, *, #1839, .F. ) ;
#2722 = SURFACE_SIDE_STYLE ('',( #1795 ) ) ;
#2723 = UNCERTAINTY_MEASURE_WITH_UNIT (LENGTH_MEASURE( 1.000000000000000082E-05 ), #1405, 'distance_accuracy_value', 'NONE');
#2724 = LINE ( 'NONE', #1838, #1315 ) ;
#2725 = ORIENTED_EDGE ( 'NONE', *, *, #396, .F. ) ;
#2726 = DIRECTION ( 'NONE',  ( 0.000000000000000000, -0.000000000000000000, 1.000000000000000000 ) ) ;
#2727 = MECHANICAL_DESIGN_GEOMETRIC_PRESENTATION_REPRESENTATION (  '', ( #32 ), #3586 ) ;
#2728 = MECHANICAL_DESIGN_GEOMETRIC_PRESENTATION_REPRESENTATION (  '', ( #3375 ), #2556 ) ;
#2729 = ORIENTED_EDGE ( 'NONE', *, *, #183, .T. ) ;
#2730 = CARTESIAN_POINT ( 'NONE',  ( -0.01181102362204724567, 0.07086614173228350522, -0.1062992125987280295 ) ) ;
#2731 = LINE ( 'NONE', #1888, #2709 ) ;
#2732 = CARTESIAN_POINT ( 'NONE',  ( 0.06102362204734505802, 0.02952755905511811330, 0.2165354330708662289 ) ) ;
#2733 = FILL_AREA_STYLE ('',( #1578 ) ) ;
#2734 = PLANE ( 'NONE',  #2005 ) ;
#2735 = COLOUR_RGB ( '',0.6470588235294117974, 0.6196078431372549211, 0.5882352941176470784 ) ;
#2736 = PLANE ( 'NONE',  #900 ) ;
#2737 = LINE ( 'NONE', #2397, #485 ) ;
#2738 = CARTESIAN_POINT ( 'NONE',  ( 0.01181102362204724567, 0.07086614173228350522, 0.04330708661417324162 ) ) ;
#2739 = FILL_AREA_STYLE_COLOUR ( '', #2827 ) ;
#2740 = ORIENTED_EDGE ( 'NONE', *, *, #997, .F. ) ;
#2741 = ORIENTED_EDGE ( 'NONE', *, *, #3748, .F. ) ;
#2742 = LINE ( 'NONE', #53, #3786 ) ;
#2743 =( GEOMETRIC_REPRESENTATION_CONTEXT ( 3 ) GLOBAL_UNCERTAINTY_ASSIGNED_CONTEXT ( ( #2662 ) ) GLOBAL_UNIT_ASSIGNED_CONTEXT ( ( #1992, #1697, #2372 ) ) REPRESENTATION_CONTEXT ( 'NONE', 'WORKASPACE' ) );
#2744 = LINE ( 'NONE', #346, #553 ) ;
#2745 = CARTESIAN_POINT ( 'NONE',  ( 0.1631938765304894456, 0.06889763779527560694, 0.1375935729390447559 ) ) ;
#2746 = EDGE_CURVE ( 'NONE', #912, #69, #253, .T. ) ;
#2747 = LENGTH_MEASURE_WITH_UNIT ( LENGTH_MEASURE( 0.02539999999999999897 ), #80 );
#2748 = ORIENTED_EDGE ( 'NONE', *, *, #1257, .F. ) ;
#2749 = DIRECTION ( 'NONE',  ( 0.000000000000000000, 0.000000000000000000, -1.000000000000000000 ) ) ;
#2750 =( CONVERSION_BASED_UNIT ( 'INCH', #1 ) LENGTH_UNIT ( ) NAMED_UNIT ( #3509 ) );
#2751 = VECTOR ( 'NONE', #206, 39.37007874015748143 ) ;
#2752 = LINE ( 'NONE', #956, #3443 ) ;
#2753 = STYLED_ITEM ( 'NONE', ( #1383 ), #990 ) ;
#2754 = CARTESIAN_POINT ( 'NONE',  ( -0.1476377952755905387, -0.02144094488188976952, 0.000000000000000000 ) ) ;
#2755 = PRESENTATION_STYLE_ASSIGNMENT (( #3680 ) ) ;
#2756 = EDGE_CURVE ( 'NONE', #2867, #1057, #305, .T. ) ;
#2757 = STYLED_ITEM ( 'NONE', ( #1279 ), #1793 ) ;
#2758 = CARTESIAN_POINT ( 'NONE',  ( 0.1673228346456692994, 0.06889763779527560694, 0.03543307086614175955 ) ) ;
#2759 = SURFACE_STYLE_USAGE ( .BOTH. , #2163 ) ;
#2760 = LINE ( 'NONE', #2124, #1628 ) ;
#2761 = DIRECTION ( 'NONE',  ( -0.000000000000000000, 1.000000000000000000, 0.000000000000000000 ) ) ;
#2762 = VERTEX_POINT ( 'NONE', #3845 ) ;
#2763 = VERTEX_POINT ( 'NONE', #2374 ) ;
#2764 = CARTESIAN_POINT ( 'NONE',  ( 0.01181102362204724567, 0.05905511811023622659, 0.01181102362442321488 ) ) ;
#2765 = FILL_AREA_STYLE ('',( #3326 ) ) ;
#2766 = LENGTH_MEASURE_WITH_UNIT ( LENGTH_MEASURE( 0.02539999999999999897 ), #721 );
#2767 = CARTESIAN_POINT ( 'NONE',  ( 0.1377952755905511861, -0.06889763779527560694, 0.04671663544714393934 ) ) ;
#2768 = VECTOR ( 'NONE', #3360, 39.37007874015748143 ) ;
#2769 = EDGE_CURVE ( 'NONE', #1534, #3145, #868, .T. ) ;
#2770 =( CONVERSION_BASED_UNIT ( 'INCH', #2747 ) LENGTH_UNIT ( ) NAMED_UNIT ( #3806 ) );
#2771 = ORIENTED_EDGE ( 'NONE', *, *, #1945, .T. ) ;
#2772 = LINE ( 'NONE', #783, #2195 ) ;
#2773 = DIRECTION ( 'NONE',  ( 0.000000000000000000, 1.000000000000000000, 0.000000000000000000 ) ) ;
#2774 = VECTOR ( 'NONE', #579, 39.37007874015748143 ) ;
#2775 = COLOUR_RGB ( '',0.2509803921568627416, 0.2509803921568627416, 0.2509803921568627416 ) ;
#2776 = MECHANICAL_DESIGN_GEOMETRIC_PRESENTATION_REPRESENTATION (  '', ( #2838 ), #2657 ) ;
#2777 =( CONVERSION_BASED_UNIT ( 'INCH', #2598 ) LENGTH_UNIT ( ) NAMED_UNIT ( #3458 ) );
#2778 = LINE ( 'NONE', #2796, #2990 ) ;
#2779 = DIRECTION ( 'NONE',  ( 1.000000000000000000, 0.000000000000000000, -0.000000000000000000 ) ) ;
#2780 = EDGE_CURVE ( 'NONE', #2108, #573, #1214, .T. ) ;
#2781 = DIRECTION ( 'NONE',  ( 0.000000000000000000, 0.000000000000000000, -1.000000000000000000 ) ) ;
#2782 = DIMENSIONAL_EXPONENTS ( 1.000000000000000000, 0.000000000000000000, 0.000000000000000000, 0.000000000000000000, 0.000000000000000000, 0.000000000000000000, 0.000000000000000000 ) ;
#2783 = LINE ( 'NONE', #983, #774 ) ;
#2784 = ORIENTED_EDGE ( 'NONE', *, *, #1090, .T. ) ;
#2785 = ORIENTED_EDGE ( 'NONE', *, *, #1843, .F. ) ;
#2786 =( CONVERSION_BASED_UNIT ( 'INCH', #1588 ) LENGTH_UNIT ( ) NAMED_UNIT ( #2875 ) );
#2787 = AXIS2_PLACEMENT_3D ( 'NONE', #852, #3818, #920 ) ;
#2788 = ADVANCED_FACE ( 'NONE', ( #3523 ), #1481, .F. ) ;
#2789 = LINE ( 'NONE', #1335, #2422 ) ;
#2790 = CARTESIAN_POINT ( 'NONE',  ( 0.1476377952755905387, 0.02952755905511811677, 0.000000000000000000 ) ) ;
#2791 = VERTEX_POINT ( 'NONE', #2649 ) ;
#2792 = CARTESIAN_POINT ( 'NONE',  ( 0.1279527559055023411, -0.05729921259842521430, 5.695476215540978935E-14 ) ) ;
#2793 = LINE ( 'NONE', #3078, #2628 ) ;
#2794 = DIRECTION ( 'NONE',  ( 0.000000000000000000, -1.000000000000000000, -0.000000000000000000 ) ) ;
#2795 =( NAMED_UNIT ( * ) SI_UNIT ( $, .STERADIAN. ) SOLID_ANGLE_UNIT ( ) );
#2796 = CARTESIAN_POINT ( 'NONE',  ( 0.01181102362204724567, 0.05905511811023622659, -0.1188897637795275075 ) ) ;
#2797 = UNCERTAINTY_MEASURE_WITH_UNIT (LENGTH_MEASURE( 1.000000000000000082E-05 ), #109, 'distance_accuracy_value', 'NONE');
#2798 = CARTESIAN_POINT ( 'NONE',  ( -0.1771653543307087630, -0.06889763779527560694, 0.1219460698425197248 ) ) ;
#2799 = SURFACE_SIDE_STYLE ('',( #1025 ) ) ;
#2800 = SURFACE_STYLE_FILL_AREA ( #420 ) ;
#2801 = CARTESIAN_POINT ( 'NONE',  ( -0.1555118110236220208, -0.05708661416109250125, 0.01181102362204727516 ) ) ;
#2802 = VERTEX_POINT ( 'NONE', #2979 ) ;
#2803 = ORIENTED_EDGE ( 'NONE', *, *, #3465, .F. ) ;
#2804 = EDGE_CURVE ( 'NONE', #3044, #2603, #2698, .T. ) ;
#2805 =( GEOMETRIC_REPRESENTATION_CONTEXT ( 3 ) GLOBAL_UNCERTAINTY_ASSIGNED_CONTEXT ( ( #1042 ) ) GLOBAL_UNIT_ASSIGNED_CONTEXT ( ( #150, #2544, #3755 ) ) REPRESENTATION_CONTEXT ( 'NONE', 'WORKASPACE' ) );
#2806 = LENGTH_MEASURE_WITH_UNIT ( LENGTH_MEASURE( 0.02539999999999999897 ), #3370 );
#2807 = FILL_AREA_STYLE ('',( #1330 ) ) ;
#2808 =( NAMED_UNIT ( * ) PLANE_ANGLE_UNIT ( ) SI_UNIT ( $, .RADIAN. ) );
#2809 = EDGE_CURVE ( 'NONE', #1050, #2912, #2021, .T. ) ;
#2810 = SURFACE_SIDE_STYLE ('',( #3553 ) ) ;
#2811 = SURFACE_SIDE_STYLE ('',( #723 ) ) ;
#2812 = VERTEX_POINT ( 'NONE', #3506 ) ;
#2813 = FILL_AREA_STYLE ('',( #1341 ) ) ;
#2814 = FACE_OUTER_BOUND ( 'NONE', #1219, .T. ) ;
#2815 = VECTOR ( 'NONE', #2893, 39.37007874015748143 ) ;
#2816 = SURFACE_STYLE_FILL_AREA ( #3720 ) ;
#2817 = COLOUR_RGB ( '',0.7529411764705882248, 0.7529411764705882248, 0.7529411764705882248 ) ;
#2818 =( CONVERSION_BASED_UNIT ( 'INCH', #1621 ) LENGTH_UNIT ( ) NAMED_UNIT ( #2275 ) );
#2819 = ORIENTED_EDGE ( 'NONE', *, *, #855, .F. ) ;
#2820 = ORIENTED_EDGE ( 'NONE', *, *, #3029, .T. ) ;
#2821 = CARTESIAN_POINT ( 'NONE',  ( -0.1631938766504552885, 0.06889763779527560694, 0.1375935729202482360 ) ) ;
#2822 =( NAMED_UNIT ( * ) SI_UNIT ( $, .STERADIAN. ) SOLID_ANGLE_UNIT ( ) );
#2823 = VECTOR ( 'NONE', #3147, 39.37007874015748143 ) ;
#2824 = DIRECTION ( 'NONE',  ( 0.000000000000000000, 0.000000000000000000, -1.000000000000000000 ) ) ;
#2825 = CARTESIAN_POINT ( 'NONE',  ( -0.1555118110236220208, -0.05905511811023622659, 0.01181102362204727516 ) ) ;
#2826 = EDGE_LOOP ( 'NONE', ( #245, #2304, #263, #3354 ) ) ;
#2827 = COLOUR_RGB ( '',1.000000000000000000, 1.000000000000000000, 1.000000000000000000 ) ;
#2828 = FACE_OUTER_BOUND ( 'NONE', #1915, .T. ) ;
#2829 = LENGTH_MEASURE_WITH_UNIT ( LENGTH_MEASURE( 0.02539999999999999897 ), #1594 );
#2830 = EDGE_CURVE ( 'NONE', #2188, #2108, #1160, .T. ) ;
#2831 = LENGTH_MEASURE_WITH_UNIT ( LENGTH_MEASURE( 0.02539999999999999897 ), #3697 );
#2832 = VERTEX_POINT ( 'NONE', #3229 ) ;
#2833 =( NAMED_UNIT ( * ) SI_UNIT ( $, .STERADIAN. ) SOLID_ANGLE_UNIT ( ) );
#2834 = CARTESIAN_POINT ( 'NONE',  ( 0.01181102362204724567, 0.07086614173228350522, 0.04330708661417324162 ) ) ;
#2835 = CARTESIAN_POINT ( 'NONE',  ( 0.01181102362204724567, 0.07086614173228350522, -0.1062992125984252023 ) ) ;
#2836 = VECTOR ( 'NONE', #665, 39.37007874015748143 ) ;
#2837 = EDGE_CURVE ( 'NONE', #152, #1458, #2032, .T. ) ;
#2838 = STYLED_ITEM ( 'NONE', ( #164 ), #2418 ) ;
#2839 =( NAMED_UNIT ( * ) SI_UNIT ( $, .STERADIAN. ) SOLID_ANGLE_UNIT ( ) );
#2840 = CARTESIAN_POINT ( 'NONE',  ( -0.1496062992083926069, -0.02165354329233116701, 0.01181102362739952331 ) ) ;
#2841 = CARTESIAN_POINT ( 'NONE',  ( -0.1771653543307088186, -0.06889763779527560694, 0.1279527559055118335 ) ) ;
#2842 = ORIENTED_EDGE ( 'NONE', *, *, #3335, .F. ) ;
#2843 = SURFACE_STYLE_FILL_AREA ( #2229 ) ;
#2844 = VERTEX_POINT ( 'NONE', #2946 ) ;
#2845 = ORIENTED_EDGE ( 'NONE', *, *, #2473, .T. ) ;
#2846 = CYLINDRICAL_SURFACE ( 'NONE', #885, 0.01574803149606299885 ) ;
#2847 = PLANE ( 'NONE',  #1105 ) ;
#2848 = APPLICATION_CONTEXT ( 'automotive_design' ) ;
#2849 = PRESENTATION_LAYER_ASSIGNMENT (  '', '', ( #1835 ) ) ;
#2850 =( CONVERSION_BASED_UNIT ( 'INCH', #1627 ) LENGTH_UNIT ( ) NAMED_UNIT ( #3355 ) );
#2851 = ORIENTED_EDGE ( 'NONE', *, *, #3861, .T. ) ;
#2852 =( NAMED_UNIT ( * ) PLANE_ANGLE_UNIT ( ) SI_UNIT ( $, .RADIAN. ) );
#2853 = FILL_AREA_STYLE ('',( #3134 ) ) ;
#2854 = ORIENTED_EDGE ( 'NONE', *, *, #111, .T. ) ;
#2855 = VECTOR ( 'NONE', #1606, 39.37007874015748143 ) ;
#2856 = LENGTH_MEASURE_WITH_UNIT ( LENGTH_MEASURE( 0.02539999999999999897 ), #438 );
#2857 = CARTESIAN_POINT ( 'NONE',  ( 0.1496062992028476535, -0.05905511811023622659, 0.01181102362204727516 ) ) ;
#2858 = DIRECTION ( 'NONE',  ( 0.000000000000000000, 0.000000000000000000, -1.000000000000000000 ) ) ;
#2859 = LENGTH_MEASURE_WITH_UNIT ( LENGTH_MEASURE( 0.02539999999999999897 ), #157 );
#2860 = ORIENTED_EDGE ( 'NONE', *, *, #1722, .T. ) ;
#2861 = VERTEX_POINT ( 'NONE', #1467 ) ;
#2862 = CARTESIAN_POINT ( 'NONE',  ( -0.1623027553937007594, -0.03346456692913386127, 0.1376947472047244658 ) ) ;
#2863 = EDGE_CURVE ( 'NONE', #2713, #2168, #2666, .T. ) ;
#2864 = CARTESIAN_POINT ( 'NONE',  ( -0.1771653543307088186, 0.06889763779527560694, 0.04724409448818899654 ) ) ;
#2865 = PRESENTATION_LAYER_ASSIGNMENT (  '', '', ( #2485 ) ) ;
#2866 = DIRECTION ( 'NONE',  ( 0.000000000000000000, -0.000000000000000000, 1.000000000000000000 ) ) ;
#2867 = VERTEX_POINT ( 'NONE', #3055 ) ;
#2868 = COLOUR_RGB ( '',1.000000000000000000, 1.000000000000000000, 1.000000000000000000 ) ;
#2869 = MECHANICAL_DESIGN_GEOMETRIC_PRESENTATION_REPRESENTATION (  '', ( #1676 ), #3274 ) ;
#2870 = FACE_BOUND ( 'NONE', #632, .T. ) ;
#2871 =( LENGTH_UNIT ( ) NAMED_UNIT ( * ) SI_UNIT ( $, .METRE. ) );
#2872 = STYLED_ITEM ( 'NONE', ( #1630 ), #3547 ) ;
#2873 = ORIENTED_EDGE ( 'NONE', *, *, #2756, .F. ) ;
#2874 = EDGE_CURVE ( 'NONE', #3322, #2861, #1000, .T. ) ;
#2875 = DIMENSIONAL_EXPONENTS ( 1.000000000000000000, 0.000000000000000000, 0.000000000000000000, 0.000000000000000000, 0.000000000000000000, 0.000000000000000000, 0.000000000000000000 ) ;
#2876 = DIRECTION ( 'NONE',  ( 1.000000000000000000, -0.000000000000000000, -0.000000000000000000 ) ) ;
#2877 = EDGE_LOOP ( 'NONE', ( #776, #1427, #2803, #2607 ) ) ;
#2878 = DIRECTION ( 'NONE',  ( -0.000000000000000000, 0.000000000000000000, 1.000000000000000000 ) ) ;
#2879 = CARTESIAN_POINT ( 'NONE',  ( -0.08661417322834646937, -0.05905511811023622659, -0.1188897637795275075 ) ) ;
#2880 = LENGTH_MEASURE_WITH_UNIT ( LENGTH_MEASURE( 0.02539999999999999897 ), #1698 );
#2881 = PRESENTATION_LAYER_ASSIGNMENT (  '', '', ( #2689 ) ) ;
#2882 = ADVANCED_FACE ( 'NONE', ( #1870 ), #85, .F. ) ;
#2883 = AXIS2_PLACEMENT_3D ( 'NONE', #904, #1506, #3497 ) ;
#2884 = DIRECTION ( 'NONE',  ( 0.000000000000000000, 1.000000000000000000, 0.000000000000000000 ) ) ;
#2885 =( GEOMETRIC_REPRESENTATION_CONTEXT ( 3 ) GLOBAL_UNCERTAINTY_ASSIGNED_CONTEXT ( ( #3405 ) ) GLOBAL_UNIT_ASSIGNED_CONTEXT ( ( #2379, #30, #1837 ) ) REPRESENTATION_CONTEXT ( 'NONE', 'WORKASPACE' ) );
#2886 = FILL_AREA_STYLE ('',( #3130 ) ) ;
#2887 = ORIENTED_EDGE ( 'NONE', *, *, #294, .T. ) ;
#2888 = MECHANICAL_DESIGN_GEOMETRIC_PRESENTATION_REPRESENTATION (  '', ( #2322 ), #2259 ) ;
#2889 =( CONVERSION_BASED_UNIT ( 'INCH', #1688 ) LENGTH_UNIT ( ) NAMED_UNIT ( #1412 ) );
#2890 = VECTOR ( 'NONE', #1110, 39.37007874015748143 ) ;
#2891 = ORIENTED_EDGE ( 'NONE', *, *, #578, .F. ) ;
#2892 = EDGE_CURVE ( 'NONE', #2713, #2575, #2159, .T. ) ;
#2893 = DIRECTION ( 'NONE',  ( 1.000000000000000000, 0.000000000000000000, 0.000000000000000000 ) ) ;
#2894 = VERTEX_POINT ( 'NONE', #2732 ) ;
#2895 =( NAMED_UNIT ( * ) PLANE_ANGLE_UNIT ( ) SI_UNIT ( $, .RADIAN. ) );
#2896 = FACE_OUTER_BOUND ( 'NONE', #3776, .T. ) ;
#2897 =( GEOMETRIC_REPRESENTATION_CONTEXT ( 3 ) GLOBAL_UNCERTAINTY_ASSIGNED_CONTEXT ( ( #1550 ) ) GLOBAL_UNIT_ASSIGNED_CONTEXT ( ( #1385, #3724, #2616 ) ) REPRESENTATION_CONTEXT ( 'NONE', 'WORKASPACE' ) );
#2898 = LINE ( 'NONE', #226, #2280 ) ;
#2899 = CARTESIAN_POINT ( 'NONE',  ( 0.07086614173228350522, 0.03149606299212598381, 0.1279527559055118335 ) ) ;
#2900 = DIRECTION ( 'NONE',  ( 0.000000000000000000, 0.000000000000000000, 1.000000000000000000 ) ) ;
#2901 = AXIS2_PLACEMENT_3D ( 'NONE', #688, #1806, #1542 ) ;
#2902 = EDGE_LOOP ( 'NONE', ( #2329, #2551, #293, #3833 ) ) ;
#2903 = LENGTH_MEASURE_WITH_UNIT ( LENGTH_MEASURE( 0.02539999999999999897 ), #2361 );
#2904 = DIRECTION ( 'NONE',  ( 0.000000000000000000, -1.000000000000000000, 0.000000000000000000 ) ) ;
#2905 = FACE_OUTER_BOUND ( 'NONE', #3769, .T. ) ;
#2906 = EDGE_CURVE ( 'NONE', #3804, #2484, #3002, .T. ) ;
#2907 = CARTESIAN_POINT ( 'NONE',  ( -0.1102362204724409434, -0.06692913385826772255, 0.04330708661417324162 ) ) ;
#2908 = ORIENTED_EDGE ( 'NONE', *, *, #894, .F. ) ;
#2909 = STYLED_ITEM ( 'NONE', ( #3263 ), #556 ) ;
#2910 = STYLED_ITEM ( 'NONE', ( #3185 ), #3244 ) ;
#2911 = CARTESIAN_POINT ( 'NONE',  ( -0.1673228346440288616, -0.06889763779527560694, 0.03543307086614175955 ) ) ;
#2912 = VERTEX_POINT ( 'NONE', #1304 ) ;
#2913 = DIRECTION ( 'NONE',  ( -0.1373605640049546661, 0.5494422552742973531, 0.8241633840297291069 ) ) ;
#2914 = SURFACE_STYLE_USAGE ( .BOTH. , #1126 ) ;
#2915 = LINE ( 'NONE', #2311, #1893 ) ;
#2916 = DIRECTION ( 'NONE',  ( -1.000000000000000000, -0.000000000000000000, 0.000000000000000000 ) ) ;
#2917 = CARTESIAN_POINT ( 'NONE',  ( 0.1102362204724409434, -0.07086614173228350522, 0.04330708661417324162 ) ) ;
#2918 =( LENGTH_UNIT ( ) NAMED_UNIT ( * ) SI_UNIT ( $, .METRE. ) );
#2919 = MECHANICAL_DESIGN_GEOMETRIC_PRESENTATION_REPRESENTATION (  '', ( #2621 ), #766 ) ;
#2920 = EDGE_CURVE ( 'NONE', #2685, #1285, #3072, .T. ) ;
#2921 = ORIENTED_EDGE ( 'NONE', *, *, #1043, .T. ) ;
#2922 =( CONVERSION_BASED_UNIT ( 'INCH', #2903 ) LENGTH_UNIT ( ) NAMED_UNIT ( #14 ) );
#2923 = DIMENSIONAL_EXPONENTS ( 1.000000000000000000, 0.000000000000000000, 0.000000000000000000, 0.000000000000000000, 0.000000000000000000, 0.000000000000000000, 0.000000000000000000 ) ;
#2924 = CARTESIAN_POINT ( 'NONE',  ( -0.1496062992055111063, -0.05708661416932014204, 0.01181102362253605258 ) ) ;
#2925 =( CONVERSION_BASED_UNIT ( 'INCH', #2318 ) LENGTH_UNIT ( ) NAMED_UNIT ( #3205 ) );
#2926 = DIRECTION ( 'NONE',  ( 0.000000000000000000, 0.000000000000000000, -1.000000000000000000 ) ) ;
#2927 = EDGE_CURVE ( 'NONE', #2802, #1273, #1760, .T. ) ;
#2928 = ORIENTED_EDGE ( 'NONE', *, *, #3359, .T. ) ;
#2929 = FILL_AREA_STYLE ('',( #1189 ) ) ;
#2930 = PRESENTATION_LAYER_ASSIGNMENT (  '', '', ( #3478 ) ) ;
#2931 = ORIENTED_EDGE ( 'NONE', *, *, #1293, .F. ) ;
#2932 = CARTESIAN_POINT ( 'NONE',  ( 0.000000000000000000, 0.07086614173228350522, -0.1062992125984252023 ) ) ;
#2933 = LINE ( 'NONE', #834, #1211 ) ;
#2934 = UNCERTAINTY_MEASURE_WITH_UNIT (LENGTH_MEASURE( 1.000000000000000082E-05 ), #373, 'distance_accuracy_value', 'NONE');
#2935 = CARTESIAN_POINT ( 'NONE',  ( 0.1496062992040963491, 0.02165354329853215465, 0.01181102363487896746 ) ) ;
#2936 = CARTESIAN_POINT ( 'NONE',  ( -0.1258425196850393724, 0.04921259842522202055, 3.774902900381942603E-14 ) ) ;
#2937 = LINE ( 'NONE', #2358, #2151 ) ;
#2938 = LINE ( 'NONE', #339, #706 ) ;
#2939 = VERTEX_POINT ( 'NONE', #2455 ) ;
#2940 = SURFACE_STYLE_USAGE ( .BOTH. , #1741 ) ;
#2941 = VERTEX_POINT ( 'NONE', #3080 ) ;
#2942 = EDGE_CURVE ( 'NONE', #842, #1876, #1522, .T. ) ;
#2943 = DIMENSIONAL_EXPONENTS ( 1.000000000000000000, 0.000000000000000000, 0.000000000000000000, 0.000000000000000000, 0.000000000000000000, 0.000000000000000000, 0.000000000000000000 ) ;
#2944 = ORIENTED_EDGE ( 'NONE', *, *, #3332, .F. ) ;
#2945 = LINE ( 'NONE', #1401, #3282 ) ;
#2946 = CARTESIAN_POINT ( 'NONE',  ( 0.1102362204724409434, -0.05905511811023622659, 0.01181102362347283968 ) ) ;
#2947 = EDGE_CURVE ( 'NONE', #2844, #2704, #708, .T. ) ;
#2948 = FILL_AREA_STYLE ('',( #2063 ) ) ;
#2949 = AXIS2_PLACEMENT_3D ( 'NONE', #1826, #1277, #3655 ) ;
#2950 =( LENGTH_UNIT ( ) NAMED_UNIT ( * ) SI_UNIT ( $, .METRE. ) );
#2951 = PRESENTATION_STYLE_ASSIGNMENT (( #2619 ) ) ;
#2952 =( CONVERSION_BASED_UNIT ( 'INCH', #1757 ) LENGTH_UNIT ( ) NAMED_UNIT ( #603 ) );
#2953 = ORIENTED_EDGE ( 'NONE', *, *, #230, .F. ) ;
#2954 = AXIS2_PLACEMENT_3D ( 'NONE', #387, #168, #1862 ) ;
#2955 = CARTESIAN_POINT ( 'NONE',  ( -0.1555118110238507823, 0.05905511811198130984, 0.01181102362236407209 ) ) ;
#2956 = STYLED_ITEM ( 'NONE', ( #1115 ), #2411 ) ;
#2957 = CARTESIAN_POINT ( 'NONE',  ( 0.08661417322834646937, -0.05905511811023622659, 0.01181102362204727516 ) ) ;
#2958 =( NAMED_UNIT ( * ) PLANE_ANGLE_UNIT ( ) SI_UNIT ( $, .RADIAN. ) );
#2959 = ORIENTED_EDGE ( 'NONE', *, *, #183, .F. ) ;
#2960 =( NAMED_UNIT ( * ) SI_UNIT ( $, .STERADIAN. ) SOLID_ANGLE_UNIT ( ) );
#2961 = MECHANICAL_DESIGN_GEOMETRIC_PRESENTATION_REPRESENTATION (  '', ( #1835 ), #1295 ) ;
#2962 = UNCERTAINTY_MEASURE_WITH_UNIT (LENGTH_MEASURE( 1.000000000000000082E-05 ), #47, 'distance_accuracy_value', 'NONE');
#2963 = LENGTH_MEASURE_WITH_UNIT ( LENGTH_MEASURE( 0.02539999999999999897 ), #2370 );
#2964 =( NAMED_UNIT ( * ) PLANE_ANGLE_UNIT ( ) SI_UNIT ( $, .RADIAN. ) );
#2965 = VECTOR ( 'NONE', #571, 39.37007874015748143 ) ;
#2966 = DIMENSIONAL_EXPONENTS ( 1.000000000000000000, 0.000000000000000000, 0.000000000000000000, 0.000000000000000000, 0.000000000000000000, 0.000000000000000000, 0.000000000000000000 ) ;
#2967 = EDGE_CURVE ( 'NONE', #3256, #3409, #1576, .T. ) ;
#2968 = LENGTH_MEASURE_WITH_UNIT ( LENGTH_MEASURE( 0.02539999999999999897 ), #2950 );
#2969 = DIRECTION ( 'NONE',  ( -1.000000000000000000, -0.000000000000000000, 0.000000000000000000 ) ) ;
#2970 = PRESENTATION_STYLE_ASSIGNMENT (( #2102 ) ) ;
#2971 = ORIENTED_EDGE ( 'NONE', *, *, #2252, .F. ) ;
#2972 = CARTESIAN_POINT ( 'NONE',  ( -0.1497480314960629999, -0.02165354330708661734, 0.01181102362204727516 ) ) ;
#2973 = CARTESIAN_POINT ( 'NONE',  ( -0.08661417322834646937, -0.06889763779494752216, 0.04671663544774651289 ) ) ;
#2974 = FACE_OUTER_BOUND ( 'NONE', #2975, .T. ) ;
#2975 = EDGE_LOOP ( 'NONE', ( #3573, #2321, #3821, #2053, #1711, #2959, #1583, #3812, #3331, #1968, #3323, #2334, #2553, #3513, #2039, #3751, #211, #863 ) ) ;
#2976 = AXIS2_PLACEMENT_3D ( 'NONE', #1857, #1569, #720 ) ;
#2977 = DIRECTION ( 'NONE',  ( -0.000000000000000000, -1.000000000000000000, -0.000000000000000000 ) ) ;
#2978 = PRESENTATION_LAYER_ASSIGNMENT (  '', '', ( #1610 ) ) ;
#2979 = CARTESIAN_POINT ( 'NONE',  ( 0.1102362204712106358, -0.06889763779502955376, 0.04671663544732031909 ) ) ;
#2980 = AXIS2_PLACEMENT_3D ( 'NONE', #1749, #2060, #2614 ) ;
#2981 = LINE ( 'NONE', #3209, #1905 ) ;
#2982 = CARTESIAN_POINT ( 'NONE',  ( -0.1605262017720572587, 0.06889763779527560694, 0.1377952755905512139 ) ) ;
#2983 = ORIENTED_EDGE ( 'NONE', *, *, #2830, .F. ) ;
#2984 = VERTEX_POINT ( 'NONE', #2431 ) ;
#2985 = EDGE_CURVE ( 'NONE', #2941, #2000, #394, .T. ) ;
#2986 =( NAMED_UNIT ( * ) PLANE_ANGLE_UNIT ( ) SI_UNIT ( $, .RADIAN. ) );
#2987 = DIMENSIONAL_EXPONENTS ( 1.000000000000000000, 0.000000000000000000, 0.000000000000000000, 0.000000000000000000, 0.000000000000000000, 0.000000000000000000, 0.000000000000000000 ) ;
#2988 = MECHANICAL_DESIGN_GEOMETRIC_PRESENTATION_REPRESENTATION (  '', ( #3488 ), #3572 ) ;
#2989 = ORIENTED_EDGE ( 'NONE', *, *, #2077, .T. ) ;
#2990 = VECTOR ( 'NONE', #132, 39.37007874015748143 ) ;
#2991 = VECTOR ( 'NONE', #1350, 39.37007874015748143 ) ;
#2992 = ORIENTED_EDGE ( 'NONE', *, *, #1257, .T. ) ;
#2993 = CARTESIAN_POINT ( 'NONE',  ( 0.01181102362204724567, 0.05905511811023622659, -0.1188897637795275075 ) ) ;
#2994 = PRESENTATION_LAYER_ASSIGNMENT (  '', '', ( #837 ) ) ;
#2995 = FACE_OUTER_BOUND ( 'NONE', #235, .T. ) ;
#2996 = PLANE ( 'NONE',  #1321 ) ;
#2997 = DIRECTION ( 'NONE',  ( -0.000000000000000000, -0.000000000000000000, 1.000000000000000000 ) ) ;
#2998 = VERTEX_POINT ( 'NONE', #3034 ) ;
#2999 = VERTEX_POINT ( 'NONE', #1598 ) ;
#3000 = DIRECTION ( 'NONE',  ( 1.000000000000000000, -0.000000000000000000, 0.000000000000000000 ) ) ;
#3001 =( NAMED_UNIT ( * ) SI_UNIT ( $, .STERADIAN. ) SOLID_ANGLE_UNIT ( ) );
#3002 = CIRCLE ( 'NONE', #2949, 0.007874015748031499423 ) ;
#3003 = AXIS2_PLACEMENT_3D ( 'NONE', #794, #1641, #518 ) ;
#3004 = VERTEX_POINT ( 'NONE', #2413 ) ;
#3005 = COLOUR_RGB ( '',0.7529411764705882248, 0.7529411764705882248, 0.7529411764705882248 ) ;
#3006 = DIRECTION ( 'NONE',  ( -0.000000000000000000, 1.000000000000000000, -0.000000000000000000 ) ) ;
#3007 = VECTOR ( 'NONE', #570, 39.37007874015748143 ) ;
#3008 = ORIENTED_EDGE ( 'NONE', *, *, #2360, .T. ) ;
#3009 = DIMENSIONAL_EXPONENTS ( 1.000000000000000000, 0.000000000000000000, 0.000000000000000000, 0.000000000000000000, 0.000000000000000000, 0.000000000000000000, 0.000000000000000000 ) ;
#3010 =( NAMED_UNIT ( * ) SI_UNIT ( $, .STERADIAN. ) SOLID_ANGLE_UNIT ( ) );
#3011 = COLOUR_RGB ( '',0.7529411764705882248, 0.7529411764705882248, 0.7529411764705882248 ) ;
#3012 = UNCERTAINTY_MEASURE_WITH_UNIT (LENGTH_MEASURE( 1.000000000000000082E-05 ), #2922, 'distance_accuracy_value', 'NONE');
#3013 = LINE ( 'NONE', #1868, #531 ) ;
#3014 = FILL_AREA_STYLE ('',( #3614 ) ) ;
#3015 = DIRECTION ( 'NONE',  ( 0.000000000000000000, 1.000000000000000000, 0.000000000000000000 ) ) ;
#3016 = LINE ( 'NONE', #1023, #827 ) ;
#3017 = UNCERTAINTY_MEASURE_WITH_UNIT (LENGTH_MEASURE( 1.000000000000000082E-05 ), #3520, 'distance_accuracy_value', 'NONE');
#3018 = SURFACE_STYLE_FILL_AREA ( #1830 ) ;
#3019 = CARTESIAN_POINT ( 'NONE',  ( -0.08661417322834646937, -0.06889763779461943738, -0.1062992125984252023 ) ) ;
#3020 = CARTESIAN_POINT ( 'NONE',  ( 0.1623027555358693419, 0.06889763779527560694, 0.1376947471786331978 ) ) ;
#3021 = MECHANICAL_DESIGN_GEOMETRIC_PRESENTATION_REPRESENTATION (  '', ( #911 ), #3155 ) ;
#3022 = ORIENTED_EDGE ( 'NONE', *, *, #3093, .T. ) ;
#3023 = ORIENTED_EDGE ( 'NONE', *, *, #3175, .F. ) ;
#3024 = DIRECTION ( 'NONE',  ( 0.000000000000000000, 0.000000000000000000, -1.000000000000000000 ) ) ;
#3025 = UNCERTAINTY_MEASURE_WITH_UNIT (LENGTH_MEASURE( 1.000000000000000082E-05 ), #3768, 'distance_accuracy_value', 'NONE');
#3026 = EDGE_CURVE ( 'NONE', #37, #51, #3597, .T. ) ;
#3027 = DIRECTION ( 'NONE',  ( 1.000000000000000000, -0.000000000000000000, 0.000000000000000000 ) ) ;
#3028 =( NAMED_UNIT ( * ) PLANE_ANGLE_UNIT ( ) SI_UNIT ( $, .RADIAN. ) );
#3029 = EDGE_CURVE ( 'NONE', #1647, #640, #2224, .T. ) ;
#3030 = DIRECTION ( 'NONE',  ( 0.000000000000000000, 0.000000000000000000, -1.000000000000000000 ) ) ;
#3031 = ORIENTED_EDGE ( 'NONE', *, *, #3093, .F. ) ;
#3032 = AXIS2_PLACEMENT_3D ( 'NONE', #2659, #541, #576 ) ;
#3033 = LENGTH_MEASURE_WITH_UNIT ( LENGTH_MEASURE( 0.02539999999999999897 ), #2477 );
#3034 = CARTESIAN_POINT ( 'NONE',  ( 0.1555118110239988582, 0.05905511811363882424, 0.03543307085428249598 ) ) ;
#3035 = SURFACE_STYLE_FILL_AREA ( #3615 ) ;
#3036 = CARTESIAN_POINT ( 'NONE',  ( 0.1631938765258768020, -0.03346456692913386127, 0.1375935729404311747 ) ) ;
#3037 = STYLED_ITEM ( 'NONE', ( #199 ), #1296 ) ;
#3038 = VECTOR ( 'NONE', #3156, 39.37007874015748143 ) ;
#3039 = CARTESIAN_POINT ( 'NONE',  ( 0.1279527559055029517, -0.02952755905509221040, 5.314298050175012055E-14 ) ) ;
#3040 =( CONVERSION_BASED_UNIT ( 'INCH', #711 ) LENGTH_UNIT ( ) NAMED_UNIT ( #2586 ) );
#3041 = COLOUR_RGB ( '',0.6470588235294117974, 0.6196078431372549211, 0.5882352941176470784 ) ;
#3042 = FILL_AREA_STYLE ('',( #2739 ) ) ;
#3043 = ORIENTED_EDGE ( 'NONE', *, *, #2557, .F. ) ;
#3044 = VERTEX_POINT ( 'NONE', #1635 ) ;
#3045 = SURFACE_SIDE_STYLE ('',( #987 ) ) ;
#3046 = CARTESIAN_POINT ( 'NONE',  ( 0.009842519685039378616, -0.02952755905511811677, 0.2165354330708662289 ) ) ;
#3047 = FILL_AREA_STYLE_COLOUR ( '', #1764 ) ;
#3048 = DIRECTION ( 'NONE',  ( 1.000000000000000000, 0.000000000000000000, 0.000000000000000000 ) ) ;
#3049 = VERTEX_POINT ( 'NONE', #748 ) ;
#3050 = ADVANCED_FACE ( 'NONE', ( #1950 ), #2546, .T. ) ;
#3051 = SURFACE_STYLE_FILL_AREA ( #1981 ) ;
#3052 = SURFACE_SIDE_STYLE ('',( #412 ) ) ;
#3053 = STYLED_ITEM ( 'NONE', ( #1879 ), #1703 ) ;
#3054 = CARTESIAN_POINT ( 'NONE',  ( -0.07086614173228350522, 0.03149606299258736475, 0.1279527559055118335 ) ) ;
#3055 = CARTESIAN_POINT ( 'NONE',  ( 0.1259842519634339630, 0.02165354329788874918, 0.01181102362667771528 ) ) ;
#3056 = PRODUCT_DEFINITION_CONTEXT ( 'detailed design', #2848, 'design' ) ;
#3057 = LINE ( 'NONE', #2480, #1500 ) ;
#3058 = CIRCLE ( 'NONE', #3858, 0.01574803149606303354 ) ;
#3059 = STYLED_ITEM ( 'NONE', ( #649 ), #1782 ) ;
#3060 = FILL_AREA_STYLE_COLOUR ( '', #2775 ) ;
#3061 =( CONVERSION_BASED_UNIT ( 'INCH', #309 ) LENGTH_UNIT ( ) NAMED_UNIT ( #3634 ) );
#3063 = EDGE_CURVE ( 'NONE', #2497, #2425, #2445, .T. ) ;
#3062 = CARTESIAN_POINT ( 'NONE',  ( 0.06102362204734505802, 0.02952755905511811677, 0.08661417322834644161 ) ) ;
#3064 = ORIENTED_EDGE ( 'NONE', *, *, #588, .F. ) ;
#3065 = ORIENTED_EDGE ( 'NONE', *, *, #1445, .F. ) ;
#3066 = EDGE_CURVE ( 'NONE', #3430, #3480, #3349, .T. ) ;
#3067 = DIRECTION ( 'NONE',  ( -0.9936164456676244150, 0.000000000000000000, 0.1128111647791868316 ) ) ;
#3068 = LINE ( 'NONE', #3670, #1967 ) ;
#3069 = DIMENSIONAL_EXPONENTS ( 1.000000000000000000, 0.000000000000000000, 0.000000000000000000, 0.000000000000000000, 0.000000000000000000, 0.000000000000000000, 0.000000000000000000 ) ;
#3070 =( LENGTH_UNIT ( ) NAMED_UNIT ( * ) SI_UNIT ( $, .METRE. ) );
#3071 =( CONVERSION_BASED_UNIT ( 'INCH', #2829 ) LENGTH_UNIT ( ) NAMED_UNIT ( #231 ) );
#3072 = CIRCLE ( 'NONE', #3442, 0.003937007874015758385 ) ;
#3073 = AXIS2_PLACEMENT_3D ( 'NONE', #623, #1560, #329 ) ;
#3074 = ORIENTED_EDGE ( 'NONE', *, *, #3202, .T. ) ;
#3075 = FILL_AREA_STYLE_COLOUR ( '', #456 ) ;
#3076 = PLANE ( 'NONE',  #331 ) ;
#3077 = COLOUR_RGB ( '',1.000000000000000000, 1.000000000000000000, 1.000000000000000000 ) ;
#3078 = CARTESIAN_POINT ( 'NONE',  ( 0.1497480314960629999, 0.04921259842521543554, 2.787376764697543210E-14 ) ) ;
#3079 =( GEOMETRIC_REPRESENTATION_CONTEXT ( 3 ) GLOBAL_UNCERTAINTY_ASSIGNED_CONTEXT ( ( #2392 ) ) GLOBAL_UNIT_ASSIGNED_CONTEXT ( ( #3119, #1003, #2839 ) ) REPRESENTATION_CONTEXT ( 'NONE', 'WORKASPACE' ) );
#3080 = CARTESIAN_POINT ( 'NONE',  ( 0.1496062992055111063, 0.05708661416932014204, 0.01181102362253605258 ) ) ;
#3081 = LENGTH_MEASURE_WITH_UNIT ( LENGTH_MEASURE( 0.02539999999999999897 ), #3656 );
#3082 = LINE ( 'NONE', #2501, #1873 ) ;
#3083 = LENGTH_MEASURE_WITH_UNIT ( LENGTH_MEASURE( 0.02539999999999999897 ), #3702 );
#3084 =( NAMED_UNIT ( * ) PLANE_ANGLE_UNIT ( ) SI_UNIT ( $, .RADIAN. ) );
#3085 =( NAMED_UNIT ( * ) SI_UNIT ( $, .STERADIAN. ) SOLID_ANGLE_UNIT ( ) );
#3086 = PRESENTATION_STYLE_ASSIGNMENT (( #1526 ) ) ;
#3087 = DIRECTION ( 'NONE',  ( 0.000000000000000000, 0.000000000000000000, -1.000000000000000000 ) ) ;
#3088 = ORIENTED_EDGE ( 'NONE', *, *, #1250, .T. ) ;
#3089 = ORIENTED_EDGE ( 'NONE', *, *, #3465, .T. ) ;
#3090 = EDGE_CURVE ( 'NONE', #2832, #880, #3327, .T. ) ;
#3091 = DIRECTION ( 'NONE',  ( 0.000000000000000000, 0.000000000000000000, 1.000000000000000000 ) ) ;
#3092 = VECTOR ( 'NONE', #3342, 39.37007874015748143 ) ;
#3093 = EDGE_CURVE ( 'NONE', #601, #2713, #3068, .T. ) ;
#3094 = LINE ( 'NONE', #2767, #3401 ) ;
#3095 =( CONVERSION_BASED_UNIT ( 'INCH', #724 ) LENGTH_UNIT ( ) NAMED_UNIT ( #1740 ) );
#3096 = ORIENTED_EDGE ( 'NONE', *, *, #1841, .F. ) ;
#3097 = LENGTH_MEASURE_WITH_UNIT ( LENGTH_MEASURE( 0.02539999999999999897 ), #105 );
#3098 = COLOUR_RGB ( '',0.7529411764705882248, 0.7529411764705882248, 0.7529411764705882248 ) ;
#3099 = DIRECTION ( 'NONE',  ( 0.9863939238321437486, -0.000000000000000000, 0.1643989873053575135 ) ) ;
#3100 = UNCERTAINTY_MEASURE_WITH_UNIT (LENGTH_MEASURE( 1.000000000000000082E-05 ), #2456, 'distance_accuracy_value', 'NONE');
#3101 = CARTESIAN_POINT ( 'NONE',  ( 0.07086614173228350522, -0.03149606299212598381, 0.08661417322834644161 ) ) ;
#3102 = SURFACE_STYLE_USAGE ( .BOTH. , #793 ) ;
#3103 =( LENGTH_UNIT ( ) NAMED_UNIT ( * ) SI_UNIT ( $, .METRE. ) );
#3104 = CARTESIAN_POINT ( 'NONE',  ( -0.1476377952755977274, -0.04921259842520809419, 1.599498961067095073E-14 ) ) ;
#3105 = ORIENTED_EDGE ( 'NONE', *, *, #2863, .F. ) ;
#3106 = MECHANICAL_DESIGN_GEOMETRIC_PRESENTATION_REPRESENTATION (  '', ( #106 ), #1852 ) ;
#3107 = ORIENTED_EDGE ( 'NONE', *, *, #267, .T. ) ;
#3108 = SURFACE_STYLE_USAGE ( .BOTH. , #1939 ) ;
#3109 = DIRECTION ( 'NONE',  ( 0.000000000000000000, 0.000000000000000000, 1.000000000000000000 ) ) ;
#3110 = DIRECTION ( 'NONE',  ( 0.000000000000000000, -0.000000000000000000, 1.000000000000000000 ) ) ;
#3111 = SURFACE_STYLE_USAGE ( .BOTH. , #2581 ) ;
#3112 = ADVANCED_FACE ( 'NONE', ( #2150 ), #1333, .T. ) ;
#3113 = LENGTH_MEASURE_WITH_UNIT ( LENGTH_MEASURE( 0.02539999999999999897 ), #2871 );
#3114 = ADVANCED_FACE ( 'NONE', ( #1570 ), #2517, .F. ) ;
#3115 = ORIENTED_EDGE ( 'NONE', *, *, #1123, .T. ) ;
#3116 = SURFACE_STYLE_FILL_AREA ( #1928 ) ;
#3117 = CARTESIAN_POINT ( 'NONE',  ( 0.1258425196850393724, -0.02165354330708661734, 0.01181102362204727516 ) ) ;
#3118 = CARTESIAN_POINT ( 'NONE',  ( -0.1555118110236220208, -0.05708661416078403966, 0.01181102362204727516 ) ) ;
#3119 =( CONVERSION_BASED_UNIT ( 'INCH', #2246 ) LENGTH_UNIT ( ) NAMED_UNIT ( #2387 ) );
#3120 = AXIS2_PLACEMENT_3D ( 'NONE', #3287, #3319, #376 ) ;
#3121 = LINE ( 'NONE', #1068, #817 ) ;
#3122 = SURFACE_STYLE_FILL_AREA ( #2164 ) ;
#3123 = DIRECTION ( 'NONE',  ( 0.000000000000000000, -1.000000000000000000, 0.000000000000000000 ) ) ;
#3124 = ORIENTED_EDGE ( 'NONE', *, *, #1119, .F. ) ;
#3125 = ORIENTED_EDGE ( 'NONE', *, *, #2388, .F. ) ;
#3126 = DIRECTION ( 'NONE',  ( -0.000000000000000000, -0.000000000000000000, 1.000000000000000000 ) ) ;
#3127 = COLOUR_RGB ( '',0.7529411764705882248, 0.7529411764705882248, 0.7529411764705882248 ) ;
#3128 =( NAMED_UNIT ( * ) SI_UNIT ( $, .STERADIAN. ) SOLID_ANGLE_UNIT ( ) );
#3129 = CARTESIAN_POINT ( 'NONE',  ( 0.009842519685039369942, -0.02165354330708661734, 0.08661417322834644161 ) ) ;
#3130 = FILL_AREA_STYLE_COLOUR ( '', #3005 ) ;
#3131 = ORIENTED_EDGE ( 'NONE', *, *, #1403, .T. ) ;
#3132 = PRESENTATION_STYLE_ASSIGNMENT (( #2317 ) ) ;
#3133 = PLANE ( 'NONE',  #1058 ) ;
#3134 = FILL_AREA_STYLE_COLOUR ( '', #1551 ) ;
#3135 = COLOUR_RGB ( '',0.7529411764705882248, 0.7529411764705882248, 0.7529411764705882248 ) ;
#3136 = VERTEX_POINT ( 'NONE', #209 ) ;
#3137 = SURFACE_STYLE_FILL_AREA ( #2813 ) ;
#3138 =( NAMED_UNIT ( * ) SI_UNIT ( $, .STERADIAN. ) SOLID_ANGLE_UNIT ( ) );
#3139 = CIRCLE ( 'NONE', #2954, 0.01574803149606303354 ) ;
#3140 = DIRECTION ( 'NONE',  ( 0.1643989873053574857, 0.000000000000000000, -0.9863939238321436376 ) ) ;
#3141 = AXIS2_PLACEMENT_3D ( 'NONE', #1075, #1668, #2866 ) ;
#3142 = CARTESIAN_POINT ( 'NONE',  ( 0.09842519685039370636, -0.07086614173228350522, -0.1062992125984252023 ) ) ;
#3143 =( NAMED_UNIT ( * ) SI_UNIT ( $, .STERADIAN. ) SOLID_ANGLE_UNIT ( ) );
#3144 = ORIENTED_EDGE ( 'NONE', *, *, #674, .F. ) ;
#3145 = VERTEX_POINT ( 'NONE', #797 ) ;
#3146 = DIRECTION ( 'NONE',  ( 1.000000000000000000, 0.000000000000000000, -0.000000000000000000 ) ) ;
#3147 = DIRECTION ( 'NONE',  ( 0.1373605639112049637, 0.5494422561414868955, -0.8241633834672276171 ) ) ;
#3148 = STYLED_ITEM ( 'NONE', ( #1858 ), #3112 ) ;
#3149 = LENGTH_MEASURE_WITH_UNIT ( LENGTH_MEASURE( 0.02539999999999999897 ), #3750 );
#3150 = EDGE_LOOP ( 'NONE', ( #1071, #3290, #3411, #3023 ) ) ;
#3151 = EDGE_CURVE ( 'NONE', #2984, #1528, #186, .T. ) ;
#3152 = FACE_OUTER_BOUND ( 'NONE', #62, .T. ) ;
#3153 = FILL_AREA_STYLE ('',( #1372 ) ) ;
#3154 =( NAMED_UNIT ( * ) PLANE_ANGLE_UNIT ( ) SI_UNIT ( $, .RADIAN. ) );
#3155 =( GEOMETRIC_REPRESENTATION_CONTEXT ( 3 ) GLOBAL_UNCERTAINTY_ASSIGNED_CONTEXT ( ( #1173 ) ) GLOBAL_UNIT_ASSIGNED_CONTEXT ( ( #2671, #1485, #2345 ) ) REPRESENTATION_CONTEXT ( 'NONE', 'WORKASPACE' ) );
#3156 = DIRECTION ( 'NONE',  ( 0.000000000000000000, 1.000000000000000000, 0.000000000000000000 ) ) ;
#3157 = VERTEX_POINT ( 'NONE', #162 ) ;
#3158 = PRESENTATION_LAYER_ASSIGNMENT (  '', '', ( #2464 ) ) ;
#3159 = ADVANCED_FACE ( 'NONE', ( #2579 ), #2847, .F. ) ;
#3160 = FILL_AREA_STYLE ('',( #2184 ) ) ;
#3161 = SURFACE_STYLE_USAGE ( .BOTH. , #792 ) ;
#3162 = PRESENTATION_STYLE_ASSIGNMENT (( #1601 ) ) ;
#3163 = CARTESIAN_POINT ( 'NONE',  ( 0.01771653543307087630, -0.02952755905511811677, 0.2165354330708662289 ) ) ;
#3164 = EDGE_CURVE ( 'NONE', #663, #2510, #1113, .T. ) ;
#3165 = DIRECTION ( 'NONE',  ( 0.1373605634322306590, -0.5494422558344829177, -0.8241633837517260419 ) ) ;
#3166 = PRESENTATION_STYLE_ASSIGNMENT (( #1979 ) ) ;
#3167 = COLOUR_RGB ( '',0.7529411764705882248, 0.7529411764705882248, 0.7529411764705882248 ) ;
#3168 = DIRECTION ( 'NONE',  ( 0.000000000000000000, -1.000000000000000000, 0.000000000000000000 ) ) ;
#3169 = EDGE_LOOP ( 'NONE', ( #2359, #1338, #2265, #2056 ) ) ;
#3170 = CARTESIAN_POINT ( 'NONE',  ( -0.08661417322836592603, -0.05905511811023623353, 0.03543307085726463829 ) ) ;
#3171 = SURFACE_STYLE_FILL_AREA ( #804 ) ;
#3172 = FACE_OUTER_BOUND ( 'NONE', #347, .T. ) ;
#3173 = ORIENTED_EDGE ( 'NONE', *, *, #878, .F. ) ;
#3174 = FILL_AREA_STYLE_COLOUR ( '', #3728 ) ;
#3175 = EDGE_CURVE ( 'NONE', #1462, #2108, #667, .T. ) ;
#3176 = ORIENTED_EDGE ( 'NONE', *, *, #802, .T. ) ;
#3177 =( CONVERSION_BASED_UNIT ( 'INCH', #810 ) LENGTH_UNIT ( ) NAMED_UNIT ( #2700 ) );
#3178 = DIRECTION ( 'NONE',  ( 0.000000000000000000, 0.000000000000000000, -1.000000000000000000 ) ) ;
#3179 = LINE ( 'NONE', #2841, #635 ) ;
#3180 = AXIS2_PLACEMENT_3D ( 'NONE', #3117, #1929, #1066 ) ;
#3181 = CIRCLE ( 'NONE', #1690, 0.01181102362204724046 ) ;
#3182 =( GEOMETRIC_REPRESENTATION_CONTEXT ( 3 ) GLOBAL_UNCERTAINTY_ASSIGNED_CONTEXT ( ( #549 ) ) GLOBAL_UNIT_ASSIGNED_CONTEXT ( ( #734, #442, #3143 ) ) REPRESENTATION_CONTEXT ( 'NONE', 'WORKASPACE' ) );
#3183 = EDGE_CURVE ( 'NONE', #3645, #3390, #427, .T. ) ;
#3184 = CARTESIAN_POINT ( 'NONE',  ( -0.1102362204724409434, -0.07086614173228350522, -0.1062992125984252023 ) ) ;
#3185 = PRESENTATION_STYLE_ASSIGNMENT (( #836 ) ) ;
#3186 = CARTESIAN_POINT ( 'NONE',  ( 0.000000000000000000, 0.05905511811023622659, -0.1062992125984252023 ) ) ;
#3187 = PLANE ( 'NONE',  #3631 ) ;
#3188 = ORIENTED_EDGE ( 'NONE', *, *, #2674, .T. ) ;
#3189 = SURFACE_SIDE_STYLE ('',( #1559 ) ) ;
#3190 = PRESENTATION_LAYER_ASSIGNMENT (  '', '', ( #3059 ) ) ;
#3191 =( CONVERSION_BASED_UNIT ( 'INCH', #2624 ) LENGTH_UNIT ( ) NAMED_UNIT ( #1969 ) );
#3192 = AXIS2_PLACEMENT_3D ( 'NONE', #3642, #1582, #94 ) ;
#3193 = EDGE_LOOP ( 'NONE', ( #159, #2511, #1810, #3677, #1430, #312, #564, #10 ) ) ;
#3194 =( NAMED_UNIT ( * ) SI_UNIT ( $, .STERADIAN. ) SOLID_ANGLE_UNIT ( ) );
#3195 = ADVANCED_FACE ( 'NONE', ( #2216 ), #122, .T. ) ;
#3196 = VERTEX_POINT ( 'NONE', #3820 ) ;
#3197 = DIRECTION ( 'NONE',  ( -1.000000000000000000, -0.000000000000000000, -0.000000000000000000 ) ) ;
#3198 = DIRECTION ( 'NONE',  ( 0.000000000000000000, -0.000000000000000000, -1.000000000000000000 ) ) ;
#3199 = CARTESIAN_POINT ( 'NONE',  ( 0.1476377952755980050, -0.02952755905510493981, 1.610364644474419876E-14 ) ) ;
#3200 =( NAMED_UNIT ( * ) PLANE_ANGLE_UNIT ( ) SI_UNIT ( $, .RADIAN. ) );
#3201 = ORIENTED_EDGE ( 'NONE', *, *, #1684, .T. ) ;
#3202 = EDGE_CURVE ( 'NONE', #2589, #1647, #1425, .T. ) ;
#3203 =( NAMED_UNIT ( * ) SI_UNIT ( $, .STERADIAN. ) SOLID_ANGLE_UNIT ( ) );
#3204 = ORIENTED_EDGE ( 'NONE', *, *, #2017, .F. ) ;
#3205 = DIMENSIONAL_EXPONENTS ( 1.000000000000000000, 0.000000000000000000, 0.000000000000000000, 0.000000000000000000, 0.000000000000000000, 0.000000000000000000, 0.000000000000000000 ) ;
#3206 =( NAMED_UNIT ( * ) PLANE_ANGLE_UNIT ( ) SI_UNIT ( $, .RADIAN. ) );
#3207 = EDGE_LOOP ( 'NONE', ( #806, #1821, #1418, #1758 ) ) ;
#3208 = CARTESIAN_POINT ( 'NONE',  ( 0.1496062992120795188, -0.02165354329537528058, 0.01181102361893375183 ) ) ;
#3209 = CARTESIAN_POINT ( 'NONE',  ( 0.06102362204724411793, -0.02952755905511811677, 0.08661417322834644161 ) ) ;
#3210 = DIRECTION ( 'NONE',  ( 0.000000000000000000, 0.000000000000000000, -1.000000000000000000 ) ) ;
#3211 = PLANE ( 'NONE',  #3192 ) ;
#3212 = VERTEX_POINT ( 'NONE', #3832 ) ;
#3213 = EDGE_CURVE ( 'NONE', #2704, #3480, #3525, .T. ) ;
#3214 = STYLED_ITEM ( 'NONE', ( #3132 ), #3591 ) ;
#3215 =( LENGTH_UNIT ( ) NAMED_UNIT ( * ) SI_UNIT ( $, .METRE. ) );
#3216 = FILL_AREA_STYLE ('',( #2707 ) ) ;
#3217 = AXIS2_PLACEMENT_3D ( 'NONE', #2591, #2876, #236 ) ;
#3218 = AXIS2_PLACEMENT_3D ( 'NONE', #2264, #805, #1652 ) ;
#3219 = ORIENTED_EDGE ( 'NONE', *, *, #3222, .F. ) ;
#3220 = EDGE_CURVE ( 'NONE', #1262, #985, #2937, .T. ) ;
#3221 = UNCERTAINTY_MEASURE_WITH_UNIT (LENGTH_MEASURE( 1.000000000000000082E-05 ), #2533, 'distance_accuracy_value', 'NONE');
#3222 = EDGE_CURVE ( 'NONE', #2420, #1172, #3247, .T. ) ;
#3223 = PLANE ( 'NONE',  #1378 ) ;
#3224 = PRESENTATION_LAYER_ASSIGNMENT (  '', '', ( #2106 ) ) ;
#3225 = ORIENTED_EDGE ( 'NONE', *, *, #2906, .T. ) ;
#3226 = FILL_AREA_STYLE ('',( #3813 ) ) ;
#3227 = CARTESIAN_POINT ( 'NONE',  ( 0.1259842519644819026, 0.05708661416642910741, 0.01181102362052525653 ) ) ;
#3228 = UNCERTAINTY_MEASURE_WITH_UNIT (LENGTH_MEASURE( 1.000000000000000082E-05 ), #2925, 'distance_accuracy_value', 'NONE');
#3229 = CARTESIAN_POINT ( 'NONE',  ( 0.1555118110237969642, -0.05905511811029390268, 0.03543307084700048765 ) ) ;
#3230 =( NAMED_UNIT ( * ) PLANE_ANGLE_UNIT ( ) SI_UNIT ( $, .RADIAN. ) );
#3231 = SURFACE_SIDE_STYLE ('',( #1773 ) ) ;
#3232 = CARTESIAN_POINT ( 'NONE',  ( 0.01771653543307087630, 0.02952755905511811677, 0.08661417322834644161 ) ) ;
#3233 =( LENGTH_UNIT ( ) NAMED_UNIT ( * ) SI_UNIT ( $, .METRE. ) );
#3234 = ORIENTED_EDGE ( 'NONE', *, *, #3026, .F. ) ;
#3235 = MECHANICAL_DESIGN_GEOMETRIC_PRESENTATION_REPRESENTATION (  '', ( #3053 ), #57 ) ;
#3236 =( NAMED_UNIT ( * ) PLANE_ANGLE_UNIT ( ) SI_UNIT ( $, .RADIAN. ) );
#3237 = LINE ( 'NONE', #2857, #3852 ) ;
#3238 = COLOUR_RGB ( '',0.7529411764705882248, 0.7529411764705882248, 0.7529411764705882248 ) ;
#3239 = EDGE_LOOP ( 'NONE', ( #1957, #529, #975, #363 ) ) ;
#3240 = EDGE_CURVE ( 'NONE', #2912, #946, #594, .T. ) ;
#3241 = CARTESIAN_POINT ( 'NONE',  ( 0.06102362204724411793, -0.02165354330708661734, 0.2165354330708662289 ) ) ;
#3242 = ORIENTED_EDGE ( 'NONE', *, *, #1769, .T. ) ;
#3243 = ADVANCED_FACE ( 'NONE', ( #1755 ), #2065, .F. ) ;
#3244 = ADVANCED_FACE ( 'NONE', ( #554 ), #853, .F. ) ;
#3245 = LENGTH_MEASURE_WITH_UNIT ( LENGTH_MEASURE( 0.02539999999999999897 ), #2326 );
#3246 = VECTOR ( 'NONE', #2717, 39.37007874015748143 ) ;
#3247 = LINE ( 'NONE', #523, #3574 ) ;
#3248 = CIRCLE ( 'NONE', #3073, 0.01181102362204724046 ) ;
#3249 =( NAMED_UNIT ( * ) SI_UNIT ( $, .STERADIAN. ) SOLID_ANGLE_UNIT ( ) );
#3250 = VERTEX_POINT ( 'NONE', #2417 ) ;
#3251 = STYLED_ITEM ( 'NONE', ( #301 ), #704 ) ;
#3252 = VECTOR ( 'NONE', #3561, 39.37007874015748143 ) ;
#3253 = DIMENSIONAL_EXPONENTS ( 1.000000000000000000, 0.000000000000000000, 0.000000000000000000, 0.000000000000000000, 0.000000000000000000, 0.000000000000000000, 0.000000000000000000 ) ;
#3254 = CARTESIAN_POINT ( 'NONE',  ( -0.08661417322834646937, -0.05905511811023622659, -0.1062992125984252023 ) ) ;
#3255 =( NAMED_UNIT ( * ) PLANE_ANGLE_UNIT ( ) SI_UNIT ( $, .RADIAN. ) );
#3256 = VERTEX_POINT ( 'NONE', #2436 ) ;
#3257 = FILL_AREA_STYLE_COLOUR ( '', #2452 ) ;
#3258 =( LENGTH_UNIT ( ) NAMED_UNIT ( * ) SI_UNIT ( $, .METRE. ) );
#3259 =( NAMED_UNIT ( * ) SI_UNIT ( $, .STERADIAN. ) SOLID_ANGLE_UNIT ( ) );
#3260 = EDGE_CURVE ( 'NONE', #283, #1357, #2737, .T. ) ;
#3261 = DIRECTION ( 'NONE',  ( 0.000000000000000000, 1.000000000000000000, 0.000000000000000000 ) ) ;
#3262 =( NAMED_UNIT ( * ) SI_UNIT ( $, .STERADIAN. ) SOLID_ANGLE_UNIT ( ) );
#3263 = PRESENTATION_STYLE_ASSIGNMENT (( #1454 ) ) ;
#3264 = DIRECTION ( 'NONE',  ( 0.9863939238321437486, -0.000000000000000000, 0.1643989873053575135 ) ) ;
#3265 = SURFACE_STYLE_USAGE ( .BOTH. , #823 ) ;
#3266 = LENGTH_MEASURE_WITH_UNIT ( LENGTH_MEASURE( 0.02539999999999999897 ), #1198 );
#3267 = ORIENTED_EDGE ( 'NONE', *, *, #2804, .T. ) ;
#3268 = ORIENTED_EDGE ( 'NONE', *, *, #2583, .T. ) ;
#3269 = EDGE_CURVE ( 'NONE', #1227, #601, #1282, .T. ) ;
#3270 = LENGTH_MEASURE_WITH_UNIT ( LENGTH_MEASURE( 0.02539999999999999897 ), #1815 );
#3271 = SURFACE_STYLE_USAGE ( .BOTH. , #2686 ) ;
#3272 = EDGE_CURVE ( 'NONE', #984, #143, #3580, .T. ) ;
#3273 = ORIENTED_EDGE ( 'NONE', *, *, #2152, .T. ) ;
#3274 =( GEOMETRIC_REPRESENTATION_CONTEXT ( 3 ) GLOBAL_UNCERTAINTY_ASSIGNED_CONTEXT ( ( #1324 ) ) GLOBAL_UNIT_ASSIGNED_CONTEXT ( ( #1242, #2986, #2320 ) ) REPRESENTATION_CONTEXT ( 'NONE', 'WORKASPACE' ) );
#3275 = DIMENSIONAL_EXPONENTS ( 1.000000000000000000, 0.000000000000000000, 0.000000000000000000, 0.000000000000000000, 0.000000000000000000, 0.000000000000000000, 0.000000000000000000 ) ;
#3276 = ORIENTED_EDGE ( 'NONE', *, *, #2920, .F. ) ;
#3277 = PRESENTATION_STYLE_ASSIGNMENT (( #644 ) ) ;
#3278 = UNCERTAINTY_MEASURE_WITH_UNIT (LENGTH_MEASURE( 1.000000000000000082E-05 ), #3177, 'distance_accuracy_value', 'NONE');
#3279 = LINE ( 'NONE', #3054, #2136 ) ;
#3280 =( NAMED_UNIT ( * ) PLANE_ANGLE_UNIT ( ) SI_UNIT ( $, .RADIAN. ) );
#3281 = EDGE_CURVE ( 'NONE', #2762, #3322, #1197, .T. ) ;
#3282 = VECTOR ( 'NONE', #2878, 39.37007874015748143 ) ;
#3283 = SURFACE_STYLE_FILL_AREA ( #2948 ) ;
#3284 = UNCERTAINTY_MEASURE_WITH_UNIT (LENGTH_MEASURE( 1.000000000000000082E-05 ), #2688, 'distance_accuracy_value', 'NONE');
#3285 = DIRECTION ( 'NONE',  ( -0.000000000000000000, -0.000000000000000000, -1.000000000000000000 ) ) ;
#3286 = CYLINDRICAL_SURFACE ( 'NONE', #1361, 0.003937007874015758385 ) ;
#3287 = CARTESIAN_POINT ( 'NONE',  ( -0.1605262017716535539, -0.06889763779527560694, 0.1220472440944882220 ) ) ;
#3288 =( NAMED_UNIT ( * ) PLANE_ANGLE_UNIT ( ) SI_UNIT ( $, .RADIAN. ) );
#3289 = VERTEX_POINT ( 'NONE', #375 ) ;
#3290 = ORIENTED_EDGE ( 'NONE', *, *, #1722, .F. ) ;
#3291 = UNCERTAINTY_MEASURE_WITH_UNIT (LENGTH_MEASURE( 1.000000000000000082E-05 ), #3423, 'distance_accuracy_value', 'NONE');
#3292 = CARTESIAN_POINT ( 'NONE',  ( 0.1102362204724409434, -0.07086614173228350522, -0.1062992125984252023 ) ) ;
#3293 = ORIENTED_EDGE ( 'NONE', *, *, #3673, .F. ) ;
#3294 = AXIS2_PLACEMENT_3D ( 'NONE', #1849, #398, #1260 ) ;
#3295 = SURFACE_SIDE_STYLE ('',( #3632 ) ) ;
#3296 = AXIS2_PLACEMENT_3D ( 'NONE', #716, #2233, #3708 ) ;
#3297 = ORIENTED_EDGE ( 'NONE', *, *, #1316, .F. ) ;
#3298 = MECHANICAL_DESIGN_GEOMETRIC_PRESENTATION_REPRESENTATION (  '', ( #1747 ), #1082 ) ;
#3299 = DIRECTION ( 'NONE',  ( -0.000000000000000000, -1.000000000000000000, -0.000000000000000000 ) ) ;
#3300 =( NAMED_UNIT ( * ) SI_UNIT ( $, .STERADIAN. ) SOLID_ANGLE_UNIT ( ) );
#3301 = ADVANCED_FACE ( 'NONE', ( #980 ), #3286, .T. ) ;
#3302 = DIRECTION ( 'NONE',  ( 1.000000000000000000, 0.000000000000000000, -0.000000000000000000 ) ) ;
#3303 = SURFACE_SIDE_STYLE ('',( #2187 ) ) ;
#3304 = ORIENTED_EDGE ( 'NONE', *, *, #2947, .T. ) ;
#3305 = ORIENTED_EDGE ( 'NONE', *, *, #1272, .T. ) ;
#3306 = LENGTH_MEASURE_WITH_UNIT ( LENGTH_MEASURE( 0.02539999999999999897 ), #2401 );
#3307 = MECHANICAL_DESIGN_GEOMETRIC_PRESENTATION_REPRESENTATION (  '', ( #2523 ), #144 ) ;
#3308 = FILL_AREA_STYLE ('',( #2131 ) ) ;
#3309 = EDGE_CURVE ( 'NONE', #3256, #2861, #2100, .T. ) ;
#3310 = MECHANICAL_DESIGN_GEOMETRIC_PRESENTATION_REPRESENTATION (  '', ( #583 ), #2070 ) ;
#3311 = PRESENTATION_LAYER_ASSIGNMENT (  '', '', ( #2838 ) ) ;
#3312 = AXIS2_PLACEMENT_3D ( 'NONE', #3848, #1237, #3318 ) ;
#3313 = CARTESIAN_POINT ( 'NONE',  ( -0.1102362204724409434, -0.07086614173228350522, 0.03543307084838754478 ) ) ;
#3314 = EDGE_LOOP ( 'NONE', ( #29, #3201, #16, #3107 ) ) ;
#3315 = DIRECTION ( 'NONE',  ( 0.000000000000000000, 0.000000000000000000, 1.000000000000000000 ) ) ;
#3316 =( NAMED_UNIT ( * ) SI_UNIT ( $, .STERADIAN. ) SOLID_ANGLE_UNIT ( ) );
#3317 = ADVANCED_FACE ( 'NONE', ( #1807 ), #2996, .F. ) ;
#3318 = DIRECTION ( 'NONE',  ( 0.000000000000000000, 0.000000000000000000, 1.000000000000000000 ) ) ;
#3319 = DIRECTION ( 'NONE',  ( 0.000000000000000000, 1.000000000000000000, 0.000000000000000000 ) ) ;
#3320 = SURFACE_SIDE_STYLE ('',( #50 ) ) ;
#3321 = PRESENTATION_LAYER_ASSIGNMENT (  '', '', ( #911 ) ) ;
#3322 = VERTEX_POINT ( 'NONE', #3721 ) ;
#3323 = ORIENTED_EDGE ( 'NONE', *, *, #1123, .F. ) ;
#3324 = FILL_AREA_STYLE ('',( #97 ) ) ;
#3325 = COLOUR_RGB ( '',0.2509803921568627416, 0.2509803921568627416, 0.2509803921568627416 ) ;
#3326 = FILL_AREA_STYLE_COLOUR ( '', #190 ) ;
#3327 = LINE ( 'NONE', #989, #2335 ) ;
#3328 = EDGE_CURVE ( 'NONE', #3212, #3289, #3661, .T. ) ;
#3329 = CARTESIAN_POINT ( 'NONE',  ( -0.08661417322834646937, -0.05905511811023622659, -0.1188897637795275075 ) ) ;
#3330 = SURFACE_STYLE_USAGE ( .BOTH. , #1864 ) ;
#3331 = ORIENTED_EDGE ( 'NONE', *, *, #2642, .F. ) ;
#3332 = EDGE_CURVE ( 'NONE', #672, #445, #2186, .T. ) ;
#3333 = DIRECTION ( 'NONE',  ( -1.000000000000000000, -0.000000000000000000, 0.000000000000000000 ) ) ;
#3334 = MECHANICAL_DESIGN_GEOMETRIC_PRESENTATION_REPRESENTATION (  '', ( #2872 ), #1674 ) ;
#3335 = EDGE_CURVE ( 'NONE', #2510, #3761, #1933, .T. ) ;
#3336 = DIRECTION ( 'NONE',  ( -0.000000000000000000, 0.000000000000000000, -1.000000000000000000 ) ) ;
#3337 = CARTESIAN_POINT ( 'NONE',  ( 0.1102362204724409434, -0.05905511811023622659, 0.01181102362394802728 ) ) ;
#3338 =( NAMED_UNIT ( * ) PLANE_ANGLE_UNIT ( ) SI_UNIT ( $, .RADIAN. ) );
#3339 = CARTESIAN_POINT ( 'NONE',  ( 0.08661417322834646937, -0.05905511811023622659, 0.03543307086614175955 ) ) ;
#3340 = PRESENTATION_LAYER_ASSIGNMENT (  '', '', ( #3839 ) ) ;
#3341 = DIRECTION ( 'NONE',  ( -0.000000000000000000, -1.000000000000000000, -0.000000000000000000 ) ) ;
#3342 = DIRECTION ( 'NONE',  ( -0.000000000000000000, -1.000000000000000000, -0.000000000000000000 ) ) ;
#3343 =( GEOMETRIC_REPRESENTATION_CONTEXT ( 3 ) GLOBAL_UNCERTAINTY_ASSIGNED_CONTEXT ( ( #3221 ) ) GLOBAL_UNIT_ASSIGNED_CONTEXT ( ( #2533, #461, #3085 ) ) REPRESENTATION_CONTEXT ( 'NONE', 'WORKASPACE' ) );
#3344 = CARTESIAN_POINT ( 'NONE',  ( 0.1555118110239988305, -0.05905511811023622659, 0.01181102362204727516 ) ) ;
#3345 = ORIENTED_EDGE ( 'NONE', *, *, #788, .T. ) ;
#3346 = VERTEX_POINT ( 'NONE', #772 ) ;
#3347 = DIRECTION ( 'NONE',  ( 0.000000000000000000, 0.000000000000000000, 1.000000000000000000 ) ) ;
#3348 = VECTOR ( 'NONE', #260, 39.37007874015748143 ) ;
#3349 = LINE ( 'NONE', #2825, #2285 ) ;
#3350 = DIRECTION ( 'NONE',  ( 0.1373605639723379512, 0.5494422555760120064, -0.8241633838340221008 ) ) ;
#3351 = DIRECTION ( 'NONE',  ( 1.000000000000000000, 0.000000000000000000, -0.000000000000000000 ) ) ;
#3352 = FILL_AREA_STYLE_COLOUR ( '', #1376 ) ;
#3353 =( GEOMETRIC_REPRESENTATION_CONTEXT ( 3 ) GLOBAL_UNCERTAINTY_ASSIGNED_CONTEXT ( ( #3228 ) ) GLOBAL_UNIT_ASSIGNED_CONTEXT ( ( #2925, #3154, #925 ) ) REPRESENTATION_CONTEXT ( 'NONE', 'WORKASPACE' ) );
#3354 = ORIENTED_EDGE ( 'NONE', *, *, #2942, .F. ) ;
#3355 = DIMENSIONAL_EXPONENTS ( 1.000000000000000000, 0.000000000000000000, 0.000000000000000000, 0.000000000000000000, 0.000000000000000000, 0.000000000000000000, 0.000000000000000000 ) ;
#3356 = DIRECTION ( 'NONE',  ( 0.000000000000000000, 0.000000000000000000, -1.000000000000000000 ) ) ;
#3357 =( NAMED_UNIT ( * ) SI_UNIT ( $, .STERADIAN. ) SOLID_ANGLE_UNIT ( ) );
#3358 = VECTOR ( 'NONE', #2528, 39.37007874015748143 ) ;
#3359 = EDGE_CURVE ( 'NONE', #2029, #2912, #3408, .T. ) ;
#3360 = DIRECTION ( 'NONE',  ( 0.000000000000000000, -1.000000000000000000, -0.000000000000000000 ) ) ;
#3361 = CARTESIAN_POINT ( 'NONE',  ( -0.1102362204724409434, -0.06889763779488675133, 0.03543307084542850899 ) ) ;
#3362 = VECTOR ( 'NONE', #1920, 39.37007874015748143 ) ;
#3363 = VECTOR ( 'NONE', #822, 39.37007874015748143 ) ;
#3364 = PLANE ( 'NONE',  #151 ) ;
#3365 =( LENGTH_UNIT ( ) NAMED_UNIT ( * ) SI_UNIT ( $, .METRE. ) );
#3366 = MECHANICAL_DESIGN_GEOMETRIC_PRESENTATION_REPRESENTATION (  '', ( #1634 ), #642 ) ;
#3367 = ORIENTED_EDGE ( 'NONE', *, *, #437, .F. ) ;
#3368 = ORIENTED_EDGE ( 'NONE', *, *, #3620, .T. ) ;
#3369 = CARTESIAN_POINT ( 'NONE',  ( 0.1605262017716535539, -0.06889763779527560694, 0.1377952755905512139 ) ) ;
#3370 =( LENGTH_UNIT ( ) NAMED_UNIT ( * ) SI_UNIT ( $, .METRE. ) );
#3371 = CARTESIAN_POINT ( 'NONE',  ( -0.09842519685039370636, -0.07086614173228350522, -0.1062992125984252023 ) ) ;
#3372 =( LENGTH_UNIT ( ) NAMED_UNIT ( * ) SI_UNIT ( $, .METRE. ) );
#3373 = SURFACE_SIDE_STYLE ('',( #142 ) ) ;
#3374 = MECHANICAL_DESIGN_GEOMETRIC_PRESENTATION_REPRESENTATION (  '', ( #3694 ), #1889 ) ;
#3375 = STYLED_ITEM ( 'NONE', ( #3277 ), #18 ) ;
#3376 = STYLED_ITEM ( 'NONE', ( #2429 ), #1161 ) ;
#3377 = CARTESIAN_POINT ( 'NONE',  ( -0.08661417322834646937, -0.07086614173228350522, -0.1062992125984252023 ) ) ;
#3378 = ORIENTED_EDGE ( 'NONE', *, *, #2756, .T. ) ;
#3379 = PRESENTATION_LAYER_ASSIGNMENT (  '', '', ( #1216 ) ) ;
#3380 = DIRECTION ( 'NONE',  ( 1.000000000000000000, -0.000000000000000000, -0.000000000000000000 ) ) ;
#3381 =( LENGTH_UNIT ( ) NAMED_UNIT ( * ) SI_UNIT ( $, .METRE. ) );
#3382 = DIRECTION ( 'NONE',  ( 0.000000000000000000, 0.000000000000000000, -1.000000000000000000 ) ) ;
#3383 = EDGE_CURVE ( 'NONE', #3044, #1348, #3121, .T. ) ;
#3384 =( LENGTH_UNIT ( ) NAMED_UNIT ( * ) SI_UNIT ( $, .METRE. ) );
#3385 = PLANE ( 'NONE',  #342 ) ;
#3386 = ORIENTED_EDGE ( 'NONE', *, *, #2336, .F. ) ;
#3387 = ORIENTED_EDGE ( 'NONE', *, *, #212, .T. ) ;
#3388 =( NAMED_UNIT ( * ) PLANE_ANGLE_UNIT ( ) SI_UNIT ( $, .RADIAN. ) );
#3389 =( GEOMETRIC_REPRESENTATION_CONTEXT ( 3 ) GLOBAL_UNCERTAINTY_ASSIGNED_CONTEXT ( ( #2718 ) ) GLOBAL_UNIT_ASSIGNED_CONTEXT ( ( #2699, #3230, #1235 ) ) REPRESENTATION_CONTEXT ( 'NONE', 'WORKASPACE' ) );
#3390 = VERTEX_POINT ( 'NONE', #2840 ) ;
#3391 = CARTESIAN_POINT ( 'NONE',  ( 0.1259842519671819372, 0.02165354329467918462, 0.01181102362997931560 ) ) ;
#3392 = PRESENTATION_STYLE_ASSIGNMENT (( #1074 ) ) ;
#3393 = PRESENTATION_LAYER_ASSIGNMENT (  '', '', ( #2910 ) ) ;
#3394 = DIRECTION ( 'NONE',  ( -0.1373605639112049914, -0.5494422561414872286, -0.8241633834672273951 ) ) ;
#3395 = ADVANCED_FACE ( 'NONE', ( #156 ), #495, .T. ) ;
#3396 =( CONVERSION_BASED_UNIT ( 'INCH', #2766 ) LENGTH_UNIT ( ) NAMED_UNIT ( #1294 ) );
#3397 = CARTESIAN_POINT ( 'NONE',  ( -0.1102362204724409434, -0.05905511811023622659, -0.1062992125984252023 ) ) ;
#3398 = LENGTH_MEASURE_WITH_UNIT ( LENGTH_MEASURE( 0.02539999999999999897 ), #3736 );
#3399 = CARTESIAN_POINT ( 'NONE',  ( -0.08661417322834646937, -0.07086614173228350522, -0.1062992125984252023 ) ) ;
#3400 = ORIENTED_EDGE ( 'NONE', *, *, #494, .T. ) ;
#3401 = VECTOR ( 'NONE', #1298, 39.37007874015748143 ) ;
#3402 = DIRECTION ( 'NONE',  ( -0.000000000000000000, -1.000000000000000000, -0.000000000000000000 ) ) ;
#3403 = MECHANICAL_DESIGN_GEOMETRIC_PRESENTATION_REPRESENTATION (  '', ( #1541 ), #1919 ) ;
#3404 = LINE ( 'NONE', #1085, #497 ) ;
#3405 = UNCERTAINTY_MEASURE_WITH_UNIT (LENGTH_MEASURE( 1.000000000000000082E-05 ), #2379, 'distance_accuracy_value', 'NONE');
#3406 = DIRECTION ( 'NONE',  ( 1.000000000000000000, 0.000000000000000000, 0.000000000000000000 ) ) ;
#3407 = PRESENTATION_STYLE_ASSIGNMENT (( #1932 ) ) ;
#3408 = LINE ( 'NONE', #92, #443 ) ;
#3409 = VERTEX_POINT ( 'NONE', #2047 ) ;
#3410 =( NAMED_UNIT ( * ) SI_UNIT ( $, .STERADIAN. ) SOLID_ANGLE_UNIT ( ) );
#3411 = ORIENTED_EDGE ( 'NONE', *, *, #2830, .T. ) ;
#3412 = AXIS2_PLACEMENT_3D ( 'NONE', #3186, #1406, #2824 ) ;
#3413 = ORIENTED_EDGE ( 'NONE', *, *, #2421, .T. ) ;
#3414 = PRESENTATION_LAYER_ASSIGNMENT (  '', '', ( #1245 ) ) ;
#3415 = CARTESIAN_POINT ( 'NONE',  ( -0.1623027555264225374, 0.06889763779527560694, 0.1376947471811271750 ) ) ;
#3416 = CARTESIAN_POINT ( 'NONE',  ( -0.1631938766729785495, -0.06889763779527560694, 0.1375935729206527736 ) ) ;
#3417 =( NAMED_UNIT ( * ) PLANE_ANGLE_UNIT ( ) SI_UNIT ( $, .RADIAN. ) );
#3418 = EDGE_LOOP ( 'NONE', ( #215, #3400, #3828, #1851 ) ) ;
#3419 = STYLED_ITEM ( 'NONE', ( #1593 ), #3542 ) ;
#3420 = EDGE_CURVE ( 'NONE', #2590, #487, #1142, .T. ) ;
#3421 = PLANE ( 'NONE',  #2045 ) ;
#3422 = EDGE_LOOP ( 'NONE', ( #1076, #1937, #2179, #3860 ) ) ;
#3423 =( CONVERSION_BASED_UNIT ( 'INCH', #2856 ) LENGTH_UNIT ( ) NAMED_UNIT ( #360 ) );
#3424 = CARTESIAN_POINT ( 'NONE',  ( 0.08661417322834646937, -0.06889763779476525130, 0.04671663544752026331 ) ) ;
#3425 = PRESENTATION_STYLE_ASSIGNMENT (( #1600 ) ) ;
#3426 = PRESENTATION_LAYER_ASSIGNMENT (  '', '', ( #3676 ) ) ;
#3427 = DIRECTION ( 'NONE',  ( -1.000000000000000000, -0.000000000000000000, 0.000000000000000000 ) ) ;
#3428 = PRESENTATION_STYLE_ASSIGNMENT (( #3450 ) ) ;
#3429 = ORIENTED_EDGE ( 'NONE', *, *, #3834, .T. ) ;
#3430 = VERTEX_POINT ( 'NONE', #3503 ) ;
#3431 = EDGE_CURVE ( 'NONE', #2463, #1989, #849, .T. ) ;
#3432 = PRESENTATION_LAYER_ASSIGNMENT (  '', '', ( #133 ) ) ;
#3433 = DIRECTION ( 'NONE',  ( -0.9936164456676244150, 0.000000000000000000, -0.1128111647791868316 ) ) ;
#3434 = COLOUR_RGB ( '',0.7529411764705882248, 0.7529411764705882248, 0.7529411764705882248 ) ;
#3435 = DIMENSIONAL_EXPONENTS ( 1.000000000000000000, 0.000000000000000000, 0.000000000000000000, 0.000000000000000000, 0.000000000000000000, 0.000000000000000000, 0.000000000000000000 ) ;
#3436 = FILL_AREA_STYLE_COLOUR ( '', #572 ) ;
#3437 = ORIENTED_EDGE ( 'NONE', *, *, #1533, .F. ) ;
#3438 = ADVANCED_FACE ( 'NONE', ( #2896 ), #3486, .F. ) ;
#3439 = LINE ( 'NONE', #3457, #3859 ) ;
#3440 =( CONVERSION_BASED_UNIT ( 'INCH', #2241 ) LENGTH_UNIT ( ) NAMED_UNIT ( #2173 ) );
#3441 = EDGE_LOOP ( 'NONE', ( #1029, #104, #1909, #3131 ) ) ;
#3442 = AXIS2_PLACEMENT_3D ( 'NONE', #2204, #3380, #2478 ) ;
#3443 = VECTOR ( 'NONE', #1521, 39.37007874015748143 ) ;
#3444 = SURFACE_STYLE_USAGE ( .BOTH. , #2267 ) ;
#3445 = MECHANICAL_DESIGN_GEOMETRIC_PRESENTATION_REPRESENTATION (  '', ( #3251 ), #2074 ) ;
#3446 = PRESENTATION_LAYER_ASSIGNMENT (  '', '', ( #2537 ) ) ;
#3447 = PRESENTATION_STYLE_ASSIGNMENT (( #1178 ) ) ;
#3448 = PRESENTATION_LAYER_ASSIGNMENT (  '', '', ( #1156 ) ) ;
#3449 = SURFACE_SIDE_STYLE ('',( #3685 ) ) ;
#3450 = SURFACE_STYLE_USAGE ( .BOTH. , #2312 ) ;
#3451 = CARTESIAN_POINT ( 'NONE',  ( 0.1476377952755977274, 0.04921259842520809419, 1.599498961067095073E-14 ) ) ;
#3452 =( LENGTH_UNIT ( ) NAMED_UNIT ( * ) SI_UNIT ( $, .METRE. ) );
#3453 = STYLED_ITEM ( 'NONE', ( #3166 ), #3159 ) ;
#3454 = LINE ( 'NONE', #3732, #1375 ) ;
#3455 = LENGTH_MEASURE_WITH_UNIT ( LENGTH_MEASURE( 0.02539999999999999897 ), #486 );
#3456 = VERTEX_POINT ( 'NONE', #224 ) ;
#3457 = CARTESIAN_POINT ( 'NONE',  ( 0.01181102362204724567, 0.06889763779527560694, 0.04763473055118109395 ) ) ;
#3458 = DIMENSIONAL_EXPONENTS ( 1.000000000000000000, 0.000000000000000000, 0.000000000000000000, 0.000000000000000000, 0.000000000000000000, 0.000000000000000000, 0.000000000000000000 ) ;
#3459 = DIRECTION ( 'NONE',  ( 0.000000000000000000, 1.000000000000000000, 0.000000000000000000 ) ) ;
#3460 = EDGE_CURVE ( 'NONE', #2568, #3727, #1794, .T. ) ;
#3461 = CARTESIAN_POINT ( 'NONE',  ( -0.1631938767434490123, -0.03346456692913386127, 0.1375935729157289067 ) ) ;
#3462 = ORIENTED_EDGE ( 'NONE', *, *, #3260, .F. ) ;
#3463 = ORIENTED_EDGE ( 'NONE', *, *, #588, .T. ) ;
#3464 = LENGTH_MEASURE_WITH_UNIT ( LENGTH_MEASURE( 0.02539999999999999897 ), #749 );
#3465 = EDGE_CURVE ( 'NONE', #946, #2894, #2945, .T. ) ;
#3466 = VERTEX_POINT ( 'NONE', #1465 ) ;
#3467 =( LENGTH_UNIT ( ) NAMED_UNIT ( * ) SI_UNIT ( $, .METRE. ) );
#3468 = DIRECTION ( 'NONE',  ( 0.1128111647791868316, 0.000000000000000000, -0.9936164456676244150 ) ) ;
#3469 =( NAMED_UNIT ( * ) PLANE_ANGLE_UNIT ( ) SI_UNIT ( $, .RADIAN. ) );
#3470 = FILL_AREA_STYLE_COLOUR ( '', #2609 ) ;
#3471 = VECTOR ( 'NONE', #3807, 39.37007874015748143 ) ;
#3472 = CARTESIAN_POINT ( 'NONE',  ( 0.1673228346456692994, 0.06889763779527560694, 0.03543307086239672055 ) ) ;
#3473 =( NAMED_UNIT ( * ) SI_UNIT ( $, .STERADIAN. ) SOLID_ANGLE_UNIT ( ) );
#3474 = ORIENTED_EDGE ( 'NONE', *, *, #521, .T. ) ;
#3475 = AXIS2_PLACEMENT_3D ( 'NONE', #3241, #3571, #545 ) ;
#3476 = CARTESIAN_POINT ( 'NONE',  ( 0.1673228346456692994, -0.06889763779527560694, 0.03543307086614175955 ) ) ;
#3477 = FACE_OUTER_BOUND ( 'NONE', #2084, .T. ) ;
#3478 = STYLED_ITEM ( 'NONE', ( #833 ), #3479 ) ;
#3479 = ADVANCED_FACE ( 'NONE', ( #2015 ), #3829, .F. ) ;
#3480 = VERTEX_POINT ( 'NONE', #386 ) ;
#3481 =( CONVERSION_BASED_UNIT ( 'INCH', #3464 ) LENGTH_UNIT ( ) NAMED_UNIT ( #2677 ) );
#3482 = DIRECTION ( 'NONE',  ( 1.000000000000000000, 0.000000000000000000, -0.000000000000000000 ) ) ;
#3483 = PLANE ( 'NONE',  #2022 ) ;
#3484 = EDGE_CURVE ( 'NONE', #3756, #3480, #59, .T. ) ;
#3485 = CARTESIAN_POINT ( 'NONE',  ( -0.1279527559055037567, -0.02144094488188976952, 4.836651502532775768E-14 ) ) ;
#3486 = PLANE ( 'NONE',  #2980 ) ;
#3487 =( NAMED_UNIT ( * ) PLANE_ANGLE_UNIT ( ) SI_UNIT ( $, .RADIAN. ) );
#3488 = STYLED_ITEM ( 'NONE', ( #2710 ), #476 ) ;
#3489 = VECTOR ( 'NONE', #1892, 39.37007874015748854 ) ;
#3490 = AXIS2_PLACEMENT_3D ( 'NONE', #2574, #2595, #3722 ) ;
#3491 = DIRECTION ( 'NONE',  ( -0.000000000000000000, 0.000000000000000000, -1.000000000000000000 ) ) ;
#3492 = VECTOR ( 'NONE', #907, 39.37007874015748143 ) ;
#3493 = CARTESIAN_POINT ( 'NONE',  ( 0.01771653543307087630, 0.02952755905511811677, 0.08661417322834644161 ) ) ;
#3494 = ORIENTED_EDGE ( 'NONE', *, *, #3484, .T. ) ;
#3495 = COLOUR_RGB ( '',0.7529411764705882248, 0.7529411764705882248, 0.7529411764705882248 ) ;
#3496 = PRESENTATION_STYLE_ASSIGNMENT (( #3271 ) ) ;
#3497 = DIRECTION ( 'NONE',  ( 0.000000000000000000, 0.000000000000000000, -1.000000000000000000 ) ) ;
#3498 = MECHANICAL_DESIGN_GEOMETRIC_PRESENTATION_REPRESENTATION (  '', ( #2442 ), #2645 ) ;
#3499 = CARTESIAN_POINT ( 'NONE',  ( 0.009842519685039378616, 0.02165354330708661734, 0.2165354330708662289 ) ) ;
#3500 = ORIENTED_EDGE ( 'NONE', *, *, #2927, .F. ) ;
#3501 = CIRCLE ( 'NONE', #1955, 0.007874015748031499423 ) ;
#3502 = EDGE_LOOP ( 'NONE', ( #2028, #1623, #1558, #3293 ) ) ;
#3503 = CARTESIAN_POINT ( 'NONE',  ( -0.1102362204724409295, -0.05905511811023622659, 0.01181102362249276776 ) ) ;
#3504 = FILL_AREA_STYLE_COLOUR ( '', #149 ) ;
#3505 = UNCERTAINTY_MEASURE_WITH_UNIT (LENGTH_MEASURE( 1.000000000000000082E-05 ), #3191, 'distance_accuracy_value', 'NONE');
#3506 = CARTESIAN_POINT ( 'NONE',  ( 0.01771653543307087630, -0.02952755905511811677, 0.2165354330708662289 ) ) ;
#3507 = ADVANCED_FACE ( 'NONE', ( #1609 ), #79, .F. ) ;
#3508 = AXIS2_PLACEMENT_3D ( 'NONE', #525, #1685, #468 ) ;
#3509 = DIMENSIONAL_EXPONENTS ( 1.000000000000000000, 0.000000000000000000, 0.000000000000000000, 0.000000000000000000, 0.000000000000000000, 0.000000000000000000, 0.000000000000000000 ) ;
#3510 = DIRECTION ( 'NONE',  ( 1.000000000000000000, 0.000000000000000000, -0.000000000000000000 ) ) ;
#3511 =( NAMED_UNIT ( * ) SI_UNIT ( $, .STERADIAN. ) SOLID_ANGLE_UNIT ( ) );
#3512 = VECTOR ( 'NONE', #3491, 39.37007874015748143 ) ;
#3513 = ORIENTED_EDGE ( 'NONE', *, *, #2458, .F. ) ;
#3514 = EDGE_CURVE ( 'NONE', #3430, #1231, #2446, .T. ) ;
#3515 =( GEOMETRIC_REPRESENTATION_CONTEXT ( 3 ) GLOBAL_UNCERTAINTY_ASSIGNED_CONTEXT ( ( #931 ) ) GLOBAL_UNIT_ASSIGNED_CONTEXT ( ( #3396, #383, #1009 ) ) REPRESENTATION_CONTEXT ( 'NONE', 'WORKASPACE' ) );
#3516 = PRESENTATION_STYLE_ASSIGNMENT (( #3857 ) ) ;
#3517 = PLANE ( 'NONE',  #3032 ) ;
#3518 = ORIENTED_EDGE ( 'NONE', *, *, #213, .T. ) ;
#3519 = AXIS2_PLACEMENT_3D ( 'NONE', #1259, #3264, #689 ) ;
#3520 =( CONVERSION_BASED_UNIT ( 'INCH', #2337 ) LENGTH_UNIT ( ) NAMED_UNIT ( #2362 ) );
#3521 = SURFACE_SIDE_STYLE ('',( #1176 ) ) ;
#3522 =( LENGTH_UNIT ( ) NAMED_UNIT ( * ) SI_UNIT ( $, .METRE. ) );
#3523 = FACE_OUTER_BOUND ( 'NONE', #2257, .T. ) ;
#3524 = FACE_OUTER_BOUND ( 'NONE', #2349, .T. ) ;
#3525 = LINE ( 'NONE', #227, #1168 ) ;
#3526 = SURFACE_STYLE_USAGE ( .BOTH. , #1774 ) ;
#3527 = VERTEX_POINT ( 'NONE', #2745 ) ;
#3528 = VECTOR ( 'NONE', #193, 39.37007874015748143 ) ;
#3529 = DIRECTION ( 'NONE',  ( -1.000000000000000000, 0.000000000000000000, 0.000000000000000000 ) ) ;
#3530 = STYLED_ITEM ( 'NONE', ( #103 ), #1426 ) ;
#3531 = EDGE_CURVE ( 'NONE', #3645, #2510, #2789, .T. ) ;
#3532 = ORIENTED_EDGE ( 'NONE', *, *, #2052, .T. ) ;
#3533 = VECTOR ( 'NONE', #3427, 39.37007874015748143 ) ;
#3534 = UNCERTAINTY_MEASURE_WITH_UNIT (LENGTH_MEASURE( 1.000000000000000082E-05 ), #268, 'distance_accuracy_value', 'NONE');
#3535 = SURFACE_STYLE_USAGE ( .BOTH. , #2093 ) ;
#3536 = VECTOR ( 'NONE', #247, 39.37007874015748143 ) ;
#3537 = ORIENTED_EDGE ( 'NONE', *, *, #3514, .T. ) ;
#3538 =( NAMED_UNIT ( * ) SI_UNIT ( $, .STERADIAN. ) SOLID_ANGLE_UNIT ( ) );
#3539 = PRESENTATION_STYLE_ASSIGNMENT (( #3816 ) ) ;
#3540 = CARTESIAN_POINT ( 'NONE',  ( -0.1377952755905511861, 0.06889763779527560694, 0.1279527559055118335 ) ) ;
#3541 = SURFACE_STYLE_FILL_AREA ( #1440 ) ;
#3542 = ADVANCED_FACE ( 'NONE', ( #1860 ), #2520, .F. ) ;
#3543 = ORIENTED_EDGE ( 'NONE', *, *, #3164, .F. ) ;
#3544 = DIRECTION ( 'NONE',  ( 0.000000000000000000, 0.000000000000000000, 1.000000000000000000 ) ) ;
#3545 = DIRECTION ( 'NONE',  ( 0.1373605638760558301, 0.5494422564666145981, -0.8241633832563339812 ) ) ;
#3546 = PRESENTATION_LAYER_ASSIGNMENT (  '', '', ( #1396 ) ) ;
#3547 = ADVANCED_FACE ( 'NONE', ( #1059 ), #741, .T. ) ;
#3548 = PRESENTATION_LAYER_ASSIGNMENT (  '', '', ( #1268 ) ) ;
#3549 = ORIENTED_EDGE ( 'NONE', *, *, #894, .T. ) ;
#3550 = DIRECTION ( 'NONE',  ( 0.000000000000000000, 0.000000000000000000, -1.000000000000000000 ) ) ;
#3551 = DIMENSIONAL_EXPONENTS ( 1.000000000000000000, 0.000000000000000000, 0.000000000000000000, 0.000000000000000000, 0.000000000000000000, 0.000000000000000000, 0.000000000000000000 ) ;
#3552 =( CONVERSION_BASED_UNIT ( 'INCH', #2963 ) LENGTH_UNIT ( ) NAMED_UNIT ( #784 ) );
#3553 = SURFACE_STYLE_FILL_AREA ( #1906 ) ;
#3554 = DIRECTION ( 'NONE',  ( -1.000000000000000000, -0.000000000000000000, 0.000000000000000000 ) ) ;
#3555 = SURFACE_STYLE_FILL_AREA ( #919 ) ;
#3556 = CARTESIAN_POINT ( 'NONE',  ( 0.06889763779527560694, -0.02165354330699196042, 0.08661417322834644161 ) ) ;
#3557 = VECTOR ( 'NONE', #2340, 39.37007874015748143 ) ;
#3558 = SURFACE_STYLE_FILL_AREA ( #397 ) ;
#3559 = DIRECTION ( 'NONE',  ( -1.000000000000000000, 0.000000000000000000, 0.000000000000000000 ) ) ;
#3560 = AXIS2_PLACEMENT_3D ( 'NONE', #2181, #1303, #1781 ) ;
#3561 = DIRECTION ( 'NONE',  ( 1.000000000000000000, 0.000000000000000000, 0.000000000000000000 ) ) ;
#3562 = ORIENTED_EDGE ( 'NONE', *, *, #38, .F. ) ;
#3563 = ORIENTED_EDGE ( 'NONE', *, *, #166, .F. ) ;
#3564 = SURFACE_SIDE_STYLE ('',( #2024 ) ) ;
#3565 =( GEOMETRIC_REPRESENTATION_CONTEXT ( 3 ) GLOBAL_UNCERTAINTY_ASSIGNED_CONTEXT ( ( #917 ) ) GLOBAL_UNIT_ASSIGNED_CONTEXT ( ( #2532, #3084, #1659 ) ) REPRESENTATION_CONTEXT ( 'NONE', 'WORKASPACE' ) );
#3566 = FACE_OUTER_BOUND ( 'NONE', #1545, .T. ) ;
#3567 = CARTESIAN_POINT ( 'NONE',  ( 0.1102362204724409434, -0.05905511811023622659, -0.1062992125984252023 ) ) ;
#3568 = ORIENTED_EDGE ( 'NONE', *, *, #2077, .F. ) ;
#3569 = EDGE_CURVE ( 'NONE', #3727, #266, #803, .T. ) ;
#3570 = CYLINDRICAL_SURFACE ( 'NONE', #1463, 0.01181102362204724046 ) ;
#3571 = DIRECTION ( 'NONE',  ( 0.000000000000000000, 0.000000000000000000, -1.000000000000000000 ) ) ;
#3572 =( GEOMETRIC_REPRESENTATION_CONTEXT ( 3 ) GLOBAL_UNCERTAINTY_ASSIGNED_CONTEXT ( ( #3284 ) ) GLOBAL_UNIT_ASSIGNED_CONTEXT ( ( #2688, #3255, #2383 ) ) REPRESENTATION_CONTEXT ( 'NONE', 'WORKASPACE' ) );
#3573 = ORIENTED_EDGE ( 'NONE', *, *, #2473, .F. ) ;
#3574 = VECTOR ( 'NONE', #1165, 39.37007874015748143 ) ;
#3575 = CARTESIAN_POINT ( 'NONE',  ( -0.1258425196850393724, 0.04921259842519685318, 0.000000000000000000 ) ) ;
#3576 = EDGE_CURVE ( 'NONE', #3430, #573, #3790, .T. ) ;
#3577 = CARTESIAN_POINT ( 'NONE',  ( 0.000000000000000000, 0.07086614173228350522, -0.1181102362204724532 ) ) ;
#3578 = DIMENSIONAL_EXPONENTS ( 1.000000000000000000, 0.000000000000000000, 0.000000000000000000, 0.000000000000000000, 0.000000000000000000, 0.000000000000000000, 0.000000000000000000 ) ;
#3579 = LINE ( 'NONE', #2758, #1649 ) ;
#3580 = LINE ( 'NONE', #1562, #3092 ) ;
#3581 = FILL_AREA_STYLE ('',( #2461 ) ) ;
#3582 = ORIENTED_EDGE ( 'NONE', *, *, #111, .F. ) ;
#3583 = ORIENTED_EDGE ( 'NONE', *, *, #788, .F. ) ;
#3584 = SURFACE_STYLE_USAGE ( .BOTH. , #2567 ) ;
#3585 = DIRECTION ( 'NONE',  ( 1.000000000000000000, -0.000000000000000000, 0.000000000000000000 ) ) ;
#3586 =( GEOMETRIC_REPRESENTATION_CONTEXT ( 3 ) GLOBAL_UNCERTAINTY_ASSIGNED_CONTEXT ( ( #2665 ) ) GLOBAL_UNIT_ASSIGNED_CONTEXT ( ( #1885, #2852, #993 ) ) REPRESENTATION_CONTEXT ( 'NONE', 'WORKASPACE' ) );
#3587 = PLANE ( 'NONE',  #2096 ) ;
#3588 = CARTESIAN_POINT ( 'NONE',  ( -0.1497480314960629999, -0.02952755905509605108, 3.311511989819899269E-14 ) ) ;
#3589 = ORIENTED_EDGE ( 'NONE', *, *, #2667, .F. ) ;
#3590 = CARTESIAN_POINT ( 'NONE',  ( 0.1771653543307086798, -0.06889763779527560694, 0.1219460698425197248 ) ) ;
#3591 = ADVANCED_FACE ( 'NONE', ( #2828 ), #1965, .F. ) ;
#3592 = MECHANICAL_DESIGN_GEOMETRIC_PRESENTATION_REPRESENTATION (  '', ( #1785 ), #1856 ) ;
#3593 = FILL_AREA_STYLE_COLOUR ( '', #2735 ) ;
#3594 = ORIENTED_EDGE ( 'NONE', *, *, #2421, .F. ) ;
#3595 = UNCERTAINTY_MEASURE_WITH_UNIT (LENGTH_MEASURE( 1.000000000000000082E-05 ), #1829, 'distance_accuracy_value', 'NONE');
#3596 = CARTESIAN_POINT ( 'NONE',  ( -0.1102362204724409434, -0.05905511811023623353, 0.03543307085430561637 ) ) ;
#3597 = LINE ( 'NONE', #1083, #1409 ) ;
#3598 = VECTOR ( 'NONE', #864, 39.37007874015748143 ) ;
#3599 = PLANE ( 'NONE',  #1687 ) ;
#3600 = EDGE_CURVE ( 'NONE', #1613, #2589, #889, .T. ) ;
#3601 = DIRECTION ( 'NONE',  ( 0.000000000000000000, -1.000000000000000000, -0.000000000000000000 ) ) ;
#3602 = FACE_OUTER_BOUND ( 'NONE', #1595, .T. ) ;
#3603 = ORIENTED_EDGE ( 'NONE', *, *, #294, .F. ) ;
#3604 = EDGE_LOOP ( 'NONE', ( #2145, #1349, #3367, #3429 ) ) ;
#3605 = FILL_AREA_STYLE_COLOUR ( '', #1923 ) ;
#3606 = UNCERTAINTY_MEASURE_WITH_UNIT (LENGTH_MEASURE( 1.000000000000000082E-05 ), #2952, 'distance_accuracy_value', 'NONE');
#3607 = FACE_OUTER_BOUND ( 'NONE', #692, .T. ) ;
#3608 = VECTOR ( 'NONE', #2702, 39.37007874015748143 ) ;
#3609 = PLANE ( 'NONE',  #590 ) ;
#3610 = MECHANICAL_DESIGN_GEOMETRIC_PRESENTATION_REPRESENTATION (  '', ( #1268 ), #1750 ) ;
#3611 = ORIENTED_EDGE ( 'NONE', *, *, #2711, .F. ) ;
#3612 = FACE_OUTER_BOUND ( 'NONE', #2104, .T. ) ;
#3613 = DIRECTION ( 'NONE',  ( -0.000000000000000000, -0.000000000000000000, 1.000000000000000000 ) ) ;
#3614 = FILL_AREA_STYLE_COLOUR ( '', #1031 ) ;
#3615 = FILL_AREA_STYLE ('',( #3700 ) ) ;
#3616 = AXIS2_PLACEMENT_3D ( 'NONE', #2082, #27, #2066 ) ;
#3617 = FILL_AREA_STYLE_COLOUR ( '', #3675 ) ;
#3618 = CARTESIAN_POINT ( 'NONE',  ( -0.1771653543307087908, 0.06889763779527560694, 0.1279527559055118335 ) ) ;
#3619 = DIRECTION ( 'NONE',  ( 1.000000000000000000, -0.000000000000000000, 0.000000000000000000 ) ) ;
#3620 = EDGE_CURVE ( 'NONE', #1348, #672, #3719, .T. ) ;
#3621 = SURFACE_STYLE_FILL_AREA ( #3581 ) ;
#3622 = CARTESIAN_POINT ( 'NONE',  ( 0.1605262017716536094, 0.06889763779527560694, 0.1377952755905512139 ) ) ;
#3623 = ORIENTED_EDGE ( 'NONE', *, *, #307, .F. ) ;
#3624 = ORIENTED_EDGE ( 'NONE', *, *, #1728, .T. ) ;
#3625 =( GEOMETRIC_REPRESENTATION_CONTEXT ( 3 ) GLOBAL_UNCERTAINTY_ASSIGNED_CONTEXT ( ( #333 ) ) GLOBAL_UNIT_ASSIGNED_CONTEXT ( ( #1302, #2499, #3357 ) ) REPRESENTATION_CONTEXT ( 'NONE', 'WORKASPACE' ) );
#3626 = DIRECTION ( 'NONE',  ( 0.000000000000000000, -0.000000000000000000, -1.000000000000000000 ) ) ;
#3627 = FILL_AREA_STYLE_COLOUR ( '', #2669 ) ;
#3628 = ADVANCED_FACE ( 'NONE', ( #1223 ), #3517, .F. ) ;
#3629 = VECTOR ( 'NONE', #1924, 39.37007874015748854 ) ;
#3630 = PRODUCT_RELATED_PRODUCT_CATEGORY ( 'part', '', ( #1977 ) ) ;
#3631 = AXIS2_PLACEMENT_3D ( 'NONE', #3493, #3168, #800 ) ;
#3632 = SURFACE_STYLE_FILL_AREA ( #1779 ) ;
#3633 = ORIENTED_EDGE ( 'NONE', *, *, #1220, .F. ) ;
#3634 = DIMENSIONAL_EXPONENTS ( 1.000000000000000000, 0.000000000000000000, 0.000000000000000000, 0.000000000000000000, 0.000000000000000000, 0.000000000000000000, 0.000000000000000000 ) ;
#3635 = FILL_AREA_STYLE ('',( #3752 ) ) ;
#3636 = PRESENTATION_STYLE_ASSIGNMENT (( #2680 ) ) ;
#3637 = CARTESIAN_POINT ( 'NONE',  ( 0.1555118110239450124, -0.06889763779527560694, 0.03543307086614175955 ) ) ;
#3638 = SURFACE_STYLE_FILL_AREA ( #2733 ) ;
#3639 = SURFACE_SIDE_STYLE ('',( #1524 ) ) ;
#3640 = FILL_AREA_STYLE_COLOUR ( '', #1424 ) ;
#3641 = CARTESIAN_POINT ( 'NONE',  ( 0.01771653543307087630, 0.02165354330708661734, 0.2165354330708662289 ) ) ;
#3642 = CARTESIAN_POINT ( 'NONE',  ( 0.1497480314960629999, 0.04921259842519685318, 0.000000000000000000 ) ) ;
#3643 = MECHANICAL_DESIGN_GEOMETRIC_PRESENTATION_REPRESENTATION (  '', ( #2910 ), #1717 ) ;
#3644 = ORIENTED_EDGE ( 'NONE', *, *, #99, .F. ) ;
#3645 = VERTEX_POINT ( 'NONE', #2924 ) ;
#3646 =( NAMED_UNIT ( * ) PLANE_ANGLE_UNIT ( ) SI_UNIT ( $, .RADIAN. ) );
#3647 = PRESENTATION_STYLE_ASSIGNMENT (( #988 ) ) ;
#3648 = EDGE_CURVE ( 'NONE', #3212, #324, #319, .T. ) ;
#3649 = LENGTH_MEASURE_WITH_UNIT ( LENGTH_MEASURE( 0.02539999999999999897 ), #2470 );
#3650 = SURFACE_STYLE_USAGE ( .BOTH. , #472 ) ;
#3651 = DIRECTION ( 'NONE',  ( 0.000000000000000000, -1.000000000000000000, 0.000000000000000000 ) ) ;
#3652 = ORIENTED_EDGE ( 'NONE', *, *, #2583, .F. ) ;
#3653 = PRESENTATION_STYLE_ASSIGNMENT (( #1671 ) ) ;
#3654 = MECHANICAL_DESIGN_GEOMETRIC_PRESENTATION_REPRESENTATION (  '', ( #2485 ), #1784 ) ;
#3655 = DIRECTION ( 'NONE',  ( -1.000000000000000000, 0.000000000000000000, 0.000000000000000000 ) ) ;
#3656 =( LENGTH_UNIT ( ) NAMED_UNIT ( * ) SI_UNIT ( $, .METRE. ) );
#3657 = CARTESIAN_POINT ( 'NONE',  ( -0.01181102362204724567, 0.07086614173228350522, 0.04330708661417324162 ) ) ;
#3658 = VECTOR ( 'NONE', #2610, 39.37007874015748143 ) ;
#3659 = DIRECTION ( 'NONE',  ( 0.000000000000000000, 1.000000000000000000, 0.000000000000000000 ) ) ;
#3660 = FACE_OUTER_BOUND ( 'NONE', #3441, .T. ) ;
#3661 = LINE ( 'NONE', #1363, #3533 ) ;
#3662 = DIRECTION ( 'NONE',  ( 1.000000000000000000, 0.000000000000000000, -0.000000000000000000 ) ) ;
#3663 = DIMENSIONAL_EXPONENTS ( 1.000000000000000000, 0.000000000000000000, 0.000000000000000000, 0.000000000000000000, 0.000000000000000000, 0.000000000000000000, 0.000000000000000000 ) ;
#3664 = COLOUR_RGB ( '',0.7529411764705882248, 0.7529411764705882248, 0.7529411764705882248 ) ;
#3665 = FILL_AREA_STYLE_COLOUR ( '', #524 ) ;
#3666 = VERTEX_POINT ( 'NONE', #297 ) ;
#3667 = VERTEX_POINT ( 'NONE', #839 ) ;
#3668 = SURFACE_STYLE_FILL_AREA ( #2487 ) ;
#3669 = FILL_AREA_STYLE_COLOUR ( '', #3238 ) ;
#3670 = CARTESIAN_POINT ( 'NONE',  ( -0.1555118110236220208, -0.02165354328822424387, 0.01181102362204727516 ) ) ;
#3671 = CARTESIAN_POINT ( 'NONE',  ( -0.1102362204724409434, -0.07086614173228350522, -0.1062992125984252023 ) ) ;
#3672 = VECTOR ( 'NONE', #200, 39.37007874015748143 ) ;
#3673 = EDGE_CURVE ( 'NONE', #1584, #170, #1460, .T. ) ;
#3674 = CARTESIAN_POINT ( 'NONE',  ( 0.1476377952755924539, 0.02952755905508633663, 1.239044990468724665E-14 ) ) ;
#3675 = COLOUR_RGB ( '',0.7529411764705882248, 0.7529411764705882248, 0.7529411764705882248 ) ;
#3676 = STYLED_ITEM ( 'NONE', ( #2639 ), #862 ) ;
#3677 = ORIENTED_EDGE ( 'NONE', *, *, #2286, .F. ) ;
#3678 = COLOUR_RGB ( '',0.7529411764705882248, 0.7529411764705882248, 0.7529411764705882248 ) ;
#3679 =( CONVERSION_BASED_UNIT ( 'INCH', #1322 ) LENGTH_UNIT ( ) NAMED_UNIT ( #1602 ) );
#3680 = SURFACE_STYLE_USAGE ( .BOTH. , #2118 ) ;
#3681 = UNCERTAINTY_MEASURE_WITH_UNIT (LENGTH_MEASURE( 1.000000000000000082E-05 ), #1051, 'distance_accuracy_value', 'NONE');
#3682 = EDGE_CURVE ( 'NONE', #3480, #1812, #1724, .T. ) ;
#3683 = STYLED_ITEM ( 'NONE', ( #1887 ), #1894 ) ;
#3684 = SURFACE_SIDE_STYLE ('',( #2481 ) ) ;
#3685 = SURFACE_STYLE_FILL_AREA ( #2507 ) ;
#3686 =( NAMED_UNIT ( * ) SI_UNIT ( $, .STERADIAN. ) SOLID_ANGLE_UNIT ( ) );
#3687 = AXIS2_PLACEMENT_3D ( 'NONE', #1682, #1423, #3744 ) ;
#3688 = EDGE_LOOP ( 'NONE', ( #300, #2673, #3268, #1943 ) ) ;
#3689 = ORIENTED_EDGE ( 'NONE', *, *, #3269, .T. ) ;
#3690 = DIRECTION ( 'NONE',  ( 0.000000000000000000, 0.000000000000000000, 1.000000000000000000 ) ) ;
#3691 = DIRECTION ( 'NONE',  ( 0.000000000000000000, 1.000000000000000000, -0.000000000000000000 ) ) ;
#3692 = FILL_AREA_STYLE ('',( #3627 ) ) ;
#3693 = FILL_AREA_STYLE ('',( #1269 ) ) ;
#3694 = STYLED_ITEM ( 'NONE', ( #3539 ), #2788 ) ;
#3695 =( GEOMETRIC_REPRESENTATION_CONTEXT ( 3 ) GLOBAL_UNCERTAINTY_ASSIGNED_CONTEXT ( ( #3017 ) ) GLOBAL_UNIT_ASSIGNED_CONTEXT ( ( #3520, #2410, #3259 ) ) REPRESENTATION_CONTEXT ( 'NONE', 'WORKASPACE' ) );
#3696 = PRESENTATION_LAYER_ASSIGNMENT (  '', '', ( #7 ) ) ;
#3697 =( LENGTH_UNIT ( ) NAMED_UNIT ( * ) SI_UNIT ( $, .METRE. ) );
#3698 = ORIENTED_EDGE ( 'NONE', *, *, #3855, .T. ) ;
#3699 = VECTOR ( 'NONE', #870, 39.37007874015748143 ) ;
#3700 = FILL_AREA_STYLE_COLOUR ( '', #2694 ) ;
#3701 = FACE_OUTER_BOUND ( 'NONE', #1775, .T. ) ;
#3702 =( LENGTH_UNIT ( ) NAMED_UNIT ( * ) SI_UNIT ( $, .METRE. ) );
#3703 = CARTESIAN_POINT ( 'NONE',  ( -0.1102362204724409434, -0.05905511811023622659, 0.01181102362204727516 ) ) ;
#3704 =( NAMED_UNIT ( * ) PLANE_ANGLE_UNIT ( ) SI_UNIT ( $, .RADIAN. ) );
#3705 = DIRECTION ( 'NONE',  ( 1.000000000000000000, 0.000000000000000000, -0.000000000000000000 ) ) ;
#3706 = VERTEX_POINT ( 'NONE', #2973 ) ;
#3707 = ORIENTED_EDGE ( 'NONE', *, *, #2769, .F. ) ;
#3708 = DIRECTION ( 'NONE',  ( 4.336808689942025625E-15, 0.000000000000000000, 1.000000000000000000 ) ) ;
#3709 = DIRECTION ( 'NONE',  ( 0.000000000000000000, 0.000000000000000000, 1.000000000000000000 ) ) ;
#3710 = ORIENTED_EDGE ( 'NONE', *, *, #99, .T. ) ;
#3711 = CARTESIAN_POINT ( 'NONE',  ( -0.01181102362204724567, 0.07086614173228350522, 0.04763473055118109395 ) ) ;
#3712 = DIRECTION ( 'NONE',  ( 0.000000000000000000, 0.000000000000000000, 1.000000000000000000 ) ) ;
#3713 = CARTESIAN_POINT ( 'NONE',  ( -0.1673228346456692994, 0.06889763779527560694, 0.04724409448818899654 ) ) ;
#3714 = ORIENTED_EDGE ( 'NONE', *, *, #978, .T. ) ;
#3715 = EDGE_CURVE ( 'NONE', #2168, #2939, #1492, .T. ) ;
#3716 = CARTESIAN_POINT ( 'NONE',  ( -0.1673228346456692994, -0.06889763779527560694, 0.04724409448818899654 ) ) ;
#3717 =( CONVERSION_BASED_UNIT ( 'INCH', #3759 ) LENGTH_UNIT ( ) NAMED_UNIT ( #3435 ) );
#3718 =( CONVERSION_BASED_UNIT ( 'INCH', #515 ) LENGTH_UNIT ( ) NAMED_UNIT ( #2923 ) );
#3719 = CIRCLE ( 'NONE', #175, 0.01574803149606296415 ) ;
#3720 = FILL_AREA_STYLE ('',( #2270 ) ) ;
#3721 = CARTESIAN_POINT ( 'NONE',  ( 0.07086614172931783584, -0.03149606299402913506, 0.1377952755905512139 ) ) ;
#3722 = DIRECTION ( 'NONE',  ( -1.000000000000000000, 0.000000000000000000, 0.000000000000000000 ) ) ;
#3723 = ORIENTED_EDGE ( 'NONE', *, *, #409, .T. ) ;
#3724 =( NAMED_UNIT ( * ) PLANE_ANGLE_UNIT ( ) SI_UNIT ( $, .RADIAN. ) );
#3725 = ORIENTED_EDGE ( 'NONE', *, *, #3164, .T. ) ;
#3726 = AXIS2_PLACEMENT_3D ( 'NONE', #2238, #2297, #1114 ) ;
#3727 = VERTEX_POINT ( 'NONE', #2381 ) ;
#3728 = COLOUR_RGB ( '',0.7529411764705882248, 0.7529411764705882248, 0.7529411764705882248 ) ;
#3729 = AXIS2_PLACEMENT_3D ( 'NONE', #662, #3651, #3030 ) ;
#3730 = DIRECTION ( 'NONE',  ( 0.000000000000000000, 1.000000000000000000, 0.000000000000000000 ) ) ;
#3731 = ADVANCED_FACE ( 'NONE', ( #3566 ), #1514, .F. ) ;
#3732 = CARTESIAN_POINT ( 'NONE',  ( -0.1555118110239450124, -0.06889763779527560694, 0.03543307086614175955 ) ) ;
#3733 = SURFACE_STYLE_USAGE ( .BOTH. , #2635 ) ;
#3734 = ORIENTED_EDGE ( 'NONE', *, *, #2804, .F. ) ;
#3735 = DIMENSIONAL_EXPONENTS ( 1.000000000000000000, 0.000000000000000000, 0.000000000000000000, 0.000000000000000000, 0.000000000000000000, 0.000000000000000000, 0.000000000000000000 ) ;
#3736 =( LENGTH_UNIT ( ) NAMED_UNIT ( * ) SI_UNIT ( $, .METRE. ) );
#3737 =( NAMED_UNIT ( * ) PLANE_ANGLE_UNIT ( ) SI_UNIT ( $, .RADIAN. ) );
#3738 = ORIENTED_EDGE ( 'NONE', *, *, #2746, .F. ) ;
#3739 = CARTESIAN_POINT ( 'NONE',  ( -0.1476377952755905387, -0.02952755905511811677, 0.000000000000000000 ) ) ;
#3740 = COLOUR_RGB ( '',0.6470588235294117974, 0.6196078431372549211, 0.5882352941176470784 ) ;
#3741 = DIRECTION ( 'NONE',  ( 1.000000000000000000, 0.000000000000000000, -0.000000000000000000 ) ) ;
#3742 = DIRECTION ( 'NONE',  ( 0.000000000000000000, 1.000000000000000000, 0.000000000000000000 ) ) ;
#3743 = SURFACE_STYLE_USAGE ( .BOTH. , #1680 ) ;
#3744 = DIRECTION ( 'NONE',  ( -1.000000000000000000, 0.000000000000000000, 0.000000000000000000 ) ) ;
#3745 = VECTOR ( 'NONE', #2236, 39.37007874015748854 ) ;
#3746 = SURFACE_STYLE_FILL_AREA ( #1959 ) ;
#3747 = AXIS2_PLACEMENT_3D ( 'NONE', #1301, #682, #2749 ) ;
#3748 = EDGE_CURVE ( 'NONE', #2575, #2939, #1291, .T. ) ;
#3749 = FILL_AREA_STYLE ('',( #3436 ) ) ;
#3750 =( LENGTH_UNIT ( ) NAMED_UNIT ( * ) SI_UNIT ( $, .METRE. ) );
#3751 = ORIENTED_EDGE ( 'NONE', *, *, #388, .F. ) ;
#3752 = FILL_AREA_STYLE_COLOUR ( '', #2009 ) ;
#3753 = CYLINDRICAL_SURFACE ( 'NONE', #3294, 0.01574803149606296415 ) ;
#3754 = EDGE_CURVE ( 'NONE', #3049, #2999, #2149, .T. ) ;
#3755 =( NAMED_UNIT ( * ) SI_UNIT ( $, .STERADIAN. ) SOLID_ANGLE_UNIT ( ) );
#3756 = VERTEX_POINT ( 'NONE', #1553 ) ;
#3757 = VECTOR ( 'NONE', #330, 39.37007874015748143 ) ;
#3758 = ORIENTED_EDGE ( 'NONE', *, *, #1052, .F. ) ;
#3759 = LENGTH_MEASURE_WITH_UNIT ( LENGTH_MEASURE( 0.02539999999999999897 ), #2571 );
#3760 = VECTOR ( 'NONE', #669, 39.37007874015748143 ) ;
#3761 = VERTEX_POINT ( 'NONE', #2424 ) ;
#3762 = VECTOR ( 'NONE', #2684, 39.37007874015748143 ) ;
#3763 = DIRECTION ( 'NONE',  ( 0.000000000000000000, 0.000000000000000000, 1.000000000000000000 ) ) ;
#3764 = DIRECTION ( 'NONE',  ( 0.000000000000000000, 0.000000000000000000, 1.000000000000000000 ) ) ;
#3765 = CARTESIAN_POINT ( 'NONE',  ( -0.1555118110236220208, -0.05905511811092827718, 0.01181102362204727516 ) ) ;
#3766 = SURFACE_STYLE_USAGE ( .BOTH. , #1367 ) ;
#3767 = DIRECTION ( 'NONE',  ( 0.000000000000000000, 1.000000000000000000, 0.000000000000000000 ) ) ;
#3768 =( CONVERSION_BASED_UNIT ( 'INCH', #3455 ) LENGTH_UNIT ( ) NAMED_UNIT ( #626 ) );
#3769 = EDGE_LOOP ( 'NONE', ( #2887, #3368, #2083, #2059 ) ) ;
#3770 = VECTOR ( 'NONE', #1215, 39.37007874015748143 ) ;
#3771 =( NAMED_UNIT ( * ) PLANE_ANGLE_UNIT ( ) SI_UNIT ( $, .RADIAN. ) );
#3772 = SURFACE_STYLE_FILL_AREA ( #3153 ) ;
#3773 = CARTESIAN_POINT ( 'NONE',  ( 0.1102362204724409434, -0.07086614173228350522, 0.03543307083951042352 ) ) ;
#3774 = FILL_AREA_STYLE_COLOUR ( '', #107 ) ;
#3775 = ADVANCED_FACE ( 'NONE', ( #382 ), #3587, .T. ) ;
#3776 = EDGE_LOOP ( 'NONE', ( #2524, #2419, #446, #3105 ) ) ;
#3777 = EDGE_CURVE ( 'NONE', #3157, #2420, #2744, .T. ) ;
#3778 = LINE ( 'NONE', #1677, #3837 ) ;
#3779 = SURFACE_STYLE_FILL_AREA ( #2290 ) ;
#3780 = ORIENTED_EDGE ( 'NONE', *, *, #3777, .T. ) ;
#3781 = LINE ( 'NONE', #1400, #2281 ) ;
#3782 = CARTESIAN_POINT ( 'NONE',  ( -0.01181102362952140584, 0.05905511811023622659, 0.01181102362204727516 ) ) ;
#3783 = DIMENSIONAL_EXPONENTS ( 1.000000000000000000, 0.000000000000000000, 0.000000000000000000, 0.000000000000000000, 0.000000000000000000, 0.000000000000000000, 0.000000000000000000 ) ;
#3784 = PLANE ( 'NONE',  #78 ) ;
#3785 = PRESENTATION_LAYER_ASSIGNMENT (  '', '', ( #3835 ) ) ;
#3786 = VECTOR ( 'NONE', #343, 39.37007874015748143 ) ;
#3787 = ORIENTED_EDGE ( 'NONE', *, *, #262, .T. ) ;
#3788 = MECHANICAL_DESIGN_GEOMETRIC_PRESENTATION_REPRESENTATION (  '', ( #1610 ), #2101 ) ;
#3789 =( NAMED_UNIT ( * ) SI_UNIT ( $, .STERADIAN. ) SOLID_ANGLE_UNIT ( ) );
#3790 = LINE ( 'NONE', #1133, #1483 ) ;
#3791 = DIRECTION ( 'NONE',  ( 0.000000000000000000, 0.000000000000000000, -1.000000000000000000 ) ) ;
#3792 = VECTOR ( 'NONE', #1555, 39.37007874015748143 ) ;
#3793 = FACE_BOUND ( 'NONE', #1833, .T. ) ;
#3794 = VERTEX_POINT ( 'NONE', #1817 ) ;
#3795 = EDGE_CURVE ( 'NONE', #577, #3212, #2724, .T. ) ;
#3796 =( NAMED_UNIT ( * ) SI_UNIT ( $, .STERADIAN. ) SOLID_ANGLE_UNIT ( ) );
#3797 = PRESENTATION_STYLE_ASSIGNMENT (( #2630 ) ) ;
#3798 = LINE ( 'NONE', #202, #1825 ) ;
#3799 = CARTESIAN_POINT ( 'NONE',  ( -0.1102362204724409434, -0.07086614173228350522, -0.1062992125984252023 ) ) ;
#3800 = ADVANCED_FACE ( 'NONE', ( #3607 ), #949, .F. ) ;
#3801 = VECTOR ( 'NONE', #1217, 39.37007874015748143 ) ;
#3802 = FACE_OUTER_BOUND ( 'NONE', #1644, .T. ) ;
#3803 = PRESENTATION_LAYER_ASSIGNMENT (  '', '', ( #3053 ) ) ;
#3804 = VERTEX_POINT ( 'NONE', #3129 ) ;
#3805 = SURFACE_STYLE_USAGE ( .BOTH. , #3564 ) ;
#3806 = DIMENSIONAL_EXPONENTS ( 1.000000000000000000, 0.000000000000000000, 0.000000000000000000, 0.000000000000000000, 0.000000000000000000, 0.000000000000000000, 0.000000000000000000 ) ;
#3807 = DIRECTION ( 'NONE',  ( 1.000000000000000000, -0.000000000000000000, 0.000000000000000000 ) ) ;
#3808 =( LENGTH_UNIT ( ) NAMED_UNIT ( * ) SI_UNIT ( $, .METRE. ) );
#3809 = FILL_AREA_STYLE ('',( #3605 ) ) ;
#3810 = ORIENTED_EDGE ( 'NONE', *, *, #307, .T. ) ;
#3811 = CARTESIAN_POINT ( 'NONE',  ( 0.1258425196850393724, -0.04921259842519685318, 0.000000000000000000 ) ) ;
#3812 = ORIENTED_EDGE ( 'NONE', *, *, #173, .F. ) ;
#3813 = FILL_AREA_STYLE_COLOUR ( '', #1129 ) ;
#3814 = PRESENTATION_STYLE_ASSIGNMENT (( #2648 ) ) ;
#3815 = UNCERTAINTY_MEASURE_WITH_UNIT (LENGTH_MEASURE( 1.000000000000000082E-05 ), #2818, 'distance_accuracy_value', 'NONE');
#3816 = SURFACE_STYLE_USAGE ( .BOTH. , #287 ) ;
#3817 = VECTOR ( 'NONE', #1770, 39.37007874015748143 ) ;
#3818 = DIRECTION ( 'NONE',  ( -0.000000000000000000, 0.8320502943378438321, 0.5547001962252289253 ) ) ;
#3819 = STYLED_ITEM ( 'NONE', ( #1679 ), #2391 ) ;
#3820 = CARTESIAN_POINT ( 'NONE',  ( -0.1673228346451224868, 0.06889763779527560694, 0.03543307086530952943 ) ) ;
#3821 = ORIENTED_EDGE ( 'NONE', *, *, #2223, .F. ) ;
#3822 = PRESENTATION_LAYER_ASSIGNMENT (  '', '', ( #3148 ) ) ;
#3823 = PRESENTATION_STYLE_ASSIGNMENT (( #2940 ) ) ;
#3824 = VERTEX_POINT ( 'NONE', #3472 ) ;
#3825 = DIMENSIONAL_EXPONENTS ( 1.000000000000000000, 0.000000000000000000, 0.000000000000000000, 0.000000000000000000, 0.000000000000000000, 0.000000000000000000, 0.000000000000000000 ) ;
#3826 = AXIS2_PLACEMENT_3D ( 'NONE', #2196, #428, #124 ) ;
#3827 = EDGE_CURVE ( 'NONE', #842, #3466, #760, .T. ) ;
#3828 = ORIENTED_EDGE ( 'NONE', *, *, #1839, .T. ) ;
#3829 = PLANE ( 'NONE',  #2174 ) ;
#3830 = LINE ( 'NONE', #536, #3817 ) ;
#3831 = SURFACE_SIDE_STYLE ('',( #3283 ) ) ;
#3832 = CARTESIAN_POINT ( 'NONE',  ( 0.08661417322834646937, -0.06889763779425489565, 0.03543307083951042352 ) ) ;
#3833 = ORIENTED_EDGE ( 'NONE', *, *, #1344, .T. ) ;
#3834 = EDGE_CURVE ( 'NONE', #1040, #2791, #746, .T. ) ;
#3835 = STYLED_ITEM ( 'NONE', ( #3647 ), #3775 ) ;
#3836 =( NAMED_UNIT ( * ) SI_UNIT ( $, .STERADIAN. ) SOLID_ANGLE_UNIT ( ) );
#3837 = VECTOR ( 'NONE', #532, 39.37007874015748143 ) ;
#3838 = CARTESIAN_POINT ( 'NONE',  ( 0.1259842519603506517, -0.05708661416834297231, 0.01181102362231363327 ) ) ;
#3839 = STYLED_ITEM ( 'NONE', ( #1394 ), #1512 ) ;
#3840 = EDGE_LOOP ( 'NONE', ( #118, #3589, #1643, #1726, #2705, #2200, #1359, #2243 ) ) ;
#3841 = UNCERTAINTY_MEASURE_WITH_UNIT (LENGTH_MEASURE( 1.000000000000000082E-05 ), #2331, 'distance_accuracy_value', 'NONE');
#3842 = FACE_OUTER_BOUND ( 'NONE', #3169, .T. ) ;
#3843 = VECTOR ( 'NONE', #1591, 39.37007874015748143 ) ;
#3844 =( CONVERSION_BASED_UNIT ( 'INCH', #1498 ) LENGTH_UNIT ( ) NAMED_UNIT ( #1672 ) );
#3845 = CARTESIAN_POINT ( 'NONE',  ( -0.07086614173141028705, -0.03149606299679733740, 0.1377952755905512139 ) ) ;
#3846 = DIRECTION ( 'NONE',  ( 0.000000000000000000, -0.000000000000000000, -1.000000000000000000 ) ) ;
#3847 = DIMENSIONAL_EXPONENTS ( 1.000000000000000000, 0.000000000000000000, 0.000000000000000000, 0.000000000000000000, 0.000000000000000000, 0.000000000000000000, 0.000000000000000000 ) ;
#3848 = CARTESIAN_POINT ( 'NONE',  ( 0.06889763779527560694, 0.02165354330708661734, 0.08661417322834644161 ) ) ;
#3849 = CARTESIAN_POINT ( 'NONE',  ( 0.1555118110236220208, -0.05905511811023622659, 0.01181102362204727516 ) ) ;
#3850 = SURFACE_SIDE_STYLE ('',( #1457 ) ) ;
#3851 = VERTEX_POINT ( 'NONE', #467 ) ;
#3852 = VECTOR ( 'NONE', #2592, 39.37007874015748143 ) ;
#3853 = CIRCLE ( 'NONE', #191, 0.01574803149606301619 ) ;
#3854 = CIRCLE ( 'NONE', #3120, 0.01574803149606299885 ) ;
#3855 = EDGE_CURVE ( 'NONE', #2497, #1172, #187, .T. ) ;
#3856 = AXIS2_PLACEMENT_3D ( 'NONE', #543, #948, #3024 ) ;
#3857 = SURFACE_STYLE_USAGE ( .BOTH. , #1428 ) ;
#3858 = AXIS2_PLACEMENT_3D ( 'NONE', #449, #2215, #1625 ) ;
#3859 = VECTOR ( 'NONE', #2157, 39.37007874015748143 ) ;
#3860 = ORIENTED_EDGE ( 'NONE', *, *, #2079, .T. ) ;
#3861 = EDGE_CURVE ( 'NONE', #557, #9, #3454, .T. ) ;
#3862 = CIRCLE ( 'NONE', #1949, 0.007874015748031499423 ) ;
ENDSEC;
END-ISO-10303-21;
