ISO-10303-21;
HEADER;
FILE_DESCRIPTION((''),'2;1');
FILE_NAME('353630560','2015-07-02T',('me'),(''),
'PRO/ENGINEER BY PARAMETRIC TECHNOLOGY CORPORATION, 2011490',
'PRO/ENGINEER BY PARAMETRIC TECHNOLOGY CORPORATION, 2011490','');
FILE_SCHEMA(('CONFIG_CONTROL_DESIGN'));
ENDSEC;
DATA;
#1=DIRECTION('',(0.E0,-1.E0,0.E0));
#2=VECTOR('',#1,1.05E1);
#3=CARTESIAN_POINT('',(-6.15E0,4.25E0,-2.75E0));
#4=LINE('',#3,#2);
#5=DIRECTION('',(1.E0,0.E0,0.E0));
#6=VECTOR('',#5,1.E0);
#7=CARTESIAN_POINT('',(-6.15E0,-6.25E0,-2.75E0));
#8=LINE('',#7,#6);
#9=DIRECTION('',(1.E0,0.E0,0.E0));
#10=VECTOR('',#9,8.E-1);
#11=CARTESIAN_POINT('',(-5.15E0,-4.25E0,-2.75E0));
#12=LINE('',#11,#10);
#13=DIRECTION('',(0.E0,1.E0,0.E0));
#14=VECTOR('',#13,6.6E0);
#15=CARTESIAN_POINT('',(-4.35E0,-4.25E0,-2.75E0));
#16=LINE('',#15,#14);
#17=DIRECTION('',(1.E0,0.E0,0.E0));
#18=VECTOR('',#17,8.7E0);
#19=CARTESIAN_POINT('',(-4.35E0,2.35E0,-2.75E0));
#20=LINE('',#19,#18);
#21=DIRECTION('',(0.E0,1.E0,0.E0));
#22=VECTOR('',#21,6.6E0);
#23=CARTESIAN_POINT('',(4.35E0,-4.25E0,-2.75E0));
#24=LINE('',#23,#22);
#25=DIRECTION('',(1.E0,0.E0,0.E0));
#26=VECTOR('',#25,8.E-1);
#27=CARTESIAN_POINT('',(4.35E0,-4.25E0,-2.75E0));
#28=LINE('',#27,#26);
#29=DIRECTION('',(-1.E0,0.E0,0.E0));
#30=VECTOR('',#29,1.E0);
#31=CARTESIAN_POINT('',(6.15E0,-6.25E0,-2.75E0));
#32=LINE('',#31,#30);
#33=DIRECTION('',(0.E0,1.E0,0.E0));
#34=VECTOR('',#33,1.05E1);
#35=CARTESIAN_POINT('',(6.15E0,-6.25E0,-2.75E0));
#36=LINE('',#35,#34);
#37=DIRECTION('',(-1.E0,0.E0,0.E0));
#38=VECTOR('',#37,1.75E0);
#39=CARTESIAN_POINT('',(6.15E0,4.25E0,-2.75E0));
#40=LINE('',#39,#38);
#41=DIRECTION('',(7.071067811865E-1,7.071067811865E-1,0.E0));
#42=VECTOR('',#41,5.656854249492E-1);
#43=CARTESIAN_POINT('',(4.E0,3.85E0,-2.75E0));
#44=LINE('',#43,#42);
#45=DIRECTION('',(0.E0,1.E0,0.E0));
#46=VECTOR('',#45,5.E-1);
#47=CARTESIAN_POINT('',(4.E0,3.35E0,-2.75E0));
#48=LINE('',#47,#46);
#49=DIRECTION('',(1.E0,0.E0,0.E0));
#50=VECTOR('',#49,8.E0);
#51=CARTESIAN_POINT('',(-4.E0,3.35E0,-2.75E0));
#52=LINE('',#51,#50);
#53=DIRECTION('',(0.E0,-1.E0,0.E0));
#54=VECTOR('',#53,5.E-1);
#55=CARTESIAN_POINT('',(-4.E0,3.85E0,-2.75E0));
#56=LINE('',#55,#54);
#57=DIRECTION('',(7.071067811865E-1,-7.071067811865E-1,0.E0));
#58=VECTOR('',#57,5.656854249492E-1);
#59=CARTESIAN_POINT('',(-4.4E0,4.25E0,-2.75E0));
#60=LINE('',#59,#58);
#61=DIRECTION('',(-1.E0,0.E0,0.E0));
#62=VECTOR('',#61,1.75E0);
#63=CARTESIAN_POINT('',(-4.4E0,4.25E0,-2.75E0));
#64=LINE('',#63,#62);
#65=DIRECTION('',(0.E0,-1.E0,0.E0));
#66=VECTOR('',#65,1.E0);
#67=CARTESIAN_POINT('',(-6.15E0,-4.25E0,-1.25E0));
#68=LINE('',#67,#66);
#69=DIRECTION('',(0.E0,-8.192319205190E-1,-5.734623443633E-1));
#70=VECTOR('',#69,1.220655561573E0);
#71=CARTESIAN_POINT('',(-6.15E0,-5.25E0,-1.25E0));
#72=LINE('',#71,#70);
#73=DIRECTION('',(0.E0,0.E0,-1.E0));
#74=VECTOR('',#73,8.E-1);
#75=CARTESIAN_POINT('',(-6.15E0,-6.25E0,-1.95E0));
#76=LINE('',#75,#74);
#77=DIRECTION('',(0.E0,0.E0,1.E0));
#78=VECTOR('',#77,1.6E0);
#79=CARTESIAN_POINT('',(-6.15E0,4.25E0,-2.75E0));
#80=LINE('',#79,#78);
#81=DIRECTION('',(0.E0,7.071067811865E-1,-7.071067811865E-1));
#82=VECTOR('',#81,5.656854249492E-1);
#83=CARTESIAN_POINT('',(-6.15E0,3.85E0,-7.5E-1));
#84=LINE('',#83,#82);
#85=DIRECTION('',(0.E0,1.E0,0.E0));
#86=VECTOR('',#85,1.3E0);
#87=CARTESIAN_POINT('',(-6.15E0,2.55E0,-7.5E-1));
#88=LINE('',#87,#86);
#89=DIRECTION('',(0.E0,0.E0,-1.E0));
#90=VECTOR('',#89,3.3E0);
#91=CARTESIAN_POINT('',(-6.15E0,2.55E0,2.55E0));
#92=LINE('',#91,#90);
#93=DIRECTION('',(0.E0,-1.E0,0.E0));
#94=VECTOR('',#93,6.8E0);
#95=CARTESIAN_POINT('',(-6.15E0,2.55E0,2.55E0));
#96=LINE('',#95,#94);
#97=DIRECTION('',(-7.071067811865E-1,0.E0,-7.071067811865E-1));
#98=VECTOR('',#97,2.828427124746E-1);
#99=CARTESIAN_POINT('',(4.55E0,-4.25E0,2.75E0));
#100=LINE('',#99,#98);
#101=DIRECTION('',(-7.071067811865E-1,0.E0,7.071067811865E-1));
#102=VECTOR('',#101,2.828427124746E-1);
#103=CARTESIAN_POINT('',(6.15E0,-4.25E0,2.55E0));
#104=LINE('',#103,#102);
#105=DIRECTION('',(-1.E0,0.E0,0.E0));
#106=VECTOR('',#105,1.E0);
#107=CARTESIAN_POINT('',(6.15E0,-4.25E0,-1.25E0));
#108=LINE('',#107,#106);
#109=DIRECTION('',(0.E0,0.E0,1.E0));
#110=VECTOR('',#109,1.5E0);
#111=CARTESIAN_POINT('',(5.15E0,-4.25E0,-2.75E0));
#112=LINE('',#111,#110);
#113=DIRECTION('',(0.E0,0.E0,1.E0));
#114=VECTOR('',#113,4.4E0);
#115=CARTESIAN_POINT('',(2.35E0,-4.25E0,-2.55E0));
#116=LINE('',#115,#114);
#117=DIRECTION('',(-1.E0,0.E0,0.E0));
#118=VECTOR('',#117,1.3E0);
#119=CARTESIAN_POINT('',(3.65E0,-4.25E0,1.85E0));
#120=LINE('',#119,#118);
#121=DIRECTION('',(0.E0,0.E0,1.E0));
#122=VECTOR('',#121,4.4E0);
#123=CARTESIAN_POINT('',(3.65E0,-4.25E0,-2.55E0));
#124=LINE('',#123,#122);
#125=DIRECTION('',(1.E0,0.E0,0.E0));
#126=VECTOR('',#125,1.3E0);
#127=CARTESIAN_POINT('',(2.35E0,-4.25E0,-2.55E0));
#128=LINE('',#127,#126);
#129=DIRECTION('',(0.E0,0.E0,1.E0));
#130=VECTOR('',#129,4.4E0);
#131=CARTESIAN_POINT('',(3.5E-1,-4.25E0,-2.55E0));
#132=LINE('',#131,#130);
#133=DIRECTION('',(-1.E0,0.E0,0.E0));
#134=VECTOR('',#133,1.3E0);
#135=CARTESIAN_POINT('',(1.65E0,-4.25E0,1.85E0));
#136=LINE('',#135,#134);
#137=DIRECTION('',(0.E0,0.E0,1.E0));
#138=VECTOR('',#137,4.4E0);
#139=CARTESIAN_POINT('',(1.65E0,-4.25E0,-2.55E0));
#140=LINE('',#139,#138);
#141=DIRECTION('',(1.E0,0.E0,0.E0));
#142=VECTOR('',#141,1.3E0);
#143=CARTESIAN_POINT('',(3.5E-1,-4.25E0,-2.55E0));
#144=LINE('',#143,#142);
#145=DIRECTION('',(0.E0,0.E0,1.E0));
#146=VECTOR('',#145,4.4E0);
#147=CARTESIAN_POINT('',(-1.65E0,-4.25E0,-2.55E0));
#148=LINE('',#147,#146);
#149=DIRECTION('',(-1.E0,0.E0,0.E0));
#150=VECTOR('',#149,1.3E0);
#151=CARTESIAN_POINT('',(-3.5E-1,-4.25E0,1.85E0));
#152=LINE('',#151,#150);
#153=DIRECTION('',(0.E0,0.E0,1.E0));
#154=VECTOR('',#153,4.4E0);
#155=CARTESIAN_POINT('',(-3.5E-1,-4.25E0,-2.55E0));
#156=LINE('',#155,#154);
#157=DIRECTION('',(1.E0,0.E0,0.E0));
#158=VECTOR('',#157,1.3E0);
#159=CARTESIAN_POINT('',(-1.65E0,-4.25E0,-2.55E0));
#160=LINE('',#159,#158);
#161=DIRECTION('',(0.E0,0.E0,1.E0));
#162=VECTOR('',#161,4.4E0);
#163=CARTESIAN_POINT('',(-3.65E0,-4.25E0,-2.55E0));
#164=LINE('',#163,#162);
#165=DIRECTION('',(-1.E0,0.E0,0.E0));
#166=VECTOR('',#165,1.3E0);
#167=CARTESIAN_POINT('',(-2.35E0,-4.25E0,1.85E0));
#168=LINE('',#167,#166);
#169=DIRECTION('',(0.E0,0.E0,1.E0));
#170=VECTOR('',#169,4.4E0);
#171=CARTESIAN_POINT('',(-2.35E0,-4.25E0,-2.55E0));
#172=LINE('',#171,#170);
#173=DIRECTION('',(1.E0,0.E0,0.E0));
#174=VECTOR('',#173,1.3E0);
#175=CARTESIAN_POINT('',(-3.65E0,-4.25E0,-2.55E0));
#176=LINE('',#175,#174);
#177=DIRECTION('',(0.E0,0.E0,1.E0));
#178=VECTOR('',#177,1.5E0);
#179=CARTESIAN_POINT('',(-5.15E0,-4.25E0,-2.75E0));
#180=LINE('',#179,#178);
#181=DIRECTION('',(1.E0,0.E0,0.E0));
#182=VECTOR('',#181,1.E0);
#183=CARTESIAN_POINT('',(-6.15E0,-4.25E0,-1.25E0));
#184=LINE('',#183,#182);
#185=DIRECTION('',(0.E0,0.E0,1.E0));
#186=VECTOR('',#185,3.8E0);
#187=CARTESIAN_POINT('',(-6.15E0,-4.25E0,-1.25E0));
#188=LINE('',#187,#186);
#189=DIRECTION('',(-7.071067811865E-1,0.E0,-7.071067811865E-1));
#190=VECTOR('',#189,2.828427124746E-1);
#191=CARTESIAN_POINT('',(-5.95E0,-4.25E0,2.75E0));
#192=LINE('',#191,#190);
#193=DIRECTION('',(-7.071067811865E-1,0.E0,7.071067811865E-1));
#194=VECTOR('',#193,2.828427124746E-1);
#195=CARTESIAN_POINT('',(-4.35E0,-4.25E0,2.55E0));
#196=LINE('',#195,#194);
#197=DIRECTION('',(0.E0,0.E0,-1.E0));
#198=VECTOR('',#197,7.E-1);
#199=CARTESIAN_POINT('',(4.35E0,2.55E0,2.55E0));
#200=LINE('',#199,#198);
#201=DIRECTION('',(0.E0,-1.E0,0.E0));
#202=VECTOR('',#201,6.8E0);
#203=CARTESIAN_POINT('',(4.35E0,2.55E0,2.55E0));
#204=LINE('',#203,#202);
#205=DIRECTION('',(0.E0,0.E0,-1.E0));
#206=VECTOR('',#205,5.3E0);
#207=CARTESIAN_POINT('',(4.35E0,-4.25E0,2.55E0));
#208=LINE('',#207,#206);
#209=DIRECTION('',(0.E0,0.E0,1.E0));
#210=VECTOR('',#209,2.E-1);
#211=CARTESIAN_POINT('',(4.35E0,2.35E0,-2.75E0));
#212=LINE('',#211,#210);
#213=DIRECTION('',(0.E0,-1.E0,0.E0));
#214=VECTOR('',#213,6.35E0);
#215=CARTESIAN_POINT('',(4.35E0,2.35E0,-2.55E0));
#216=LINE('',#215,#214);
#217=DIRECTION('',(-1.E0,0.E0,0.E0));
#218=VECTOR('',#217,7.E-1);
#219=CARTESIAN_POINT('',(4.35E0,-4.E0,1.15E0));
#220=LINE('',#219,#218);
#221=DIRECTION('',(0.E0,0.E0,-1.E0));
#222=VECTOR('',#221,3.7E0);
#223=CARTESIAN_POINT('',(4.35E0,-4.E0,1.15E0));
#224=LINE('',#223,#222);
#225=DIRECTION('',(0.E0,0.E0,-1.E0));
#226=VECTOR('',#225,5.514521510056E-1);
#227=CARTESIAN_POINT('',(3.75E0,-4.E0,4.337397165589E-1));
#228=LINE('',#227,#226);
#229=DIRECTION('',(1.E0,0.E0,0.E0));
#230=VECTOR('',#229,5.E-1);
#231=CARTESIAN_POINT('',(3.75E0,-4.E0,-1.177124344468E-1));
#232=LINE('',#231,#230);
#233=DIRECTION('',(0.E0,0.E0,1.E0));
#234=VECTOR('',#233,5.514521510056E-1);
#235=CARTESIAN_POINT('',(4.25E0,-4.E0,-1.177124344468E-1));
#236=LINE('',#235,#234);
#237=DIRECTION('',(1.E0,0.E0,0.E0));
#238=VECTOR('',#237,5.E-1);
#239=CARTESIAN_POINT('',(3.75E0,-4.E0,4.337397165589E-1));
#240=LINE('',#239,#238);
#241=DIRECTION('',(0.E0,-1.E0,0.E0));
#242=VECTOR('',#241,8.E-1);
#243=CARTESIAN_POINT('',(3.65E0,-3.2E0,1.15E0));
#244=LINE('',#243,#242);
#245=DIRECTION('',(-1.E0,0.E0,0.E0));
#246=VECTOR('',#245,7.E-1);
#247=CARTESIAN_POINT('',(4.35E0,-3.2E0,1.15E0));
#248=LINE('',#247,#246);
#249=DIRECTION('',(0.E0,1.E0,0.E0));
#250=VECTOR('',#249,8.E-1);
#251=CARTESIAN_POINT('',(4.35E0,-4.E0,1.15E0));
#252=LINE('',#251,#250);
#253=DIRECTION('',(0.E0,1.E0,0.E0));
#254=VECTOR('',#253,1.05E0);
#255=CARTESIAN_POINT('',(3.65E0,-4.25E0,1.85E0));
#256=LINE('',#255,#254);
#257=DIRECTION('',(0.E0,0.E0,-1.E0));
#258=VECTOR('',#257,7.E-1);
#259=CARTESIAN_POINT('',(3.65E0,-3.2E0,1.85E0));
#260=LINE('',#259,#258);
#261=DIRECTION('',(0.E0,0.E0,-1.E0));
#262=VECTOR('',#261,3.7E0);
#263=CARTESIAN_POINT('',(3.65E0,-4.E0,1.15E0));
#264=LINE('',#263,#262);
#265=DIRECTION('',(-1.E0,0.E0,0.E0));
#266=VECTOR('',#265,7.E-1);
#267=CARTESIAN_POINT('',(-3.65E0,-3.2E0,1.85E0));
#268=LINE('',#267,#266);
#269=DIRECTION('',(-1.E0,0.E0,0.E0));
#270=VECTOR('',#269,5.5E-1);
#271=CARTESIAN_POINT('',(-3.8E0,2.55E0,1.85E0));
#272=LINE('',#271,#270);
#273=DIRECTION('',(7.071067811865E-1,-7.071067811865E-1,0.E0));
#274=VECTOR('',#273,4.242640687119E-1);
#275=CARTESIAN_POINT('',(-3.8E0,2.55E0,1.85E0));
#276=LINE('',#275,#274);
#277=DIRECTION('',(0.E0,-1.E0,0.E0));
#278=VECTOR('',#277,1.5E0);
#279=CARTESIAN_POINT('',(-3.5E0,2.25E0,1.85E0));
#280=LINE('',#279,#278);
#281=DIRECTION('',(1.E0,0.E0,0.E0));
#282=VECTOR('',#281,7.E0);
#283=CARTESIAN_POINT('',(-3.5E0,7.5E-1,1.85E0));
#284=LINE('',#283,#282);
#285=DIRECTION('',(0.E0,1.E0,0.E0));
#286=VECTOR('',#285,1.5E0);
#287=CARTESIAN_POINT('',(3.5E0,7.5E-1,1.85E0));
#288=LINE('',#287,#286);
#289=DIRECTION('',(7.071067811865E-1,7.071067811865E-1,0.E0));
#290=VECTOR('',#289,4.242640687119E-1);
#291=CARTESIAN_POINT('',(3.5E0,2.25E0,1.85E0));
#292=LINE('',#291,#290);
#293=DIRECTION('',(-1.E0,0.E0,0.E0));
#294=VECTOR('',#293,5.5E-1);
#295=CARTESIAN_POINT('',(4.35E0,2.55E0,1.85E0));
#296=LINE('',#295,#294);
#297=DIRECTION('',(0.E0,-1.E0,0.E0));
#298=VECTOR('',#297,5.75E0);
#299=CARTESIAN_POINT('',(4.35E0,2.55E0,1.85E0));
#300=LINE('',#299,#298);
#301=DIRECTION('',(-1.E0,0.E0,0.E0));
#302=VECTOR('',#301,7.E-1);
#303=CARTESIAN_POINT('',(4.35E0,-3.2E0,1.85E0));
#304=LINE('',#303,#302);
#305=DIRECTION('',(-1.E0,0.E0,0.E0));
#306=VECTOR('',#305,7.E-1);
#307=CARTESIAN_POINT('',(2.35E0,-3.2E0,1.85E0));
#308=LINE('',#307,#306);
#309=DIRECTION('',(-1.E0,0.E0,0.E0));
#310=VECTOR('',#309,7.E-1);
#311=CARTESIAN_POINT('',(3.5E-1,-3.2E0,1.85E0));
#312=LINE('',#311,#310);
#313=DIRECTION('',(-1.E0,0.E0,0.E0));
#314=VECTOR('',#313,7.E-1);
#315=CARTESIAN_POINT('',(-1.65E0,-3.2E0,1.85E0));
#316=LINE('',#315,#314);
#317=CARTESIAN_POINT('',(3.3E0,-1.602565051529E-1,1.849851906681E0));
#318=CARTESIAN_POINT('',(3.166666258749E0,-1.602565051529E-1,1.849851906681E0));
#319=CARTESIAN_POINT('',(2.900000668762E0,-1.609405188939E-1,1.850049364440E0));
#320=CARTESIAN_POINT('',(2.499999331238E0,-1.609405188939E-1,1.850049364440E0));
#321=CARTESIAN_POINT('',(2.233333741251E0,-1.602565051529E-1,1.849851906681E0));
#322=CARTESIAN_POINT('',(2.1E0,-1.602565051529E-1,1.849851906681E0));
#324=DIRECTION('',(0.E0,-9.999999947098E-1,1.028609046105E-4));
#325=VECTOR('',#324,1.439743502464E0);
#326=CARTESIAN_POINT('',(2.1E0,-1.602565051529E-1,1.849851906681E0));
#327=LINE('',#326,#325);
#328=DIRECTION('',(1.E0,0.E0,0.E0));
#329=VECTOR('',#328,1.2E0);
#330=CARTESIAN_POINT('',(2.1E0,-1.6E0,1.85E0));
#331=LINE('',#330,#329);
#332=DIRECTION('',(0.E0,9.999999947098E-1,-1.028609046105E-4));
#333=VECTOR('',#332,1.439743502464E0);
#334=CARTESIAN_POINT('',(3.3E0,-1.6E0,1.85E0));
#335=LINE('',#334,#333);
#336=CARTESIAN_POINT('',(-2.1E0,-1.602565051529E-1,1.849851906681E0));
#337=CARTESIAN_POINT('',(-2.233333741251E0,-1.602565051529E-1,
1.849851906681E0));
#338=CARTESIAN_POINT('',(-2.499999331238E0,-1.609405188939E-1,
1.850049364440E0));
#339=CARTESIAN_POINT('',(-2.900000668762E0,-1.609405188939E-1,
1.850049364440E0));
#340=CARTESIAN_POINT('',(-3.166666258749E0,-1.602565051529E-1,
1.849851906681E0));
#341=CARTESIAN_POINT('',(-3.3E0,-1.602565051529E-1,1.849851906681E0));
#343=DIRECTION('',(0.E0,-9.999999947098E-1,1.028609046100E-4));
#344=VECTOR('',#343,1.439743502464E0);
#345=CARTESIAN_POINT('',(-3.3E0,-1.602565051529E-1,1.849851906681E0));
#346=LINE('',#345,#344);
#347=DIRECTION('',(1.E0,0.E0,0.E0));
#348=VECTOR('',#347,1.2E0);
#349=CARTESIAN_POINT('',(-3.3E0,-1.6E0,1.85E0));
#350=LINE('',#349,#348);
#351=DIRECTION('',(0.E0,9.999999947098E-1,-1.028609046100E-4));
#352=VECTOR('',#351,1.439743502464E0);
#353=CARTESIAN_POINT('',(-2.1E0,-1.6E0,1.85E0));
#354=LINE('',#353,#352);
#355=DIRECTION('',(0.E0,-1.E0,0.E0));
#356=VECTOR('',#355,1.05E0);
#357=CARTESIAN_POINT('',(-3.65E0,-3.2E0,1.85E0));
#358=LINE('',#357,#356);
#359=DIRECTION('',(-1.E0,0.E0,0.E0));
#360=VECTOR('',#359,7.E-1);
#361=CARTESIAN_POINT('',(-3.65E0,-4.E0,1.15E0));
#362=LINE('',#361,#360);
#363=DIRECTION('',(0.E0,0.E0,-1.E0));
#364=VECTOR('',#363,3.7E0);
#365=CARTESIAN_POINT('',(-3.65E0,-4.E0,1.15E0));
#366=LINE('',#365,#364);
#367=DIRECTION('',(0.E0,0.E0,-1.E0));
#368=VECTOR('',#367,5.514521510056E-1);
#369=CARTESIAN_POINT('',(-4.25E0,-4.E0,4.337397165589E-1));
#370=LINE('',#369,#368);
#371=DIRECTION('',(1.E0,0.E0,0.E0));
#372=VECTOR('',#371,5.E-1);
#373=CARTESIAN_POINT('',(-4.25E0,-4.E0,-1.177124344468E-1));
#374=LINE('',#373,#372);
#375=DIRECTION('',(0.E0,0.E0,1.E0));
#376=VECTOR('',#375,5.514521510056E-1);
#377=CARTESIAN_POINT('',(-3.75E0,-4.E0,-1.177124344468E-1));
#378=LINE('',#377,#376);
#379=DIRECTION('',(1.E0,0.E0,0.E0));
#380=VECTOR('',#379,5.E-1);
#381=CARTESIAN_POINT('',(-4.25E0,-4.E0,4.337397165589E-1));
#382=LINE('',#381,#380);
#383=DIRECTION('',(0.E0,-1.E0,0.E0));
#384=VECTOR('',#383,8.E-1);
#385=CARTESIAN_POINT('',(-4.35E0,-3.2E0,1.15E0));
#386=LINE('',#385,#384);
#387=DIRECTION('',(-1.E0,0.E0,0.E0));
#388=VECTOR('',#387,7.E-1);
#389=CARTESIAN_POINT('',(-3.65E0,-3.2E0,1.15E0));
#390=LINE('',#389,#388);
#391=DIRECTION('',(0.E0,1.E0,0.E0));
#392=VECTOR('',#391,8.E-1);
#393=CARTESIAN_POINT('',(-3.65E0,-4.E0,1.15E0));
#394=LINE('',#393,#392);
#395=DIRECTION('',(0.E0,-1.E0,0.E0));
#396=VECTOR('',#395,5.75E0);
#397=CARTESIAN_POINT('',(-4.35E0,2.55E0,1.85E0));
#398=LINE('',#397,#396);
#399=DIRECTION('',(0.E0,0.E0,-1.E0));
#400=VECTOR('',#399,7.E-1);
#401=CARTESIAN_POINT('',(-4.35E0,-3.2E0,1.85E0));
#402=LINE('',#401,#400);
#403=DIRECTION('',(0.E0,0.E0,-1.E0));
#404=VECTOR('',#403,3.7E0);
#405=CARTESIAN_POINT('',(-4.35E0,-4.E0,1.15E0));
#406=LINE('',#405,#404);
#407=DIRECTION('',(0.E0,-1.E0,0.E0));
#408=VECTOR('',#407,6.35E0);
#409=CARTESIAN_POINT('',(-4.35E0,2.35E0,-2.55E0));
#410=LINE('',#409,#408);
#411=DIRECTION('',(0.E0,0.E0,1.E0));
#412=VECTOR('',#411,2.E-1);
#413=CARTESIAN_POINT('',(-4.35E0,2.35E0,-2.75E0));
#414=LINE('',#413,#412);
#415=DIRECTION('',(0.E0,0.E0,1.E0));
#416=VECTOR('',#415,5.3E0);
#417=CARTESIAN_POINT('',(-4.35E0,-4.25E0,-2.75E0));
#418=LINE('',#417,#416);
#419=DIRECTION('',(0.E0,1.E0,0.E0));
#420=VECTOR('',#419,6.8E0);
#421=CARTESIAN_POINT('',(-4.35E0,-4.25E0,2.55E0));
#422=LINE('',#421,#420);
#423=DIRECTION('',(0.E0,0.E0,1.E0));
#424=VECTOR('',#423,7.E-1);
#425=CARTESIAN_POINT('',(-4.35E0,2.55E0,1.85E0));
#426=LINE('',#425,#424);
#427=DIRECTION('',(0.E0,0.E0,-1.E0));
#428=VECTOR('',#427,7.E-1);
#429=CARTESIAN_POINT('',(-3.65E0,-3.2E0,1.85E0));
#430=LINE('',#429,#428);
#431=DIRECTION('',(0.E0,1.E0,0.E0));
#432=VECTOR('',#431,2.5E-1);
#433=CARTESIAN_POINT('',(-3.65E0,-4.25E0,-2.55E0));
#434=LINE('',#433,#432);
#435=DIRECTION('',(0.E0,1.E0,0.E0));
#436=VECTOR('',#435,2.5E-1);
#437=CARTESIAN_POINT('',(-2.35E0,-4.25E0,-2.55E0));
#438=LINE('',#437,#436);
#439=DIRECTION('',(-1.E0,0.E0,0.E0));
#440=VECTOR('',#439,7.E-1);
#441=CARTESIAN_POINT('',(-1.65E0,-4.E0,-2.55E0));
#442=LINE('',#441,#440);
#443=DIRECTION('',(0.E0,1.E0,0.E0));
#444=VECTOR('',#443,2.5E-1);
#445=CARTESIAN_POINT('',(-1.65E0,-4.25E0,-2.55E0));
#446=LINE('',#445,#444);
#447=DIRECTION('',(0.E0,1.E0,0.E0));
#448=VECTOR('',#447,2.5E-1);
#449=CARTESIAN_POINT('',(-3.5E-1,-4.25E0,-2.55E0));
#450=LINE('',#449,#448);
#451=DIRECTION('',(-1.E0,0.E0,0.E0));
#452=VECTOR('',#451,7.E-1);
#453=CARTESIAN_POINT('',(3.5E-1,-4.E0,-2.55E0));
#454=LINE('',#453,#452);
#455=DIRECTION('',(0.E0,1.E0,0.E0));
#456=VECTOR('',#455,2.5E-1);
#457=CARTESIAN_POINT('',(3.5E-1,-4.25E0,-2.55E0));
#458=LINE('',#457,#456);
#459=DIRECTION('',(0.E0,1.E0,0.E0));
#460=VECTOR('',#459,2.5E-1);
#461=CARTESIAN_POINT('',(1.65E0,-4.25E0,-2.55E0));
#462=LINE('',#461,#460);
#463=DIRECTION('',(-1.E0,0.E0,0.E0));
#464=VECTOR('',#463,7.E-1);
#465=CARTESIAN_POINT('',(2.35E0,-4.E0,-2.55E0));
#466=LINE('',#465,#464);
#467=DIRECTION('',(0.E0,1.E0,0.E0));
#468=VECTOR('',#467,2.5E-1);
#469=CARTESIAN_POINT('',(2.35E0,-4.25E0,-2.55E0));
#470=LINE('',#469,#468);
#471=DIRECTION('',(0.E0,1.E0,0.E0));
#472=VECTOR('',#471,2.5E-1);
#473=CARTESIAN_POINT('',(3.65E0,-4.25E0,-2.55E0));
#474=LINE('',#473,#472);
#475=DIRECTION('',(-1.E0,0.E0,0.E0));
#476=VECTOR('',#475,7.E-1);
#477=CARTESIAN_POINT('',(4.35E0,-4.E0,-2.55E0));
#478=LINE('',#477,#476);
#479=DIRECTION('',(-1.E0,0.E0,0.E0));
#480=VECTOR('',#479,8.7E0);
#481=CARTESIAN_POINT('',(4.35E0,2.35E0,-2.55E0));
#482=LINE('',#481,#480);
#483=DIRECTION('',(-1.E0,0.E0,0.E0));
#484=VECTOR('',#483,7.E-1);
#485=CARTESIAN_POINT('',(-3.65E0,-4.E0,-2.55E0));
#486=LINE('',#485,#484);
#487=DIRECTION('',(0.E0,1.E0,0.E0));
#488=VECTOR('',#487,1.05E0);
#489=CARTESIAN_POINT('',(-2.35E0,-4.25E0,1.85E0));
#490=LINE('',#489,#488);
#491=DIRECTION('',(0.E0,0.E0,-1.E0));
#492=VECTOR('',#491,7.E-1);
#493=CARTESIAN_POINT('',(-2.35E0,-3.2E0,1.85E0));
#494=LINE('',#493,#492);
#495=DIRECTION('',(0.E0,0.E0,-1.E0));
#496=VECTOR('',#495,3.7E0);
#497=CARTESIAN_POINT('',(-2.35E0,-4.E0,1.15E0));
#498=LINE('',#497,#496);
#499=DIRECTION('',(0.E0,0.E0,-1.E0));
#500=VECTOR('',#499,7.E-1);
#501=CARTESIAN_POINT('',(-1.65E0,-3.2E0,1.85E0));
#502=LINE('',#501,#500);
#503=DIRECTION('',(0.E0,-1.E0,0.E0));
#504=VECTOR('',#503,1.05E0);
#505=CARTESIAN_POINT('',(-1.65E0,-3.2E0,1.85E0));
#506=LINE('',#505,#504);
#507=DIRECTION('',(-1.E0,0.E0,0.E0));
#508=VECTOR('',#507,7.E-1);
#509=CARTESIAN_POINT('',(-1.65E0,-4.E0,1.15E0));
#510=LINE('',#509,#508);
#511=DIRECTION('',(0.E0,0.E0,-1.E0));
#512=VECTOR('',#511,3.7E0);
#513=CARTESIAN_POINT('',(-1.65E0,-4.E0,1.15E0));
#514=LINE('',#513,#512);
#515=DIRECTION('',(0.E0,0.E0,-1.E0));
#516=VECTOR('',#515,5.514521510056E-1);
#517=CARTESIAN_POINT('',(-2.25E0,-4.E0,4.337397165589E-1));
#518=LINE('',#517,#516);
#519=DIRECTION('',(1.E0,0.E0,0.E0));
#520=VECTOR('',#519,5.E-1);
#521=CARTESIAN_POINT('',(-2.25E0,-4.E0,-1.177124344468E-1));
#522=LINE('',#521,#520);
#523=DIRECTION('',(0.E0,0.E0,1.E0));
#524=VECTOR('',#523,5.514521510056E-1);
#525=CARTESIAN_POINT('',(-1.75E0,-4.E0,-1.177124344468E-1));
#526=LINE('',#525,#524);
#527=DIRECTION('',(1.E0,0.E0,0.E0));
#528=VECTOR('',#527,5.E-1);
#529=CARTESIAN_POINT('',(-2.25E0,-4.E0,4.337397165589E-1));
#530=LINE('',#529,#528);
#531=DIRECTION('',(0.E0,-1.E0,0.E0));
#532=VECTOR('',#531,8.E-1);
#533=CARTESIAN_POINT('',(-2.35E0,-3.2E0,1.15E0));
#534=LINE('',#533,#532);
#535=DIRECTION('',(-1.E0,0.E0,0.E0));
#536=VECTOR('',#535,7.E-1);
#537=CARTESIAN_POINT('',(-1.65E0,-3.2E0,1.15E0));
#538=LINE('',#537,#536);
#539=DIRECTION('',(0.E0,1.E0,0.E0));
#540=VECTOR('',#539,8.E-1);
#541=CARTESIAN_POINT('',(-1.65E0,-4.E0,1.15E0));
#542=LINE('',#541,#540);
#543=CARTESIAN_POINT('',(-2.25E0,-3.85E0,-2.5E-1));
#544=DIRECTION('',(1.E0,0.E0,0.E0));
#545=DIRECTION('',(0.E0,-2.142857142857E-1,9.767710236555E-1));
#546=AXIS2_PLACEMENT_3D('',#543,#544,#545);
#548=DIRECTION('',(0.E0,0.E0,-1.E0));
#549=VECTOR('',#548,3.506282895648E0);
#550=CARTESIAN_POINT('',(-2.25E0,-4.55E0,-2.5E-1));
#551=LINE('',#550,#549);
#552=CARTESIAN_POINT('',(-2.25E0,-3.45E0,-4.35E0));
#553=DIRECTION('',(1.E0,0.E0,0.E0));
#554=DIRECTION('',(0.E0,-8.8E-1,4.749736834815E-1));
#555=AXIS2_PLACEMENT_3D('',#552,#553,#554);
#557=DIRECTION('',(0.E0,0.E0,-1.E0));
#558=VECTOR('',#557,1.006282895648E0);
#559=CARTESIAN_POINT('',(-2.25E0,-4.55E0,-4.943717104352E0));
#560=LINE('',#559,#558);
#561=DIRECTION('',(0.E0,1.E0,0.E0));
#562=VECTOR('',#561,5.E-1);
#563=CARTESIAN_POINT('',(-2.25E0,-4.55E0,-5.95E0));
#564=LINE('',#563,#562);
#565=DIRECTION('',(0.E0,0.E0,1.E0));
#566=VECTOR('',#565,1.15E0);
#567=CARTESIAN_POINT('',(-2.25E0,-4.05E0,-5.95E0));
#568=LINE('',#567,#566);
#569=CARTESIAN_POINT('',(-2.25E0,-3.45E0,-4.35E0));
#570=DIRECTION('',(-1.E0,0.E0,0.E0));
#571=DIRECTION('',(0.E0,-8.E-1,-6.E-1));
#572=AXIS2_PLACEMENT_3D('',#569,#570,#571);
#574=DIRECTION('',(0.E0,0.E0,1.E0));
#575=VECTOR('',#574,3.65E0);
#576=CARTESIAN_POINT('',(-2.25E0,-4.05E0,-3.9E0));
#577=LINE('',#576,#575);
#578=CARTESIAN_POINT('',(-2.25E0,-3.85E0,-2.5E-1));
#579=DIRECTION('',(-1.E0,0.E0,0.E0));
#580=DIRECTION('',(0.E0,-1.E0,4.871103520543E-14));
#581=AXIS2_PLACEMENT_3D('',#578,#579,#580);
#583=DIRECTION('',(0.E0,-1.E0,0.E0));
#584=VECTOR('',#583,3.7E0);
#585=CARTESIAN_POINT('',(-2.25E0,1.25E0,4.5E-1));
#586=LINE('',#585,#584);
#587=DIRECTION('',(0.E0,1.E0,0.E0));
#588=VECTOR('',#587,3.7E0);
#589=CARTESIAN_POINT('',(-2.25E0,-2.45E0,-5.E-2));
#590=LINE('',#589,#588);
#591=DIRECTION('',(0.E0,0.E0,1.E0));
#592=VECTOR('',#591,5.E-1);
#593=CARTESIAN_POINT('',(-2.25E0,1.25E0,-5.E-2));
#594=LINE('',#593,#592);
#595=CARTESIAN_POINT('',(-1.75E0,-3.85E0,-2.5E-1));
#596=DIRECTION('',(-1.E0,0.E0,0.E0));
#597=DIRECTION('',(0.E0,-1.E0,4.871103520543E-14));
#598=AXIS2_PLACEMENT_3D('',#595,#596,#597);
#600=DIRECTION('',(0.E0,0.E0,1.E0));
#601=VECTOR('',#600,3.65E0);
#602=CARTESIAN_POINT('',(-1.75E0,-4.05E0,-3.9E0));
#603=LINE('',#602,#601);
#604=CARTESIAN_POINT('',(-1.75E0,-3.45E0,-4.35E0));
#605=DIRECTION('',(-1.E0,0.E0,0.E0));
#606=DIRECTION('',(0.E0,-8.E-1,-6.E-1));
#607=AXIS2_PLACEMENT_3D('',#604,#605,#606);
#609=DIRECTION('',(0.E0,0.E0,1.E0));
#610=VECTOR('',#609,1.15E0);
#611=CARTESIAN_POINT('',(-1.75E0,-4.05E0,-5.95E0));
#612=LINE('',#611,#610);
#613=DIRECTION('',(0.E0,1.E0,0.E0));
#614=VECTOR('',#613,5.E-1);
#615=CARTESIAN_POINT('',(-1.75E0,-4.55E0,-5.95E0));
#616=LINE('',#615,#614);
#617=DIRECTION('',(0.E0,0.E0,-1.E0));
#618=VECTOR('',#617,1.006282895648E0);
#619=CARTESIAN_POINT('',(-1.75E0,-4.55E0,-4.943717104352E0));
#620=LINE('',#619,#618);
#621=CARTESIAN_POINT('',(-1.75E0,-3.45E0,-4.35E0));
#622=DIRECTION('',(1.E0,0.E0,0.E0));
#623=DIRECTION('',(0.E0,-8.8E-1,4.749736834815E-1));
#624=AXIS2_PLACEMENT_3D('',#621,#622,#623);
#626=DIRECTION('',(0.E0,0.E0,-1.E0));
#627=VECTOR('',#626,3.506282895648E0);
#628=CARTESIAN_POINT('',(-1.75E0,-4.55E0,-2.5E-1));
#629=LINE('',#628,#627);
#630=CARTESIAN_POINT('',(-1.75E0,-3.85E0,-2.5E-1));
#631=DIRECTION('',(1.E0,0.E0,0.E0));
#632=DIRECTION('',(0.E0,-2.142857142857E-1,9.767710236555E-1));
#633=AXIS2_PLACEMENT_3D('',#630,#631,#632);
#635=DIRECTION('',(0.E0,-1.E0,0.E0));
#636=VECTOR('',#635,3.7E0);
#637=CARTESIAN_POINT('',(-1.75E0,1.25E0,4.5E-1));
#638=LINE('',#637,#636);
#639=DIRECTION('',(0.E0,0.E0,1.E0));
#640=VECTOR('',#639,5.E-1);
#641=CARTESIAN_POINT('',(-1.75E0,1.25E0,-5.E-2));
#642=LINE('',#641,#640);
#643=DIRECTION('',(0.E0,1.E0,0.E0));
#644=VECTOR('',#643,3.7E0);
#645=CARTESIAN_POINT('',(-1.75E0,-2.45E0,-5.E-2));
#646=LINE('',#645,#644);
#647=DIRECTION('',(1.E0,0.E0,0.E0));
#648=VECTOR('',#647,5.E-1);
#649=CARTESIAN_POINT('',(-2.25E0,-4.05E0,-2.5E-1));
#650=LINE('',#649,#648);
#651=DIRECTION('',(1.E0,0.E0,0.E0));
#652=VECTOR('',#651,5.E-1);
#653=CARTESIAN_POINT('',(-2.25E0,-4.05E0,-3.9E0));
#654=LINE('',#653,#652);
#655=DIRECTION('',(1.E0,0.E0,0.E0));
#656=VECTOR('',#655,5.E-1);
#657=CARTESIAN_POINT('',(-2.25E0,-4.05E0,-4.8E0));
#658=LINE('',#657,#656);
#659=DIRECTION('',(1.E0,0.E0,0.E0));
#660=VECTOR('',#659,5.E-1);
#661=CARTESIAN_POINT('',(-2.25E0,-4.05E0,-5.95E0));
#662=LINE('',#661,#660);
#663=DIRECTION('',(1.E0,0.E0,0.E0));
#664=VECTOR('',#663,5.E-1);
#665=CARTESIAN_POINT('',(-2.25E0,-4.55E0,-5.95E0));
#666=LINE('',#665,#664);
#667=DIRECTION('',(1.E0,0.E0,0.E0));
#668=VECTOR('',#667,5.E-1);
#669=CARTESIAN_POINT('',(-2.25E0,-4.55E0,-4.943717104352E0));
#670=LINE('',#669,#668);
#671=DIRECTION('',(1.E0,0.E0,0.E0));
#672=VECTOR('',#671,5.E-1);
#673=CARTESIAN_POINT('',(-2.25E0,-4.55E0,-3.756282895648E0));
#674=LINE('',#673,#672);
#675=DIRECTION('',(1.E0,0.E0,0.E0));
#676=VECTOR('',#675,5.E-1);
#677=CARTESIAN_POINT('',(-2.25E0,-4.55E0,-2.5E-1));
#678=LINE('',#677,#676);
#679=DIRECTION('',(1.E0,0.E0,0.E0));
#680=VECTOR('',#679,5.E-1);
#681=CARTESIAN_POINT('',(-2.25E0,1.25E0,4.5E-1));
#682=LINE('',#681,#680);
#683=DIRECTION('',(1.E0,0.E0,0.E0));
#684=VECTOR('',#683,5.E-1);
#685=CARTESIAN_POINT('',(-2.25E0,1.25E0,-5.E-2));
#686=LINE('',#685,#684);
#687=DIRECTION('',(0.E0,0.E0,-1.E0));
#688=VECTOR('',#687,3.35E0);
#689=CARTESIAN_POINT('',(3.25E0,-2.45E0,1.3E0));
#690=LINE('',#689,#688);
#691=DIRECTION('',(-1.E0,0.E0,0.E0));
#692=VECTOR('',#691,2.4E0);
#693=CARTESIAN_POINT('',(5.65E0,-2.45E0,-2.05E0));
#694=LINE('',#693,#692);
#695=DIRECTION('',(0.E0,0.E0,-1.E0));
#696=VECTOR('',#695,3.35E0);
#697=CARTESIAN_POINT('',(5.65E0,-2.45E0,1.3E0));
#698=LINE('',#697,#696);
#699=DIRECTION('',(0.E0,0.E0,-1.E0));
#700=VECTOR('',#699,3.35E0);
#701=CARTESIAN_POINT('',(1.25E0,-2.45E0,1.3E0));
#702=LINE('',#701,#700);
#703=DIRECTION('',(-1.E0,0.E0,0.E0));
#704=VECTOR('',#703,1.5E0);
#705=CARTESIAN_POINT('',(2.75E0,-2.45E0,-2.05E0));
#706=LINE('',#705,#704);
#707=DIRECTION('',(0.E0,0.E0,-1.E0));
#708=VECTOR('',#707,3.35E0);
#709=CARTESIAN_POINT('',(2.75E0,-2.45E0,1.3E0));
#710=LINE('',#709,#708);
#711=DIRECTION('',(0.E0,0.E0,-1.E0));
#712=VECTOR('',#711,3.35E0);
#713=CARTESIAN_POINT('',(-7.5E-1,-2.45E0,1.3E0));
#714=LINE('',#713,#712);
#715=DIRECTION('',(-1.E0,0.E0,0.E0));
#716=VECTOR('',#715,1.5E0);
#717=CARTESIAN_POINT('',(7.5E-1,-2.45E0,-2.05E0));
#718=LINE('',#717,#716);
#719=DIRECTION('',(0.E0,0.E0,-1.E0));
#720=VECTOR('',#719,3.35E0);
#721=CARTESIAN_POINT('',(7.5E-1,-2.45E0,1.3E0));
#722=LINE('',#721,#720);
#723=DIRECTION('',(0.E0,0.E0,-1.E0));
#724=VECTOR('',#723,3.35E0);
#725=CARTESIAN_POINT('',(-2.75E0,-2.45E0,1.3E0));
#726=LINE('',#725,#724);
#727=DIRECTION('',(-1.E0,0.E0,0.E0));
#728=VECTOR('',#727,1.5E0);
#729=CARTESIAN_POINT('',(-1.25E0,-2.45E0,-2.05E0));
#730=LINE('',#729,#728);
#731=DIRECTION('',(0.E0,0.E0,-1.E0));
#732=VECTOR('',#731,3.35E0);
#733=CARTESIAN_POINT('',(-1.25E0,-2.45E0,1.3E0));
#734=LINE('',#733,#732);
#735=DIRECTION('',(0.E0,0.E0,-1.E0));
#736=VECTOR('',#735,3.35E0);
#737=CARTESIAN_POINT('',(-3.25E0,-2.45E0,1.3E0));
#738=LINE('',#737,#736);
#739=DIRECTION('',(0.E0,0.E0,1.E0));
#740=VECTOR('',#739,3.35E0);
#741=CARTESIAN_POINT('',(-5.65E0,-2.45E0,-2.05E0));
#742=LINE('',#741,#740);
#743=DIRECTION('',(-1.E0,0.E0,0.E0));
#744=VECTOR('',#743,2.4E0);
#745=CARTESIAN_POINT('',(-3.25E0,-2.45E0,-2.05E0));
#746=LINE('',#745,#744);
#747=DIRECTION('',(0.E0,0.E0,-1.E0));
#748=VECTOR('',#747,5.E-1);
#749=CARTESIAN_POINT('',(3.75E0,-2.45E0,4.5E-1));
#750=LINE('',#749,#748);
#751=DIRECTION('',(1.E0,0.E0,0.E0));
#752=VECTOR('',#751,5.E-1);
#753=CARTESIAN_POINT('',(3.75E0,-2.45E0,4.5E-1));
#754=LINE('',#753,#752);
#755=DIRECTION('',(0.E0,0.E0,-1.E0));
#756=VECTOR('',#755,5.E-1);
#757=CARTESIAN_POINT('',(4.25E0,-2.45E0,4.5E-1));
#758=LINE('',#757,#756);
#759=DIRECTION('',(1.E0,0.E0,0.E0));
#760=VECTOR('',#759,5.E-1);
#761=CARTESIAN_POINT('',(3.75E0,-2.45E0,-4.999999999999E-2));
#762=LINE('',#761,#760);
#763=DIRECTION('',(0.E0,0.E0,1.E0));
#764=VECTOR('',#763,5.E-1);
#765=CARTESIAN_POINT('',(-4.25E0,-2.45E0,-4.999999999999E-2));
#766=LINE('',#765,#764);
#767=DIRECTION('',(1.E0,0.E0,0.E0));
#768=VECTOR('',#767,5.E-1);
#769=CARTESIAN_POINT('',(-4.25E0,-2.45E0,4.5E-1));
#770=LINE('',#769,#768);
#771=DIRECTION('',(0.E0,0.E0,1.E0));
#772=VECTOR('',#771,5.E-1);
#773=CARTESIAN_POINT('',(-3.75E0,-2.45E0,-4.999999999999E-2));
#774=LINE('',#773,#772);
#775=DIRECTION('',(1.E0,0.E0,0.E0));
#776=VECTOR('',#775,5.E-1);
#777=CARTESIAN_POINT('',(-4.25E0,-2.45E0,-4.999999999999E-2));
#778=LINE('',#777,#776);
#779=DIRECTION('',(0.E0,0.E0,-1.E0));
#780=VECTOR('',#779,5.E-1);
#781=CARTESIAN_POINT('',(1.75E0,-2.45E0,4.5E-1));
#782=LINE('',#781,#780);
#783=DIRECTION('',(1.E0,0.E0,0.E0));
#784=VECTOR('',#783,5.E-1);
#785=CARTESIAN_POINT('',(1.75E0,-2.45E0,4.5E-1));
#786=LINE('',#785,#784);
#787=DIRECTION('',(0.E0,0.E0,-1.E0));
#788=VECTOR('',#787,5.E-1);
#789=CARTESIAN_POINT('',(2.25E0,-2.45E0,4.5E-1));
#790=LINE('',#789,#788);
#791=DIRECTION('',(1.E0,0.E0,0.E0));
#792=VECTOR('',#791,5.E-1);
#793=CARTESIAN_POINT('',(1.75E0,-2.45E0,-5.E-2));
#794=LINE('',#793,#792);
#795=DIRECTION('',(0.E0,0.E0,1.E0));
#796=VECTOR('',#795,5.E-1);
#797=CARTESIAN_POINT('',(-2.25E0,-2.45E0,-5.E-2));
#798=LINE('',#797,#796);
#799=DIRECTION('',(1.E0,0.E0,0.E0));
#800=VECTOR('',#799,5.E-1);
#801=CARTESIAN_POINT('',(-2.25E0,-2.45E0,4.5E-1));
#802=LINE('',#801,#800);
#803=DIRECTION('',(0.E0,0.E0,1.E0));
#804=VECTOR('',#803,5.E-1);
#805=CARTESIAN_POINT('',(-1.75E0,-2.45E0,-5.E-2));
#806=LINE('',#805,#804);
#807=DIRECTION('',(1.E0,0.E0,0.E0));
#808=VECTOR('',#807,5.E-1);
#809=CARTESIAN_POINT('',(-2.25E0,-2.45E0,-5.E-2));
#810=LINE('',#809,#808);
#811=DIRECTION('',(0.E0,0.E0,1.E0));
#812=VECTOR('',#811,5.E-1);
#813=CARTESIAN_POINT('',(-2.5E-1,-2.45E0,-5.E-2));
#814=LINE('',#813,#812);
#815=DIRECTION('',(1.E0,0.E0,0.E0));
#816=VECTOR('',#815,5.E-1);
#817=CARTESIAN_POINT('',(-2.5E-1,-2.45E0,4.5E-1));
#818=LINE('',#817,#816);
#819=DIRECTION('',(0.E0,0.E0,1.E0));
#820=VECTOR('',#819,5.E-1);
#821=CARTESIAN_POINT('',(2.5E-1,-2.45E0,-5.E-2));
#822=LINE('',#821,#820);
#823=DIRECTION('',(1.E0,0.E0,0.E0));
#824=VECTOR('',#823,5.E-1);
#825=CARTESIAN_POINT('',(-2.5E-1,-2.45E0,-5.E-2));
#826=LINE('',#825,#824);
#827=DIRECTION('',(0.E0,-1.E0,0.E0));
#828=VECTOR('',#827,3.E-1);
#829=CARTESIAN_POINT('',(3.25E0,-2.45E0,1.3E0));
#830=LINE('',#829,#828);
#831=DIRECTION('',(1.E0,0.E0,0.E0));
#832=VECTOR('',#831,2.4E0);
#833=CARTESIAN_POINT('',(-5.65E0,-2.45E0,1.3E0));
#834=LINE('',#833,#832);
#835=DIRECTION('',(0.E0,-1.E0,0.E0));
#836=VECTOR('',#835,3.E-1);
#837=CARTESIAN_POINT('',(-3.25E0,-2.45E0,1.3E0));
#838=LINE('',#837,#836);
#839=DIRECTION('',(1.E0,0.E0,0.E0));
#840=VECTOR('',#839,1.5E0);
#841=CARTESIAN_POINT('',(-2.75E0,-2.45E0,1.3E0));
#842=LINE('',#841,#840);
#843=DIRECTION('',(0.E0,-1.E0,0.E0));
#844=VECTOR('',#843,3.E-1);
#845=CARTESIAN_POINT('',(-1.25E0,-2.45E0,1.3E0));
#846=LINE('',#845,#844);
#847=DIRECTION('',(1.E0,0.E0,0.E0));
#848=VECTOR('',#847,1.5E0);
#849=CARTESIAN_POINT('',(-7.5E-1,-2.45E0,1.3E0));
#850=LINE('',#849,#848);
#851=DIRECTION('',(0.E0,-1.E0,0.E0));
#852=VECTOR('',#851,3.E-1);
#853=CARTESIAN_POINT('',(7.5E-1,-2.45E0,1.3E0));
#854=LINE('',#853,#852);
#855=DIRECTION('',(1.E0,0.E0,0.E0));
#856=VECTOR('',#855,1.5E0);
#857=CARTESIAN_POINT('',(1.25E0,-2.45E0,1.3E0));
#858=LINE('',#857,#856);
#859=DIRECTION('',(0.E0,-1.E0,0.E0));
#860=VECTOR('',#859,3.E-1);
#861=CARTESIAN_POINT('',(2.75E0,-2.45E0,1.3E0));
#862=LINE('',#861,#860);
#863=DIRECTION('',(1.E0,0.E0,0.E0));
#864=VECTOR('',#863,2.4E0);
#865=CARTESIAN_POINT('',(3.25E0,-2.45E0,1.3E0));
#866=LINE('',#865,#864);
#867=DIRECTION('',(-1.E0,0.E0,0.E0));
#868=VECTOR('',#867,9.671572875254E-1);
#869=CARTESIAN_POINT('',(4.85E0,2.35E0,1.3E0));
#870=LINE('',#869,#868);
#871=DIRECTION('',(7.071067811865E-1,7.071067811865E-1,0.E0));
#872=VECTOR('',#871,2.585786437627E-1);
#873=CARTESIAN_POINT('',(3.7E0,2.167157287525E0,1.3E0));
#874=LINE('',#873,#872);
#875=DIRECTION('',(0.E0,1.E0,0.E0));
#876=VECTOR('',#875,1.617157287525E0);
#877=CARTESIAN_POINT('',(3.7E0,5.5E-1,1.3E0));
#878=LINE('',#877,#876);
#879=DIRECTION('',(1.E0,0.E0,0.E0));
#880=VECTOR('',#879,7.4E0);
#881=CARTESIAN_POINT('',(-3.7E0,5.5E-1,1.3E0));
#882=LINE('',#881,#880);
#883=DIRECTION('',(0.E0,-1.E0,0.E0));
#884=VECTOR('',#883,1.617157287525E0);
#885=CARTESIAN_POINT('',(-3.7E0,2.167157287525E0,1.3E0));
#886=LINE('',#885,#884);
#887=DIRECTION('',(7.071067811865E-1,-7.071067811865E-1,0.E0));
#888=VECTOR('',#887,2.585786437627E-1);
#889=CARTESIAN_POINT('',(-3.882842712475E0,2.35E0,1.3E0));
#890=LINE('',#889,#888);
#891=DIRECTION('',(-1.E0,0.E0,0.E0));
#892=VECTOR('',#891,9.671572875254E-1);
#893=CARTESIAN_POINT('',(-3.882842712475E0,2.35E0,1.3E0));
#894=LINE('',#893,#892);
#895=DIRECTION('',(0.E0,-1.E0,0.E0));
#896=VECTOR('',#895,4.E0);
#897=CARTESIAN_POINT('',(-4.85E0,2.35E0,1.3E0));
#898=LINE('',#897,#896);
#899=DIRECTION('',(0.E0,-1.E0,0.E0));
#900=VECTOR('',#899,3.E-1);
#901=CARTESIAN_POINT('',(-3.25E0,-2.45E0,-2.05E0));
#902=LINE('',#901,#900);
#903=DIRECTION('',(0.E0,-1.E0,0.E0));
#904=VECTOR('',#903,3.E-1);
#905=CARTESIAN_POINT('',(-2.75E0,-2.45E0,-2.05E0));
#906=LINE('',#905,#904);
#907=DIRECTION('',(1.E0,0.E0,0.E0));
#908=VECTOR('',#907,1.167157287525E0);
#909=CARTESIAN_POINT('',(-5.65E0,4.05E0,-2.05E0));
#910=LINE('',#909,#908);
#911=DIRECTION('',(-7.071067811865E-1,7.071067811865E-1,0.E0));
#912=VECTOR('',#911,4.E-1);
#913=CARTESIAN_POINT('',(-4.2E0,3.767157287525E0,-2.05E0));
#914=LINE('',#913,#912);
#915=DIRECTION('',(0.E0,1.E0,0.E0));
#916=VECTOR('',#915,6.171572875254E-1);
#917=CARTESIAN_POINT('',(-4.2E0,3.15E0,-2.05E0));
#918=LINE('',#917,#916);
#919=DIRECTION('',(-1.E0,0.E0,0.E0));
#920=VECTOR('',#919,8.4E0);
#921=CARTESIAN_POINT('',(4.2E0,3.15E0,-2.05E0));
#922=LINE('',#921,#920);
#923=DIRECTION('',(0.E0,-1.E0,0.E0));
#924=VECTOR('',#923,6.171572875254E-1);
#925=CARTESIAN_POINT('',(4.2E0,3.767157287525E0,-2.05E0));
#926=LINE('',#925,#924);
#927=DIRECTION('',(-7.071067811865E-1,-7.071067811865E-1,0.E0));
#928=VECTOR('',#927,4.E-1);
#929=CARTESIAN_POINT('',(4.482842712475E0,4.05E0,-2.05E0));
#930=LINE('',#929,#928);
#931=DIRECTION('',(1.E0,0.E0,0.E0));
#932=VECTOR('',#931,1.167157287525E0);
#933=CARTESIAN_POINT('',(4.482842712475E0,4.05E0,-2.05E0));
#934=LINE('',#933,#932);
#935=DIRECTION('',(0.E0,-1.E0,0.E0));
#936=VECTOR('',#935,6.5E0);
#937=CARTESIAN_POINT('',(5.65E0,4.05E0,-2.05E0));
#938=LINE('',#937,#936);
#939=DIRECTION('',(0.E0,-1.E0,0.E0));
#940=VECTOR('',#939,3.E-1);
#941=CARTESIAN_POINT('',(3.25E0,-2.45E0,-2.05E0));
#942=LINE('',#941,#940);
#943=DIRECTION('',(0.E0,-1.E0,0.E0));
#944=VECTOR('',#943,3.E-1);
#945=CARTESIAN_POINT('',(1.25E0,-2.45E0,-2.05E0));
#946=LINE('',#945,#944);
#947=DIRECTION('',(0.E0,-1.E0,0.E0));
#948=VECTOR('',#947,3.E-1);
#949=CARTESIAN_POINT('',(-7.5E-1,-2.45E0,-2.05E0));
#950=LINE('',#949,#948);
#951=DIRECTION('',(0.E0,-1.E0,0.E0));
#952=VECTOR('',#951,3.E-1);
#953=CARTESIAN_POINT('',(-2.75E0,-2.45E0,1.3E0));
#954=LINE('',#953,#952);
#955=DIRECTION('',(0.E0,0.E0,-1.E0));
#956=VECTOR('',#955,3.35E0);
#957=CARTESIAN_POINT('',(-2.75E0,-2.75E0,1.3E0));
#958=LINE('',#957,#956);
#959=DIRECTION('',(1.E0,0.E0,0.E0));
#960=VECTOR('',#959,5.E-1);
#961=CARTESIAN_POINT('',(-3.25E0,-2.75E0,1.3E0));
#962=LINE('',#961,#960);
#963=DIRECTION('',(0.E0,0.E0,1.E0));
#964=VECTOR('',#963,3.35E0);
#965=CARTESIAN_POINT('',(-3.25E0,-2.75E0,-2.05E0));
#966=LINE('',#965,#964);
#967=DIRECTION('',(-1.E0,0.E0,0.E0));
#968=VECTOR('',#967,5.E-1);
#969=CARTESIAN_POINT('',(-2.75E0,-2.75E0,-2.05E0));
#970=LINE('',#969,#968);
#971=DIRECTION('',(0.E0,1.E0,0.E0));
#972=VECTOR('',#971,8.E-1);
#973=CARTESIAN_POINT('',(-5.65E0,-2.45E0,1.3E0));
#974=LINE('',#973,#972);
#975=DIRECTION('',(0.E0,0.E0,-1.E0));
#976=VECTOR('',#975,9.E-1);
#977=CARTESIAN_POINT('',(-5.65E0,-1.65E0,2.2E0));
#978=LINE('',#977,#976);
#979=DIRECTION('',(0.E0,0.E0,-1.E0));
#980=VECTOR('',#979,3.15E0);
#981=CARTESIAN_POINT('',(-5.65E0,2.35E0,2.2E0));
#982=LINE('',#981,#980);
#983=DIRECTION('',(0.E0,1.E0,0.E0));
#984=VECTOR('',#983,1.417157287525E0);
#985=CARTESIAN_POINT('',(-5.65E0,2.35E0,-9.5E-1));
#986=LINE('',#985,#984);
#987=DIRECTION('',(0.E0,7.071067811865E-1,-7.071067811865E-1));
#988=VECTOR('',#987,4.E-1);
#989=CARTESIAN_POINT('',(-5.65E0,3.767157287525E0,-9.5E-1));
#990=LINE('',#989,#988);
#991=DIRECTION('',(0.E0,0.E0,-1.E0));
#992=VECTOR('',#991,8.171572875254E-1);
#993=CARTESIAN_POINT('',(-5.65E0,4.05E0,-1.232842712475E0));
#994=LINE('',#993,#992);
#995=DIRECTION('',(0.E0,-1.E0,0.E0));
#996=VECTOR('',#995,6.5E0);
#997=CARTESIAN_POINT('',(-5.65E0,4.05E0,-2.05E0));
#998=LINE('',#997,#996);
#999=DIRECTION('',(-1.E0,0.E0,0.E0));
#1000=VECTOR('',#999,8.E-1);
#1001=CARTESIAN_POINT('',(-4.85E0,-1.65E0,1.3E0));
#1002=LINE('',#1001,#1000);
#1003=DIRECTION('',(-1.E0,0.E0,0.E0));
#1004=VECTOR('',#1003,8.E-1);
#1005=CARTESIAN_POINT('',(5.65E0,-1.65E0,1.3E0));
#1006=LINE('',#1005,#1004);
#1007=DIRECTION('',(-1.E0,0.E0,0.E0));
#1008=VECTOR('',#1007,1.E0);
#1009=CARTESIAN_POINT('',(-4.85E0,2.55E0,2.2E0));
#1010=LINE('',#1009,#1008);
#1011=DIRECTION('',(0.E0,-1.E0,0.E0));
#1012=VECTOR('',#1011,4.E0);
#1013=CARTESIAN_POINT('',(-5.65E0,2.35E0,2.2E0));
#1014=LINE('',#1013,#1012);
#1015=DIRECTION('',(1.E0,0.E0,0.E0));
#1016=VECTOR('',#1015,8.E-1);
#1017=CARTESIAN_POINT('',(-5.65E0,-1.65E0,2.2E0));
#1018=LINE('',#1017,#1016);
#1019=DIRECTION('',(0.E0,-1.E0,0.E0));
#1020=VECTOR('',#1019,4.2E0);
#1021=CARTESIAN_POINT('',(-4.85E0,2.55E0,2.2E0));
#1022=LINE('',#1021,#1020);
#1023=DIRECTION('',(0.E0,0.E0,-1.E0));
#1024=VECTOR('',#1023,9.E-1);
#1025=CARTESIAN_POINT('',(-4.85E0,-1.65E0,2.2E0));
#1026=LINE('',#1025,#1024);
#1027=DIRECTION('',(0.E0,-7.071067811865E-1,-7.071067811865E-1));
#1028=VECTOR('',#1027,2.828427124746E-1);
#1029=CARTESIAN_POINT('',(-4.85E0,2.55E0,1.5E0));
#1030=LINE('',#1029,#1028);
#1031=DIRECTION('',(-6.785983445458E-1,-2.810846377148E-1,-6.785983445458E-1));
#1032=VECTOR('',#1031,2.947251516416E-1);
#1033=CARTESIAN_POINT('',(-3.5E0,2.25E0,1.5E0));
#1034=LINE('',#1033,#1032);
#1035=DIRECTION('',(2.810846377148E-1,6.785983445458E-1,6.785983445458E-1));
#1036=VECTOR('',#1035,2.947251516416E-1);
#1037=CARTESIAN_POINT('',(-3.882842712475E0,2.35E0,1.3E0));
#1038=LINE('',#1037,#1036);
#1039=DIRECTION('',(-5.773502691896E-1,-5.773502691896E-1,-5.773502691896E-1));
#1040=VECTOR('',#1039,3.464101615138E-1);
#1041=CARTESIAN_POINT('',(-3.5E0,7.5E-1,1.5E0));
#1042=LINE('',#1041,#1040);
#1043=DIRECTION('',(0.E0,-1.E0,0.E0));
#1044=VECTOR('',#1043,1.5E0);
#1045=CARTESIAN_POINT('',(-3.5E0,2.25E0,1.5E0));
#1046=LINE('',#1045,#1044);
#1047=DIRECTION('',(0.E0,0.E0,-1.E0));
#1048=VECTOR('',#1047,3.5E-1);
#1049=CARTESIAN_POINT('',(-3.5E0,2.25E0,1.85E0));
#1050=LINE('',#1049,#1048);
#1051=DIRECTION('',(1.E0,0.E0,0.E0));
#1052=VECTOR('',#1051,7.E0);
#1053=CARTESIAN_POINT('',(-3.5E0,7.5E-1,1.5E0));
#1054=LINE('',#1053,#1052);
#1055=DIRECTION('',(0.E0,0.E0,-1.E0));
#1056=VECTOR('',#1055,3.5E-1);
#1057=CARTESIAN_POINT('',(-3.5E0,7.5E-1,1.85E0));
#1058=LINE('',#1057,#1056);
#1059=DIRECTION('',(5.773502691896E-1,-5.773502691896E-1,-5.773502691896E-1));
#1060=VECTOR('',#1059,3.464101615138E-1);
#1061=CARTESIAN_POINT('',(3.5E0,7.5E-1,1.5E0));
#1062=LINE('',#1061,#1060);
#1063=DIRECTION('',(6.785983445458E-1,-2.810846377148E-1,-6.785983445458E-1));
#1064=VECTOR('',#1063,2.947251516416E-1);
#1065=CARTESIAN_POINT('',(3.5E0,2.25E0,1.5E0));
#1066=LINE('',#1065,#1064);
#1067=DIRECTION('',(0.E0,1.E0,0.E0));
#1068=VECTOR('',#1067,1.5E0);
#1069=CARTESIAN_POINT('',(3.5E0,7.5E-1,1.5E0));
#1070=LINE('',#1069,#1068);
#1071=DIRECTION('',(0.E0,0.E0,-1.E0));
#1072=VECTOR('',#1071,3.5E-1);
#1073=CARTESIAN_POINT('',(3.5E0,7.5E-1,1.85E0));
#1074=LINE('',#1073,#1072);
#1075=DIRECTION('',(7.071067811865E-1,7.071067811865E-1,0.E0));
#1076=VECTOR('',#1075,4.242640687119E-1);
#1077=CARTESIAN_POINT('',(3.5E0,2.25E0,1.5E0));
#1078=LINE('',#1077,#1076);
#1079=DIRECTION('',(0.E0,0.E0,-1.E0));
#1080=VECTOR('',#1079,3.5E-1);
#1081=CARTESIAN_POINT('',(3.5E0,2.25E0,1.85E0));
#1082=LINE('',#1081,#1080);
#1083=DIRECTION('',(2.810846377148E-1,-6.785983445458E-1,-6.785983445458E-1));
#1084=VECTOR('',#1083,2.947251516416E-1);
#1085=CARTESIAN_POINT('',(3.8E0,2.55E0,1.5E0));
#1086=LINE('',#1085,#1084);
#1087=DIRECTION('',(-1.E0,0.E0,0.E0));
#1088=VECTOR('',#1087,1.05E0);
#1089=CARTESIAN_POINT('',(-3.8E0,2.55E0,1.5E0));
#1090=LINE('',#1089,#1088);
#1091=DIRECTION('',(0.E0,0.E0,-1.E0));
#1092=VECTOR('',#1091,3.5E-1);
#1093=CARTESIAN_POINT('',(-3.8E0,2.55E0,1.85E0));
#1094=LINE('',#1093,#1092);
#1095=DIRECTION('',(7.071067811865E-1,0.E0,-7.071067811865E-1));
#1096=VECTOR('',#1095,2.828427124746E-1);
#1097=CARTESIAN_POINT('',(-4.55E0,2.55E0,2.75E0));
#1098=LINE('',#1097,#1096);
#1099=DIRECTION('',(7.071067811865E-1,0.E0,7.071067811865E-1));
#1100=VECTOR('',#1099,2.828427124746E-1);
#1101=CARTESIAN_POINT('',(-6.15E0,2.55E0,2.55E0));
#1102=LINE('',#1101,#1100);
#1103=DIRECTION('',(0.E0,0.E0,-1.E0));
#1104=VECTOR('',#1103,2.95E0);
#1105=CARTESIAN_POINT('',(-5.85E0,2.55E0,2.2E0));
#1106=LINE('',#1105,#1104);
#1107=DIRECTION('',(0.E0,0.E0,-1.E0));
#1108=VECTOR('',#1107,7.E-1);
#1109=CARTESIAN_POINT('',(-4.85E0,2.55E0,2.2E0));
#1110=LINE('',#1109,#1108);
#1111=DIRECTION('',(0.E0,0.E0,1.E0));
#1112=VECTOR('',#1111,2.95E0);
#1113=CARTESIAN_POINT('',(5.85E0,2.55E0,-7.5E-1));
#1114=LINE('',#1113,#1112);
#1115=DIRECTION('',(7.071067811865E-1,0.E0,-7.071067811865E-1));
#1116=VECTOR('',#1115,2.828427124746E-1);
#1117=CARTESIAN_POINT('',(5.95E0,2.55E0,2.75E0));
#1118=LINE('',#1117,#1116);
#1119=DIRECTION('',(7.071067811865E-1,0.E0,7.071067811865E-1));
#1120=VECTOR('',#1119,2.828427124746E-1);
#1121=CARTESIAN_POINT('',(4.35E0,2.55E0,2.55E0));
#1122=LINE('',#1121,#1120);
#1123=DIRECTION('',(0.E0,0.E0,-1.E0));
#1124=VECTOR('',#1123,3.5E-1);
#1125=CARTESIAN_POINT('',(3.8E0,2.55E0,1.85E0));
#1126=LINE('',#1125,#1124);
#1127=DIRECTION('',(-1.E0,0.E0,0.E0));
#1128=VECTOR('',#1127,1.05E0);
#1129=CARTESIAN_POINT('',(4.85E0,2.55E0,1.5E0));
#1130=LINE('',#1129,#1128);
#1131=DIRECTION('',(0.E0,0.E0,1.E0));
#1132=VECTOR('',#1131,7.E-1);
#1133=CARTESIAN_POINT('',(4.85E0,2.55E0,1.5E0));
#1134=LINE('',#1133,#1132);
#1135=DIRECTION('',(7.071067811865E-1,-7.071067811865E-1,0.E0));
#1136=VECTOR('',#1135,4.242640687119E-1);
#1137=CARTESIAN_POINT('',(-3.8E0,2.55E0,1.5E0));
#1138=LINE('',#1137,#1136);
#1139=DIRECTION('',(0.E0,1.E0,0.E0));
#1140=VECTOR('',#1139,6.8E0);
#1141=CARTESIAN_POINT('',(5.95E0,-4.25E0,2.75E0));
#1142=LINE('',#1141,#1140);
#1143=DIRECTION('',(1.E0,0.E0,0.E0));
#1144=VECTOR('',#1143,1.4E0);
#1145=CARTESIAN_POINT('',(4.55E0,-4.25E0,2.75E0));
#1146=LINE('',#1145,#1144);
#1147=DIRECTION('',(0.E0,-1.E0,0.E0));
#1148=VECTOR('',#1147,6.8E0);
#1149=CARTESIAN_POINT('',(4.55E0,2.55E0,2.75E0));
#1150=LINE('',#1149,#1148);
#1151=DIRECTION('',(1.E0,0.E0,0.E0));
#1152=VECTOR('',#1151,1.4E0);
#1153=CARTESIAN_POINT('',(4.55E0,2.55E0,2.75E0));
#1154=LINE('',#1153,#1152);
#1155=DIRECTION('',(0.E0,1.E0,0.E0));
#1156=VECTOR('',#1155,6.8E0);
#1157=CARTESIAN_POINT('',(-4.55E0,-4.25E0,2.75E0));
#1158=LINE('',#1157,#1156);
#1159=DIRECTION('',(1.E0,0.E0,0.E0));
#1160=VECTOR('',#1159,1.4E0);
#1161=CARTESIAN_POINT('',(-5.95E0,-4.25E0,2.75E0));
#1162=LINE('',#1161,#1160);
#1163=DIRECTION('',(0.E0,-1.E0,0.E0));
#1164=VECTOR('',#1163,6.8E0);
#1165=CARTESIAN_POINT('',(-5.95E0,2.55E0,2.75E0));
#1166=LINE('',#1165,#1164);
#1167=DIRECTION('',(1.E0,0.E0,0.E0));
#1168=VECTOR('',#1167,1.4E0);
#1169=CARTESIAN_POINT('',(-5.95E0,2.55E0,2.75E0));
#1170=LINE('',#1169,#1168);
#1171=DIRECTION('',(0.E0,0.E0,-1.E0));
#1172=VECTOR('',#1171,8.E-1);
#1173=CARTESIAN_POINT('',(6.15E0,-6.25E0,-1.95E0));
#1174=LINE('',#1173,#1172);
#1175=DIRECTION('',(0.E0,-8.192319205190E-1,-5.734623443633E-1));
#1176=VECTOR('',#1175,1.220655561573E0);
#1177=CARTESIAN_POINT('',(6.15E0,-5.25E0,-1.25E0));
#1178=LINE('',#1177,#1176);
#1179=DIRECTION('',(0.E0,-1.E0,0.E0));
#1180=VECTOR('',#1179,1.E0);
#1181=CARTESIAN_POINT('',(6.15E0,-4.25E0,-1.25E0));
#1182=LINE('',#1181,#1180);
#1183=DIRECTION('',(0.E0,0.E0,1.E0));
#1184=VECTOR('',#1183,3.8E0);
#1185=CARTESIAN_POINT('',(6.15E0,-4.25E0,-1.25E0));
#1186=LINE('',#1185,#1184);
#1187=DIRECTION('',(0.E0,1.E0,0.E0));
#1188=VECTOR('',#1187,6.8E0);
#1189=CARTESIAN_POINT('',(6.15E0,-4.25E0,2.55E0));
#1190=LINE('',#1189,#1188);
#1191=DIRECTION('',(0.E0,0.E0,-1.E0));
#1192=VECTOR('',#1191,3.3E0);
#1193=CARTESIAN_POINT('',(6.15E0,2.55E0,2.55E0));
#1194=LINE('',#1193,#1192);
#1195=DIRECTION('',(0.E0,1.E0,0.E0));
#1196=VECTOR('',#1195,1.3E0);
#1197=CARTESIAN_POINT('',(6.15E0,2.55E0,-7.5E-1));
#1198=LINE('',#1197,#1196);
#1199=DIRECTION('',(0.E0,7.071067811865E-1,-7.071067811865E-1));
#1200=VECTOR('',#1199,5.656854249492E-1);
#1201=CARTESIAN_POINT('',(6.15E0,3.85E0,-7.5E-1));
#1202=LINE('',#1201,#1200);
#1203=DIRECTION('',(1.E0,0.E0,0.E0));
#1204=VECTOR('',#1203,1.E0);
#1205=CARTESIAN_POINT('',(5.15E0,-6.25E0,-1.95E0));
#1206=LINE('',#1205,#1204);
#1207=DIRECTION('',(0.E0,-1.E0,0.E0));
#1208=VECTOR('',#1207,1.E0);
#1209=CARTESIAN_POINT('',(5.15E0,-4.25E0,-1.25E0));
#1210=LINE('',#1209,#1208);
#1211=DIRECTION('',(0.E0,8.192319205190E-1,5.734623443633E-1));
#1212=VECTOR('',#1211,1.220655561573E0);
#1213=CARTESIAN_POINT('',(5.15E0,-6.25E0,-1.95E0));
#1214=LINE('',#1213,#1212);
#1215=DIRECTION('',(0.E0,0.E0,1.E0));
#1216=VECTOR('',#1215,8.E-1);
#1217=CARTESIAN_POINT('',(5.15E0,-6.25E0,-2.75E0));
#1218=LINE('',#1217,#1216);
#1219=DIRECTION('',(0.E0,1.E0,0.E0));
#1220=VECTOR('',#1219,2.E0);
#1221=CARTESIAN_POINT('',(5.15E0,-6.25E0,-2.75E0));
#1222=LINE('',#1221,#1220);
#1223=DIRECTION('',(1.E0,0.E0,0.E0));
#1224=VECTOR('',#1223,1.E0);
#1225=CARTESIAN_POINT('',(5.15E0,-5.25E0,-1.25E0));
#1226=LINE('',#1225,#1224);
#1227=DIRECTION('',(0.E0,-1.E0,0.E0));
#1228=VECTOR('',#1227,1.3E0);
#1229=CARTESIAN_POINT('',(5.85E0,3.85E0,-7.5E-1));
#1230=LINE('',#1229,#1228);
#1231=DIRECTION('',(-1.E0,0.E0,0.E0));
#1232=VECTOR('',#1231,3.E-1);
#1233=CARTESIAN_POINT('',(6.15E0,2.55E0,-7.5E-1));
#1234=LINE('',#1233,#1232);
#1235=DIRECTION('',(0.E0,1.E0,0.E0));
#1236=VECTOR('',#1235,1.3E0);
#1237=CARTESIAN_POINT('',(-5.85E0,2.55E0,-7.5E-1));
#1238=LINE('',#1237,#1236);
#1239=DIRECTION('',(-1.E0,0.E0,0.E0));
#1240=VECTOR('',#1239,3.E-1);
#1241=CARTESIAN_POINT('',(-5.85E0,2.55E0,-7.5E-1));
#1242=LINE('',#1241,#1240);
#1243=DIRECTION('',(5.773502691896E-1,5.773502691896E-1,5.773502691896E-1));
#1244=VECTOR('',#1243,3.464101615138E-1);
#1245=CARTESIAN_POINT('',(5.65E0,2.35E0,-9.5E-1));
#1246=LINE('',#1245,#1244);
#1247=DIRECTION('',(-7.071067811865E-1,-7.071067811865E-1,0.E0));
#1248=VECTOR('',#1247,2.828427124746E-1);
#1249=CARTESIAN_POINT('',(5.85E0,2.55E0,2.2E0));
#1250=LINE('',#1249,#1248);
#1251=DIRECTION('',(0.E0,-1.E0,0.E0));
#1252=VECTOR('',#1251,4.2E0);
#1253=CARTESIAN_POINT('',(4.85E0,2.55E0,2.2E0));
#1254=LINE('',#1253,#1252);
#1255=DIRECTION('',(1.E0,0.E0,0.E0));
#1256=VECTOR('',#1255,8.E-1);
#1257=CARTESIAN_POINT('',(4.85E0,-1.65E0,2.2E0));
#1258=LINE('',#1257,#1256);
#1259=DIRECTION('',(-1.E0,0.E0,0.E0));
#1260=VECTOR('',#1259,1.E0);
#1261=CARTESIAN_POINT('',(5.85E0,2.55E0,2.2E0));
#1262=LINE('',#1261,#1260);
#1263=DIRECTION('',(0.E0,7.071067811865E-1,7.071067811865E-1));
#1264=VECTOR('',#1263,2.828427124746E-1);
#1265=CARTESIAN_POINT('',(4.85E0,2.35E0,1.3E0));
#1266=LINE('',#1265,#1264);
#1267=DIRECTION('',(0.E0,-1.E0,0.E0));
#1268=VECTOR('',#1267,4.E0);
#1269=CARTESIAN_POINT('',(4.85E0,2.35E0,1.3E0));
#1270=LINE('',#1269,#1268);
#1271=DIRECTION('',(0.E0,0.E0,1.E0));
#1272=VECTOR('',#1271,9.E-1);
#1273=CARTESIAN_POINT('',(4.85E0,-1.65E0,1.3E0));
#1274=LINE('',#1273,#1272);
#1275=DIRECTION('',(0.E0,0.E0,1.E0));
#1276=VECTOR('',#1275,8.171572875254E-1);
#1277=CARTESIAN_POINT('',(5.65E0,4.05E0,-2.05E0));
#1278=LINE('',#1277,#1276);
#1279=DIRECTION('',(0.E0,-7.071067811865E-1,7.071067811865E-1));
#1280=VECTOR('',#1279,4.E-1);
#1281=CARTESIAN_POINT('',(5.65E0,4.05E0,-1.232842712475E0));
#1282=LINE('',#1281,#1280);
#1283=DIRECTION('',(0.E0,-1.E0,0.E0));
#1284=VECTOR('',#1283,1.417157287525E0);
#1285=CARTESIAN_POINT('',(5.65E0,3.767157287525E0,-9.5E-1));
#1286=LINE('',#1285,#1284);
#1287=DIRECTION('',(0.E0,0.E0,1.E0));
#1288=VECTOR('',#1287,3.15E0);
#1289=CARTESIAN_POINT('',(5.65E0,2.35E0,-9.5E-1));
#1290=LINE('',#1289,#1288);
#1291=DIRECTION('',(0.E0,-1.E0,0.E0));
#1292=VECTOR('',#1291,4.E0);
#1293=CARTESIAN_POINT('',(5.65E0,2.35E0,2.2E0));
#1294=LINE('',#1293,#1292);
#1295=DIRECTION('',(0.E0,0.E0,-1.E0));
#1296=VECTOR('',#1295,9.E-1);
#1297=CARTESIAN_POINT('',(5.65E0,-1.65E0,2.2E0));
#1298=LINE('',#1297,#1296);
#1299=DIRECTION('',(0.E0,1.E0,0.E0));
#1300=VECTOR('',#1299,8.E-1);
#1301=CARTESIAN_POINT('',(5.65E0,-2.45E0,1.3E0));
#1302=LINE('',#1301,#1300);
#1303=DIRECTION('',(5.773502691896E-1,5.773502691896E-1,-5.773502691896E-1));
#1304=VECTOR('',#1303,3.464101615138E-1);
#1305=CARTESIAN_POINT('',(5.65E0,4.05E0,-2.05E0));
#1306=LINE('',#1305,#1304);
#1307=DIRECTION('',(0.E0,0.E0,1.E0));
#1308=VECTOR('',#1307,1.1E0);
#1309=CARTESIAN_POINT('',(5.85E0,4.25E0,-2.25E0));
#1310=LINE('',#1309,#1308);
#1311=DIRECTION('',(1.E0,0.E0,0.E0));
#1312=VECTOR('',#1311,1.45E0);
#1313=CARTESIAN_POINT('',(4.4E0,4.25E0,-2.25E0));
#1314=LINE('',#1313,#1312);
#1315=DIRECTION('',(0.E0,0.E0,1.E0));
#1316=VECTOR('',#1315,5.E-1);
#1317=CARTESIAN_POINT('',(4.4E0,4.25E0,-2.75E0));
#1318=LINE('',#1317,#1316);
#1319=DIRECTION('',(0.E0,0.E0,1.E0));
#1320=VECTOR('',#1319,1.6E0);
#1321=CARTESIAN_POINT('',(6.15E0,4.25E0,-2.75E0));
#1322=LINE('',#1321,#1320);
#1323=DIRECTION('',(-1.E0,0.E0,0.E0));
#1324=VECTOR('',#1323,3.E-1);
#1325=CARTESIAN_POINT('',(6.15E0,4.25E0,-1.15E0));
#1326=LINE('',#1325,#1324);
#1327=DIRECTION('',(1.E0,0.E0,0.E0));
#1328=VECTOR('',#1327,1.45E0);
#1329=CARTESIAN_POINT('',(-5.85E0,4.25E0,-2.25E0));
#1330=LINE('',#1329,#1328);
#1331=DIRECTION('',(0.E0,0.E0,-1.E0));
#1332=VECTOR('',#1331,1.1E0);
#1333=CARTESIAN_POINT('',(-5.85E0,4.25E0,-1.15E0));
#1334=LINE('',#1333,#1332);
#1335=DIRECTION('',(-1.E0,0.E0,0.E0));
#1336=VECTOR('',#1335,3.E-1);
#1337=CARTESIAN_POINT('',(-5.85E0,4.25E0,-1.15E0));
#1338=LINE('',#1337,#1336);
#1339=DIRECTION('',(0.E0,0.E0,1.E0));
#1340=VECTOR('',#1339,5.E-1);
#1341=CARTESIAN_POINT('',(-4.4E0,4.25E0,-2.75E0));
#1342=LINE('',#1341,#1340);
#1343=DIRECTION('',(-7.071067811865E-1,-7.071067811865E-1,0.E0));
#1344=VECTOR('',#1343,5.656854249492E-1);
#1345=CARTESIAN_POINT('',(4.4E0,4.25E0,-2.25E0));
#1346=LINE('',#1345,#1344);
#1347=DIRECTION('',(0.E0,0.E0,-1.E0));
#1348=VECTOR('',#1347,5.E-1);
#1349=CARTESIAN_POINT('',(4.E0,3.85E0,-2.25E0));
#1350=LINE('',#1349,#1348);
#1351=DIRECTION('',(-2.810846377148E-1,6.785983445458E-1,-6.785983445458E-1));
#1352=VECTOR('',#1351,2.947251516416E-1);
#1353=CARTESIAN_POINT('',(4.482842712475E0,4.05E0,-2.05E0));
#1354=LINE('',#1353,#1352);
#1355=DIRECTION('',(6.785983445458E-1,-2.810846377148E-1,6.785983445458E-1));
#1356=VECTOR('',#1355,2.947251516416E-1);
#1357=CARTESIAN_POINT('',(4.E0,3.85E0,-2.25E0));
#1358=LINE('',#1357,#1356);
#1359=DIRECTION('',(5.773502691896E-1,-5.773502691896E-1,5.773502691896E-1));
#1360=VECTOR('',#1359,3.464101615138E-1);
#1361=CARTESIAN_POINT('',(4.E0,3.35E0,-2.25E0));
#1362=LINE('',#1361,#1360);
#1363=DIRECTION('',(-5.773502691896E-1,-5.773502691896E-1,5.773502691896E-1));
#1364=VECTOR('',#1363,3.464101615138E-1);
#1365=CARTESIAN_POINT('',(-4.E0,3.35E0,-2.25E0));
#1366=LINE('',#1365,#1364);
#1367=DIRECTION('',(-6.785983445458E-1,-2.810846377148E-1,6.785983445458E-1));
#1368=VECTOR('',#1367,2.947251516416E-1);
#1369=CARTESIAN_POINT('',(-4.E0,3.85E0,-2.25E0));
#1370=LINE('',#1369,#1368);
#1371=DIRECTION('',(0.E0,1.E0,0.E0));
#1372=VECTOR('',#1371,5.E-1);
#1373=CARTESIAN_POINT('',(-4.E0,3.35E0,-2.25E0));
#1374=LINE('',#1373,#1372);
#1375=DIRECTION('',(0.E0,0.E0,-1.E0));
#1376=VECTOR('',#1375,5.E-1);
#1377=CARTESIAN_POINT('',(-4.E0,3.85E0,-2.25E0));
#1378=LINE('',#1377,#1376);
#1379=DIRECTION('',(-7.071067811865E-1,7.071067811865E-1,0.E0));
#1380=VECTOR('',#1379,5.656854249492E-1);
#1381=CARTESIAN_POINT('',(-4.E0,3.85E0,-2.25E0));
#1382=LINE('',#1381,#1380);
#1383=DIRECTION('',(-2.810846377148E-1,-6.785983445458E-1,6.785983445458E-1));
#1384=VECTOR('',#1383,2.947251516416E-1);
#1385=CARTESIAN_POINT('',(-4.4E0,4.25E0,-2.25E0));
#1386=LINE('',#1385,#1384);
#1387=DIRECTION('',(-5.773502691896E-1,5.773502691896E-1,-5.773502691896E-1));
#1388=VECTOR('',#1387,3.464101615138E-1);
#1389=CARTESIAN_POINT('',(-5.65E0,4.05E0,-2.05E0));
#1390=LINE('',#1389,#1388);
#1391=DIRECTION('',(-6.785983445459E-1,6.785983445458E-1,2.810846377148E-1));
#1392=VECTOR('',#1391,2.947251516416E-1);
#1393=CARTESIAN_POINT('',(-5.65E0,4.05E0,-1.232842712475E0));
#1394=LINE('',#1393,#1392);
#1395=DIRECTION('',(6.785983445458E-1,-2.810846377148E-1,-6.785983445458E-1));
#1396=VECTOR('',#1395,2.947251516416E-1);
#1397=CARTESIAN_POINT('',(-5.85E0,3.85E0,-7.5E-1));
#1398=LINE('',#1397,#1396);
#1399=DIRECTION('',(-1.E0,0.E0,0.E0));
#1400=VECTOR('',#1399,3.E-1);
#1401=CARTESIAN_POINT('',(6.15E0,3.85E0,-7.5E-1));
#1402=LINE('',#1401,#1400);
#1403=DIRECTION('',(0.E0,-7.071067811865E-1,7.071067811865E-1));
#1404=VECTOR('',#1403,5.656854249492E-1);
#1405=CARTESIAN_POINT('',(5.85E0,4.25E0,-1.15E0));
#1406=LINE('',#1405,#1404);
#1407=DIRECTION('',(0.E0,7.071067811865E-1,-7.071067811865E-1));
#1408=VECTOR('',#1407,5.656854249492E-1);
#1409=CARTESIAN_POINT('',(-5.85E0,3.85E0,-7.5E-1));
#1410=LINE('',#1409,#1408);
#1411=DIRECTION('',(-1.E0,0.E0,0.E0));
#1412=VECTOR('',#1411,3.E-1);
#1413=CARTESIAN_POINT('',(-5.85E0,3.85E0,-7.5E-1));
#1414=LINE('',#1413,#1412);
#1415=DIRECTION('',(6.785983445458E-1,2.810846377148E-1,6.785983445458E-1));
#1416=VECTOR('',#1415,2.947251516416E-1);
#1417=CARTESIAN_POINT('',(5.65E0,3.767157287525E0,-9.5E-1));
#1418=LINE('',#1417,#1416);
#1419=DIRECTION('',(-6.785983445458E-1,-6.785983445458E-1,-2.810846377148E-1));
#1420=VECTOR('',#1419,2.947251516416E-1);
#1421=CARTESIAN_POINT('',(5.85E0,4.25E0,-1.15E0));
#1422=LINE('',#1421,#1420);
#1423=DIRECTION('',(-7.071067811865E-1,7.071067811865E-1,0.E0));
#1424=VECTOR('',#1423,2.828427124746E-1);
#1425=CARTESIAN_POINT('',(-5.65E0,2.35E0,2.2E0));
#1426=LINE('',#1425,#1424);
#1427=DIRECTION('',(-5.773502691896E-1,5.773502691896E-1,5.773502691896E-1));
#1428=VECTOR('',#1427,3.464101615138E-1);
#1429=CARTESIAN_POINT('',(-5.65E0,2.35E0,-9.5E-1));
#1430=LINE('',#1429,#1428);
#1431=DIRECTION('',(-1.E0,0.E0,0.E0));
#1432=VECTOR('',#1431,8.E0);
#1433=CARTESIAN_POINT('',(4.E0,3.35E0,-2.25E0));
#1434=LINE('',#1433,#1432);
#1435=DIRECTION('',(0.E0,0.E0,-1.E0));
#1436=VECTOR('',#1435,5.E-1);
#1437=CARTESIAN_POINT('',(-4.E0,3.35E0,-2.25E0));
#1438=LINE('',#1437,#1436);
#1439=DIRECTION('',(0.E0,-1.E0,0.E0));
#1440=VECTOR('',#1439,5.E-1);
#1441=CARTESIAN_POINT('',(4.E0,3.85E0,-2.25E0));
#1442=LINE('',#1441,#1440);
#1443=DIRECTION('',(0.E0,0.E0,-1.E0));
#1444=VECTOR('',#1443,5.E-1);
#1445=CARTESIAN_POINT('',(4.E0,3.35E0,-2.25E0));
#1446=LINE('',#1445,#1444);
#1447=DIRECTION('',(0.E0,0.E0,-1.E0));
#1448=VECTOR('',#1447,3.35E0);
#1449=CARTESIAN_POINT('',(3.25E0,-2.75E0,1.3E0));
#1450=LINE('',#1449,#1448);
#1451=DIRECTION('',(1.E0,0.E0,0.E0));
#1452=VECTOR('',#1451,5.E-1);
#1453=CARTESIAN_POINT('',(2.75E0,-2.75E0,1.3E0));
#1454=LINE('',#1453,#1452);
#1455=DIRECTION('',(0.E0,0.E0,1.E0));
#1456=VECTOR('',#1455,3.35E0);
#1457=CARTESIAN_POINT('',(2.75E0,-2.75E0,-2.05E0));
#1458=LINE('',#1457,#1456);
#1459=DIRECTION('',(-1.E0,0.E0,0.E0));
#1460=VECTOR('',#1459,5.E-1);
#1461=CARTESIAN_POINT('',(3.25E0,-2.75E0,-2.05E0));
#1462=LINE('',#1461,#1460);
#1463=DIRECTION('',(0.E0,-1.E0,0.E0));
#1464=VECTOR('',#1463,3.E-1);
#1465=CARTESIAN_POINT('',(2.75E0,-2.45E0,-2.05E0));
#1466=LINE('',#1465,#1464);
#1467=DIRECTION('',(0.E0,-1.E0,0.E0));
#1468=VECTOR('',#1467,3.E-1);
#1469=CARTESIAN_POINT('',(1.25E0,-2.45E0,1.3E0));
#1470=LINE('',#1469,#1468);
#1471=DIRECTION('',(0.E0,0.E0,-1.E0));
#1472=VECTOR('',#1471,3.35E0);
#1473=CARTESIAN_POINT('',(1.25E0,-2.75E0,1.3E0));
#1474=LINE('',#1473,#1472);
#1475=DIRECTION('',(1.E0,0.E0,0.E0));
#1476=VECTOR('',#1475,5.E-1);
#1477=CARTESIAN_POINT('',(7.5E-1,-2.75E0,1.3E0));
#1478=LINE('',#1477,#1476);
#1479=DIRECTION('',(0.E0,0.E0,1.E0));
#1480=VECTOR('',#1479,3.35E0);
#1481=CARTESIAN_POINT('',(7.5E-1,-2.75E0,-2.05E0));
#1482=LINE('',#1481,#1480);
#1483=DIRECTION('',(-1.E0,0.E0,0.E0));
#1484=VECTOR('',#1483,5.E-1);
#1485=CARTESIAN_POINT('',(1.25E0,-2.75E0,-2.05E0));
#1486=LINE('',#1485,#1484);
#1487=DIRECTION('',(0.E0,-1.E0,0.E0));
#1488=VECTOR('',#1487,3.E-1);
#1489=CARTESIAN_POINT('',(7.5E-1,-2.45E0,-2.05E0));
#1490=LINE('',#1489,#1488);
#1491=DIRECTION('',(0.E0,-1.E0,0.E0));
#1492=VECTOR('',#1491,3.E-1);
#1493=CARTESIAN_POINT('',(-7.5E-1,-2.45E0,1.3E0));
#1494=LINE('',#1493,#1492);
#1495=DIRECTION('',(0.E0,0.E0,-1.E0));
#1496=VECTOR('',#1495,3.35E0);
#1497=CARTESIAN_POINT('',(-7.5E-1,-2.75E0,1.3E0));
#1498=LINE('',#1497,#1496);
#1499=DIRECTION('',(1.E0,0.E0,0.E0));
#1500=VECTOR('',#1499,5.E-1);
#1501=CARTESIAN_POINT('',(-1.25E0,-2.75E0,1.3E0));
#1502=LINE('',#1501,#1500);
#1503=DIRECTION('',(0.E0,0.E0,1.E0));
#1504=VECTOR('',#1503,3.35E0);
#1505=CARTESIAN_POINT('',(-1.25E0,-2.75E0,-2.05E0));
#1506=LINE('',#1505,#1504);
#1507=DIRECTION('',(-1.E0,0.E0,0.E0));
#1508=VECTOR('',#1507,5.E-1);
#1509=CARTESIAN_POINT('',(-7.5E-1,-2.75E0,-2.05E0));
#1510=LINE('',#1509,#1508);
#1511=DIRECTION('',(0.E0,-1.E0,0.E0));
#1512=VECTOR('',#1511,3.E-1);
#1513=CARTESIAN_POINT('',(-1.25E0,-2.45E0,-2.05E0));
#1514=LINE('',#1513,#1512);
#1515=DIRECTION('',(0.E0,1.E0,0.E0));
#1516=VECTOR('',#1515,3.7E0);
#1517=CARTESIAN_POINT('',(3.75E0,-2.45E0,-4.999999999999E-2));
#1518=LINE('',#1517,#1516);
#1519=DIRECTION('',(0.E0,0.E0,1.E0));
#1520=VECTOR('',#1519,5.E-1);
#1521=CARTESIAN_POINT('',(3.75E0,1.25E0,-4.999999999999E-2));
#1522=LINE('',#1521,#1520);
#1523=DIRECTION('',(0.E0,-1.E0,0.E0));
#1524=VECTOR('',#1523,3.7E0);
#1525=CARTESIAN_POINT('',(3.75E0,1.25E0,4.5E-1));
#1526=LINE('',#1525,#1524);
#1527=CARTESIAN_POINT('',(3.75E0,-3.85E0,-2.5E-1));
#1528=DIRECTION('',(-1.E0,0.E0,0.E0));
#1529=DIRECTION('',(0.E0,-1.E0,2.442490654175E-14));
#1530=AXIS2_PLACEMENT_3D('',#1527,#1528,#1529);
#1532=CARTESIAN_POINT('',(3.75E0,-3.85E0,-2.5E-1));
#1533=DIRECTION('',(1.E0,0.E0,0.E0));
#1534=DIRECTION('',(0.E0,-2.142857142857E-1,9.767710236555E-1));
#1535=AXIS2_PLACEMENT_3D('',#1532,#1533,#1534);
#1537=DIRECTION('',(0.E0,0.E0,-1.E0));
#1538=VECTOR('',#1537,3.65E0);
#1539=CARTESIAN_POINT('',(3.75E0,-4.55E0,-2.5E-1));
#1540=LINE('',#1539,#1538);
#1541=CARTESIAN_POINT('',(3.75E0,-5.15E0,-4.35E0));
#1542=DIRECTION('',(-1.E0,0.E0,0.E0));
#1543=DIRECTION('',(0.E0,8.E-1,6.E-1));
#1544=AXIS2_PLACEMENT_3D('',#1541,#1542,#1543);
#1546=DIRECTION('',(0.E0,0.E0,-1.E0));
#1547=VECTOR('',#1546,1.15E0);
#1548=CARTESIAN_POINT('',(3.75E0,-4.55E0,-4.8E0));
#1549=LINE('',#1548,#1547);
#1550=DIRECTION('',(0.E0,1.E0,0.E0));
#1551=VECTOR('',#1550,5.E-1);
#1552=CARTESIAN_POINT('',(3.75E0,-4.55E0,-5.95E0));
#1553=LINE('',#1552,#1551);
#1554=DIRECTION('',(0.E0,0.E0,1.E0));
#1555=VECTOR('',#1554,1.006282895648E0);
#1556=CARTESIAN_POINT('',(3.75E0,-4.05E0,-5.95E0));
#1557=LINE('',#1556,#1555);
#1558=CARTESIAN_POINT('',(3.75E0,-5.15E0,-4.35E0));
#1559=DIRECTION('',(1.E0,0.E0,0.E0));
#1560=DIRECTION('',(0.E0,8.8E-1,-4.749736834815E-1));
#1561=AXIS2_PLACEMENT_3D('',#1558,#1559,#1560);
#1563=DIRECTION('',(0.E0,0.E0,1.E0));
#1564=VECTOR('',#1563,3.506282895648E0);
#1565=CARTESIAN_POINT('',(3.75E0,-4.05E0,-3.756282895648E0));
#1566=LINE('',#1565,#1564);
#1567=DIRECTION('',(0.E0,1.E0,0.E0));
#1568=VECTOR('',#1567,3.7E0);
#1569=CARTESIAN_POINT('',(4.25E0,-2.45E0,-4.999999999999E-2));
#1570=LINE('',#1569,#1568);
#1571=DIRECTION('',(0.E0,-1.E0,0.E0));
#1572=VECTOR('',#1571,3.7E0);
#1573=CARTESIAN_POINT('',(4.25E0,1.25E0,4.5E-1));
#1574=LINE('',#1573,#1572);
#1575=DIRECTION('',(0.E0,0.E0,1.E0));
#1576=VECTOR('',#1575,5.E-1);
#1577=CARTESIAN_POINT('',(4.25E0,1.25E0,-4.999999999999E-2));
#1578=LINE('',#1577,#1576);
#1579=CARTESIAN_POINT('',(4.25E0,-3.85E0,-2.5E-1));
#1580=DIRECTION('',(-1.E0,0.E0,0.E0));
#1581=DIRECTION('',(0.E0,-1.E0,2.442490654175E-14));
#1582=AXIS2_PLACEMENT_3D('',#1579,#1580,#1581);
#1584=DIRECTION('',(0.E0,0.E0,1.E0));
#1585=VECTOR('',#1584,3.506282895648E0);
#1586=CARTESIAN_POINT('',(4.25E0,-4.05E0,-3.756282895648E0));
#1587=LINE('',#1586,#1585);
#1588=CARTESIAN_POINT('',(4.25E0,-5.15E0,-4.35E0));
#1589=DIRECTION('',(1.E0,0.E0,0.E0));
#1590=DIRECTION('',(0.E0,8.8E-1,-4.749736834815E-1));
#1591=AXIS2_PLACEMENT_3D('',#1588,#1589,#1590);
#1593=DIRECTION('',(0.E0,0.E0,1.E0));
#1594=VECTOR('',#1593,1.006282895648E0);
#1595=CARTESIAN_POINT('',(4.25E0,-4.05E0,-5.95E0));
#1596=LINE('',#1595,#1594);
#1597=DIRECTION('',(0.E0,1.E0,0.E0));
#1598=VECTOR('',#1597,5.E-1);
#1599=CARTESIAN_POINT('',(4.25E0,-4.55E0,-5.95E0));
#1600=LINE('',#1599,#1598);
#1601=DIRECTION('',(0.E0,0.E0,-1.E0));
#1602=VECTOR('',#1601,1.15E0);
#1603=CARTESIAN_POINT('',(4.25E0,-4.55E0,-4.8E0));
#1604=LINE('',#1603,#1602);
#1605=CARTESIAN_POINT('',(4.25E0,-5.15E0,-4.35E0));
#1606=DIRECTION('',(-1.E0,0.E0,0.E0));
#1607=DIRECTION('',(0.E0,8.E-1,6.E-1));
#1608=AXIS2_PLACEMENT_3D('',#1605,#1606,#1607);
#1610=DIRECTION('',(0.E0,0.E0,-1.E0));
#1611=VECTOR('',#1610,3.65E0);
#1612=CARTESIAN_POINT('',(4.25E0,-4.55E0,-2.5E-1));
#1613=LINE('',#1612,#1611);
#1614=CARTESIAN_POINT('',(4.25E0,-3.85E0,-2.5E-1));
#1615=DIRECTION('',(1.E0,0.E0,0.E0));
#1616=DIRECTION('',(0.E0,-2.142857142857E-1,9.767710236555E-1));
#1617=AXIS2_PLACEMENT_3D('',#1614,#1615,#1616);
#1619=DIRECTION('',(1.E0,0.E0,0.E0));
#1620=VECTOR('',#1619,5.E-1);
#1621=CARTESIAN_POINT('',(3.75E0,1.25E0,4.5E-1));
#1622=LINE('',#1621,#1620);
#1623=DIRECTION('',(1.E0,0.E0,0.E0));
#1624=VECTOR('',#1623,5.E-1);
#1625=CARTESIAN_POINT('',(3.75E0,1.25E0,-4.999999999999E-2));
#1626=LINE('',#1625,#1624);
#1627=DIRECTION('',(1.E0,0.E0,0.E0));
#1628=VECTOR('',#1627,5.E-1);
#1629=CARTESIAN_POINT('',(3.75E0,-4.05E0,-2.5E-1));
#1630=LINE('',#1629,#1628);
#1631=DIRECTION('',(1.E0,0.E0,0.E0));
#1632=VECTOR('',#1631,5.E-1);
#1633=CARTESIAN_POINT('',(3.75E0,-4.05E0,-3.756282895648E0));
#1634=LINE('',#1633,#1632);
#1635=DIRECTION('',(1.E0,0.E0,0.E0));
#1636=VECTOR('',#1635,5.E-1);
#1637=CARTESIAN_POINT('',(3.75E0,-4.05E0,-4.943717104352E0));
#1638=LINE('',#1637,#1636);
#1639=DIRECTION('',(1.E0,0.E0,0.E0));
#1640=VECTOR('',#1639,5.E-1);
#1641=CARTESIAN_POINT('',(3.75E0,-4.05E0,-5.95E0));
#1642=LINE('',#1641,#1640);
#1643=DIRECTION('',(1.E0,0.E0,0.E0));
#1644=VECTOR('',#1643,5.E-1);
#1645=CARTESIAN_POINT('',(3.75E0,-4.55E0,-5.95E0));
#1646=LINE('',#1645,#1644);
#1647=DIRECTION('',(1.E0,0.E0,0.E0));
#1648=VECTOR('',#1647,5.E-1);
#1649=CARTESIAN_POINT('',(3.75E0,-4.55E0,-4.8E0));
#1650=LINE('',#1649,#1648);
#1651=DIRECTION('',(1.E0,0.E0,0.E0));
#1652=VECTOR('',#1651,5.E-1);
#1653=CARTESIAN_POINT('',(3.75E0,-4.55E0,-3.9E0));
#1654=LINE('',#1653,#1652);
#1655=DIRECTION('',(1.E0,0.E0,0.E0));
#1656=VECTOR('',#1655,5.E-1);
#1657=CARTESIAN_POINT('',(3.75E0,-4.55E0,-2.5E-1));
#1658=LINE('',#1657,#1656);
#1659=CARTESIAN_POINT('',(-4.25E0,-3.85E0,-2.5E-1));
#1660=DIRECTION('',(1.E0,0.E0,0.E0));
#1661=DIRECTION('',(0.E0,-2.142857142857E-1,9.767710236555E-1));
#1662=AXIS2_PLACEMENT_3D('',#1659,#1660,#1661);
#1664=DIRECTION('',(0.E0,0.E0,-1.E0));
#1665=VECTOR('',#1664,3.65E0);
#1666=CARTESIAN_POINT('',(-4.25E0,-4.55E0,-2.5E-1));
#1667=LINE('',#1666,#1665);
#1668=CARTESIAN_POINT('',(-4.25E0,-5.15E0,-4.35E0));
#1669=DIRECTION('',(-1.E0,0.E0,0.E0));
#1670=DIRECTION('',(0.E0,8.E-1,6.E-1));
#1671=AXIS2_PLACEMENT_3D('',#1668,#1669,#1670);
#1673=DIRECTION('',(0.E0,0.E0,-1.E0));
#1674=VECTOR('',#1673,1.15E0);
#1675=CARTESIAN_POINT('',(-4.25E0,-4.55E0,-4.8E0));
#1676=LINE('',#1675,#1674);
#1677=DIRECTION('',(0.E0,1.E0,0.E0));
#1678=VECTOR('',#1677,5.E-1);
#1679=CARTESIAN_POINT('',(-4.25E0,-4.55E0,-5.95E0));
#1680=LINE('',#1679,#1678);
#1681=DIRECTION('',(0.E0,0.E0,1.E0));
#1682=VECTOR('',#1681,1.006282895648E0);
#1683=CARTESIAN_POINT('',(-4.25E0,-4.05E0,-5.95E0));
#1684=LINE('',#1683,#1682);
#1685=CARTESIAN_POINT('',(-4.25E0,-5.15E0,-4.35E0));
#1686=DIRECTION('',(1.E0,0.E0,0.E0));
#1687=DIRECTION('',(0.E0,8.8E-1,-4.749736834815E-1));
#1688=AXIS2_PLACEMENT_3D('',#1685,#1686,#1687);
#1690=DIRECTION('',(0.E0,0.E0,1.E0));
#1691=VECTOR('',#1690,3.506282895648E0);
#1692=CARTESIAN_POINT('',(-4.25E0,-4.05E0,-3.756282895648E0));
#1693=LINE('',#1692,#1691);
#1694=CARTESIAN_POINT('',(-4.25E0,-3.85E0,-2.5E-1));
#1695=DIRECTION('',(-1.E0,0.E0,0.E0));
#1696=DIRECTION('',(0.E0,-1.E0,2.442490654175E-14));
#1697=AXIS2_PLACEMENT_3D('',#1694,#1695,#1696);
#1699=DIRECTION('',(0.E0,-1.E0,0.E0));
#1700=VECTOR('',#1699,3.7E0);
#1701=CARTESIAN_POINT('',(-4.25E0,1.25E0,4.5E-1));
#1702=LINE('',#1701,#1700);
#1703=DIRECTION('',(0.E0,1.E0,0.E0));
#1704=VECTOR('',#1703,3.7E0);
#1705=CARTESIAN_POINT('',(-4.25E0,-2.45E0,-4.999999999999E-2));
#1706=LINE('',#1705,#1704);
#1707=DIRECTION('',(0.E0,0.E0,1.E0));
#1708=VECTOR('',#1707,5.E-1);
#1709=CARTESIAN_POINT('',(-4.25E0,1.25E0,-4.999999999999E-2));
#1710=LINE('',#1709,#1708);
#1711=CARTESIAN_POINT('',(-3.75E0,-3.85E0,-2.5E-1));
#1712=DIRECTION('',(-1.E0,0.E0,0.E0));
#1713=DIRECTION('',(0.E0,-1.E0,2.442490654175E-14));
#1714=AXIS2_PLACEMENT_3D('',#1711,#1712,#1713);
#1716=DIRECTION('',(0.E0,0.E0,1.E0));
#1717=VECTOR('',#1716,3.506282895648E0);
#1718=CARTESIAN_POINT('',(-3.75E0,-4.05E0,-3.756282895648E0));
#1719=LINE('',#1718,#1717);
#1720=CARTESIAN_POINT('',(-3.75E0,-5.15E0,-4.35E0));
#1721=DIRECTION('',(1.E0,0.E0,0.E0));
#1722=DIRECTION('',(0.E0,8.8E-1,-4.749736834815E-1));
#1723=AXIS2_PLACEMENT_3D('',#1720,#1721,#1722);
#1725=DIRECTION('',(0.E0,0.E0,1.E0));
#1726=VECTOR('',#1725,1.006282895648E0);
#1727=CARTESIAN_POINT('',(-3.75E0,-4.05E0,-5.95E0));
#1728=LINE('',#1727,#1726);
#1729=DIRECTION('',(0.E0,1.E0,0.E0));
#1730=VECTOR('',#1729,5.E-1);
#1731=CARTESIAN_POINT('',(-3.75E0,-4.55E0,-5.95E0));
#1732=LINE('',#1731,#1730);
#1733=DIRECTION('',(0.E0,0.E0,-1.E0));
#1734=VECTOR('',#1733,1.15E0);
#1735=CARTESIAN_POINT('',(-3.75E0,-4.55E0,-4.8E0));
#1736=LINE('',#1735,#1734);
#1737=CARTESIAN_POINT('',(-3.75E0,-5.15E0,-4.35E0));
#1738=DIRECTION('',(-1.E0,0.E0,0.E0));
#1739=DIRECTION('',(0.E0,8.E-1,6.E-1));
#1740=AXIS2_PLACEMENT_3D('',#1737,#1738,#1739);
#1742=DIRECTION('',(0.E0,0.E0,-1.E0));
#1743=VECTOR('',#1742,3.65E0);
#1744=CARTESIAN_POINT('',(-3.75E0,-4.55E0,-2.5E-1));
#1745=LINE('',#1744,#1743);
#1746=CARTESIAN_POINT('',(-3.75E0,-3.85E0,-2.5E-1));
#1747=DIRECTION('',(1.E0,0.E0,0.E0));
#1748=DIRECTION('',(0.E0,-2.142857142857E-1,9.767710236555E-1));
#1749=AXIS2_PLACEMENT_3D('',#1746,#1747,#1748);
#1751=DIRECTION('',(0.E0,-1.E0,0.E0));
#1752=VECTOR('',#1751,3.7E0);
#1753=CARTESIAN_POINT('',(-3.75E0,1.25E0,4.5E-1));
#1754=LINE('',#1753,#1752);
#1755=DIRECTION('',(0.E0,0.E0,1.E0));
#1756=VECTOR('',#1755,5.E-1);
#1757=CARTESIAN_POINT('',(-3.75E0,1.25E0,-4.999999999999E-2));
#1758=LINE('',#1757,#1756);
#1759=DIRECTION('',(0.E0,1.E0,0.E0));
#1760=VECTOR('',#1759,3.7E0);
#1761=CARTESIAN_POINT('',(-3.75E0,-2.45E0,-4.999999999999E-2));
#1762=LINE('',#1761,#1760);
#1763=DIRECTION('',(1.E0,0.E0,0.E0));
#1764=VECTOR('',#1763,5.E-1);
#1765=CARTESIAN_POINT('',(-4.25E0,-4.05E0,-2.5E-1));
#1766=LINE('',#1765,#1764);
#1767=DIRECTION('',(1.E0,0.E0,0.E0));
#1768=VECTOR('',#1767,5.E-1);
#1769=CARTESIAN_POINT('',(-4.25E0,-4.05E0,-3.756282895648E0));
#1770=LINE('',#1769,#1768);
#1771=DIRECTION('',(1.E0,0.E0,0.E0));
#1772=VECTOR('',#1771,5.E-1);
#1773=CARTESIAN_POINT('',(-4.25E0,-4.05E0,-4.943717104352E0));
#1774=LINE('',#1773,#1772);
#1775=DIRECTION('',(1.E0,0.E0,0.E0));
#1776=VECTOR('',#1775,5.E-1);
#1777=CARTESIAN_POINT('',(-4.25E0,-4.05E0,-5.95E0));
#1778=LINE('',#1777,#1776);
#1779=DIRECTION('',(1.E0,0.E0,0.E0));
#1780=VECTOR('',#1779,5.E-1);
#1781=CARTESIAN_POINT('',(-4.25E0,-4.55E0,-5.95E0));
#1782=LINE('',#1781,#1780);
#1783=DIRECTION('',(1.E0,0.E0,0.E0));
#1784=VECTOR('',#1783,5.E-1);
#1785=CARTESIAN_POINT('',(-4.25E0,-4.55E0,-4.8E0));
#1786=LINE('',#1785,#1784);
#1787=DIRECTION('',(1.E0,0.E0,0.E0));
#1788=VECTOR('',#1787,5.E-1);
#1789=CARTESIAN_POINT('',(-4.25E0,-4.55E0,-3.9E0));
#1790=LINE('',#1789,#1788);
#1791=DIRECTION('',(1.E0,0.E0,0.E0));
#1792=VECTOR('',#1791,5.E-1);
#1793=CARTESIAN_POINT('',(-4.25E0,-4.55E0,-2.5E-1));
#1794=LINE('',#1793,#1792);
#1795=DIRECTION('',(1.E0,0.E0,0.E0));
#1796=VECTOR('',#1795,5.E-1);
#1797=CARTESIAN_POINT('',(-4.25E0,1.25E0,4.5E-1));
#1798=LINE('',#1797,#1796);
#1799=DIRECTION('',(1.E0,0.E0,0.E0));
#1800=VECTOR('',#1799,5.E-1);
#1801=CARTESIAN_POINT('',(-4.25E0,1.25E0,-4.999999999999E-2));
#1802=LINE('',#1801,#1800);
#1803=DIRECTION('',(0.E0,1.E0,0.E0));
#1804=VECTOR('',#1803,3.7E0);
#1805=CARTESIAN_POINT('',(1.75E0,-2.45E0,-5.E-2));
#1806=LINE('',#1805,#1804);
#1807=DIRECTION('',(0.E0,0.E0,1.E0));
#1808=VECTOR('',#1807,5.E-1);
#1809=CARTESIAN_POINT('',(1.75E0,1.25E0,-5.E-2));
#1810=LINE('',#1809,#1808);
#1811=DIRECTION('',(0.E0,-1.E0,0.E0));
#1812=VECTOR('',#1811,3.7E0);
#1813=CARTESIAN_POINT('',(1.75E0,1.25E0,4.5E-1));
#1814=LINE('',#1813,#1812);
#1815=CARTESIAN_POINT('',(1.75E0,-3.85E0,-2.5E-1));
#1816=DIRECTION('',(-1.E0,0.E0,0.E0));
#1817=DIRECTION('',(0.E0,-1.E0,4.871103520543E-14));
#1818=AXIS2_PLACEMENT_3D('',#1815,#1816,#1817);
#1820=CARTESIAN_POINT('',(1.75E0,-3.85E0,-2.5E-1));
#1821=DIRECTION('',(1.E0,0.E0,0.E0));
#1822=DIRECTION('',(0.E0,-2.142857142857E-1,9.767710236555E-1));
#1823=AXIS2_PLACEMENT_3D('',#1820,#1821,#1822);
#1825=DIRECTION('',(0.E0,0.E0,-1.E0));
#1826=VECTOR('',#1825,3.506282895648E0);
#1827=CARTESIAN_POINT('',(1.75E0,-4.55E0,-2.5E-1));
#1828=LINE('',#1827,#1826);
#1829=CARTESIAN_POINT('',(1.75E0,-3.45E0,-4.35E0));
#1830=DIRECTION('',(1.E0,0.E0,0.E0));
#1831=DIRECTION('',(0.E0,-8.8E-1,4.749736834815E-1));
#1832=AXIS2_PLACEMENT_3D('',#1829,#1830,#1831);
#1834=DIRECTION('',(0.E0,0.E0,-1.E0));
#1835=VECTOR('',#1834,1.006282895648E0);
#1836=CARTESIAN_POINT('',(1.75E0,-4.55E0,-4.943717104352E0));
#1837=LINE('',#1836,#1835);
#1838=DIRECTION('',(0.E0,1.E0,0.E0));
#1839=VECTOR('',#1838,5.E-1);
#1840=CARTESIAN_POINT('',(1.75E0,-4.55E0,-5.95E0));
#1841=LINE('',#1840,#1839);
#1842=DIRECTION('',(0.E0,0.E0,1.E0));
#1843=VECTOR('',#1842,1.15E0);
#1844=CARTESIAN_POINT('',(1.75E0,-4.05E0,-5.95E0));
#1845=LINE('',#1844,#1843);
#1846=CARTESIAN_POINT('',(1.75E0,-3.45E0,-4.35E0));
#1847=DIRECTION('',(-1.E0,0.E0,0.E0));
#1848=DIRECTION('',(0.E0,-8.E-1,-6.E-1));
#1849=AXIS2_PLACEMENT_3D('',#1846,#1847,#1848);
#1851=DIRECTION('',(0.E0,0.E0,1.E0));
#1852=VECTOR('',#1851,3.65E0);
#1853=CARTESIAN_POINT('',(1.75E0,-4.05E0,-3.9E0));
#1854=LINE('',#1853,#1852);
#1855=DIRECTION('',(0.E0,1.E0,0.E0));
#1856=VECTOR('',#1855,3.7E0);
#1857=CARTESIAN_POINT('',(2.25E0,-2.45E0,-5.E-2));
#1858=LINE('',#1857,#1856);
#1859=DIRECTION('',(0.E0,-1.E0,0.E0));
#1860=VECTOR('',#1859,3.7E0);
#1861=CARTESIAN_POINT('',(2.25E0,1.25E0,4.5E-1));
#1862=LINE('',#1861,#1860);
#1863=DIRECTION('',(0.E0,0.E0,1.E0));
#1864=VECTOR('',#1863,5.E-1);
#1865=CARTESIAN_POINT('',(2.25E0,1.25E0,-5.E-2));
#1866=LINE('',#1865,#1864);
#1867=CARTESIAN_POINT('',(2.25E0,-3.85E0,-2.5E-1));
#1868=DIRECTION('',(-1.E0,0.E0,0.E0));
#1869=DIRECTION('',(0.E0,-1.E0,4.871103520543E-14));
#1870=AXIS2_PLACEMENT_3D('',#1867,#1868,#1869);
#1872=DIRECTION('',(0.E0,0.E0,1.E0));
#1873=VECTOR('',#1872,3.65E0);
#1874=CARTESIAN_POINT('',(2.25E0,-4.05E0,-3.9E0));
#1875=LINE('',#1874,#1873);
#1876=CARTESIAN_POINT('',(2.25E0,-3.45E0,-4.35E0));
#1877=DIRECTION('',(-1.E0,0.E0,0.E0));
#1878=DIRECTION('',(0.E0,-8.E-1,-6.E-1));
#1879=AXIS2_PLACEMENT_3D('',#1876,#1877,#1878);
#1881=DIRECTION('',(0.E0,0.E0,1.E0));
#1882=VECTOR('',#1881,1.15E0);
#1883=CARTESIAN_POINT('',(2.25E0,-4.05E0,-5.95E0));
#1884=LINE('',#1883,#1882);
#1885=DIRECTION('',(0.E0,1.E0,0.E0));
#1886=VECTOR('',#1885,5.E-1);
#1887=CARTESIAN_POINT('',(2.25E0,-4.55E0,-5.95E0));
#1888=LINE('',#1887,#1886);
#1889=DIRECTION('',(0.E0,0.E0,-1.E0));
#1890=VECTOR('',#1889,1.006282895648E0);
#1891=CARTESIAN_POINT('',(2.25E0,-4.55E0,-4.943717104352E0));
#1892=LINE('',#1891,#1890);
#1893=CARTESIAN_POINT('',(2.25E0,-3.45E0,-4.35E0));
#1894=DIRECTION('',(1.E0,0.E0,0.E0));
#1895=DIRECTION('',(0.E0,-8.8E-1,4.749736834815E-1));
#1896=AXIS2_PLACEMENT_3D('',#1893,#1894,#1895);
#1898=DIRECTION('',(0.E0,0.E0,-1.E0));
#1899=VECTOR('',#1898,3.506282895648E0);
#1900=CARTESIAN_POINT('',(2.25E0,-4.55E0,-2.5E-1));
#1901=LINE('',#1900,#1899);
#1902=CARTESIAN_POINT('',(2.25E0,-3.85E0,-2.5E-1));
#1903=DIRECTION('',(1.E0,0.E0,0.E0));
#1904=DIRECTION('',(0.E0,-2.142857142857E-1,9.767710236555E-1));
#1905=AXIS2_PLACEMENT_3D('',#1902,#1903,#1904);
#1907=DIRECTION('',(1.E0,0.E0,0.E0));
#1908=VECTOR('',#1907,5.E-1);
#1909=CARTESIAN_POINT('',(1.75E0,1.25E0,4.5E-1));
#1910=LINE('',#1909,#1908);
#1911=DIRECTION('',(1.E0,0.E0,0.E0));
#1912=VECTOR('',#1911,5.E-1);
#1913=CARTESIAN_POINT('',(1.75E0,1.25E0,-5.E-2));
#1914=LINE('',#1913,#1912);
#1915=DIRECTION('',(1.E0,0.E0,0.E0));
#1916=VECTOR('',#1915,5.E-1);
#1917=CARTESIAN_POINT('',(1.75E0,-4.05E0,-2.5E-1));
#1918=LINE('',#1917,#1916);
#1919=DIRECTION('',(1.E0,0.E0,0.E0));
#1920=VECTOR('',#1919,5.E-1);
#1921=CARTESIAN_POINT('',(1.75E0,-4.05E0,-3.9E0));
#1922=LINE('',#1921,#1920);
#1923=DIRECTION('',(1.E0,0.E0,0.E0));
#1924=VECTOR('',#1923,5.E-1);
#1925=CARTESIAN_POINT('',(1.75E0,-4.05E0,-4.8E0));
#1926=LINE('',#1925,#1924);
#1927=DIRECTION('',(1.E0,0.E0,0.E0));
#1928=VECTOR('',#1927,5.E-1);
#1929=CARTESIAN_POINT('',(1.75E0,-4.05E0,-5.95E0));
#1930=LINE('',#1929,#1928);
#1931=DIRECTION('',(1.E0,0.E0,0.E0));
#1932=VECTOR('',#1931,5.E-1);
#1933=CARTESIAN_POINT('',(1.75E0,-4.55E0,-5.95E0));
#1934=LINE('',#1933,#1932);
#1935=DIRECTION('',(1.E0,0.E0,0.E0));
#1936=VECTOR('',#1935,5.E-1);
#1937=CARTESIAN_POINT('',(1.75E0,-4.55E0,-4.943717104352E0));
#1938=LINE('',#1937,#1936);
#1939=DIRECTION('',(1.E0,0.E0,0.E0));
#1940=VECTOR('',#1939,5.E-1);
#1941=CARTESIAN_POINT('',(1.75E0,-4.55E0,-3.756282895648E0));
#1942=LINE('',#1941,#1940);
#1943=DIRECTION('',(1.E0,0.E0,0.E0));
#1944=VECTOR('',#1943,5.E-1);
#1945=CARTESIAN_POINT('',(1.75E0,-4.55E0,-2.5E-1));
#1946=LINE('',#1945,#1944);
#1947=DIRECTION('',(-1.E0,0.E0,0.E0));
#1948=VECTOR('',#1947,7.E-1);
#1949=CARTESIAN_POINT('',(2.35E0,-4.E0,1.15E0));
#1950=LINE('',#1949,#1948);
#1951=DIRECTION('',(0.E0,0.E0,-1.E0));
#1952=VECTOR('',#1951,3.7E0);
#1953=CARTESIAN_POINT('',(2.35E0,-4.E0,1.15E0));
#1954=LINE('',#1953,#1952);
#1955=DIRECTION('',(0.E0,0.E0,-1.E0));
#1956=VECTOR('',#1955,5.514521510056E-1);
#1957=CARTESIAN_POINT('',(1.75E0,-4.E0,4.337397165589E-1));
#1958=LINE('',#1957,#1956);
#1959=DIRECTION('',(1.E0,0.E0,0.E0));
#1960=VECTOR('',#1959,5.E-1);
#1961=CARTESIAN_POINT('',(1.75E0,-4.E0,-1.177124344468E-1));
#1962=LINE('',#1961,#1960);
#1963=DIRECTION('',(0.E0,0.E0,1.E0));
#1964=VECTOR('',#1963,5.514521510056E-1);
#1965=CARTESIAN_POINT('',(2.25E0,-4.E0,-1.177124344468E-1));
#1966=LINE('',#1965,#1964);
#1967=DIRECTION('',(1.E0,0.E0,0.E0));
#1968=VECTOR('',#1967,5.E-1);
#1969=CARTESIAN_POINT('',(1.75E0,-4.E0,4.337397165589E-1));
#1970=LINE('',#1969,#1968);
#1971=DIRECTION('',(0.E0,-1.E0,0.E0));
#1972=VECTOR('',#1971,8.E-1);
#1973=CARTESIAN_POINT('',(1.65E0,-3.2E0,1.15E0));
#1974=LINE('',#1973,#1972);
#1975=DIRECTION('',(-1.E0,0.E0,0.E0));
#1976=VECTOR('',#1975,7.E-1);
#1977=CARTESIAN_POINT('',(2.35E0,-3.2E0,1.15E0));
#1978=LINE('',#1977,#1976);
#1979=DIRECTION('',(0.E0,1.E0,0.E0));
#1980=VECTOR('',#1979,8.E-1);
#1981=CARTESIAN_POINT('',(2.35E0,-4.E0,1.15E0));
#1982=LINE('',#1981,#1980);
#1983=DIRECTION('',(0.E0,1.E0,0.E0));
#1984=VECTOR('',#1983,1.05E0);
#1985=CARTESIAN_POINT('',(1.65E0,-4.25E0,1.85E0));
#1986=LINE('',#1985,#1984);
#1987=DIRECTION('',(0.E0,0.E0,-1.E0));
#1988=VECTOR('',#1987,7.E-1);
#1989=CARTESIAN_POINT('',(1.65E0,-3.2E0,1.85E0));
#1990=LINE('',#1989,#1988);
#1991=DIRECTION('',(0.E0,0.E0,-1.E0));
#1992=VECTOR('',#1991,3.7E0);
#1993=CARTESIAN_POINT('',(1.65E0,-4.E0,1.15E0));
#1994=LINE('',#1993,#1992);
#1995=DIRECTION('',(0.E0,0.E0,-1.E0));
#1996=VECTOR('',#1995,7.E-1);
#1997=CARTESIAN_POINT('',(2.35E0,-3.2E0,1.85E0));
#1998=LINE('',#1997,#1996);
#1999=DIRECTION('',(0.E0,-1.E0,0.E0));
#2000=VECTOR('',#1999,1.05E0);
#2001=CARTESIAN_POINT('',(2.35E0,-3.2E0,1.85E0));
#2002=LINE('',#2001,#2000);
#2003=CARTESIAN_POINT('',(-2.5E-1,-3.85E0,-2.5E-1));
#2004=DIRECTION('',(1.E0,0.E0,0.E0));
#2005=DIRECTION('',(0.E0,-2.142857142857E-1,9.767710236555E-1));
#2006=AXIS2_PLACEMENT_3D('',#2003,#2004,#2005);
#2008=DIRECTION('',(0.E0,0.E0,-1.E0));
#2009=VECTOR('',#2008,5.7E0);
#2010=CARTESIAN_POINT('',(-2.5E-1,-4.55E0,-2.5E-1));
#2011=LINE('',#2010,#2009);
#2012=DIRECTION('',(0.E0,1.E0,0.E0));
#2013=VECTOR('',#2012,5.E-1);
#2014=CARTESIAN_POINT('',(-2.5E-1,-4.55E0,-5.95E0));
#2015=LINE('',#2014,#2013);
#2016=DIRECTION('',(0.E0,0.E0,1.E0));
#2017=VECTOR('',#2016,5.7E0);
#2018=CARTESIAN_POINT('',(-2.5E-1,-4.05E0,-5.95E0));
#2019=LINE('',#2018,#2017);
#2020=CARTESIAN_POINT('',(-2.5E-1,-3.85E0,-2.5E-1));
#2021=DIRECTION('',(-1.E0,0.E0,0.E0));
#2022=DIRECTION('',(0.E0,-1.E0,-7.271960811295E-14));
#2023=AXIS2_PLACEMENT_3D('',#2020,#2021,#2022);
#2025=DIRECTION('',(0.E0,-1.E0,0.E0));
#2026=VECTOR('',#2025,3.4E0);
#2027=CARTESIAN_POINT('',(-2.5E-1,9.5E-1,4.5E-1));
#2028=LINE('',#2027,#2026);
#2029=DIRECTION('',(0.E0,1.E0,0.E0));
#2030=VECTOR('',#2029,3.4E0);
#2031=CARTESIAN_POINT('',(-2.5E-1,-2.45E0,-5.E-2));
#2032=LINE('',#2031,#2030);
#2033=DIRECTION('',(0.E0,0.E0,1.E0));
#2034=VECTOR('',#2033,5.E-1);
#2035=CARTESIAN_POINT('',(-2.5E-1,9.5E-1,-5.E-2));
#2036=LINE('',#2035,#2034);
#2037=DIRECTION('',(-1.E0,0.E0,0.E0));
#2038=VECTOR('',#2037,7.E-1);
#2039=CARTESIAN_POINT('',(3.5E-1,-4.E0,1.15E0));
#2040=LINE('',#2039,#2038);
#2041=DIRECTION('',(0.E0,0.E0,-1.E0));
#2042=VECTOR('',#2041,3.7E0);
#2043=CARTESIAN_POINT('',(3.5E-1,-4.E0,1.15E0));
#2044=LINE('',#2043,#2042);
#2045=DIRECTION('',(0.E0,0.E0,-1.E0));
#2046=VECTOR('',#2045,5.514521510056E-1);
#2047=CARTESIAN_POINT('',(-2.5E-1,-4.E0,4.337397165589E-1));
#2048=LINE('',#2047,#2046);
#2049=DIRECTION('',(1.E0,0.E0,0.E0));
#2050=VECTOR('',#2049,5.E-1);
#2051=CARTESIAN_POINT('',(-2.5E-1,-4.E0,-1.177124344468E-1));
#2052=LINE('',#2051,#2050);
#2053=DIRECTION('',(0.E0,0.E0,1.E0));
#2054=VECTOR('',#2053,5.514521510056E-1);
#2055=CARTESIAN_POINT('',(2.5E-1,-4.E0,-1.177124344468E-1));
#2056=LINE('',#2055,#2054);
#2057=DIRECTION('',(1.E0,0.E0,0.E0));
#2058=VECTOR('',#2057,5.E-1);
#2059=CARTESIAN_POINT('',(-2.5E-1,-4.E0,4.337397165589E-1));
#2060=LINE('',#2059,#2058);
#2061=DIRECTION('',(0.E0,-1.E0,0.E0));
#2062=VECTOR('',#2061,8.E-1);
#2063=CARTESIAN_POINT('',(-3.5E-1,-3.2E0,1.15E0));
#2064=LINE('',#2063,#2062);
#2065=DIRECTION('',(-1.E0,0.E0,0.E0));
#2066=VECTOR('',#2065,7.E-1);
#2067=CARTESIAN_POINT('',(3.5E-1,-3.2E0,1.15E0));
#2068=LINE('',#2067,#2066);
#2069=DIRECTION('',(0.E0,1.E0,0.E0));
#2070=VECTOR('',#2069,8.E-1);
#2071=CARTESIAN_POINT('',(3.5E-1,-4.E0,1.15E0));
#2072=LINE('',#2071,#2070);
#2073=DIRECTION('',(0.E0,1.E0,0.E0));
#2074=VECTOR('',#2073,1.05E0);
#2075=CARTESIAN_POINT('',(-3.5E-1,-4.25E0,1.85E0));
#2076=LINE('',#2075,#2074);
#2077=DIRECTION('',(0.E0,0.E0,-1.E0));
#2078=VECTOR('',#2077,7.E-1);
#2079=CARTESIAN_POINT('',(-3.5E-1,-3.2E0,1.85E0));
#2080=LINE('',#2079,#2078);
#2081=DIRECTION('',(0.E0,0.E0,-1.E0));
#2082=VECTOR('',#2081,3.7E0);
#2083=CARTESIAN_POINT('',(-3.5E-1,-4.E0,1.15E0));
#2084=LINE('',#2083,#2082);
#2085=DIRECTION('',(0.E0,0.E0,-1.E0));
#2086=VECTOR('',#2085,7.E-1);
#2087=CARTESIAN_POINT('',(3.5E-1,-3.2E0,1.85E0));
#2088=LINE('',#2087,#2086);
#2089=DIRECTION('',(0.E0,-1.E0,0.E0));
#2090=VECTOR('',#2089,1.05E0);
#2091=CARTESIAN_POINT('',(3.5E-1,-3.2E0,1.85E0));
#2092=LINE('',#2091,#2090);
#2093=DIRECTION('',(1.E0,0.E0,0.E0));
#2094=VECTOR('',#2093,5.E-1);
#2095=CARTESIAN_POINT('',(-2.5E-1,-4.05E0,-2.5E-1));
#2096=LINE('',#2095,#2094);
#2097=DIRECTION('',(1.E0,0.E0,0.E0));
#2098=VECTOR('',#2097,5.E-1);
#2099=CARTESIAN_POINT('',(-2.5E-1,-4.05E0,-5.95E0));
#2100=LINE('',#2099,#2098);
#2101=DIRECTION('',(1.E0,0.E0,0.E0));
#2102=VECTOR('',#2101,5.E-1);
#2103=CARTESIAN_POINT('',(-2.5E-1,-4.55E0,-5.95E0));
#2104=LINE('',#2103,#2102);
#2105=DIRECTION('',(1.E0,0.E0,0.E0));
#2106=VECTOR('',#2105,5.E-1);
#2107=CARTESIAN_POINT('',(-2.5E-1,-4.55E0,-2.5E-1));
#2108=LINE('',#2107,#2106);
#2109=CARTESIAN_POINT('',(2.5E-1,-3.85E0,-2.5E-1));
#2110=DIRECTION('',(-1.E0,0.E0,0.E0));
#2111=DIRECTION('',(0.E0,-1.E0,-7.271960811295E-14));
#2112=AXIS2_PLACEMENT_3D('',#2109,#2110,#2111);
#2114=DIRECTION('',(0.E0,0.E0,1.E0));
#2115=VECTOR('',#2114,5.7E0);
#2116=CARTESIAN_POINT('',(2.5E-1,-4.05E0,-5.95E0));
#2117=LINE('',#2116,#2115);
#2118=DIRECTION('',(0.E0,1.E0,0.E0));
#2119=VECTOR('',#2118,5.E-1);
#2120=CARTESIAN_POINT('',(2.5E-1,-4.55E0,-5.95E0));
#2121=LINE('',#2120,#2119);
#2122=DIRECTION('',(0.E0,0.E0,-1.E0));
#2123=VECTOR('',#2122,5.7E0);
#2124=CARTESIAN_POINT('',(2.5E-1,-4.55E0,-2.5E-1));
#2125=LINE('',#2124,#2123);
#2126=CARTESIAN_POINT('',(2.5E-1,-3.85E0,-2.5E-1));
#2127=DIRECTION('',(1.E0,0.E0,0.E0));
#2128=DIRECTION('',(0.E0,-2.142857142857E-1,9.767710236555E-1));
#2129=AXIS2_PLACEMENT_3D('',#2126,#2127,#2128);
#2131=DIRECTION('',(0.E0,-1.E0,0.E0));
#2132=VECTOR('',#2131,3.4E0);
#2133=CARTESIAN_POINT('',(2.5E-1,9.5E-1,4.5E-1));
#2134=LINE('',#2133,#2132);
#2135=DIRECTION('',(0.E0,0.E0,1.E0));
#2136=VECTOR('',#2135,5.E-1);
#2137=CARTESIAN_POINT('',(2.5E-1,9.5E-1,-5.E-2));
#2138=LINE('',#2137,#2136);
#2139=DIRECTION('',(0.E0,1.E0,0.E0));
#2140=VECTOR('',#2139,3.4E0);
#2141=CARTESIAN_POINT('',(2.5E-1,-2.45E0,-5.E-2));
#2142=LINE('',#2141,#2140);
#2143=DIRECTION('',(1.E0,0.E0,0.E0));
#2144=VECTOR('',#2143,5.E-1);
#2145=CARTESIAN_POINT('',(-2.5E-1,9.5E-1,4.5E-1));
#2146=LINE('',#2145,#2144);
#2147=DIRECTION('',(1.E0,0.E0,0.E0));
#2148=VECTOR('',#2147,5.E-1);
#2149=CARTESIAN_POINT('',(-2.5E-1,9.5E-1,-5.E-2));
#2150=LINE('',#2149,#2148);
#2151=DIRECTION('',(0.E0,0.E0,-1.E0));
#2152=VECTOR('',#2151,7.E-1);
#2153=CARTESIAN_POINT('',(4.35E0,-3.2E0,1.85E0));
#2154=LINE('',#2153,#2152);
#2155=DIRECTION('',(0.E0,8.660788143435E-1,-4.999074787852E-1));
#2156=VECTOR('',#2155,1.200518333467E0);
#2157=CARTESIAN_POINT('',(2.1E0,-1.2E0,2.45E0));
#2158=LINE('',#2157,#2156);
#2159=DIRECTION('',(-1.E0,0.E0,0.E0));
#2160=VECTOR('',#2159,1.2E0);
#2161=CARTESIAN_POINT('',(3.3E0,-1.2E0,2.45E0));
#2162=LINE('',#2161,#2160);
#2163=DIRECTION('',(0.E0,1.E0,0.E0));
#2164=VECTOR('',#2163,4.E-1);
#2165=CARTESIAN_POINT('',(3.3E0,-1.6E0,2.45E0));
#2166=LINE('',#2165,#2164);
#2167=DIRECTION('',(1.E0,0.E0,0.E0));
#2168=VECTOR('',#2167,1.2E0);
#2169=CARTESIAN_POINT('',(2.1E0,-1.6E0,2.45E0));
#2170=LINE('',#2169,#2168);
#2171=DIRECTION('',(0.E0,-1.E0,0.E0));
#2172=VECTOR('',#2171,4.E-1);
#2173=CARTESIAN_POINT('',(2.1E0,-1.2E0,2.45E0));
#2174=LINE('',#2173,#2172);
#2175=DIRECTION('',(-1.E0,0.E0,0.E0));
#2176=VECTOR('',#2175,1.2E0);
#2177=CARTESIAN_POINT('',(-2.1E0,-1.2E0,2.45E0));
#2178=LINE('',#2177,#2176);
#2179=DIRECTION('',(0.E0,1.E0,0.E0));
#2180=VECTOR('',#2179,4.E-1);
#2181=CARTESIAN_POINT('',(-2.1E0,-1.6E0,2.45E0));
#2182=LINE('',#2181,#2180);
#2183=DIRECTION('',(1.E0,0.E0,0.E0));
#2184=VECTOR('',#2183,1.2E0);
#2185=CARTESIAN_POINT('',(-3.3E0,-1.6E0,2.45E0));
#2186=LINE('',#2185,#2184);
#2187=DIRECTION('',(0.E0,-1.E0,0.E0));
#2188=VECTOR('',#2187,4.E-1);
#2189=CARTESIAN_POINT('',(-3.3E0,-1.2E0,2.45E0));
#2190=LINE('',#2189,#2188);
#2191=DIRECTION('',(0.E0,-8.660788143435E-1,4.999074787852E-1));
#2192=VECTOR('',#2191,1.200518333467E0);
#2193=CARTESIAN_POINT('',(3.3E0,-1.602565051529E-1,1.849851906681E0));
#2194=LINE('',#2193,#2192);
#2195=DIRECTION('',(0.E0,0.E0,1.E0));
#2196=VECTOR('',#2195,6.E-1);
#2197=CARTESIAN_POINT('',(3.3E0,-1.6E0,1.85E0));
#2198=LINE('',#2197,#2196);
#2199=DIRECTION('',(0.E0,0.E0,1.E0));
#2200=VECTOR('',#2199,6.E-1);
#2201=CARTESIAN_POINT('',(2.1E0,-1.6E0,1.85E0));
#2202=LINE('',#2201,#2200);
#2203=DIRECTION('',(0.E0,8.660788143435E-1,-4.999074787852E-1));
#2204=VECTOR('',#2203,1.200518333467E0);
#2205=CARTESIAN_POINT('',(-3.3E0,-1.2E0,2.45E0));
#2206=LINE('',#2205,#2204);
#2207=DIRECTION('',(0.E0,0.E0,1.E0));
#2208=VECTOR('',#2207,6.E-1);
#2209=CARTESIAN_POINT('',(-3.3E0,-1.6E0,1.85E0));
#2210=LINE('',#2209,#2208);
#2211=DIRECTION('',(0.E0,-8.660788143435E-1,4.999074787852E-1));
#2212=VECTOR('',#2211,1.200518333467E0);
#2213=CARTESIAN_POINT('',(-2.1E0,-1.602565051529E-1,1.849851906681E0));
#2214=LINE('',#2213,#2212);
#2215=DIRECTION('',(0.E0,0.E0,1.E0));
#2216=VECTOR('',#2215,6.E-1);
#2217=CARTESIAN_POINT('',(-2.1E0,-1.6E0,1.85E0));
#2218=LINE('',#2217,#2216);
#2219=DIRECTION('',(0.E0,1.E0,0.E0));
#2220=VECTOR('',#2219,2.E0);
#2221=CARTESIAN_POINT('',(-5.15E0,-6.25E0,-2.75E0));
#2222=LINE('',#2221,#2220);
#2223=DIRECTION('',(0.E0,0.E0,-1.E0));
#2224=VECTOR('',#2223,8.E-1);
#2225=CARTESIAN_POINT('',(-5.15E0,-6.25E0,-1.95E0));
#2226=LINE('',#2225,#2224);
#2227=DIRECTION('',(0.E0,-8.192319205190E-1,-5.734623443633E-1));
#2228=VECTOR('',#2227,1.220655561573E0);
#2229=CARTESIAN_POINT('',(-5.15E0,-5.25E0,-1.25E0));
#2230=LINE('',#2229,#2228);
#2231=DIRECTION('',(0.E0,-1.E0,0.E0));
#2232=VECTOR('',#2231,1.E0);
#2233=CARTESIAN_POINT('',(-5.15E0,-4.25E0,-1.25E0));
#2234=LINE('',#2233,#2232);
#2235=DIRECTION('',(1.E0,0.E0,0.E0));
#2236=VECTOR('',#2235,1.E0);
#2237=CARTESIAN_POINT('',(-6.15E0,-6.25E0,-1.95E0));
#2238=LINE('',#2237,#2236);
#2239=DIRECTION('',(1.E0,0.E0,0.E0));
#2240=VECTOR('',#2239,1.E0);
#2241=CARTESIAN_POINT('',(-6.15E0,-5.25E0,-1.25E0));
#2242=LINE('',#2241,#2240);
#2243=CARTESIAN_POINT('',(-6.15E0,2.55E0,-7.5E-1));
#2244=CARTESIAN_POINT('',(-6.15E0,3.85E0,-7.5E-1));
#2245=VERTEX_POINT('',#2243);
#2246=VERTEX_POINT('',#2244);
#2247=CARTESIAN_POINT('',(6.15E0,2.55E0,-7.5E-1));
#2248=CARTESIAN_POINT('',(6.15E0,3.85E0,-7.5E-1));
#2249=VERTEX_POINT('',#2247);
#2250=VERTEX_POINT('',#2248);
#2251=CARTESIAN_POINT('',(-6.15E0,4.25E0,-2.75E0));
#2252=CARTESIAN_POINT('',(-6.15E0,4.25E0,-1.15E0));
#2253=VERTEX_POINT('',#2251);
#2254=VERTEX_POINT('',#2252);
#2255=CARTESIAN_POINT('',(6.15E0,4.25E0,-2.75E0));
#2256=CARTESIAN_POINT('',(6.15E0,4.25E0,-1.15E0));
#2257=VERTEX_POINT('',#2255);
#2258=VERTEX_POINT('',#2256);
#2259=CARTESIAN_POINT('',(-4.E0,3.85E0,-2.75E0));
#2260=CARTESIAN_POINT('',(-4.E0,3.35E0,-2.75E0));
#2261=VERTEX_POINT('',#2259);
#2262=VERTEX_POINT('',#2260);
#2263=CARTESIAN_POINT('',(4.E0,3.35E0,-2.75E0));
#2264=VERTEX_POINT('',#2263);
#2265=CARTESIAN_POINT('',(4.E0,3.85E0,-2.75E0));
#2266=VERTEX_POINT('',#2265);
#2267=CARTESIAN_POINT('',(4.4E0,4.25E0,-2.75E0));
#2268=VERTEX_POINT('',#2267);
#2269=CARTESIAN_POINT('',(-4.4E0,4.25E0,-2.75E0));
#2270=VERTEX_POINT('',#2269);
#2271=CARTESIAN_POINT('',(-3.5E0,2.25E0,1.85E0));
#2272=CARTESIAN_POINT('',(-3.5E0,7.5E-1,1.85E0));
#2273=VERTEX_POINT('',#2271);
#2274=VERTEX_POINT('',#2272);
#2275=CARTESIAN_POINT('',(3.5E0,7.5E-1,1.85E0));
#2276=VERTEX_POINT('',#2275);
#2277=CARTESIAN_POINT('',(3.5E0,2.25E0,1.85E0));
#2278=VERTEX_POINT('',#2277);
#2279=CARTESIAN_POINT('',(4.35E0,2.55E0,1.85E0));
#2280=CARTESIAN_POINT('',(3.8E0,2.55E0,1.85E0));
#2281=VERTEX_POINT('',#2279);
#2282=VERTEX_POINT('',#2280);
#2283=CARTESIAN_POINT('',(-3.8E0,2.55E0,1.85E0));
#2284=CARTESIAN_POINT('',(-4.35E0,2.55E0,1.85E0));
#2285=VERTEX_POINT('',#2283);
#2286=VERTEX_POINT('',#2284);
#2287=CARTESIAN_POINT('',(5.65E0,-2.45E0,1.3E0));
#2288=CARTESIAN_POINT('',(5.65E0,-2.45E0,-2.05E0));
#2289=VERTEX_POINT('',#2287);
#2290=VERTEX_POINT('',#2288);
#2291=CARTESIAN_POINT('',(-5.65E0,-2.45E0,-2.05E0));
#2292=CARTESIAN_POINT('',(-5.65E0,-2.45E0,1.3E0));
#2293=VERTEX_POINT('',#2291);
#2294=VERTEX_POINT('',#2292);
#2295=CARTESIAN_POINT('',(3.65E0,-4.25E0,-2.55E0));
#2296=CARTESIAN_POINT('',(3.65E0,-4.25E0,1.85E0));
#2297=VERTEX_POINT('',#2295);
#2298=VERTEX_POINT('',#2296);
#2299=CARTESIAN_POINT('',(2.35E0,-4.25E0,-2.55E0));
#2300=CARTESIAN_POINT('',(2.35E0,-4.25E0,1.85E0));
#2301=VERTEX_POINT('',#2299);
#2302=VERTEX_POINT('',#2300);
#2303=CARTESIAN_POINT('',(1.65E0,-4.25E0,-2.55E0));
#2304=CARTESIAN_POINT('',(1.65E0,-4.25E0,1.85E0));
#2305=VERTEX_POINT('',#2303);
#2306=VERTEX_POINT('',#2304);
#2307=CARTESIAN_POINT('',(3.5E-1,-4.25E0,-2.55E0));
#2308=CARTESIAN_POINT('',(3.5E-1,-4.25E0,1.85E0));
#2309=VERTEX_POINT('',#2307);
#2310=VERTEX_POINT('',#2308);
#2311=CARTESIAN_POINT('',(-3.5E-1,-4.25E0,-2.55E0));
#2312=CARTESIAN_POINT('',(-3.5E-1,-4.25E0,1.85E0));
#2313=VERTEX_POINT('',#2311);
#2314=VERTEX_POINT('',#2312);
#2315=CARTESIAN_POINT('',(-1.65E0,-4.25E0,-2.55E0));
#2316=CARTESIAN_POINT('',(-1.65E0,-4.25E0,1.85E0));
#2317=VERTEX_POINT('',#2315);
#2318=VERTEX_POINT('',#2316);
#2319=CARTESIAN_POINT('',(-2.35E0,-4.25E0,-2.55E0));
#2320=CARTESIAN_POINT('',(-2.35E0,-4.25E0,1.85E0));
#2321=VERTEX_POINT('',#2319);
#2322=VERTEX_POINT('',#2320);
#2323=CARTESIAN_POINT('',(-3.65E0,-4.25E0,-2.55E0));
#2324=CARTESIAN_POINT('',(-3.65E0,-4.25E0,1.85E0));
#2325=VERTEX_POINT('',#2323);
#2326=VERTEX_POINT('',#2324);
#2327=CARTESIAN_POINT('',(4.35E0,-3.2E0,1.15E0));
#2328=CARTESIAN_POINT('',(3.65E0,-3.2E0,1.15E0));
#2329=VERTEX_POINT('',#2327);
#2330=VERTEX_POINT('',#2328);
#2331=CARTESIAN_POINT('',(4.35E0,-3.2E0,1.85E0));
#2332=CARTESIAN_POINT('',(3.65E0,-3.2E0,1.85E0));
#2333=VERTEX_POINT('',#2331);
#2334=VERTEX_POINT('',#2332);
#2335=CARTESIAN_POINT('',(4.35E0,-4.E0,1.15E0));
#2336=CARTESIAN_POINT('',(3.65E0,-4.E0,1.15E0));
#2337=VERTEX_POINT('',#2335);
#2338=VERTEX_POINT('',#2336);
#2339=CARTESIAN_POINT('',(4.35E0,-4.E0,-2.55E0));
#2340=VERTEX_POINT('',#2339);
#2341=CARTESIAN_POINT('',(3.65E0,-4.E0,-2.55E0));
#2342=VERTEX_POINT('',#2341);
#2343=CARTESIAN_POINT('',(2.35E0,-3.2E0,1.15E0));
#2344=CARTESIAN_POINT('',(1.65E0,-3.2E0,1.15E0));
#2345=VERTEX_POINT('',#2343);
#2346=VERTEX_POINT('',#2344);
#2347=CARTESIAN_POINT('',(2.35E0,-3.2E0,1.85E0));
#2348=CARTESIAN_POINT('',(1.65E0,-3.2E0,1.85E0));
#2349=VERTEX_POINT('',#2347);
#2350=VERTEX_POINT('',#2348);
#2351=CARTESIAN_POINT('',(2.35E0,-4.E0,1.15E0));
#2352=CARTESIAN_POINT('',(1.65E0,-4.E0,1.15E0));
#2353=VERTEX_POINT('',#2351);
#2354=VERTEX_POINT('',#2352);
#2355=CARTESIAN_POINT('',(2.35E0,-4.E0,-2.55E0));
#2356=VERTEX_POINT('',#2355);
#2357=CARTESIAN_POINT('',(1.65E0,-4.E0,-2.55E0));
#2358=VERTEX_POINT('',#2357);
#2359=CARTESIAN_POINT('',(3.5E-1,-3.2E0,1.15E0));
#2360=CARTESIAN_POINT('',(-3.5E-1,-3.2E0,1.15E0));
#2361=VERTEX_POINT('',#2359);
#2362=VERTEX_POINT('',#2360);
#2363=CARTESIAN_POINT('',(3.5E-1,-3.2E0,1.85E0));
#2364=CARTESIAN_POINT('',(-3.5E-1,-3.2E0,1.85E0));
#2365=VERTEX_POINT('',#2363);
#2366=VERTEX_POINT('',#2364);
#2367=CARTESIAN_POINT('',(3.5E-1,-4.E0,1.15E0));
#2368=CARTESIAN_POINT('',(-3.5E-1,-4.E0,1.15E0));
#2369=VERTEX_POINT('',#2367);
#2370=VERTEX_POINT('',#2368);
#2371=CARTESIAN_POINT('',(3.5E-1,-4.E0,-2.55E0));
#2372=VERTEX_POINT('',#2371);
#2373=CARTESIAN_POINT('',(-3.5E-1,-4.E0,-2.55E0));
#2374=VERTEX_POINT('',#2373);
#2375=CARTESIAN_POINT('',(-1.65E0,-3.2E0,1.15E0));
#2376=CARTESIAN_POINT('',(-2.35E0,-3.2E0,1.15E0));
#2377=VERTEX_POINT('',#2375);
#2378=VERTEX_POINT('',#2376);
#2379=CARTESIAN_POINT('',(-1.65E0,-3.2E0,1.85E0));
#2380=CARTESIAN_POINT('',(-2.35E0,-3.2E0,1.85E0));
#2381=VERTEX_POINT('',#2379);
#2382=VERTEX_POINT('',#2380);
#2383=CARTESIAN_POINT('',(-1.65E0,-4.E0,1.15E0));
#2384=CARTESIAN_POINT('',(-2.35E0,-4.E0,1.15E0));
#2385=VERTEX_POINT('',#2383);
#2386=VERTEX_POINT('',#2384);
#2387=CARTESIAN_POINT('',(-1.65E0,-4.E0,-2.55E0));
#2388=VERTEX_POINT('',#2387);
#2389=CARTESIAN_POINT('',(-2.35E0,-4.E0,-2.55E0));
#2390=VERTEX_POINT('',#2389);
#2391=CARTESIAN_POINT('',(-3.65E0,-3.2E0,1.15E0));
#2392=CARTESIAN_POINT('',(-4.35E0,-3.2E0,1.15E0));
#2393=VERTEX_POINT('',#2391);
#2394=VERTEX_POINT('',#2392);
#2395=CARTESIAN_POINT('',(-3.65E0,-3.2E0,1.85E0));
#2396=CARTESIAN_POINT('',(-4.35E0,-3.2E0,1.85E0));
#2397=VERTEX_POINT('',#2395);
#2398=VERTEX_POINT('',#2396);
#2399=CARTESIAN_POINT('',(-3.65E0,-4.E0,1.15E0));
#2400=CARTESIAN_POINT('',(-4.35E0,-4.E0,1.15E0));
#2401=VERTEX_POINT('',#2399);
#2402=VERTEX_POINT('',#2400);
#2403=CARTESIAN_POINT('',(-3.65E0,-4.E0,-2.55E0));
#2404=VERTEX_POINT('',#2403);
#2405=CARTESIAN_POINT('',(-4.35E0,-4.E0,-2.55E0));
#2406=VERTEX_POINT('',#2405);
#2407=CARTESIAN_POINT('',(4.35E0,2.35E0,-2.55E0));
#2408=CARTESIAN_POINT('',(-4.35E0,2.35E0,-2.55E0));
#2409=VERTEX_POINT('',#2407);
#2410=VERTEX_POINT('',#2408);
#2411=CARTESIAN_POINT('',(-4.35E0,2.35E0,-2.75E0));
#2412=CARTESIAN_POINT('',(4.35E0,2.35E0,-2.75E0));
#2413=VERTEX_POINT('',#2411);
#2414=VERTEX_POINT('',#2412);
#2415=CARTESIAN_POINT('',(3.25E0,-2.75E0,1.3E0));
#2416=CARTESIAN_POINT('',(3.25E0,-2.75E0,-2.05E0));
#2417=VERTEX_POINT('',#2415);
#2418=VERTEX_POINT('',#2416);
#2419=CARTESIAN_POINT('',(2.75E0,-2.75E0,-2.05E0));
#2420=VERTEX_POINT('',#2419);
#2421=CARTESIAN_POINT('',(2.75E0,-2.75E0,1.3E0));
#2422=VERTEX_POINT('',#2421);
#2423=CARTESIAN_POINT('',(3.25E0,-2.45E0,1.3E0));
#2424=CARTESIAN_POINT('',(3.25E0,-2.45E0,-2.05E0));
#2425=VERTEX_POINT('',#2423);
#2426=VERTEX_POINT('',#2424);
#2427=CARTESIAN_POINT('',(2.75E0,-2.45E0,1.3E0));
#2428=CARTESIAN_POINT('',(2.75E0,-2.45E0,-2.05E0));
#2429=VERTEX_POINT('',#2427);
#2430=VERTEX_POINT('',#2428);
#2431=CARTESIAN_POINT('',(1.25E0,-2.75E0,1.3E0));
#2432=CARTESIAN_POINT('',(1.25E0,-2.75E0,-2.05E0));
#2433=VERTEX_POINT('',#2431);
#2434=VERTEX_POINT('',#2432);
#2435=CARTESIAN_POINT('',(7.5E-1,-2.75E0,-2.05E0));
#2436=VERTEX_POINT('',#2435);
#2437=CARTESIAN_POINT('',(7.5E-1,-2.75E0,1.3E0));
#2438=VERTEX_POINT('',#2437);
#2439=CARTESIAN_POINT('',(1.25E0,-2.45E0,1.3E0));
#2440=CARTESIAN_POINT('',(1.25E0,-2.45E0,-2.05E0));
#2441=VERTEX_POINT('',#2439);
#2442=VERTEX_POINT('',#2440);
#2443=CARTESIAN_POINT('',(7.5E-1,-2.45E0,1.3E0));
#2444=CARTESIAN_POINT('',(7.5E-1,-2.45E0,-2.05E0));
#2445=VERTEX_POINT('',#2443);
#2446=VERTEX_POINT('',#2444);
#2447=CARTESIAN_POINT('',(-7.5E-1,-2.75E0,1.3E0));
#2448=CARTESIAN_POINT('',(-7.5E-1,-2.75E0,-2.05E0));
#2449=VERTEX_POINT('',#2447);
#2450=VERTEX_POINT('',#2448);
#2451=CARTESIAN_POINT('',(-1.25E0,-2.75E0,-2.05E0));
#2452=VERTEX_POINT('',#2451);
#2453=CARTESIAN_POINT('',(-1.25E0,-2.75E0,1.3E0));
#2454=VERTEX_POINT('',#2453);
#2455=CARTESIAN_POINT('',(-2.75E0,-2.75E0,1.3E0));
#2456=CARTESIAN_POINT('',(-2.75E0,-2.75E0,-2.05E0));
#2457=VERTEX_POINT('',#2455);
#2458=VERTEX_POINT('',#2456);
#2459=CARTESIAN_POINT('',(-3.25E0,-2.75E0,-2.05E0));
#2460=VERTEX_POINT('',#2459);
#2461=CARTESIAN_POINT('',(-3.25E0,-2.75E0,1.3E0));
#2462=VERTEX_POINT('',#2461);
#2463=CARTESIAN_POINT('',(-7.5E-1,-2.45E0,1.3E0));
#2464=CARTESIAN_POINT('',(-7.5E-1,-2.45E0,-2.05E0));
#2465=VERTEX_POINT('',#2463);
#2466=VERTEX_POINT('',#2464);
#2467=CARTESIAN_POINT('',(-1.25E0,-2.45E0,1.3E0));
#2468=CARTESIAN_POINT('',(-1.25E0,-2.45E0,-2.05E0));
#2469=VERTEX_POINT('',#2467);
#2470=VERTEX_POINT('',#2468);
#2471=CARTESIAN_POINT('',(-2.75E0,-2.45E0,1.3E0));
#2472=CARTESIAN_POINT('',(-2.75E0,-2.45E0,-2.05E0));
#2473=VERTEX_POINT('',#2471);
#2474=VERTEX_POINT('',#2472);
#2475=CARTESIAN_POINT('',(-3.25E0,-2.45E0,1.3E0));
#2476=CARTESIAN_POINT('',(-3.25E0,-2.45E0,-2.05E0));
#2477=VERTEX_POINT('',#2475);
#2478=VERTEX_POINT('',#2476);
#2479=CARTESIAN_POINT('',(3.75E0,1.25E0,-4.999999999999E-2));
#2480=CARTESIAN_POINT('',(3.75E0,1.25E0,4.5E-1));
#2481=VERTEX_POINT('',#2479);
#2482=VERTEX_POINT('',#2480);
#2483=CARTESIAN_POINT('',(4.25E0,1.25E0,-4.999999999999E-2));
#2484=CARTESIAN_POINT('',(4.25E0,1.25E0,4.5E-1));
#2485=VERTEX_POINT('',#2483);
#2486=VERTEX_POINT('',#2484);
#2487=CARTESIAN_POINT('',(3.75E0,-2.45E0,-4.999999999999E-2));
#2488=VERTEX_POINT('',#2487);
#2489=CARTESIAN_POINT('',(3.75E0,-2.45E0,4.5E-1));
#2490=VERTEX_POINT('',#2489);
#2491=CARTESIAN_POINT('',(4.25E0,-2.45E0,-4.999999999999E-2));
#2492=VERTEX_POINT('',#2491);
#2493=CARTESIAN_POINT('',(4.25E0,-2.45E0,4.5E-1));
#2494=VERTEX_POINT('',#2493);
#2495=CARTESIAN_POINT('',(1.75E0,1.25E0,-5.E-2));
#2496=CARTESIAN_POINT('',(1.75E0,1.25E0,4.5E-1));
#2497=VERTEX_POINT('',#2495);
#2498=VERTEX_POINT('',#2496);
#2499=CARTESIAN_POINT('',(2.25E0,1.25E0,-5.E-2));
#2500=CARTESIAN_POINT('',(2.25E0,1.25E0,4.5E-1));
#2501=VERTEX_POINT('',#2499);
#2502=VERTEX_POINT('',#2500);
#2503=CARTESIAN_POINT('',(1.75E0,-2.45E0,-5.E-2));
#2504=VERTEX_POINT('',#2503);
#2505=CARTESIAN_POINT('',(1.75E0,-2.45E0,4.5E-1));
#2506=VERTEX_POINT('',#2505);
#2507=CARTESIAN_POINT('',(2.25E0,-2.45E0,-5.E-2));
#2508=VERTEX_POINT('',#2507);
#2509=CARTESIAN_POINT('',(2.25E0,-2.45E0,4.5E-1));
#2510=VERTEX_POINT('',#2509);
#2511=CARTESIAN_POINT('',(4.35E0,-4.25E0,-2.75E0));
#2512=VERTEX_POINT('',#2511);
#2513=CARTESIAN_POINT('',(-4.35E0,-4.25E0,-2.75E0));
#2514=VERTEX_POINT('',#2513);
#2515=CARTESIAN_POINT('',(-4.85E0,2.55E0,2.2E0));
#2516=CARTESIAN_POINT('',(-4.85E0,-1.65E0,2.2E0));
#2517=VERTEX_POINT('',#2515);
#2518=VERTEX_POINT('',#2516);
#2519=CARTESIAN_POINT('',(4.85E0,2.55E0,2.2E0));
#2520=CARTESIAN_POINT('',(4.85E0,-1.65E0,2.2E0));
#2521=VERTEX_POINT('',#2519);
#2522=VERTEX_POINT('',#2520);
#2523=CARTESIAN_POINT('',(6.15E0,-5.25E0,-1.25E0));
#2524=CARTESIAN_POINT('',(6.15E0,-6.25E0,-1.95E0));
#2525=VERTEX_POINT('',#2523);
#2526=VERTEX_POINT('',#2524);
#2527=CARTESIAN_POINT('',(6.15E0,-6.25E0,-2.75E0));
#2528=VERTEX_POINT('',#2527);
#2529=CARTESIAN_POINT('',(5.15E0,-6.25E0,-1.95E0));
#2530=CARTESIAN_POINT('',(5.15E0,-5.25E0,-1.25E0));
#2531=VERTEX_POINT('',#2529);
#2532=VERTEX_POINT('',#2530);
#2533=CARTESIAN_POINT('',(5.15E0,-6.25E0,-2.75E0));
#2534=VERTEX_POINT('',#2533);
#2535=CARTESIAN_POINT('',(5.15E0,-4.25E0,-2.75E0));
#2536=VERTEX_POINT('',#2535);
#2537=CARTESIAN_POINT('',(6.15E0,-4.25E0,-1.25E0));
#2538=VERTEX_POINT('',#2537);
#2539=CARTESIAN_POINT('',(5.15E0,-4.25E0,-1.25E0));
#2540=VERTEX_POINT('',#2539);
#2541=CARTESIAN_POINT('',(-6.15E0,-5.25E0,-1.25E0));
#2542=CARTESIAN_POINT('',(-6.15E0,-6.25E0,-1.95E0));
#2543=VERTEX_POINT('',#2541);
#2544=VERTEX_POINT('',#2542);
#2545=CARTESIAN_POINT('',(-6.15E0,-6.25E0,-2.75E0));
#2546=VERTEX_POINT('',#2545);
#2547=CARTESIAN_POINT('',(-5.15E0,-5.25E0,-1.25E0));
#2548=CARTESIAN_POINT('',(-5.15E0,-6.25E0,-1.95E0));
#2549=VERTEX_POINT('',#2547);
#2550=VERTEX_POINT('',#2548);
#2551=CARTESIAN_POINT('',(-5.15E0,-6.25E0,-2.75E0));
#2552=VERTEX_POINT('',#2551);
#2553=CARTESIAN_POINT('',(-5.15E0,-4.25E0,-2.75E0));
#2554=CARTESIAN_POINT('',(-5.15E0,-4.25E0,-1.25E0));
#2555=VERTEX_POINT('',#2553);
#2556=VERTEX_POINT('',#2554);
#2557=CARTESIAN_POINT('',(-6.15E0,-4.25E0,-1.25E0));
#2558=VERTEX_POINT('',#2557);
#2559=CARTESIAN_POINT('',(3.75E0,-4.55E0,-2.5E-1));
#2560=CARTESIAN_POINT('',(3.75E0,-4.55E0,-3.9E0));
#2561=VERTEX_POINT('',#2559);
#2562=VERTEX_POINT('',#2560);
#2563=CARTESIAN_POINT('',(3.75E0,-4.55E0,-4.8E0));
#2564=VERTEX_POINT('',#2563);
#2565=CARTESIAN_POINT('',(3.75E0,-4.55E0,-5.95E0));
#2566=VERTEX_POINT('',#2565);
#2567=CARTESIAN_POINT('',(3.75E0,-4.05E0,-5.95E0));
#2568=VERTEX_POINT('',#2567);
#2569=CARTESIAN_POINT('',(3.75E0,-4.05E0,-4.943717104352E0));
#2570=VERTEX_POINT('',#2569);
#2571=CARTESIAN_POINT('',(3.75E0,-4.05E0,-3.756282895648E0));
#2572=VERTEX_POINT('',#2571);
#2573=CARTESIAN_POINT('',(3.75E0,-4.05E0,-2.5E-1));
#2574=VERTEX_POINT('',#2573);
#2575=CARTESIAN_POINT('',(4.25E0,-4.55E0,-2.5E-1));
#2576=CARTESIAN_POINT('',(4.25E0,-4.55E0,-3.9E0));
#2577=VERTEX_POINT('',#2575);
#2578=VERTEX_POINT('',#2576);
#2579=CARTESIAN_POINT('',(4.25E0,-4.55E0,-4.8E0));
#2580=VERTEX_POINT('',#2579);
#2581=CARTESIAN_POINT('',(4.25E0,-4.55E0,-5.95E0));
#2582=VERTEX_POINT('',#2581);
#2583=CARTESIAN_POINT('',(4.25E0,-4.05E0,-5.95E0));
#2584=VERTEX_POINT('',#2583);
#2585=CARTESIAN_POINT('',(4.25E0,-4.05E0,-4.943717104352E0));
#2586=VERTEX_POINT('',#2585);
#2587=CARTESIAN_POINT('',(4.25E0,-4.05E0,-3.756282895648E0));
#2588=VERTEX_POINT('',#2587);
#2589=CARTESIAN_POINT('',(4.25E0,-4.05E0,-2.5E-1));
#2590=VERTEX_POINT('',#2589);
#2591=CARTESIAN_POINT('',(3.75E0,-4.E0,-1.177124344468E-1));
#2592=VERTEX_POINT('',#2591);
#2593=CARTESIAN_POINT('',(4.25E0,-4.E0,-1.177124344468E-1));
#2594=VERTEX_POINT('',#2593);
#2595=CARTESIAN_POINT('',(1.75E0,-4.55E0,-2.5E-1));
#2596=CARTESIAN_POINT('',(1.75E0,-4.55E0,-3.756282895648E0));
#2597=VERTEX_POINT('',#2595);
#2598=VERTEX_POINT('',#2596);
#2599=CARTESIAN_POINT('',(1.75E0,-4.55E0,-4.943717104352E0));
#2600=VERTEX_POINT('',#2599);
#2601=CARTESIAN_POINT('',(1.75E0,-4.55E0,-5.95E0));
#2602=VERTEX_POINT('',#2601);
#2603=CARTESIAN_POINT('',(1.75E0,-4.05E0,-5.95E0));
#2604=CARTESIAN_POINT('',(1.75E0,-4.05E0,-4.8E0));
#2605=VERTEX_POINT('',#2603);
#2606=VERTEX_POINT('',#2604);
#2607=CARTESIAN_POINT('',(1.75E0,-4.05E0,-3.9E0));
#2608=VERTEX_POINT('',#2607);
#2609=CARTESIAN_POINT('',(1.75E0,-4.05E0,-2.5E-1));
#2610=VERTEX_POINT('',#2609);
#2611=CARTESIAN_POINT('',(2.25E0,-4.55E0,-2.5E-1));
#2612=CARTESIAN_POINT('',(2.25E0,-4.55E0,-3.756282895648E0));
#2613=VERTEX_POINT('',#2611);
#2614=VERTEX_POINT('',#2612);
#2615=CARTESIAN_POINT('',(2.25E0,-4.55E0,-4.943717104352E0));
#2616=VERTEX_POINT('',#2615);
#2617=CARTESIAN_POINT('',(2.25E0,-4.55E0,-5.95E0));
#2618=VERTEX_POINT('',#2617);
#2619=CARTESIAN_POINT('',(2.25E0,-4.05E0,-5.95E0));
#2620=CARTESIAN_POINT('',(2.25E0,-4.05E0,-4.8E0));
#2621=VERTEX_POINT('',#2619);
#2622=VERTEX_POINT('',#2620);
#2623=CARTESIAN_POINT('',(2.25E0,-4.05E0,-3.9E0));
#2624=VERTEX_POINT('',#2623);
#2625=CARTESIAN_POINT('',(2.25E0,-4.05E0,-2.5E-1));
#2626=VERTEX_POINT('',#2625);
#2627=CARTESIAN_POINT('',(1.75E0,-4.E0,-1.177124344468E-1));
#2628=VERTEX_POINT('',#2627);
#2629=CARTESIAN_POINT('',(2.25E0,-4.E0,-1.177124344468E-1));
#2630=VERTEX_POINT('',#2629);
#2631=CARTESIAN_POINT('',(-4.25E0,1.25E0,-4.999999999999E-2));
#2632=CARTESIAN_POINT('',(-4.25E0,1.25E0,4.5E-1));
#2633=VERTEX_POINT('',#2631);
#2634=VERTEX_POINT('',#2632);
#2635=CARTESIAN_POINT('',(-4.25E0,-4.55E0,-2.5E-1));
#2636=CARTESIAN_POINT('',(-4.25E0,-4.55E0,-3.9E0));
#2637=VERTEX_POINT('',#2635);
#2638=VERTEX_POINT('',#2636);
#2639=CARTESIAN_POINT('',(-4.25E0,-4.55E0,-4.8E0));
#2640=VERTEX_POINT('',#2639);
#2641=CARTESIAN_POINT('',(-4.25E0,-4.55E0,-5.95E0));
#2642=VERTEX_POINT('',#2641);
#2643=CARTESIAN_POINT('',(-4.25E0,-4.05E0,-5.95E0));
#2644=VERTEX_POINT('',#2643);
#2645=CARTESIAN_POINT('',(-4.25E0,-4.05E0,-4.943717104352E0));
#2646=VERTEX_POINT('',#2645);
#2647=CARTESIAN_POINT('',(-4.25E0,-4.05E0,-3.756282895648E0));
#2648=VERTEX_POINT('',#2647);
#2649=CARTESIAN_POINT('',(-4.25E0,-4.05E0,-2.5E-1));
#2650=VERTEX_POINT('',#2649);
#2651=CARTESIAN_POINT('',(-3.75E0,1.25E0,-4.999999999999E-2));
#2652=CARTESIAN_POINT('',(-3.75E0,1.25E0,4.5E-1));
#2653=VERTEX_POINT('',#2651);
#2654=VERTEX_POINT('',#2652);
#2655=CARTESIAN_POINT('',(-3.75E0,-4.55E0,-2.5E-1));
#2656=CARTESIAN_POINT('',(-3.75E0,-4.55E0,-3.9E0));
#2657=VERTEX_POINT('',#2655);
#2658=VERTEX_POINT('',#2656);
#2659=CARTESIAN_POINT('',(-3.75E0,-4.55E0,-4.8E0));
#2660=VERTEX_POINT('',#2659);
#2661=CARTESIAN_POINT('',(-3.75E0,-4.55E0,-5.95E0));
#2662=VERTEX_POINT('',#2661);
#2663=CARTESIAN_POINT('',(-3.75E0,-4.05E0,-5.95E0));
#2664=VERTEX_POINT('',#2663);
#2665=CARTESIAN_POINT('',(-3.75E0,-4.05E0,-4.943717104352E0));
#2666=VERTEX_POINT('',#2665);
#2667=CARTESIAN_POINT('',(-3.75E0,-4.05E0,-3.756282895648E0));
#2668=VERTEX_POINT('',#2667);
#2669=CARTESIAN_POINT('',(-3.75E0,-4.05E0,-2.5E-1));
#2670=VERTEX_POINT('',#2669);
#2671=CARTESIAN_POINT('',(-4.25E0,-4.E0,4.337397165589E-1));
#2672=CARTESIAN_POINT('',(-4.25E0,-4.E0,-1.177124344468E-1));
#2673=VERTEX_POINT('',#2671);
#2674=VERTEX_POINT('',#2672);
#2675=CARTESIAN_POINT('',(-3.75E0,-4.E0,-1.177124344468E-1));
#2676=CARTESIAN_POINT('',(-3.75E0,-4.E0,4.337397165589E-1));
#2677=VERTEX_POINT('',#2675);
#2678=VERTEX_POINT('',#2676);
#2679=CARTESIAN_POINT('',(-4.25E0,-2.45E0,4.5E-1));
#2680=VERTEX_POINT('',#2679);
#2681=CARTESIAN_POINT('',(-4.25E0,-2.45E0,-4.999999999999E-2));
#2682=VERTEX_POINT('',#2681);
#2683=CARTESIAN_POINT('',(-3.75E0,-2.45E0,4.5E-1));
#2684=VERTEX_POINT('',#2683);
#2685=CARTESIAN_POINT('',(-3.75E0,-2.45E0,-4.999999999999E-2));
#2686=VERTEX_POINT('',#2685);
#2687=CARTESIAN_POINT('',(-2.25E0,1.25E0,-5.E-2));
#2688=CARTESIAN_POINT('',(-2.25E0,1.25E0,4.5E-1));
#2689=VERTEX_POINT('',#2687);
#2690=VERTEX_POINT('',#2688);
#2691=CARTESIAN_POINT('',(-2.25E0,-4.55E0,-2.5E-1));
#2692=CARTESIAN_POINT('',(-2.25E0,-4.55E0,-3.756282895648E0));
#2693=VERTEX_POINT('',#2691);
#2694=VERTEX_POINT('',#2692);
#2695=CARTESIAN_POINT('',(-2.25E0,-4.55E0,-4.943717104352E0));
#2696=VERTEX_POINT('',#2695);
#2697=CARTESIAN_POINT('',(-2.25E0,-4.55E0,-5.95E0));
#2698=VERTEX_POINT('',#2697);
#2699=CARTESIAN_POINT('',(-2.25E0,-4.05E0,-5.95E0));
#2700=CARTESIAN_POINT('',(-2.25E0,-4.05E0,-4.8E0));
#2701=VERTEX_POINT('',#2699);
#2702=VERTEX_POINT('',#2700);
#2703=CARTESIAN_POINT('',(-2.25E0,-4.05E0,-3.9E0));
#2704=VERTEX_POINT('',#2703);
#2705=CARTESIAN_POINT('',(-2.25E0,-4.05E0,-2.5E-1));
#2706=VERTEX_POINT('',#2705);
#2707=CARTESIAN_POINT('',(-1.75E0,1.25E0,-5.E-2));
#2708=CARTESIAN_POINT('',(-1.75E0,1.25E0,4.5E-1));
#2709=VERTEX_POINT('',#2707);
#2710=VERTEX_POINT('',#2708);
#2711=CARTESIAN_POINT('',(-1.75E0,-4.55E0,-2.5E-1));
#2712=CARTESIAN_POINT('',(-1.75E0,-4.55E0,-3.756282895648E0));
#2713=VERTEX_POINT('',#2711);
#2714=VERTEX_POINT('',#2712);
#2715=CARTESIAN_POINT('',(-1.75E0,-4.55E0,-4.943717104352E0));
#2716=VERTEX_POINT('',#2715);
#2717=CARTESIAN_POINT('',(-1.75E0,-4.55E0,-5.95E0));
#2718=VERTEX_POINT('',#2717);
#2719=CARTESIAN_POINT('',(-1.75E0,-4.05E0,-5.95E0));
#2720=CARTESIAN_POINT('',(-1.75E0,-4.05E0,-4.8E0));
#2721=VERTEX_POINT('',#2719);
#2722=VERTEX_POINT('',#2720);
#2723=CARTESIAN_POINT('',(-1.75E0,-4.05E0,-3.9E0));
#2724=VERTEX_POINT('',#2723);
#2725=CARTESIAN_POINT('',(-1.75E0,-4.05E0,-2.5E-1));
#2726=VERTEX_POINT('',#2725);
#2727=CARTESIAN_POINT('',(-2.25E0,-4.E0,4.337397165589E-1));
#2728=CARTESIAN_POINT('',(-2.25E0,-4.E0,-1.177124344468E-1));
#2729=VERTEX_POINT('',#2727);
#2730=VERTEX_POINT('',#2728);
#2731=CARTESIAN_POINT('',(-1.75E0,-4.E0,-1.177124344468E-1));
#2732=CARTESIAN_POINT('',(-1.75E0,-4.E0,4.337397165589E-1));
#2733=VERTEX_POINT('',#2731);
#2734=VERTEX_POINT('',#2732);
#2735=CARTESIAN_POINT('',(-2.25E0,-2.45E0,4.5E-1));
#2736=VERTEX_POINT('',#2735);
#2737=CARTESIAN_POINT('',(-2.25E0,-2.45E0,-5.E-2));
#2738=VERTEX_POINT('',#2737);
#2739=CARTESIAN_POINT('',(-1.75E0,-2.45E0,4.5E-1));
#2740=VERTEX_POINT('',#2739);
#2741=CARTESIAN_POINT('',(-1.75E0,-2.45E0,-5.E-2));
#2742=VERTEX_POINT('',#2741);
#2743=CARTESIAN_POINT('',(3.75E0,-4.E0,4.337397165589E-1));
#2744=VERTEX_POINT('',#2743);
#2745=CARTESIAN_POINT('',(4.25E0,-4.E0,4.337397165589E-1));
#2746=VERTEX_POINT('',#2745);
#2747=CARTESIAN_POINT('',(1.75E0,-4.E0,4.337397165589E-1));
#2748=VERTEX_POINT('',#2747);
#2749=CARTESIAN_POINT('',(2.25E0,-4.E0,4.337397165589E-1));
#2750=VERTEX_POINT('',#2749);
#2751=CARTESIAN_POINT('',(-2.5E-1,-4.55E0,-2.5E-1));
#2752=CARTESIAN_POINT('',(-2.5E-1,-4.55E0,-5.95E0));
#2753=VERTEX_POINT('',#2751);
#2754=VERTEX_POINT('',#2752);
#2755=CARTESIAN_POINT('',(-2.5E-1,-4.05E0,-5.95E0));
#2756=VERTEX_POINT('',#2755);
#2757=CARTESIAN_POINT('',(-2.5E-1,-4.05E0,-2.5E-1));
#2758=VERTEX_POINT('',#2757);
#2759=CARTESIAN_POINT('',(-2.5E-1,9.5E-1,-5.E-2));
#2760=CARTESIAN_POINT('',(-2.5E-1,9.5E-1,4.5E-1));
#2761=VERTEX_POINT('',#2759);
#2762=VERTEX_POINT('',#2760);
#2763=CARTESIAN_POINT('',(2.5E-1,-4.55E0,-2.5E-1));
#2764=CARTESIAN_POINT('',(2.5E-1,-4.55E0,-5.95E0));
#2765=VERTEX_POINT('',#2763);
#2766=VERTEX_POINT('',#2764);
#2767=CARTESIAN_POINT('',(2.5E-1,-4.05E0,-5.95E0));
#2768=VERTEX_POINT('',#2767);
#2769=CARTESIAN_POINT('',(2.5E-1,-4.05E0,-2.5E-1));
#2770=VERTEX_POINT('',#2769);
#2771=CARTESIAN_POINT('',(2.5E-1,9.5E-1,-5.E-2));
#2772=CARTESIAN_POINT('',(2.5E-1,9.5E-1,4.5E-1));
#2773=VERTEX_POINT('',#2771);
#2774=VERTEX_POINT('',#2772);
#2775=CARTESIAN_POINT('',(-2.5E-1,-4.E0,4.337397165589E-1));
#2776=CARTESIAN_POINT('',(-2.5E-1,-4.E0,-1.177124344468E-1));
#2777=VERTEX_POINT('',#2775);
#2778=VERTEX_POINT('',#2776);
#2779=CARTESIAN_POINT('',(2.5E-1,-4.E0,-1.177124344468E-1));
#2780=CARTESIAN_POINT('',(2.5E-1,-4.E0,4.337397165589E-1));
#2781=VERTEX_POINT('',#2779);
#2782=VERTEX_POINT('',#2780);
#2783=CARTESIAN_POINT('',(-2.5E-1,-2.45E0,4.5E-1));
#2784=VERTEX_POINT('',#2783);
#2785=CARTESIAN_POINT('',(-2.5E-1,-2.45E0,-5.E-2));
#2786=VERTEX_POINT('',#2785);
#2787=CARTESIAN_POINT('',(2.5E-1,-2.45E0,4.5E-1));
#2788=VERTEX_POINT('',#2787);
#2789=CARTESIAN_POINT('',(2.5E-1,-2.45E0,-5.E-2));
#2790=VERTEX_POINT('',#2789);
#2791=CARTESIAN_POINT('',(-3.882842712475E0,2.35E0,1.3E0));
#2792=CARTESIAN_POINT('',(-4.85E0,2.35E0,1.3E0));
#2793=VERTEX_POINT('',#2791);
#2794=VERTEX_POINT('',#2792);
#2795=CARTESIAN_POINT('',(-3.8E0,2.55E0,1.5E0));
#2796=CARTESIAN_POINT('',(-4.85E0,2.55E0,1.5E0));
#2797=VERTEX_POINT('',#2795);
#2798=VERTEX_POINT('',#2796);
#2799=CARTESIAN_POINT('',(5.85E0,2.55E0,-7.5E-1));
#2800=CARTESIAN_POINT('',(5.85E0,2.55E0,2.2E0));
#2801=VERTEX_POINT('',#2799);
#2802=VERTEX_POINT('',#2800);
#2803=CARTESIAN_POINT('',(5.65E0,2.35E0,-9.5E-1));
#2804=CARTESIAN_POINT('',(5.65E0,2.35E0,2.2E0));
#2805=VERTEX_POINT('',#2803);
#2806=VERTEX_POINT('',#2804);
#2807=CARTESIAN_POINT('',(5.85E0,3.85E0,-7.5E-1));
#2808=VERTEX_POINT('',#2807);
#2809=CARTESIAN_POINT('',(5.65E0,3.767157287525E0,-9.5E-1));
#2810=VERTEX_POINT('',#2809);
#2811=CARTESIAN_POINT('',(5.65E0,4.05E0,-2.05E0));
#2812=CARTESIAN_POINT('',(5.65E0,4.05E0,-1.232842712475E0));
#2813=VERTEX_POINT('',#2811);
#2814=VERTEX_POINT('',#2812);
#2815=CARTESIAN_POINT('',(5.85E0,4.25E0,-2.25E0));
#2816=CARTESIAN_POINT('',(5.85E0,4.25E0,-1.15E0));
#2817=VERTEX_POINT('',#2815);
#2818=VERTEX_POINT('',#2816);
#2819=CARTESIAN_POINT('',(4.4E0,4.25E0,-2.25E0));
#2820=VERTEX_POINT('',#2819);
#2821=CARTESIAN_POINT('',(4.482842712475E0,4.05E0,-2.05E0));
#2822=VERTEX_POINT('',#2821);
#2823=CARTESIAN_POINT('',(4.E0,3.85E0,-2.25E0));
#2824=VERTEX_POINT('',#2823);
#2825=CARTESIAN_POINT('',(4.2E0,3.767157287525E0,-2.05E0));
#2826=VERTEX_POINT('',#2825);
#2827=CARTESIAN_POINT('',(4.2E0,3.15E0,-2.05E0));
#2828=VERTEX_POINT('',#2827);
#2829=CARTESIAN_POINT('',(4.E0,3.35E0,-2.25E0));
#2830=VERTEX_POINT('',#2829);
#2831=CARTESIAN_POINT('',(-4.2E0,3.15E0,-2.05E0));
#2832=VERTEX_POINT('',#2831);
#2833=CARTESIAN_POINT('',(-4.E0,3.35E0,-2.25E0));
#2834=VERTEX_POINT('',#2833);
#2835=CARTESIAN_POINT('',(-4.E0,3.85E0,-2.25E0));
#2836=VERTEX_POINT('',#2835);
#2837=CARTESIAN_POINT('',(-4.2E0,3.767157287525E0,-2.05E0));
#2838=VERTEX_POINT('',#2837);
#2839=CARTESIAN_POINT('',(-4.482842712475E0,4.05E0,-2.05E0));
#2840=VERTEX_POINT('',#2839);
#2841=CARTESIAN_POINT('',(-4.4E0,4.25E0,-2.25E0));
#2842=VERTEX_POINT('',#2841);
#2843=CARTESIAN_POINT('',(-5.65E0,4.05E0,-2.05E0));
#2844=VERTEX_POINT('',#2843);
#2845=CARTESIAN_POINT('',(-5.85E0,4.25E0,-2.25E0));
#2846=VERTEX_POINT('',#2845);
#2847=CARTESIAN_POINT('',(-5.85E0,4.25E0,-1.15E0));
#2848=VERTEX_POINT('',#2847);
#2849=CARTESIAN_POINT('',(-5.65E0,4.05E0,-1.232842712475E0));
#2850=VERTEX_POINT('',#2849);
#2851=CARTESIAN_POINT('',(-5.65E0,2.35E0,-9.5E-1));
#2852=CARTESIAN_POINT('',(-5.65E0,3.767157287525E0,-9.5E-1));
#2853=VERTEX_POINT('',#2851);
#2854=VERTEX_POINT('',#2852);
#2855=CARTESIAN_POINT('',(-5.85E0,2.55E0,-7.5E-1));
#2856=CARTESIAN_POINT('',(-5.85E0,3.85E0,-7.5E-1));
#2857=VERTEX_POINT('',#2855);
#2858=VERTEX_POINT('',#2856);
#2859=CARTESIAN_POINT('',(-5.65E0,2.35E0,2.2E0));
#2860=VERTEX_POINT('',#2859);
#2861=CARTESIAN_POINT('',(-5.85E0,2.55E0,2.2E0));
#2862=VERTEX_POINT('',#2861);
#2863=CARTESIAN_POINT('',(4.85E0,2.55E0,1.5E0));
#2864=CARTESIAN_POINT('',(3.8E0,2.55E0,1.5E0));
#2865=VERTEX_POINT('',#2863);
#2866=VERTEX_POINT('',#2864);
#2867=CARTESIAN_POINT('',(4.85E0,2.35E0,1.3E0));
#2868=CARTESIAN_POINT('',(3.882842712475E0,2.35E0,1.3E0));
#2869=VERTEX_POINT('',#2867);
#2870=VERTEX_POINT('',#2868);
#2871=CARTESIAN_POINT('',(5.95E0,2.55E0,2.75E0));
#2872=CARTESIAN_POINT('',(6.15E0,2.55E0,2.55E0));
#2873=VERTEX_POINT('',#2871);
#2874=VERTEX_POINT('',#2872);
#2875=CARTESIAN_POINT('',(6.15E0,-4.25E0,2.55E0));
#2876=VERTEX_POINT('',#2875);
#2877=CARTESIAN_POINT('',(5.95E0,-4.25E0,2.75E0));
#2878=VERTEX_POINT('',#2877);
#2879=CARTESIAN_POINT('',(4.55E0,-4.25E0,2.75E0));
#2880=CARTESIAN_POINT('',(4.35E0,-4.25E0,2.55E0));
#2881=VERTEX_POINT('',#2879);
#2882=VERTEX_POINT('',#2880);
#2883=CARTESIAN_POINT('',(4.35E0,2.55E0,2.55E0));
#2884=VERTEX_POINT('',#2883);
#2885=CARTESIAN_POINT('',(4.55E0,2.55E0,2.75E0));
#2886=VERTEX_POINT('',#2885);
#2887=CARTESIAN_POINT('',(-4.55E0,2.55E0,2.75E0));
#2888=CARTESIAN_POINT('',(-4.35E0,2.55E0,2.55E0));
#2889=VERTEX_POINT('',#2887);
#2890=VERTEX_POINT('',#2888);
#2891=CARTESIAN_POINT('',(-4.35E0,-4.25E0,2.55E0));
#2892=VERTEX_POINT('',#2891);
#2893=CARTESIAN_POINT('',(-4.55E0,-4.25E0,2.75E0));
#2894=VERTEX_POINT('',#2893);
#2895=CARTESIAN_POINT('',(-5.95E0,-4.25E0,2.75E0));
#2896=CARTESIAN_POINT('',(-6.15E0,-4.25E0,2.55E0));
#2897=VERTEX_POINT('',#2895);
#2898=VERTEX_POINT('',#2896);
#2899=CARTESIAN_POINT('',(-6.15E0,2.55E0,2.55E0));
#2900=VERTEX_POINT('',#2899);
#2901=CARTESIAN_POINT('',(-5.95E0,2.55E0,2.75E0));
#2902=VERTEX_POINT('',#2901);
#2903=CARTESIAN_POINT('',(-5.65E0,-1.65E0,2.2E0));
#2904=VERTEX_POINT('',#2903);
#2905=CARTESIAN_POINT('',(-4.85E0,-1.65E0,1.3E0));
#2906=VERTEX_POINT('',#2905);
#2907=CARTESIAN_POINT('',(4.85E0,-1.65E0,1.3E0));
#2908=VERTEX_POINT('',#2907);
#2909=CARTESIAN_POINT('',(5.65E0,-1.65E0,2.2E0));
#2910=VERTEX_POINT('',#2909);
#2911=CARTESIAN_POINT('',(5.65E0,-1.65E0,1.3E0));
#2912=VERTEX_POINT('',#2911);
#2913=CARTESIAN_POINT('',(-5.65E0,-1.65E0,1.3E0));
#2914=VERTEX_POINT('',#2913);
#2915=CARTESIAN_POINT('',(-3.5E0,2.25E0,1.5E0));
#2916=CARTESIAN_POINT('',(-3.5E0,7.5E-1,1.5E0));
#2917=VERTEX_POINT('',#2915);
#2918=VERTEX_POINT('',#2916);
#2919=CARTESIAN_POINT('',(-3.7E0,2.167157287525E0,1.3E0));
#2920=CARTESIAN_POINT('',(-3.7E0,5.5E-1,1.3E0));
#2921=VERTEX_POINT('',#2919);
#2922=VERTEX_POINT('',#2920);
#2923=CARTESIAN_POINT('',(3.5E0,7.5E-1,1.5E0));
#2924=VERTEX_POINT('',#2923);
#2925=CARTESIAN_POINT('',(3.7E0,5.5E-1,1.3E0));
#2926=VERTEX_POINT('',#2925);
#2927=CARTESIAN_POINT('',(3.5E0,2.25E0,1.5E0));
#2928=VERTEX_POINT('',#2927);
#2929=CARTESIAN_POINT('',(3.7E0,2.167157287525E0,1.3E0));
#2930=VERTEX_POINT('',#2929);
#2931=CARTESIAN_POINT('',(2.1E0,-1.6E0,2.45E0));
#2932=CARTESIAN_POINT('',(3.3E0,-1.6E0,2.45E0));
#2933=VERTEX_POINT('',#2931);
#2934=VERTEX_POINT('',#2932);
#2935=CARTESIAN_POINT('',(-3.3E0,-1.6E0,2.45E0));
#2936=CARTESIAN_POINT('',(-2.1E0,-1.6E0,2.45E0));
#2937=VERTEX_POINT('',#2935);
#2938=VERTEX_POINT('',#2936);
#2939=CARTESIAN_POINT('',(2.1E0,-1.6E0,1.85E0));
#2940=CARTESIAN_POINT('',(3.3E0,-1.6E0,1.85E0));
#2941=VERTEX_POINT('',#2939);
#2942=VERTEX_POINT('',#2940);
#2943=CARTESIAN_POINT('',(-3.3E0,-1.6E0,1.85E0));
#2944=CARTESIAN_POINT('',(-2.1E0,-1.6E0,1.85E0));
#2945=VERTEX_POINT('',#2943);
#2946=VERTEX_POINT('',#2944);
#2947=CARTESIAN_POINT('',(2.1E0,-1.2E0,2.45E0));
#2948=CARTESIAN_POINT('',(2.1E0,-1.602565051529E-1,1.849851906681E0));
#2949=VERTEX_POINT('',#2947);
#2950=VERTEX_POINT('',#2948);
#2951=VERTEX_POINT('',#317);
#2952=CARTESIAN_POINT('',(3.3E0,-1.2E0,2.45E0));
#2953=VERTEX_POINT('',#2952);
#2954=CARTESIAN_POINT('',(-3.3E0,-1.2E0,2.45E0));
#2955=CARTESIAN_POINT('',(-3.3E0,-1.602565051529E-1,1.849851906681E0));
#2956=VERTEX_POINT('',#2954);
#2957=VERTEX_POINT('',#2955);
#2958=VERTEX_POINT('',#336);
#2959=CARTESIAN_POINT('',(-2.1E0,-1.2E0,2.45E0));
#2960=VERTEX_POINT('',#2959);
#2961=CARTESIAN_POINT('',(0.E0,0.E0,-2.75E0));
#2962=DIRECTION('',(0.E0,0.E0,1.E0));
#2963=DIRECTION('',(1.E0,0.E0,0.E0));
#2964=AXIS2_PLACEMENT_3D('',#2961,#2962,#2963);
#2965=PLANE('',#2964);
#2967=ORIENTED_EDGE('',*,*,#2966,.T.);
#2969=ORIENTED_EDGE('',*,*,#2968,.T.);
#2971=ORIENTED_EDGE('',*,*,#2970,.T.);
#2973=ORIENTED_EDGE('',*,*,#2972,.T.);
#2975=ORIENTED_EDGE('',*,*,#2974,.T.);
#2977=ORIENTED_EDGE('',*,*,#2976,.T.);
#2979=ORIENTED_EDGE('',*,*,#2978,.F.);
#2981=ORIENTED_EDGE('',*,*,#2980,.T.);
#2983=ORIENTED_EDGE('',*,*,#2982,.F.);
#2985=ORIENTED_EDGE('',*,*,#2984,.F.);
#2987=ORIENTED_EDGE('',*,*,#2986,.T.);
#2989=ORIENTED_EDGE('',*,*,#2988,.T.);
#2991=ORIENTED_EDGE('',*,*,#2990,.F.);
#2993=ORIENTED_EDGE('',*,*,#2992,.F.);
#2995=ORIENTED_EDGE('',*,*,#2994,.F.);
#2997=ORIENTED_EDGE('',*,*,#2996,.F.);
#2999=ORIENTED_EDGE('',*,*,#2998,.F.);
#3001=ORIENTED_EDGE('',*,*,#3000,.T.);
#3002=EDGE_LOOP('',(#2967,#2969,#2971,#2973,#2975,#2977,#2979,#2981,#2983,#2985,
#2987,#2989,#2991,#2993,#2995,#2997,#2999,#3001));
#3003=FACE_OUTER_BOUND('',#3002,.F.);
#3004=ADVANCED_FACE('',(#3003),#2965,.F.);
#3005=CARTESIAN_POINT('',(-6.15E0,4.25E0,-2.75E0));
#3006=DIRECTION('',(-1.E0,0.E0,0.E0));
#3007=DIRECTION('',(0.E0,-1.E0,0.E0));
#3008=AXIS2_PLACEMENT_3D('',#3005,#3006,#3007);
#3009=PLANE('',#3008);
#3011=ORIENTED_EDGE('',*,*,#3010,.F.);
#3013=ORIENTED_EDGE('',*,*,#3012,.T.);
#3015=ORIENTED_EDGE('',*,*,#3014,.T.);
#3017=ORIENTED_EDGE('',*,*,#3016,.T.);
#3018=ORIENTED_EDGE('',*,*,#2966,.F.);
#3020=ORIENTED_EDGE('',*,*,#3019,.T.);
#3022=ORIENTED_EDGE('',*,*,#3021,.F.);
#3024=ORIENTED_EDGE('',*,*,#3023,.F.);
#3026=ORIENTED_EDGE('',*,*,#3025,.F.);
#3028=ORIENTED_EDGE('',*,*,#3027,.T.);
#3029=EDGE_LOOP('',(#3011,#3013,#3015,#3017,#3018,#3020,#3022,#3024,#3026,
#3028));
#3030=FACE_OUTER_BOUND('',#3029,.F.);
#3031=ADVANCED_FACE('',(#3030),#3009,.T.);
#3032=CARTESIAN_POINT('',(-6.15E0,-4.25E0,-2.75E0));
#3033=DIRECTION('',(0.E0,-1.E0,0.E0));
#3034=DIRECTION('',(1.E0,0.E0,0.E0));
#3035=AXIS2_PLACEMENT_3D('',#3032,#3033,#3034);
#3036=PLANE('',#3035);
#3038=ORIENTED_EDGE('',*,*,#3037,.F.);
#3040=ORIENTED_EDGE('',*,*,#3039,.F.);
#3042=ORIENTED_EDGE('',*,*,#3041,.T.);
#3044=ORIENTED_EDGE('',*,*,#3043,.F.);
#3046=ORIENTED_EDGE('',*,*,#3045,.F.);
#3048=ORIENTED_EDGE('',*,*,#3047,.T.);
#3050=ORIENTED_EDGE('',*,*,#3049,.F.);
#3051=ORIENTED_EDGE('',*,*,#2980,.F.);
#3052=EDGE_LOOP('',(#3038,#3040,#3042,#3044,#3046,#3048,#3050,#3051));
#3053=FACE_OUTER_BOUND('',#3052,.F.);
#3054=ADVANCED_FACE('',(#3053),#3036,.T.);
#3055=CARTESIAN_POINT('',(-6.15E0,-4.25E0,-2.75E0));
#3056=DIRECTION('',(0.E0,-1.E0,0.E0));
#3057=DIRECTION('',(1.E0,0.E0,0.E0));
#3058=AXIS2_PLACEMENT_3D('',#3055,#3056,#3057);
#3059=PLANE('',#3058);
#3061=ORIENTED_EDGE('',*,*,#3060,.T.);
#3063=ORIENTED_EDGE('',*,*,#3062,.F.);
#3065=ORIENTED_EDGE('',*,*,#3064,.F.);
#3067=ORIENTED_EDGE('',*,*,#3066,.F.);
#3068=EDGE_LOOP('',(#3061,#3063,#3065,#3067));
#3069=FACE_OUTER_BOUND('',#3068,.F.);
#3070=ADVANCED_FACE('',(#3069),#3059,.T.);
#3071=CARTESIAN_POINT('',(-6.15E0,-4.25E0,-2.75E0));
#3072=DIRECTION('',(0.E0,-1.E0,0.E0));
#3073=DIRECTION('',(1.E0,0.E0,0.E0));
#3074=AXIS2_PLACEMENT_3D('',#3071,#3072,#3073);
#3075=PLANE('',#3074);
#3077=ORIENTED_EDGE('',*,*,#3076,.T.);
#3079=ORIENTED_EDGE('',*,*,#3078,.F.);
#3081=ORIENTED_EDGE('',*,*,#3080,.F.);
#3083=ORIENTED_EDGE('',*,*,#3082,.F.);
#3084=EDGE_LOOP('',(#3077,#3079,#3081,#3083));
#3085=FACE_OUTER_BOUND('',#3084,.F.);
#3086=ADVANCED_FACE('',(#3085),#3075,.T.);
#3087=CARTESIAN_POINT('',(-6.15E0,-4.25E0,-2.75E0));
#3088=DIRECTION('',(0.E0,-1.E0,0.E0));
#3089=DIRECTION('',(1.E0,0.E0,0.E0));
#3090=AXIS2_PLACEMENT_3D('',#3087,#3088,#3089);
#3091=PLANE('',#3090);
#3093=ORIENTED_EDGE('',*,*,#3092,.T.);
#3095=ORIENTED_EDGE('',*,*,#3094,.F.);
#3097=ORIENTED_EDGE('',*,*,#3096,.F.);
#3099=ORIENTED_EDGE('',*,*,#3098,.F.);
#3100=EDGE_LOOP('',(#3093,#3095,#3097,#3099));
#3101=FACE_OUTER_BOUND('',#3100,.F.);
#3102=ADVANCED_FACE('',(#3101),#3091,.T.);
#3103=CARTESIAN_POINT('',(-6.15E0,-4.25E0,-2.75E0));
#3104=DIRECTION('',(0.E0,-1.E0,0.E0));
#3105=DIRECTION('',(1.E0,0.E0,0.E0));
#3106=AXIS2_PLACEMENT_3D('',#3103,#3104,#3105);
#3107=PLANE('',#3106);
#3109=ORIENTED_EDGE('',*,*,#3108,.T.);
#3111=ORIENTED_EDGE('',*,*,#3110,.F.);
#3113=ORIENTED_EDGE('',*,*,#3112,.F.);
#3115=ORIENTED_EDGE('',*,*,#3114,.F.);
#3116=EDGE_LOOP('',(#3109,#3111,#3113,#3115));
#3117=FACE_OUTER_BOUND('',#3116,.F.);
#3118=ADVANCED_FACE('',(#3117),#3107,.T.);
#3119=CARTESIAN_POINT('',(-6.15E0,-4.25E0,-2.75E0));
#3120=DIRECTION('',(0.E0,-1.E0,0.E0));
#3121=DIRECTION('',(1.E0,0.E0,0.E0));
#3122=AXIS2_PLACEMENT_3D('',#3119,#3120,#3121);
#3123=PLANE('',#3122);
#3125=ORIENTED_EDGE('',*,*,#3124,.F.);
#3126=ORIENTED_EDGE('',*,*,#2972,.F.);
#3128=ORIENTED_EDGE('',*,*,#3127,.T.);
#3130=ORIENTED_EDGE('',*,*,#3129,.F.);
#3131=ORIENTED_EDGE('',*,*,#3010,.T.);
#3133=ORIENTED_EDGE('',*,*,#3132,.F.);
#3135=ORIENTED_EDGE('',*,*,#3134,.T.);
#3137=ORIENTED_EDGE('',*,*,#3136,.F.);
#3138=EDGE_LOOP('',(#3125,#3126,#3128,#3130,#3131,#3133,#3135,#3137));
#3139=FACE_OUTER_BOUND('',#3138,.F.);
#3140=ADVANCED_FACE('',(#3139),#3123,.T.);
#3141=CARTESIAN_POINT('',(4.35E0,4.25E0,2.75E0));
#3142=DIRECTION('',(1.E0,0.E0,0.E0));
#3143=DIRECTION('',(0.E0,0.E0,-1.E0));
#3144=AXIS2_PLACEMENT_3D('',#3141,#3142,#3143);
#3145=PLANE('',#3144);
#3147=ORIENTED_EDGE('',*,*,#3146,.F.);
#3149=ORIENTED_EDGE('',*,*,#3148,.T.);
#3151=ORIENTED_EDGE('',*,*,#3150,.F.);
#3153=ORIENTED_EDGE('',*,*,#3152,.F.);
#3155=ORIENTED_EDGE('',*,*,#3154,.F.);
#3157=ORIENTED_EDGE('',*,*,#3156,.T.);
#3158=ORIENTED_EDGE('',*,*,#3037,.T.);
#3159=ORIENTED_EDGE('',*,*,#2978,.T.);
#3161=ORIENTED_EDGE('',*,*,#3160,.T.);
#3163=ORIENTED_EDGE('',*,*,#3162,.T.);
#3164=EDGE_LOOP('',(#3147,#3149,#3151,#3153,#3155,#3157,#3158,#3159,#3161,
#3163));
#3165=FACE_OUTER_BOUND('',#3164,.F.);
#3166=ADVANCED_FACE('',(#3165),#3145,.F.);
#3167=CARTESIAN_POINT('',(4.35E0,-4.E0,1.85E0));
#3168=DIRECTION('',(0.E0,1.E0,0.E0));
#3169=DIRECTION('',(-1.E0,0.E0,0.E0));
#3170=AXIS2_PLACEMENT_3D('',#3167,#3168,#3169);
#3171=PLANE('',#3170);
#3173=ORIENTED_EDGE('',*,*,#3172,.F.);
#3174=ORIENTED_EDGE('',*,*,#3146,.T.);
#3176=ORIENTED_EDGE('',*,*,#3175,.T.);
#3178=ORIENTED_EDGE('',*,*,#3177,.F.);
#3179=EDGE_LOOP('',(#3173,#3174,#3176,#3178));
#3180=FACE_OUTER_BOUND('',#3179,.F.);
#3182=ORIENTED_EDGE('',*,*,#3181,.T.);
#3184=ORIENTED_EDGE('',*,*,#3183,.T.);
#3186=ORIENTED_EDGE('',*,*,#3185,.T.);
#3188=ORIENTED_EDGE('',*,*,#3187,.F.);
#3189=EDGE_LOOP('',(#3182,#3184,#3186,#3188));
#3190=FACE_BOUND('',#3189,.F.);
#3191=ADVANCED_FACE('',(#3180,#3190),#3171,.F.);
#3192=CARTESIAN_POINT('',(4.35E0,4.25E0,1.15E0));
#3193=DIRECTION('',(0.E0,0.E0,1.E0));
#3194=DIRECTION('',(1.E0,0.E0,0.E0));
#3195=AXIS2_PLACEMENT_3D('',#3192,#3193,#3194);
#3196=PLANE('',#3195);
#3197=ORIENTED_EDGE('',*,*,#3172,.T.);
#3199=ORIENTED_EDGE('',*,*,#3198,.F.);
#3201=ORIENTED_EDGE('',*,*,#3200,.F.);
#3202=ORIENTED_EDGE('',*,*,#3148,.F.);
#3203=EDGE_LOOP('',(#3197,#3199,#3201,#3202));
#3204=FACE_OUTER_BOUND('',#3203,.F.);
#3205=ADVANCED_FACE('',(#3204),#3196,.T.);
#3206=CARTESIAN_POINT('',(3.65E0,-4.E0,1.85E0));
#3207=DIRECTION('',(-1.E0,0.E0,0.E0));
#3208=DIRECTION('',(0.E0,-1.E0,0.E0));
#3209=AXIS2_PLACEMENT_3D('',#3206,#3207,#3208);
#3210=PLANE('',#3209);
#3212=ORIENTED_EDGE('',*,*,#3211,.T.);
#3214=ORIENTED_EDGE('',*,*,#3213,.T.);
#3215=ORIENTED_EDGE('',*,*,#3198,.T.);
#3216=ORIENTED_EDGE('',*,*,#3177,.T.);
#3218=ORIENTED_EDGE('',*,*,#3217,.F.);
#3219=ORIENTED_EDGE('',*,*,#3064,.T.);
#3220=EDGE_LOOP('',(#3212,#3214,#3215,#3216,#3218,#3219));
#3221=FACE_OUTER_BOUND('',#3220,.F.);
#3222=ADVANCED_FACE('',(#3221),#3210,.F.);
#3223=CARTESIAN_POINT('',(4.35E0,4.25E0,1.85E0));
#3224=DIRECTION('',(0.E0,0.E0,-1.E0));
#3225=DIRECTION('',(-1.E0,0.E0,0.E0));
#3226=AXIS2_PLACEMENT_3D('',#3223,#3224,#3225);
#3227=PLANE('',#3226);
#3229=ORIENTED_EDGE('',*,*,#3228,.F.);
#3231=ORIENTED_EDGE('',*,*,#3230,.T.);
#3233=ORIENTED_EDGE('',*,*,#3232,.F.);
#3235=ORIENTED_EDGE('',*,*,#3234,.F.);
#3237=ORIENTED_EDGE('',*,*,#3236,.T.);
#3239=ORIENTED_EDGE('',*,*,#3238,.T.);
#3241=ORIENTED_EDGE('',*,*,#3240,.T.);
#3243=ORIENTED_EDGE('',*,*,#3242,.T.);
#3245=ORIENTED_EDGE('',*,*,#3244,.T.);
#3247=ORIENTED_EDGE('',*,*,#3246,.F.);
#3248=ORIENTED_EDGE('',*,*,#3152,.T.);
#3250=ORIENTED_EDGE('',*,*,#3249,.T.);
#3251=ORIENTED_EDGE('',*,*,#3211,.F.);
#3252=ORIENTED_EDGE('',*,*,#3062,.T.);
#3254=ORIENTED_EDGE('',*,*,#3253,.F.);
#3256=ORIENTED_EDGE('',*,*,#3255,.T.);
#3258=ORIENTED_EDGE('',*,*,#3257,.F.);
#3259=ORIENTED_EDGE('',*,*,#3078,.T.);
#3261=ORIENTED_EDGE('',*,*,#3260,.F.);
#3263=ORIENTED_EDGE('',*,*,#3262,.T.);
#3265=ORIENTED_EDGE('',*,*,#3264,.F.);
#3266=ORIENTED_EDGE('',*,*,#3094,.T.);
#3268=ORIENTED_EDGE('',*,*,#3267,.F.);
#3270=ORIENTED_EDGE('',*,*,#3269,.T.);
#3272=ORIENTED_EDGE('',*,*,#3271,.F.);
#3273=ORIENTED_EDGE('',*,*,#3110,.T.);
#3274=EDGE_LOOP('',(#3229,#3231,#3233,#3235,#3237,#3239,#3241,#3243,#3245,#3247,
#3248,#3250,#3251,#3252,#3254,#3256,#3258,#3259,#3261,#3263,#3265,#3266,#3268,
#3270,#3272,#3273));
#3275=FACE_OUTER_BOUND('',#3274,.F.);
#3277=ORIENTED_EDGE('',*,*,#3276,.T.);
#3279=ORIENTED_EDGE('',*,*,#3278,.T.);
#3281=ORIENTED_EDGE('',*,*,#3280,.T.);
#3283=ORIENTED_EDGE('',*,*,#3282,.T.);
#3284=EDGE_LOOP('',(#3277,#3279,#3281,#3283));
#3285=FACE_BOUND('',#3284,.F.);
#3287=ORIENTED_EDGE('',*,*,#3286,.T.);
#3289=ORIENTED_EDGE('',*,*,#3288,.T.);
#3291=ORIENTED_EDGE('',*,*,#3290,.T.);
#3293=ORIENTED_EDGE('',*,*,#3292,.T.);
#3294=EDGE_LOOP('',(#3287,#3289,#3291,#3293));
#3295=FACE_BOUND('',#3294,.F.);
#3296=ADVANCED_FACE('',(#3275,#3285,#3295),#3227,.F.);
#3297=CARTESIAN_POINT('',(-3.65E0,-4.25E0,1.85E0));
#3298=DIRECTION('',(1.E0,0.E0,0.E0));
#3299=DIRECTION('',(0.E0,1.E0,0.E0));
#3300=AXIS2_PLACEMENT_3D('',#3297,#3298,#3299);
#3301=PLANE('',#3300);
#3303=ORIENTED_EDGE('',*,*,#3302,.F.);
#3305=ORIENTED_EDGE('',*,*,#3304,.T.);
#3307=ORIENTED_EDGE('',*,*,#3306,.F.);
#3308=ORIENTED_EDGE('',*,*,#3228,.T.);
#3309=ORIENTED_EDGE('',*,*,#3108,.F.);
#3311=ORIENTED_EDGE('',*,*,#3310,.T.);
#3312=EDGE_LOOP('',(#3303,#3305,#3307,#3308,#3309,#3311));
#3313=FACE_OUTER_BOUND('',#3312,.F.);
#3314=ADVANCED_FACE('',(#3313),#3301,.F.);
#3315=CARTESIAN_POINT('',(-3.65E0,-4.E0,1.85E0));
#3316=DIRECTION('',(0.E0,1.E0,0.E0));
#3317=DIRECTION('',(-1.E0,0.E0,0.E0));
#3318=AXIS2_PLACEMENT_3D('',#3315,#3316,#3317);
#3319=PLANE('',#3318);
#3321=ORIENTED_EDGE('',*,*,#3320,.F.);
#3322=ORIENTED_EDGE('',*,*,#3302,.T.);
#3324=ORIENTED_EDGE('',*,*,#3323,.T.);
#3326=ORIENTED_EDGE('',*,*,#3325,.F.);
#3327=EDGE_LOOP('',(#3321,#3322,#3324,#3326));
#3328=FACE_OUTER_BOUND('',#3327,.F.);
#3330=ORIENTED_EDGE('',*,*,#3329,.T.);
#3332=ORIENTED_EDGE('',*,*,#3331,.T.);
#3334=ORIENTED_EDGE('',*,*,#3333,.T.);
#3336=ORIENTED_EDGE('',*,*,#3335,.F.);
#3337=EDGE_LOOP('',(#3330,#3332,#3334,#3336));
#3338=FACE_BOUND('',#3337,.F.);
#3339=ADVANCED_FACE('',(#3328,#3338),#3319,.F.);
#3340=CARTESIAN_POINT('',(4.35E0,4.25E0,1.15E0));
#3341=DIRECTION('',(0.E0,0.E0,1.E0));
#3342=DIRECTION('',(1.E0,0.E0,0.E0));
#3343=AXIS2_PLACEMENT_3D('',#3340,#3341,#3342);
#3344=PLANE('',#3343);
#3345=ORIENTED_EDGE('',*,*,#3320,.T.);
#3347=ORIENTED_EDGE('',*,*,#3346,.F.);
#3349=ORIENTED_EDGE('',*,*,#3348,.F.);
#3350=ORIENTED_EDGE('',*,*,#3304,.F.);
#3351=EDGE_LOOP('',(#3345,#3347,#3349,#3350));
#3352=FACE_OUTER_BOUND('',#3351,.F.);
#3353=ADVANCED_FACE('',(#3352),#3344,.T.);
#3354=CARTESIAN_POINT('',(-4.35E0,4.25E0,1.85E0));
#3355=DIRECTION('',(-1.E0,0.E0,0.E0));
#3356=DIRECTION('',(0.E0,0.E0,1.E0));
#3357=AXIS2_PLACEMENT_3D('',#3354,#3355,#3356);
#3358=PLANE('',#3357);
#3359=ORIENTED_EDGE('',*,*,#3232,.T.);
#3361=ORIENTED_EDGE('',*,*,#3360,.T.);
#3362=ORIENTED_EDGE('',*,*,#3346,.T.);
#3363=ORIENTED_EDGE('',*,*,#3325,.T.);
#3365=ORIENTED_EDGE('',*,*,#3364,.F.);
#3367=ORIENTED_EDGE('',*,*,#3366,.F.);
#3368=ORIENTED_EDGE('',*,*,#2974,.F.);
#3369=ORIENTED_EDGE('',*,*,#3124,.T.);
#3371=ORIENTED_EDGE('',*,*,#3370,.T.);
#3373=ORIENTED_EDGE('',*,*,#3372,.F.);
#3374=EDGE_LOOP('',(#3359,#3361,#3362,#3363,#3365,#3367,#3368,#3369,#3371,
#3373));
#3375=FACE_OUTER_BOUND('',#3374,.F.);
#3376=ADVANCED_FACE('',(#3375),#3358,.F.);
#3377=CARTESIAN_POINT('',(-3.65E0,-3.2E0,1.85E0));
#3378=DIRECTION('',(0.E0,1.E0,0.E0));
#3379=DIRECTION('',(-1.E0,0.E0,0.E0));
#3380=AXIS2_PLACEMENT_3D('',#3377,#3378,#3379);
#3381=PLANE('',#3380);
#3382=ORIENTED_EDGE('',*,*,#3230,.F.);
#3383=ORIENTED_EDGE('',*,*,#3306,.T.);
#3384=ORIENTED_EDGE('',*,*,#3348,.T.);
#3385=ORIENTED_EDGE('',*,*,#3360,.F.);
#3386=EDGE_LOOP('',(#3382,#3383,#3384,#3385));
#3387=FACE_OUTER_BOUND('',#3386,.F.);
#3388=ADVANCED_FACE('',(#3387),#3381,.F.);
#3389=CARTESIAN_POINT('',(4.35E0,2.35E0,-2.55E0));
#3390=DIRECTION('',(0.E0,0.E0,1.E0));
#3391=DIRECTION('',(0.E0,-1.E0,0.E0));
#3392=AXIS2_PLACEMENT_3D('',#3389,#3390,#3391);
#3393=PLANE('',#3392);
#3394=ORIENTED_EDGE('',*,*,#3310,.F.);
#3395=ORIENTED_EDGE('',*,*,#3114,.T.);
#3397=ORIENTED_EDGE('',*,*,#3396,.T.);
#3399=ORIENTED_EDGE('',*,*,#3398,.F.);
#3401=ORIENTED_EDGE('',*,*,#3400,.F.);
#3402=ORIENTED_EDGE('',*,*,#3098,.T.);
#3404=ORIENTED_EDGE('',*,*,#3403,.T.);
#3406=ORIENTED_EDGE('',*,*,#3405,.F.);
#3408=ORIENTED_EDGE('',*,*,#3407,.F.);
#3409=ORIENTED_EDGE('',*,*,#3082,.T.);
#3411=ORIENTED_EDGE('',*,*,#3410,.T.);
#3413=ORIENTED_EDGE('',*,*,#3412,.F.);
#3415=ORIENTED_EDGE('',*,*,#3414,.F.);
#3416=ORIENTED_EDGE('',*,*,#3066,.T.);
#3417=ORIENTED_EDGE('',*,*,#3217,.T.);
#3418=ORIENTED_EDGE('',*,*,#3175,.F.);
#3419=ORIENTED_EDGE('',*,*,#3162,.F.);
#3421=ORIENTED_EDGE('',*,*,#3420,.T.);
#3422=ORIENTED_EDGE('',*,*,#3364,.T.);
#3423=ORIENTED_EDGE('',*,*,#3323,.F.);
#3424=EDGE_LOOP('',(#3394,#3395,#3397,#3399,#3401,#3402,#3404,#3406,#3408,#3409,
#3411,#3413,#3415,#3416,#3417,#3418,#3419,#3421,#3422,#3423));
#3425=FACE_OUTER_BOUND('',#3424,.F.);
#3426=ADVANCED_FACE('',(#3425),#3393,.F.);
#3427=CARTESIAN_POINT('',(-2.35E0,-4.E0,1.85E0));
#3428=DIRECTION('',(-1.E0,0.E0,0.E0));
#3429=DIRECTION('',(0.E0,-1.E0,0.E0));
#3430=AXIS2_PLACEMENT_3D('',#3427,#3428,#3429);
#3431=PLANE('',#3430);
#3432=ORIENTED_EDGE('',*,*,#3271,.T.);
#3434=ORIENTED_EDGE('',*,*,#3433,.T.);
#3436=ORIENTED_EDGE('',*,*,#3435,.T.);
#3438=ORIENTED_EDGE('',*,*,#3437,.T.);
#3439=ORIENTED_EDGE('',*,*,#3396,.F.);
#3440=ORIENTED_EDGE('',*,*,#3112,.T.);
#3441=EDGE_LOOP('',(#3432,#3434,#3436,#3438,#3439,#3440));
#3442=FACE_OUTER_BOUND('',#3441,.F.);
#3443=ADVANCED_FACE('',(#3442),#3431,.F.);
#3444=CARTESIAN_POINT('',(-1.65E0,-3.2E0,1.85E0));
#3445=DIRECTION('',(0.E0,1.E0,0.E0));
#3446=DIRECTION('',(-1.E0,0.E0,0.E0));
#3447=AXIS2_PLACEMENT_3D('',#3444,#3445,#3446);
#3448=PLANE('',#3447);
#3449=ORIENTED_EDGE('',*,*,#3269,.F.);
#3451=ORIENTED_EDGE('',*,*,#3450,.T.);
#3453=ORIENTED_EDGE('',*,*,#3452,.T.);
#3454=ORIENTED_EDGE('',*,*,#3433,.F.);
#3455=EDGE_LOOP('',(#3449,#3451,#3453,#3454));
#3456=FACE_OUTER_BOUND('',#3455,.F.);
#3457=ADVANCED_FACE('',(#3456),#3448,.F.);
#3458=CARTESIAN_POINT('',(-1.65E0,-4.25E0,1.85E0));
#3459=DIRECTION('',(1.E0,0.E0,0.E0));
#3460=DIRECTION('',(0.E0,1.E0,0.E0));
#3461=AXIS2_PLACEMENT_3D('',#3458,#3459,#3460);
#3462=PLANE('',#3461);
#3464=ORIENTED_EDGE('',*,*,#3463,.F.);
#3466=ORIENTED_EDGE('',*,*,#3465,.T.);
#3467=ORIENTED_EDGE('',*,*,#3450,.F.);
#3468=ORIENTED_EDGE('',*,*,#3267,.T.);
#3469=ORIENTED_EDGE('',*,*,#3092,.F.);
#3470=ORIENTED_EDGE('',*,*,#3400,.T.);
#3471=EDGE_LOOP('',(#3464,#3466,#3467,#3468,#3469,#3470));
#3472=FACE_OUTER_BOUND('',#3471,.F.);
#3473=ADVANCED_FACE('',(#3472),#3462,.F.);
#3474=CARTESIAN_POINT('',(-1.65E0,-4.E0,1.85E0));
#3475=DIRECTION('',(0.E0,1.E0,0.E0));
#3476=DIRECTION('',(-1.E0,0.E0,0.E0));
#3477=AXIS2_PLACEMENT_3D('',#3474,#3475,#3476);
#3478=PLANE('',#3477);
#3480=ORIENTED_EDGE('',*,*,#3479,.F.);
#3481=ORIENTED_EDGE('',*,*,#3463,.T.);
#3482=ORIENTED_EDGE('',*,*,#3398,.T.);
#3483=ORIENTED_EDGE('',*,*,#3437,.F.);
#3484=EDGE_LOOP('',(#3480,#3481,#3482,#3483));
#3485=FACE_OUTER_BOUND('',#3484,.F.);
#3487=ORIENTED_EDGE('',*,*,#3486,.T.);
#3489=ORIENTED_EDGE('',*,*,#3488,.T.);
#3491=ORIENTED_EDGE('',*,*,#3490,.T.);
#3493=ORIENTED_EDGE('',*,*,#3492,.F.);
#3494=EDGE_LOOP('',(#3487,#3489,#3491,#3493));
#3495=FACE_BOUND('',#3494,.F.);
#3496=ADVANCED_FACE('',(#3485,#3495),#3478,.F.);
#3497=CARTESIAN_POINT('',(4.35E0,4.25E0,1.15E0));
#3498=DIRECTION('',(0.E0,0.E0,1.E0));
#3499=DIRECTION('',(1.E0,0.E0,0.E0));
#3500=AXIS2_PLACEMENT_3D('',#3497,#3498,#3499);
#3501=PLANE('',#3500);
#3502=ORIENTED_EDGE('',*,*,#3479,.T.);
#3503=ORIENTED_EDGE('',*,*,#3435,.F.);
#3504=ORIENTED_EDGE('',*,*,#3452,.F.);
#3505=ORIENTED_EDGE('',*,*,#3465,.F.);
#3506=EDGE_LOOP('',(#3502,#3503,#3504,#3505));
#3507=FACE_OUTER_BOUND('',#3506,.F.);
#3508=ADVANCED_FACE('',(#3507),#3501,.T.);
#3509=CARTESIAN_POINT('',(-2.25E0,0.E0,0.E0));
#3510=DIRECTION('',(1.E0,0.E0,0.E0));
#3511=DIRECTION('',(0.E0,0.E0,-1.E0));
#3512=AXIS2_PLACEMENT_3D('',#3509,#3510,#3511);
#3513=PLANE('',#3512);
#3514=ORIENTED_EDGE('',*,*,#3486,.F.);
#3516=ORIENTED_EDGE('',*,*,#3515,.T.);
#3518=ORIENTED_EDGE('',*,*,#3517,.T.);
#3520=ORIENTED_EDGE('',*,*,#3519,.T.);
#3522=ORIENTED_EDGE('',*,*,#3521,.T.);
#3524=ORIENTED_EDGE('',*,*,#3523,.T.);
#3526=ORIENTED_EDGE('',*,*,#3525,.T.);
#3528=ORIENTED_EDGE('',*,*,#3527,.T.);
#3530=ORIENTED_EDGE('',*,*,#3529,.T.);
#3532=ORIENTED_EDGE('',*,*,#3531,.T.);
#3533=EDGE_LOOP('',(#3514,#3516,#3518,#3520,#3522,#3524,#3526,#3528,#3530,
#3532));
#3534=FACE_OUTER_BOUND('',#3533,.F.);
#3535=ADVANCED_FACE('',(#3534),#3513,.F.);
#3536=CARTESIAN_POINT('',(-2.25E0,0.E0,0.E0));
#3537=DIRECTION('',(1.E0,0.E0,0.E0));
#3538=DIRECTION('',(0.E0,0.E0,-1.E0));
#3539=AXIS2_PLACEMENT_3D('',#3536,#3537,#3538);
#3540=PLANE('',#3539);
#3542=ORIENTED_EDGE('',*,*,#3541,.T.);
#3544=ORIENTED_EDGE('',*,*,#3543,.F.);
#3546=ORIENTED_EDGE('',*,*,#3545,.T.);
#3548=ORIENTED_EDGE('',*,*,#3547,.T.);
#3549=EDGE_LOOP('',(#3542,#3544,#3546,#3548));
#3550=FACE_OUTER_BOUND('',#3549,.F.);
#3551=ADVANCED_FACE('',(#3550),#3540,.F.);
#3552=CARTESIAN_POINT('',(-2.25E0,-3.85E0,-2.5E-1));
#3553=DIRECTION('',(1.E0,0.E0,0.E0));
#3554=DIRECTION('',(0.E0,0.E0,-1.E0));
#3555=AXIS2_PLACEMENT_3D('',#3552,#3553,#3554);
#3556=CYLINDRICAL_SURFACE('',#3555,7.E-1);
#3557=ORIENTED_EDGE('',*,*,#3515,.F.);
#3558=ORIENTED_EDGE('',*,*,#3492,.T.);
#3560=ORIENTED_EDGE('',*,*,#3559,.T.);
#3562=ORIENTED_EDGE('',*,*,#3561,.F.);
#3563=EDGE_LOOP('',(#3557,#3558,#3560,#3562));
#3564=FACE_OUTER_BOUND('',#3563,.F.);
#3565=ADVANCED_FACE('',(#3564),#3556,.T.);
#3566=CARTESIAN_POINT('',(-1.75E0,0.E0,0.E0));
#3567=DIRECTION('',(1.E0,0.E0,0.E0));
#3568=DIRECTION('',(0.E0,0.E0,-1.E0));
#3569=AXIS2_PLACEMENT_3D('',#3566,#3567,#3568);
#3570=PLANE('',#3569);
#3571=ORIENTED_EDGE('',*,*,#3490,.F.);
#3573=ORIENTED_EDGE('',*,*,#3572,.F.);
#3575=ORIENTED_EDGE('',*,*,#3574,.F.);
#3577=ORIENTED_EDGE('',*,*,#3576,.F.);
#3579=ORIENTED_EDGE('',*,*,#3578,.F.);
#3581=ORIENTED_EDGE('',*,*,#3580,.F.);
#3583=ORIENTED_EDGE('',*,*,#3582,.F.);
#3585=ORIENTED_EDGE('',*,*,#3584,.F.);
#3587=ORIENTED_EDGE('',*,*,#3586,.F.);
#3588=ORIENTED_EDGE('',*,*,#3559,.F.);
#3589=EDGE_LOOP('',(#3571,#3573,#3575,#3577,#3579,#3581,#3583,#3585,#3587,
#3588));
#3590=FACE_OUTER_BOUND('',#3589,.F.);
#3591=ADVANCED_FACE('',(#3590),#3570,.T.);
#3592=CARTESIAN_POINT('',(-1.75E0,0.E0,0.E0));
#3593=DIRECTION('',(1.E0,0.E0,0.E0));
#3594=DIRECTION('',(0.E0,0.E0,-1.E0));
#3595=AXIS2_PLACEMENT_3D('',#3592,#3593,#3594);
#3596=PLANE('',#3595);
#3598=ORIENTED_EDGE('',*,*,#3597,.F.);
#3600=ORIENTED_EDGE('',*,*,#3599,.F.);
#3602=ORIENTED_EDGE('',*,*,#3601,.F.);
#3604=ORIENTED_EDGE('',*,*,#3603,.T.);
#3605=EDGE_LOOP('',(#3598,#3600,#3602,#3604));
#3606=FACE_OUTER_BOUND('',#3605,.F.);
#3607=ADVANCED_FACE('',(#3606),#3596,.T.);
#3608=CARTESIAN_POINT('',(-2.25E0,-3.85E0,-2.5E-1));
#3609=DIRECTION('',(1.E0,0.E0,0.E0));
#3610=DIRECTION('',(0.E0,0.E0,-1.E0));
#3611=AXIS2_PLACEMENT_3D('',#3608,#3609,#3610);
#3612=CYLINDRICAL_SURFACE('',#3611,2.E-1);
#3613=ORIENTED_EDGE('',*,*,#3488,.F.);
#3614=ORIENTED_EDGE('',*,*,#3531,.F.);
#3616=ORIENTED_EDGE('',*,*,#3615,.T.);
#3617=ORIENTED_EDGE('',*,*,#3572,.T.);
#3618=EDGE_LOOP('',(#3613,#3614,#3616,#3617));
#3619=FACE_OUTER_BOUND('',#3618,.F.);
#3620=ADVANCED_FACE('',(#3619),#3612,.F.);
#3621=CARTESIAN_POINT('',(-2.25E0,-4.05E0,-3.9E0));
#3622=DIRECTION('',(0.E0,1.E0,0.E0));
#3623=DIRECTION('',(0.E0,0.E0,1.E0));
#3624=AXIS2_PLACEMENT_3D('',#3621,#3622,#3623);
#3625=PLANE('',#3624);
#3626=ORIENTED_EDGE('',*,*,#3529,.F.);
#3628=ORIENTED_EDGE('',*,*,#3627,.T.);
#3629=ORIENTED_EDGE('',*,*,#3574,.T.);
#3630=ORIENTED_EDGE('',*,*,#3615,.F.);
#3631=EDGE_LOOP('',(#3626,#3628,#3629,#3630));
#3632=FACE_OUTER_BOUND('',#3631,.F.);
#3633=ADVANCED_FACE('',(#3632),#3625,.T.);
#3634=CARTESIAN_POINT('',(-2.25E0,-3.45E0,-4.35E0));
#3635=DIRECTION('',(1.E0,0.E0,0.E0));
#3636=DIRECTION('',(0.E0,0.E0,-1.E0));
#3637=AXIS2_PLACEMENT_3D('',#3634,#3635,#3636);
#3638=CYLINDRICAL_SURFACE('',#3637,7.5E-1);
#3639=ORIENTED_EDGE('',*,*,#3527,.F.);
#3641=ORIENTED_EDGE('',*,*,#3640,.T.);
#3642=ORIENTED_EDGE('',*,*,#3576,.T.);
#3643=ORIENTED_EDGE('',*,*,#3627,.F.);
#3644=EDGE_LOOP('',(#3639,#3641,#3642,#3643));
#3645=FACE_OUTER_BOUND('',#3644,.F.);
#3646=ADVANCED_FACE('',(#3645),#3638,.F.);
#3647=CARTESIAN_POINT('',(-2.25E0,-4.05E0,-5.95E0));
#3648=DIRECTION('',(0.E0,1.E0,0.E0));
#3649=DIRECTION('',(0.E0,0.E0,1.E0));
#3650=AXIS2_PLACEMENT_3D('',#3647,#3648,#3649);
#3651=PLANE('',#3650);
#3652=ORIENTED_EDGE('',*,*,#3525,.F.);
#3654=ORIENTED_EDGE('',*,*,#3653,.T.);
#3655=ORIENTED_EDGE('',*,*,#3578,.T.);
#3656=ORIENTED_EDGE('',*,*,#3640,.F.);
#3657=EDGE_LOOP('',(#3652,#3654,#3655,#3656));
#3658=FACE_OUTER_BOUND('',#3657,.F.);
#3659=ADVANCED_FACE('',(#3658),#3651,.T.);
#3660=CARTESIAN_POINT('',(-2.25E0,-4.55E0,-5.95E0));
#3661=DIRECTION('',(0.E0,0.E0,-1.E0));
#3662=DIRECTION('',(0.E0,1.E0,0.E0));
#3663=AXIS2_PLACEMENT_3D('',#3660,#3661,#3662);
#3664=PLANE('',#3663);
#3665=ORIENTED_EDGE('',*,*,#3523,.F.);
#3667=ORIENTED_EDGE('',*,*,#3666,.T.);
#3668=ORIENTED_EDGE('',*,*,#3580,.T.);
#3669=ORIENTED_EDGE('',*,*,#3653,.F.);
#3670=EDGE_LOOP('',(#3665,#3667,#3668,#3669));
#3671=FACE_OUTER_BOUND('',#3670,.F.);
#3672=ADVANCED_FACE('',(#3671),#3664,.T.);
#3673=CARTESIAN_POINT('',(-2.25E0,-4.55E0,-4.943717104352E0));
#3674=DIRECTION('',(0.E0,-1.E0,0.E0));
#3675=DIRECTION('',(0.E0,0.E0,-1.E0));
#3676=AXIS2_PLACEMENT_3D('',#3673,#3674,#3675);
#3677=PLANE('',#3676);
#3678=ORIENTED_EDGE('',*,*,#3521,.F.);
#3680=ORIENTED_EDGE('',*,*,#3679,.T.);
#3681=ORIENTED_EDGE('',*,*,#3582,.T.);
#3682=ORIENTED_EDGE('',*,*,#3666,.F.);
#3683=EDGE_LOOP('',(#3678,#3680,#3681,#3682));
#3684=FACE_OUTER_BOUND('',#3683,.F.);
#3685=ADVANCED_FACE('',(#3684),#3677,.T.);
#3686=CARTESIAN_POINT('',(-2.25E0,-3.45E0,-4.35E0));
#3687=DIRECTION('',(1.E0,0.E0,0.E0));
#3688=DIRECTION('',(0.E0,0.E0,-1.E0));
#3689=AXIS2_PLACEMENT_3D('',#3686,#3687,#3688);
#3690=CYLINDRICAL_SURFACE('',#3689,1.25E0);
#3691=ORIENTED_EDGE('',*,*,#3519,.F.);
#3693=ORIENTED_EDGE('',*,*,#3692,.T.);
#3694=ORIENTED_EDGE('',*,*,#3584,.T.);
#3695=ORIENTED_EDGE('',*,*,#3679,.F.);
#3696=EDGE_LOOP('',(#3691,#3693,#3694,#3695));
#3697=FACE_OUTER_BOUND('',#3696,.F.);
#3698=ADVANCED_FACE('',(#3697),#3690,.T.);
#3699=CARTESIAN_POINT('',(-2.25E0,-4.55E0,-2.5E-1));
#3700=DIRECTION('',(0.E0,-1.E0,0.E0));
#3701=DIRECTION('',(0.E0,0.E0,-1.E0));
#3702=AXIS2_PLACEMENT_3D('',#3699,#3700,#3701);
#3703=PLANE('',#3702);
#3704=ORIENTED_EDGE('',*,*,#3517,.F.);
#3705=ORIENTED_EDGE('',*,*,#3561,.T.);
#3706=ORIENTED_EDGE('',*,*,#3586,.T.);
#3707=ORIENTED_EDGE('',*,*,#3692,.F.);
#3708=EDGE_LOOP('',(#3704,#3705,#3706,#3707));
#3709=FACE_OUTER_BOUND('',#3708,.F.);
#3710=ADVANCED_FACE('',(#3709),#3703,.T.);
#3711=CARTESIAN_POINT('',(-2.25E0,1.25E0,4.5E-1));
#3712=DIRECTION('',(0.E0,0.E0,1.E0));
#3713=DIRECTION('',(0.E0,-1.E0,0.E0));
#3714=AXIS2_PLACEMENT_3D('',#3711,#3712,#3713);
#3715=PLANE('',#3714);
#3716=ORIENTED_EDGE('',*,*,#3541,.F.);
#3718=ORIENTED_EDGE('',*,*,#3717,.T.);
#3719=ORIENTED_EDGE('',*,*,#3597,.T.);
#3721=ORIENTED_EDGE('',*,*,#3720,.F.);
#3722=EDGE_LOOP('',(#3716,#3718,#3719,#3721));
#3723=FACE_OUTER_BOUND('',#3722,.F.);
#3724=ADVANCED_FACE('',(#3723),#3715,.T.);
#3725=CARTESIAN_POINT('',(-2.25E0,1.25E0,-5.E-2));
#3726=DIRECTION('',(0.E0,1.E0,0.E0));
#3727=DIRECTION('',(0.E0,0.E0,1.E0));
#3728=AXIS2_PLACEMENT_3D('',#3725,#3726,#3727);
#3729=PLANE('',#3728);
#3730=ORIENTED_EDGE('',*,*,#3547,.F.);
#3732=ORIENTED_EDGE('',*,*,#3731,.T.);
#3733=ORIENTED_EDGE('',*,*,#3599,.T.);
#3734=ORIENTED_EDGE('',*,*,#3717,.F.);
#3735=EDGE_LOOP('',(#3730,#3732,#3733,#3734));
#3736=FACE_OUTER_BOUND('',#3735,.F.);
#3737=ADVANCED_FACE('',(#3736),#3729,.T.);
#3738=CARTESIAN_POINT('',(-2.25E0,-3.85E0,-5.E-2));
#3739=DIRECTION('',(0.E0,0.E0,-1.E0));
#3740=DIRECTION('',(0.E0,1.E0,0.E0));
#3741=AXIS2_PLACEMENT_3D('',#3738,#3739,#3740);
#3742=PLANE('',#3741);
#3743=ORIENTED_EDGE('',*,*,#3545,.F.);
#3745=ORIENTED_EDGE('',*,*,#3744,.T.);
#3746=ORIENTED_EDGE('',*,*,#3601,.T.);
#3747=ORIENTED_EDGE('',*,*,#3731,.F.);
#3748=EDGE_LOOP('',(#3743,#3745,#3746,#3747));
#3749=FACE_OUTER_BOUND('',#3748,.F.);
#3750=ADVANCED_FACE('',(#3749),#3742,.T.);
#3751=CARTESIAN_POINT('',(6.15E0,-2.45E0,-2.75E0));
#3752=DIRECTION('',(0.E0,1.E0,0.E0));
#3753=DIRECTION('',(1.E0,0.E0,0.E0));
#3754=AXIS2_PLACEMENT_3D('',#3751,#3752,#3753);
#3755=PLANE('',#3754);
#3757=ORIENTED_EDGE('',*,*,#3756,.T.);
#3759=ORIENTED_EDGE('',*,*,#3758,.F.);
#3761=ORIENTED_EDGE('',*,*,#3760,.F.);
#3763=ORIENTED_EDGE('',*,*,#3762,.F.);
#3764=EDGE_LOOP('',(#3757,#3759,#3761,#3763));
#3765=FACE_OUTER_BOUND('',#3764,.F.);
#3767=ORIENTED_EDGE('',*,*,#3766,.F.);
#3769=ORIENTED_EDGE('',*,*,#3768,.T.);
#3771=ORIENTED_EDGE('',*,*,#3770,.T.);
#3773=ORIENTED_EDGE('',*,*,#3772,.F.);
#3774=EDGE_LOOP('',(#3767,#3769,#3771,#3773));
#3775=FACE_BOUND('',#3774,.F.);
#3776=ADVANCED_FACE('',(#3765,#3775),#3755,.T.);
#3777=CARTESIAN_POINT('',(6.15E0,-2.45E0,-2.75E0));
#3778=DIRECTION('',(0.E0,1.E0,0.E0));
#3779=DIRECTION('',(1.E0,0.E0,0.E0));
#3780=AXIS2_PLACEMENT_3D('',#3777,#3778,#3779);
#3781=PLANE('',#3780);
#3783=ORIENTED_EDGE('',*,*,#3782,.T.);
#3785=ORIENTED_EDGE('',*,*,#3784,.F.);
#3787=ORIENTED_EDGE('',*,*,#3786,.F.);
#3789=ORIENTED_EDGE('',*,*,#3788,.F.);
#3790=EDGE_LOOP('',(#3783,#3785,#3787,#3789));
#3791=FACE_OUTER_BOUND('',#3790,.F.);
#3793=ORIENTED_EDGE('',*,*,#3792,.F.);
#3795=ORIENTED_EDGE('',*,*,#3794,.T.);
#3797=ORIENTED_EDGE('',*,*,#3796,.T.);
#3799=ORIENTED_EDGE('',*,*,#3798,.F.);
#3800=EDGE_LOOP('',(#3793,#3795,#3797,#3799));
#3801=FACE_BOUND('',#3800,.F.);
#3802=ADVANCED_FACE('',(#3791,#3801),#3781,.T.);
#3803=CARTESIAN_POINT('',(6.15E0,-2.45E0,-2.75E0));
#3804=DIRECTION('',(0.E0,1.E0,0.E0));
#3805=DIRECTION('',(1.E0,0.E0,0.E0));
#3806=AXIS2_PLACEMENT_3D('',#3803,#3804,#3805);
#3807=PLANE('',#3806);
#3809=ORIENTED_EDGE('',*,*,#3808,.T.);
#3811=ORIENTED_EDGE('',*,*,#3810,.F.);
#3813=ORIENTED_EDGE('',*,*,#3812,.F.);
#3815=ORIENTED_EDGE('',*,*,#3814,.F.);
#3816=EDGE_LOOP('',(#3809,#3811,#3813,#3815));
#3817=FACE_OUTER_BOUND('',#3816,.F.);
#3819=ORIENTED_EDGE('',*,*,#3818,.T.);
#3821=ORIENTED_EDGE('',*,*,#3820,.T.);
#3823=ORIENTED_EDGE('',*,*,#3822,.F.);
#3825=ORIENTED_EDGE('',*,*,#3824,.F.);
#3826=EDGE_LOOP('',(#3819,#3821,#3823,#3825));
#3827=FACE_BOUND('',#3826,.F.);
#3828=ADVANCED_FACE('',(#3817,#3827),#3807,.T.);
#3829=CARTESIAN_POINT('',(6.15E0,-2.45E0,-2.75E0));
#3830=DIRECTION('',(0.E0,1.E0,0.E0));
#3831=DIRECTION('',(1.E0,0.E0,0.E0));
#3832=AXIS2_PLACEMENT_3D('',#3829,#3830,#3831);
#3833=PLANE('',#3832);
#3835=ORIENTED_EDGE('',*,*,#3834,.T.);
#3837=ORIENTED_EDGE('',*,*,#3836,.F.);
#3839=ORIENTED_EDGE('',*,*,#3838,.F.);
#3841=ORIENTED_EDGE('',*,*,#3840,.F.);
#3842=EDGE_LOOP('',(#3835,#3837,#3839,#3841));
#3843=FACE_OUTER_BOUND('',#3842,.F.);
#3844=ORIENTED_EDGE('',*,*,#3543,.T.);
#3845=ORIENTED_EDGE('',*,*,#3720,.T.);
#3846=ORIENTED_EDGE('',*,*,#3603,.F.);
#3847=ORIENTED_EDGE('',*,*,#3744,.F.);
#3848=EDGE_LOOP('',(#3844,#3845,#3846,#3847));
#3849=FACE_BOUND('',#3848,.F.);
#3850=ADVANCED_FACE('',(#3843,#3849),#3833,.T.);
#3851=CARTESIAN_POINT('',(6.15E0,-2.45E0,-2.75E0));
#3852=DIRECTION('',(0.E0,1.E0,0.E0));
#3853=DIRECTION('',(1.E0,0.E0,0.E0));
#3854=AXIS2_PLACEMENT_3D('',#3851,#3852,#3853);
#3855=PLANE('',#3854);
#3857=ORIENTED_EDGE('',*,*,#3856,.F.);
#3859=ORIENTED_EDGE('',*,*,#3858,.F.);
#3861=ORIENTED_EDGE('',*,*,#3860,.F.);
#3863=ORIENTED_EDGE('',*,*,#3862,.F.);
#3864=EDGE_LOOP('',(#3857,#3859,#3861,#3863));
#3865=FACE_OUTER_BOUND('',#3864,.F.);
#3867=ORIENTED_EDGE('',*,*,#3866,.T.);
#3869=ORIENTED_EDGE('',*,*,#3868,.T.);
#3871=ORIENTED_EDGE('',*,*,#3870,.F.);
#3873=ORIENTED_EDGE('',*,*,#3872,.F.);
#3874=EDGE_LOOP('',(#3867,#3869,#3871,#3873));
#3875=FACE_BOUND('',#3874,.F.);
#3876=ADVANCED_FACE('',(#3865,#3875),#3855,.T.);
#3877=CARTESIAN_POINT('',(3.25E0,-2.45E0,1.3E0));
#3878=DIRECTION('',(1.E0,0.E0,0.E0));
#3879=DIRECTION('',(0.E0,0.E0,-1.E0));
#3880=AXIS2_PLACEMENT_3D('',#3877,#3878,#3879);
#3881=PLANE('',#3880);
#3882=ORIENTED_EDGE('',*,*,#3756,.F.);
#3884=ORIENTED_EDGE('',*,*,#3883,.T.);
#3886=ORIENTED_EDGE('',*,*,#3885,.T.);
#3888=ORIENTED_EDGE('',*,*,#3887,.F.);
#3889=EDGE_LOOP('',(#3882,#3884,#3886,#3888));
#3890=FACE_OUTER_BOUND('',#3889,.F.);
#3891=ADVANCED_FACE('',(#3890),#3881,.F.);
#3892=CARTESIAN_POINT('',(-4.85E0,4.25E0,1.3E0));
#3893=DIRECTION('',(0.E0,0.E0,1.E0));
#3894=DIRECTION('',(1.E0,0.E0,0.E0));
#3895=AXIS2_PLACEMENT_3D('',#3892,#3893,#3894);
#3896=PLANE('',#3895);
#3897=ORIENTED_EDGE('',*,*,#3858,.T.);
#3899=ORIENTED_EDGE('',*,*,#3898,.T.);
#3901=ORIENTED_EDGE('',*,*,#3900,.T.);
#3903=ORIENTED_EDGE('',*,*,#3902,.F.);
#3904=ORIENTED_EDGE('',*,*,#3840,.T.);
#3906=ORIENTED_EDGE('',*,*,#3905,.T.);
#3908=ORIENTED_EDGE('',*,*,#3907,.T.);
#3910=ORIENTED_EDGE('',*,*,#3909,.F.);
#3911=ORIENTED_EDGE('',*,*,#3814,.T.);
#3913=ORIENTED_EDGE('',*,*,#3912,.T.);
#3915=ORIENTED_EDGE('',*,*,#3914,.T.);
#3917=ORIENTED_EDGE('',*,*,#3916,.F.);
#3918=ORIENTED_EDGE('',*,*,#3788,.T.);
#3920=ORIENTED_EDGE('',*,*,#3919,.T.);
#3922=ORIENTED_EDGE('',*,*,#3921,.T.);
#3923=ORIENTED_EDGE('',*,*,#3883,.F.);
#3924=ORIENTED_EDGE('',*,*,#3762,.T.);
#3926=ORIENTED_EDGE('',*,*,#3925,.T.);
#3928=ORIENTED_EDGE('',*,*,#3927,.T.);
#3930=ORIENTED_EDGE('',*,*,#3929,.F.);
#3932=ORIENTED_EDGE('',*,*,#3931,.T.);
#3934=ORIENTED_EDGE('',*,*,#3933,.F.);
#3936=ORIENTED_EDGE('',*,*,#3935,.F.);
#3938=ORIENTED_EDGE('',*,*,#3937,.F.);
#3940=ORIENTED_EDGE('',*,*,#3939,.F.);
#3942=ORIENTED_EDGE('',*,*,#3941,.F.);
#3944=ORIENTED_EDGE('',*,*,#3943,.T.);
#3946=ORIENTED_EDGE('',*,*,#3945,.T.);
#3948=ORIENTED_EDGE('',*,*,#3947,.T.);
#3950=ORIENTED_EDGE('',*,*,#3949,.F.);
#3951=EDGE_LOOP('',(#3897,#3899,#3901,#3903,#3904,#3906,#3908,#3910,#3911,#3913,
#3915,#3917,#3918,#3920,#3922,#3923,#3924,#3926,#3928,#3930,#3932,#3934,#3936,
#3938,#3940,#3942,#3944,#3946,#3948,#3950));
#3952=FACE_OUTER_BOUND('',#3951,.F.);
#3953=ADVANCED_FACE('',(#3952),#3896,.F.);
#3954=CARTESIAN_POINT('',(-3.25E0,-2.45E0,-2.05E0));
#3955=DIRECTION('',(-1.E0,0.E0,0.E0));
#3956=DIRECTION('',(0.E0,0.E0,1.E0));
#3957=AXIS2_PLACEMENT_3D('',#3954,#3955,#3956);
#3958=PLANE('',#3957);
#3959=ORIENTED_EDGE('',*,*,#3856,.T.);
#3961=ORIENTED_EDGE('',*,*,#3960,.T.);
#3963=ORIENTED_EDGE('',*,*,#3962,.T.);
#3964=ORIENTED_EDGE('',*,*,#3898,.F.);
#3965=EDGE_LOOP('',(#3959,#3961,#3963,#3964));
#3966=FACE_OUTER_BOUND('',#3965,.F.);
#3967=ADVANCED_FACE('',(#3966),#3958,.F.);
#3968=CARTESIAN_POINT('',(5.65E0,4.25E0,-2.05E0));
#3969=DIRECTION('',(0.E0,0.E0,-1.E0));
#3970=DIRECTION('',(-1.E0,0.E0,0.E0));
#3971=AXIS2_PLACEMENT_3D('',#3968,#3969,#3970);
#3972=PLANE('',#3971);
#3973=ORIENTED_EDGE('',*,*,#3836,.T.);
#3975=ORIENTED_EDGE('',*,*,#3974,.T.);
#3977=ORIENTED_EDGE('',*,*,#3976,.T.);
#3978=ORIENTED_EDGE('',*,*,#3960,.F.);
#3979=ORIENTED_EDGE('',*,*,#3862,.T.);
#3981=ORIENTED_EDGE('',*,*,#3980,.F.);
#3983=ORIENTED_EDGE('',*,*,#3982,.T.);
#3985=ORIENTED_EDGE('',*,*,#3984,.F.);
#3987=ORIENTED_EDGE('',*,*,#3986,.F.);
#3989=ORIENTED_EDGE('',*,*,#3988,.F.);
#3991=ORIENTED_EDGE('',*,*,#3990,.F.);
#3993=ORIENTED_EDGE('',*,*,#3992,.F.);
#3995=ORIENTED_EDGE('',*,*,#3994,.T.);
#3997=ORIENTED_EDGE('',*,*,#3996,.T.);
#3998=ORIENTED_EDGE('',*,*,#3758,.T.);
#3999=ORIENTED_EDGE('',*,*,#3887,.T.);
#4001=ORIENTED_EDGE('',*,*,#4000,.T.);
#4003=ORIENTED_EDGE('',*,*,#4002,.F.);
#4004=ORIENTED_EDGE('',*,*,#3784,.T.);
#4006=ORIENTED_EDGE('',*,*,#4005,.T.);
#4008=ORIENTED_EDGE('',*,*,#4007,.T.);
#4010=ORIENTED_EDGE('',*,*,#4009,.F.);
#4011=ORIENTED_EDGE('',*,*,#3810,.T.);
#4013=ORIENTED_EDGE('',*,*,#4012,.T.);
#4015=ORIENTED_EDGE('',*,*,#4014,.T.);
#4017=ORIENTED_EDGE('',*,*,#4016,.F.);
#4018=EDGE_LOOP('',(#3973,#3975,#3977,#3978,#3979,#3981,#3983,#3985,#3987,#3989,
#3991,#3993,#3995,#3997,#3998,#3999,#4001,#4003,#4004,#4006,#4008,#4010,#4011,
#4013,#4015,#4017));
#4019=FACE_OUTER_BOUND('',#4018,.F.);
#4020=ADVANCED_FACE('',(#4019),#3972,.F.);
#4021=CARTESIAN_POINT('',(-2.75E0,-2.45E0,1.3E0));
#4022=DIRECTION('',(1.E0,0.E0,0.E0));
#4023=DIRECTION('',(0.E0,0.E0,-1.E0));
#4024=AXIS2_PLACEMENT_3D('',#4021,#4022,#4023);
#4025=PLANE('',#4024);
#4026=ORIENTED_EDGE('',*,*,#3834,.F.);
#4027=ORIENTED_EDGE('',*,*,#3902,.T.);
#4029=ORIENTED_EDGE('',*,*,#4028,.T.);
#4030=ORIENTED_EDGE('',*,*,#3974,.F.);
#4031=EDGE_LOOP('',(#4026,#4027,#4029,#4030));
#4032=FACE_OUTER_BOUND('',#4031,.F.);
#4033=ADVANCED_FACE('',(#4032),#4025,.F.);
#4034=CARTESIAN_POINT('',(6.15E0,-2.75E0,-2.75E0));
#4035=DIRECTION('',(0.E0,1.E0,0.E0));
#4036=DIRECTION('',(1.E0,0.E0,0.E0));
#4037=AXIS2_PLACEMENT_3D('',#4034,#4035,#4036);
#4038=PLANE('',#4037);
#4039=ORIENTED_EDGE('',*,*,#4028,.F.);
#4040=ORIENTED_EDGE('',*,*,#3900,.F.);
#4041=ORIENTED_EDGE('',*,*,#3962,.F.);
#4042=ORIENTED_EDGE('',*,*,#3976,.F.);
#4043=EDGE_LOOP('',(#4039,#4040,#4041,#4042));
#4044=FACE_OUTER_BOUND('',#4043,.F.);
#4045=ADVANCED_FACE('',(#4044),#4038,.T.);
#4046=CARTESIAN_POINT('',(-5.65E0,4.25E0,-2.05E0));
#4047=DIRECTION('',(-1.E0,0.E0,0.E0));
#4048=DIRECTION('',(0.E0,0.E0,1.E0));
#4049=AXIS2_PLACEMENT_3D('',#4046,#4047,#4048);
#4050=PLANE('',#4049);
#4051=ORIENTED_EDGE('',*,*,#3860,.T.);
#4052=ORIENTED_EDGE('',*,*,#3949,.T.);
#4054=ORIENTED_EDGE('',*,*,#4053,.F.);
#4056=ORIENTED_EDGE('',*,*,#4055,.F.);
#4058=ORIENTED_EDGE('',*,*,#4057,.T.);
#4060=ORIENTED_EDGE('',*,*,#4059,.T.);
#4062=ORIENTED_EDGE('',*,*,#4061,.T.);
#4064=ORIENTED_EDGE('',*,*,#4063,.T.);
#4065=ORIENTED_EDGE('',*,*,#3980,.T.);
#4066=EDGE_LOOP('',(#4051,#4052,#4054,#4056,#4058,#4060,#4062,#4064,#4065));
#4067=FACE_OUTER_BOUND('',#4066,.F.);
#4068=ADVANCED_FACE('',(#4067),#4050,.F.);
#4069=CARTESIAN_POINT('',(6.15E0,-1.65E0,-2.75E0));
#4070=DIRECTION('',(0.E0,1.E0,0.E0));
#4071=DIRECTION('',(1.E0,0.E0,0.E0));
#4072=AXIS2_PLACEMENT_3D('',#4069,#4070,#4071);
#4073=PLANE('',#4072);
#4075=ORIENTED_EDGE('',*,*,#4074,.F.);
#4076=ORIENTED_EDGE('',*,*,#4053,.T.);
#4077=ORIENTED_EDGE('',*,*,#3947,.F.);
#4079=ORIENTED_EDGE('',*,*,#4078,.F.);
#4080=EDGE_LOOP('',(#4075,#4076,#4077,#4079));
#4081=FACE_OUTER_BOUND('',#4080,.F.);
#4082=ADVANCED_FACE('',(#4081),#4073,.T.);
#4083=CARTESIAN_POINT('',(6.15E0,-1.65E0,-2.75E0));
#4084=DIRECTION('',(0.E0,1.E0,0.E0));
#4085=DIRECTION('',(1.E0,0.E0,0.E0));
#4086=AXIS2_PLACEMENT_3D('',#4083,#4084,#4085);
#4087=PLANE('',#4086);
#4089=ORIENTED_EDGE('',*,*,#4088,.F.);
#4090=ORIENTED_EDGE('',*,*,#3927,.F.);
#4092=ORIENTED_EDGE('',*,*,#4091,.F.);
#4094=ORIENTED_EDGE('',*,*,#4093,.F.);
#4095=EDGE_LOOP('',(#4089,#4090,#4092,#4094));
#4096=FACE_OUTER_BOUND('',#4095,.F.);
#4097=ADVANCED_FACE('',(#4096),#4087,.T.);
#4098=CARTESIAN_POINT('',(-5.65E0,4.25E0,2.2E0));
#4099=DIRECTION('',(0.E0,0.E0,1.E0));
#4100=DIRECTION('',(1.E0,0.E0,0.E0));
#4101=AXIS2_PLACEMENT_3D('',#4098,#4099,#4100);
#4102=PLANE('',#4101);
#4104=ORIENTED_EDGE('',*,*,#4103,.F.);
#4106=ORIENTED_EDGE('',*,*,#4105,.T.);
#4108=ORIENTED_EDGE('',*,*,#4107,.F.);
#4109=ORIENTED_EDGE('',*,*,#4055,.T.);
#4110=ORIENTED_EDGE('',*,*,#4074,.T.);
#4111=EDGE_LOOP('',(#4104,#4106,#4108,#4109,#4110));
#4112=FACE_OUTER_BOUND('',#4111,.F.);
#4113=ADVANCED_FACE('',(#4112),#4102,.F.);
#4114=CARTESIAN_POINT('',(-4.85E0,4.25E0,2.2E0));
#4115=DIRECTION('',(1.E0,0.E0,0.E0));
#4116=DIRECTION('',(0.E0,0.E0,-1.E0));
#4117=AXIS2_PLACEMENT_3D('',#4114,#4115,#4116);
#4118=PLANE('',#4117);
#4119=ORIENTED_EDGE('',*,*,#4103,.T.);
#4120=ORIENTED_EDGE('',*,*,#4078,.T.);
#4121=ORIENTED_EDGE('',*,*,#3945,.F.);
#4123=ORIENTED_EDGE('',*,*,#4122,.F.);
#4125=ORIENTED_EDGE('',*,*,#4124,.F.);
#4126=EDGE_LOOP('',(#4119,#4120,#4121,#4123,#4125));
#4127=FACE_OUTER_BOUND('',#4126,.F.);
#4128=ADVANCED_FACE('',(#4127),#4118,.F.);
#4129=CARTESIAN_POINT('',(-4.325E0,2.45E0,1.4E0));
#4130=DIRECTION('',(0.E0,7.071067811865E-1,-7.071067811865E-1));
#4131=DIRECTION('',(0.E0,-7.071067811865E-1,-7.071067811865E-1));
#4132=AXIS2_PLACEMENT_3D('',#4129,#4130,#4131);
#4133=PLANE('',#4132);
#4134=ORIENTED_EDGE('',*,*,#3943,.F.);
#4136=ORIENTED_EDGE('',*,*,#4135,.T.);
#4138=ORIENTED_EDGE('',*,*,#4137,.T.);
#4139=ORIENTED_EDGE('',*,*,#4122,.T.);
#4140=EDGE_LOOP('',(#4134,#4136,#4138,#4139));
#4141=FACE_OUTER_BOUND('',#4140,.F.);
#4142=ADVANCED_FACE('',(#4141),#4133,.T.);
#4143=CARTESIAN_POINT('',(-3.720710678119E0,2.329289321881E0,1.4E0));
#4144=DIRECTION('',(5.E-1,5.E-1,-7.071067811865E-1));
#4145=DIRECTION('',(5.E-1,5.E-1,7.071067811865E-1));
#4146=AXIS2_PLACEMENT_3D('',#4143,#4144,#4145);
#4147=PLANE('',#4146);
#4149=ORIENTED_EDGE('',*,*,#4148,.F.);
#4151=ORIENTED_EDGE('',*,*,#4150,.F.);
#4152=ORIENTED_EDGE('',*,*,#4135,.F.);
#4153=ORIENTED_EDGE('',*,*,#3941,.T.);
#4154=EDGE_LOOP('',(#4149,#4151,#4152,#4153));
#4155=FACE_OUTER_BOUND('',#4154,.F.);
#4156=ADVANCED_FACE('',(#4155),#4147,.T.);
#4157=CARTESIAN_POINT('',(-3.6E0,1.5E0,1.4E0));
#4158=DIRECTION('',(7.071067811865E-1,0.E0,-7.071067811865E-1));
#4159=DIRECTION('',(7.071067811865E-1,0.E0,7.071067811865E-1));
#4160=AXIS2_PLACEMENT_3D('',#4157,#4158,#4159);
#4161=PLANE('',#4160);
#4163=ORIENTED_EDGE('',*,*,#4162,.F.);
#4164=ORIENTED_EDGE('',*,*,#4148,.T.);
#4165=ORIENTED_EDGE('',*,*,#3939,.T.);
#4167=ORIENTED_EDGE('',*,*,#4166,.F.);
#4168=EDGE_LOOP('',(#4163,#4164,#4165,#4167));
#4169=FACE_OUTER_BOUND('',#4168,.F.);
#4170=ADVANCED_FACE('',(#4169),#4161,.T.);
#4171=CARTESIAN_POINT('',(-3.5E0,2.25E0,2.75E0));
#4172=DIRECTION('',(-1.E0,0.E0,0.E0));
#4173=DIRECTION('',(0.E0,-1.E0,0.E0));
#4174=AXIS2_PLACEMENT_3D('',#4171,#4172,#4173);
#4175=PLANE('',#4174);
#4176=ORIENTED_EDGE('',*,*,#4162,.T.);
#4178=ORIENTED_EDGE('',*,*,#4177,.F.);
#4179=ORIENTED_EDGE('',*,*,#3238,.F.);
#4181=ORIENTED_EDGE('',*,*,#4180,.T.);
#4182=EDGE_LOOP('',(#4176,#4178,#4179,#4181));
#4183=FACE_OUTER_BOUND('',#4182,.F.);
#4184=ADVANCED_FACE('',(#4183),#4175,.F.);
#4185=CARTESIAN_POINT('',(-3.5E0,7.5E-1,2.75E0));
#4186=DIRECTION('',(0.E0,-1.E0,0.E0));
#4187=DIRECTION('',(1.E0,0.E0,0.E0));
#4188=AXIS2_PLACEMENT_3D('',#4185,#4186,#4187);
#4189=PLANE('',#4188);
#4191=ORIENTED_EDGE('',*,*,#4190,.T.);
#4193=ORIENTED_EDGE('',*,*,#4192,.F.);
#4194=ORIENTED_EDGE('',*,*,#3240,.F.);
#4195=ORIENTED_EDGE('',*,*,#4177,.T.);
#4196=EDGE_LOOP('',(#4191,#4193,#4194,#4195));
#4197=FACE_OUTER_BOUND('',#4196,.F.);
#4198=ADVANCED_FACE('',(#4197),#4189,.F.);
#4199=CARTESIAN_POINT('',(0.E0,6.5E-1,1.4E0));
#4200=DIRECTION('',(0.E0,7.071067811865E-1,-7.071067811865E-1));
#4201=DIRECTION('',(0.E0,7.071067811865E-1,7.071067811865E-1));
#4202=AXIS2_PLACEMENT_3D('',#4199,#4200,#4201);
#4203=PLANE('',#4202);
#4204=ORIENTED_EDGE('',*,*,#4190,.F.);
#4205=ORIENTED_EDGE('',*,*,#4166,.T.);
#4206=ORIENTED_EDGE('',*,*,#3937,.T.);
#4208=ORIENTED_EDGE('',*,*,#4207,.F.);
#4209=EDGE_LOOP('',(#4204,#4205,#4206,#4208));
#4210=FACE_OUTER_BOUND('',#4209,.F.);
#4211=ADVANCED_FACE('',(#4210),#4203,.T.);
#4212=CARTESIAN_POINT('',(3.6E0,1.5E0,1.4E0));
#4213=DIRECTION('',(-7.071067811865E-1,0.E0,-7.071067811865E-1));
#4214=DIRECTION('',(-7.071067811865E-1,0.E0,7.071067811865E-1));
#4215=AXIS2_PLACEMENT_3D('',#4212,#4213,#4214);
#4216=PLANE('',#4215);
#4218=ORIENTED_EDGE('',*,*,#4217,.F.);
#4219=ORIENTED_EDGE('',*,*,#4207,.T.);
#4220=ORIENTED_EDGE('',*,*,#3935,.T.);
#4222=ORIENTED_EDGE('',*,*,#4221,.F.);
#4223=EDGE_LOOP('',(#4218,#4219,#4220,#4222));
#4224=FACE_OUTER_BOUND('',#4223,.F.);
#4225=ADVANCED_FACE('',(#4224),#4216,.T.);
#4226=CARTESIAN_POINT('',(3.5E0,7.5E-1,2.75E0));
#4227=DIRECTION('',(1.E0,0.E0,0.E0));
#4228=DIRECTION('',(0.E0,1.E0,0.E0));
#4229=AXIS2_PLACEMENT_3D('',#4226,#4227,#4228);
#4230=PLANE('',#4229);
#4231=ORIENTED_EDGE('',*,*,#4217,.T.);
#4233=ORIENTED_EDGE('',*,*,#4232,.F.);
#4234=ORIENTED_EDGE('',*,*,#3242,.F.);
#4235=ORIENTED_EDGE('',*,*,#4192,.T.);
#4236=EDGE_LOOP('',(#4231,#4233,#4234,#4235));
#4237=FACE_OUTER_BOUND('',#4236,.F.);
#4238=ADVANCED_FACE('',(#4237),#4230,.F.);
#4239=CARTESIAN_POINT('',(3.5E0,2.25E0,2.75E0));
#4240=DIRECTION('',(7.071067811865E-1,-7.071067811865E-1,0.E0));
#4241=DIRECTION('',(7.071067811865E-1,7.071067811865E-1,0.E0));
#4242=AXIS2_PLACEMENT_3D('',#4239,#4240,#4241);
#4243=PLANE('',#4242);
#4245=ORIENTED_EDGE('',*,*,#4244,.T.);
#4247=ORIENTED_EDGE('',*,*,#4246,.F.);
#4248=ORIENTED_EDGE('',*,*,#3244,.F.);
#4249=ORIENTED_EDGE('',*,*,#4232,.T.);
#4250=EDGE_LOOP('',(#4245,#4247,#4248,#4249));
#4251=FACE_OUTER_BOUND('',#4250,.F.);
#4252=ADVANCED_FACE('',(#4251),#4243,.F.);
#4253=CARTESIAN_POINT('',(3.720710678119E0,2.329289321881E0,1.4E0));
#4254=DIRECTION('',(-5.E-1,5.E-1,-7.071067811865E-1));
#4255=DIRECTION('',(-5.E-1,5.E-1,7.071067811866E-1));
#4256=AXIS2_PLACEMENT_3D('',#4253,#4254,#4255);
#4257=PLANE('',#4256);
#4259=ORIENTED_EDGE('',*,*,#4258,.F.);
#4260=ORIENTED_EDGE('',*,*,#4244,.F.);
#4261=ORIENTED_EDGE('',*,*,#4221,.T.);
#4262=ORIENTED_EDGE('',*,*,#3933,.T.);
#4263=EDGE_LOOP('',(#4259,#4260,#4261,#4262));
#4264=FACE_OUTER_BOUND('',#4263,.F.);
#4265=ADVANCED_FACE('',(#4264),#4257,.T.);
#4266=CARTESIAN_POINT('',(4.325E0,2.45E0,1.4E0));
#4267=DIRECTION('',(0.E0,7.071067811865E-1,-7.071067811865E-1));
#4268=DIRECTION('',(0.E0,-7.071067811865E-1,-7.071067811865E-1));
#4269=AXIS2_PLACEMENT_3D('',#4266,#4267,#4268);
#4270=PLANE('',#4269);
#4272=ORIENTED_EDGE('',*,*,#4271,.T.);
#4273=ORIENTED_EDGE('',*,*,#4258,.T.);
#4274=ORIENTED_EDGE('',*,*,#3931,.F.);
#4276=ORIENTED_EDGE('',*,*,#4275,.T.);
#4277=EDGE_LOOP('',(#4272,#4273,#4274,#4276));
#4278=FACE_OUTER_BOUND('',#4277,.F.);
#4279=ADVANCED_FACE('',(#4278),#4270,.T.);
#4280=CARTESIAN_POINT('',(6.15E0,2.55E0,2.75E0));
#4281=DIRECTION('',(0.E0,-1.E0,0.E0));
#4282=DIRECTION('',(0.E0,0.E0,-1.E0));
#4283=AXIS2_PLACEMENT_3D('',#4280,#4281,#4282);
#4284=PLANE('',#4283);
#4285=ORIENTED_EDGE('',*,*,#4137,.F.);
#4287=ORIENTED_EDGE('',*,*,#4286,.F.);
#4288=ORIENTED_EDGE('',*,*,#3234,.T.);
#4289=ORIENTED_EDGE('',*,*,#3372,.T.);
#4291=ORIENTED_EDGE('',*,*,#4290,.F.);
#4293=ORIENTED_EDGE('',*,*,#4292,.F.);
#4295=ORIENTED_EDGE('',*,*,#4294,.F.);
#4296=ORIENTED_EDGE('',*,*,#3025,.T.);
#4298=ORIENTED_EDGE('',*,*,#4297,.F.);
#4300=ORIENTED_EDGE('',*,*,#4299,.F.);
#4301=ORIENTED_EDGE('',*,*,#4105,.F.);
#4302=ORIENTED_EDGE('',*,*,#4124,.T.);
#4303=EDGE_LOOP('',(#4285,#4287,#4288,#4289,#4291,#4293,#4295,#4296,#4298,#4300,
#4301,#4302));
#4304=FACE_OUTER_BOUND('',#4303,.F.);
#4305=ADVANCED_FACE('',(#4304),#4284,.F.);
#4306=CARTESIAN_POINT('',(6.15E0,2.55E0,2.75E0));
#4307=DIRECTION('',(0.E0,-1.E0,0.E0));
#4308=DIRECTION('',(0.E0,0.E0,-1.E0));
#4309=AXIS2_PLACEMENT_3D('',#4306,#4307,#4308);
#4310=PLANE('',#4309);
#4312=ORIENTED_EDGE('',*,*,#4311,.F.);
#4314=ORIENTED_EDGE('',*,*,#4313,.F.);
#4316=ORIENTED_EDGE('',*,*,#4315,.F.);
#4318=ORIENTED_EDGE('',*,*,#4317,.F.);
#4320=ORIENTED_EDGE('',*,*,#4319,.F.);
#4322=ORIENTED_EDGE('',*,*,#4321,.F.);
#4323=ORIENTED_EDGE('',*,*,#3154,.T.);
#4324=ORIENTED_EDGE('',*,*,#3246,.T.);
#4325=ORIENTED_EDGE('',*,*,#4246,.T.);
#4326=ORIENTED_EDGE('',*,*,#4271,.F.);
#4328=ORIENTED_EDGE('',*,*,#4327,.T.);
#4330=ORIENTED_EDGE('',*,*,#4329,.F.);
#4331=EDGE_LOOP('',(#4312,#4314,#4316,#4318,#4320,#4322,#4323,#4324,#4325,#4326,
#4328,#4330));
#4332=FACE_OUTER_BOUND('',#4331,.F.);
#4333=ADVANCED_FACE('',(#4332),#4310,.F.);
#4334=CARTESIAN_POINT('',(-3.8E0,2.55E0,2.75E0));
#4335=DIRECTION('',(-7.071067811865E-1,-7.071067811865E-1,0.E0));
#4336=DIRECTION('',(7.071067811865E-1,-7.071067811865E-1,0.E0));
#4337=AXIS2_PLACEMENT_3D('',#4334,#4335,#4336);
#4338=PLANE('',#4337);
#4339=ORIENTED_EDGE('',*,*,#4150,.T.);
#4340=ORIENTED_EDGE('',*,*,#4180,.F.);
#4341=ORIENTED_EDGE('',*,*,#3236,.F.);
#4342=ORIENTED_EDGE('',*,*,#4286,.T.);
#4343=EDGE_LOOP('',(#4339,#4340,#4341,#4342));
#4344=FACE_OUTER_BOUND('',#4343,.F.);
#4345=ADVANCED_FACE('',(#4344),#4338,.F.);
#4346=CARTESIAN_POINT('',(-4.45E0,-8.5E-1,2.65E0));
#4347=DIRECTION('',(7.071067811865E-1,0.E0,7.071067811865E-1));
#4348=DIRECTION('',(7.071067811865E-1,0.E0,-7.071067811865E-1));
#4349=AXIS2_PLACEMENT_3D('',#4346,#4347,#4348);
#4350=PLANE('',#4349);
#4351=ORIENTED_EDGE('',*,*,#4290,.T.);
#4352=ORIENTED_EDGE('',*,*,#3370,.F.);
#4353=ORIENTED_EDGE('',*,*,#3136,.T.);
#4355=ORIENTED_EDGE('',*,*,#4354,.T.);
#4356=EDGE_LOOP('',(#4351,#4352,#4353,#4355));
#4357=FACE_OUTER_BOUND('',#4356,.F.);
#4358=ADVANCED_FACE('',(#4357),#4350,.T.);
#4359=CARTESIAN_POINT('',(0.E0,0.E0,2.75E0));
#4360=DIRECTION('',(0.E0,0.E0,1.E0));
#4361=DIRECTION('',(1.E0,0.E0,0.E0));
#4362=AXIS2_PLACEMENT_3D('',#4359,#4360,#4361);
#4363=PLANE('',#4362);
#4365=ORIENTED_EDGE('',*,*,#4364,.F.);
#4366=ORIENTED_EDGE('',*,*,#3041,.F.);
#4368=ORIENTED_EDGE('',*,*,#4367,.F.);
#4369=ORIENTED_EDGE('',*,*,#4319,.T.);
#4370=EDGE_LOOP('',(#4365,#4366,#4368,#4369));
#4371=FACE_OUTER_BOUND('',#4370,.F.);
#4372=ADVANCED_FACE('',(#4371),#4363,.T.);
#4373=CARTESIAN_POINT('',(0.E0,0.E0,2.75E0));
#4374=DIRECTION('',(0.E0,0.E0,1.E0));
#4375=DIRECTION('',(1.E0,0.E0,0.E0));
#4376=AXIS2_PLACEMENT_3D('',#4373,#4374,#4375);
#4377=PLANE('',#4376);
#4378=ORIENTED_EDGE('',*,*,#4354,.F.);
#4379=ORIENTED_EDGE('',*,*,#3134,.F.);
#4381=ORIENTED_EDGE('',*,*,#4380,.F.);
#4382=ORIENTED_EDGE('',*,*,#4292,.T.);
#4383=EDGE_LOOP('',(#4378,#4379,#4381,#4382));
#4384=FACE_OUTER_BOUND('',#4383,.F.);
#4385=ADVANCED_FACE('',(#4384),#4377,.T.);
#4386=CARTESIAN_POINT('',(6.05E0,-8.5E-1,2.65E0));
#4387=DIRECTION('',(7.071067811865E-1,0.E0,7.071067811865E-1));
#4388=DIRECTION('',(7.071067811865E-1,0.E0,-7.071067811865E-1));
#4389=AXIS2_PLACEMENT_3D('',#4386,#4387,#4388);
#4390=PLANE('',#4389);
#4391=ORIENTED_EDGE('',*,*,#4317,.T.);
#4393=ORIENTED_EDGE('',*,*,#4392,.F.);
#4394=ORIENTED_EDGE('',*,*,#3043,.T.);
#4395=ORIENTED_EDGE('',*,*,#4364,.T.);
#4396=EDGE_LOOP('',(#4391,#4393,#4394,#4395));
#4397=FACE_OUTER_BOUND('',#4396,.F.);
#4398=ADVANCED_FACE('',(#4397),#4390,.T.);
#4399=CARTESIAN_POINT('',(6.15E0,-4.25E0,-2.75E0));
#4400=DIRECTION('',(1.E0,0.E0,0.E0));
#4401=DIRECTION('',(0.E0,1.E0,0.E0));
#4402=AXIS2_PLACEMENT_3D('',#4399,#4400,#4401);
#4403=PLANE('',#4402);
#4404=ORIENTED_EDGE('',*,*,#2986,.F.);
#4406=ORIENTED_EDGE('',*,*,#4405,.F.);
#4408=ORIENTED_EDGE('',*,*,#4407,.F.);
#4410=ORIENTED_EDGE('',*,*,#4409,.F.);
#4411=ORIENTED_EDGE('',*,*,#3045,.T.);
#4412=ORIENTED_EDGE('',*,*,#4392,.T.);
#4413=ORIENTED_EDGE('',*,*,#4315,.T.);
#4415=ORIENTED_EDGE('',*,*,#4414,.T.);
#4417=ORIENTED_EDGE('',*,*,#4416,.T.);
#4419=ORIENTED_EDGE('',*,*,#4418,.F.);
#4420=EDGE_LOOP('',(#4404,#4406,#4408,#4410,#4411,#4412,#4413,#4415,#4417,
#4419));
#4421=FACE_OUTER_BOUND('',#4420,.F.);
#4422=ADVANCED_FACE('',(#4421),#4403,.T.);
#4423=CARTESIAN_POINT('',(6.15E0,-6.25E0,-1.95E0));
#4424=DIRECTION('',(0.E0,-1.E0,0.E0));
#4425=DIRECTION('',(0.E0,0.E0,-1.E0));
#4426=AXIS2_PLACEMENT_3D('',#4423,#4424,#4425);
#4427=PLANE('',#4426);
#4428=ORIENTED_EDGE('',*,*,#4405,.T.);
#4429=ORIENTED_EDGE('',*,*,#2984,.T.);
#4431=ORIENTED_EDGE('',*,*,#4430,.T.);
#4433=ORIENTED_EDGE('',*,*,#4432,.T.);
#4434=EDGE_LOOP('',(#4428,#4429,#4431,#4433));
#4435=FACE_OUTER_BOUND('',#4434,.F.);
#4436=ADVANCED_FACE('',(#4435),#4427,.T.);
#4437=CARTESIAN_POINT('',(5.15E0,-4.25E0,-2.75E0));
#4438=DIRECTION('',(1.E0,0.E0,0.E0));
#4439=DIRECTION('',(0.E0,0.E0,-1.E0));
#4440=AXIS2_PLACEMENT_3D('',#4437,#4438,#4439);
#4441=PLANE('',#4440);
#4442=ORIENTED_EDGE('',*,*,#3049,.T.);
#4444=ORIENTED_EDGE('',*,*,#4443,.T.);
#4446=ORIENTED_EDGE('',*,*,#4445,.F.);
#4447=ORIENTED_EDGE('',*,*,#4430,.F.);
#4448=ORIENTED_EDGE('',*,*,#2982,.T.);
#4449=EDGE_LOOP('',(#4442,#4444,#4446,#4447,#4448));
#4450=FACE_OUTER_BOUND('',#4449,.F.);
#4451=ADVANCED_FACE('',(#4450),#4441,.F.);
#4452=CARTESIAN_POINT('',(6.15E0,-4.25E0,-1.25E0));
#4453=DIRECTION('',(0.E0,0.E0,1.E0));
#4454=DIRECTION('',(0.E0,-1.E0,0.E0));
#4455=AXIS2_PLACEMENT_3D('',#4452,#4453,#4454);
#4456=PLANE('',#4455);
#4457=ORIENTED_EDGE('',*,*,#4409,.T.);
#4459=ORIENTED_EDGE('',*,*,#4458,.F.);
#4460=ORIENTED_EDGE('',*,*,#4443,.F.);
#4461=ORIENTED_EDGE('',*,*,#3047,.F.);
#4462=EDGE_LOOP('',(#4457,#4459,#4460,#4461));
#4463=FACE_OUTER_BOUND('',#4462,.F.);
#4464=ADVANCED_FACE('',(#4463),#4456,.T.);
#4465=CARTESIAN_POINT('',(6.15E0,-5.25E0,-1.25E0));
#4466=DIRECTION('',(0.E0,-5.734623443633E-1,8.192319205190E-1));
#4467=DIRECTION('',(0.E0,-8.192319205190E-1,-5.734623443633E-1));
#4468=AXIS2_PLACEMENT_3D('',#4465,#4466,#4467);
#4469=PLANE('',#4468);
#4470=ORIENTED_EDGE('',*,*,#4407,.T.);
#4471=ORIENTED_EDGE('',*,*,#4432,.F.);
#4472=ORIENTED_EDGE('',*,*,#4445,.T.);
#4473=ORIENTED_EDGE('',*,*,#4458,.T.);
#4474=EDGE_LOOP('',(#4470,#4471,#4472,#4473));
#4475=FACE_OUTER_BOUND('',#4474,.F.);
#4476=ADVANCED_FACE('',(#4475),#4469,.T.);
#4477=CARTESIAN_POINT('',(6.15E0,2.55E0,-7.5E-1));
#4478=DIRECTION('',(0.E0,0.E0,-1.E0));
#4479=DIRECTION('',(0.E0,1.E0,0.E0));
#4480=AXIS2_PLACEMENT_3D('',#4477,#4478,#4479);
#4481=PLANE('',#4480);
#4483=ORIENTED_EDGE('',*,*,#4482,.F.);
#4485=ORIENTED_EDGE('',*,*,#4484,.F.);
#4486=ORIENTED_EDGE('',*,*,#4414,.F.);
#4487=ORIENTED_EDGE('',*,*,#4313,.T.);
#4488=EDGE_LOOP('',(#4483,#4485,#4486,#4487));
#4489=FACE_OUTER_BOUND('',#4488,.F.);
#4490=ADVANCED_FACE('',(#4489),#4481,.F.);
#4491=CARTESIAN_POINT('',(6.15E0,2.55E0,-7.5E-1));
#4492=DIRECTION('',(0.E0,0.E0,-1.E0));
#4493=DIRECTION('',(0.E0,1.E0,0.E0));
#4494=AXIS2_PLACEMENT_3D('',#4491,#4492,#4493);
#4495=PLANE('',#4494);
#4497=ORIENTED_EDGE('',*,*,#4496,.F.);
#4498=ORIENTED_EDGE('',*,*,#4297,.T.);
#4499=ORIENTED_EDGE('',*,*,#3023,.T.);
#4501=ORIENTED_EDGE('',*,*,#4500,.F.);
#4502=EDGE_LOOP('',(#4497,#4498,#4499,#4501));
#4503=FACE_OUTER_BOUND('',#4502,.F.);
#4504=ADVANCED_FACE('',(#4503),#4495,.F.);
#4505=CARTESIAN_POINT('',(5.75E0,3.2E0,-8.5E-1));
#4506=DIRECTION('',(-7.071067811865E-1,0.E0,7.071067811865E-1));
#4507=DIRECTION('',(-7.071067811865E-1,0.E0,-7.071067811865E-1));
#4508=AXIS2_PLACEMENT_3D('',#4505,#4506,#4507);
#4509=PLANE('',#4508);
#4510=ORIENTED_EDGE('',*,*,#4482,.T.);
#4512=ORIENTED_EDGE('',*,*,#4511,.F.);
#4514=ORIENTED_EDGE('',*,*,#4513,.F.);
#4516=ORIENTED_EDGE('',*,*,#4515,.T.);
#4517=EDGE_LOOP('',(#4510,#4512,#4514,#4516));
#4518=FACE_OUTER_BOUND('',#4517,.F.);
#4519=ADVANCED_FACE('',(#4518),#4509,.T.);
#4520=CARTESIAN_POINT('',(5.75E0,2.45E0,7.25E-1));
#4521=DIRECTION('',(-7.071067811865E-1,7.071067811865E-1,0.E0));
#4522=DIRECTION('',(-7.071067811865E-1,-7.071067811865E-1,0.E0));
#4523=AXIS2_PLACEMENT_3D('',#4520,#4521,#4522);
#4524=PLANE('',#4523);
#4525=ORIENTED_EDGE('',*,*,#4311,.T.);
#4527=ORIENTED_EDGE('',*,*,#4526,.T.);
#4529=ORIENTED_EDGE('',*,*,#4528,.F.);
#4530=ORIENTED_EDGE('',*,*,#4511,.T.);
#4531=EDGE_LOOP('',(#4525,#4527,#4529,#4530));
#4532=FACE_OUTER_BOUND('',#4531,.F.);
#4533=ADVANCED_FACE('',(#4532),#4524,.T.);
#4534=CARTESIAN_POINT('',(4.85E0,4.25E0,2.2E0));
#4535=DIRECTION('',(0.E0,0.E0,1.E0));
#4536=DIRECTION('',(1.E0,0.E0,0.E0));
#4537=AXIS2_PLACEMENT_3D('',#4534,#4535,#4536);
#4538=PLANE('',#4537);
#4540=ORIENTED_EDGE('',*,*,#4539,.T.);
#4541=ORIENTED_EDGE('',*,*,#4093,.T.);
#4543=ORIENTED_EDGE('',*,*,#4542,.F.);
#4544=ORIENTED_EDGE('',*,*,#4526,.F.);
#4545=ORIENTED_EDGE('',*,*,#4329,.T.);
#4546=EDGE_LOOP('',(#4540,#4541,#4543,#4544,#4545));
#4547=FACE_OUTER_BOUND('',#4546,.F.);
#4548=ADVANCED_FACE('',(#4547),#4538,.F.);
#4549=CARTESIAN_POINT('',(4.85E0,4.25E0,1.3E0));
#4550=DIRECTION('',(-1.E0,0.E0,0.E0));
#4551=DIRECTION('',(0.E0,0.E0,1.E0));
#4552=AXIS2_PLACEMENT_3D('',#4549,#4550,#4551);
#4553=PLANE('',#4552);
#4554=ORIENTED_EDGE('',*,*,#4539,.F.);
#4555=ORIENTED_EDGE('',*,*,#4327,.F.);
#4556=ORIENTED_EDGE('',*,*,#4275,.F.);
#4557=ORIENTED_EDGE('',*,*,#3929,.T.);
#4558=ORIENTED_EDGE('',*,*,#4088,.T.);
#4559=EDGE_LOOP('',(#4554,#4555,#4556,#4557,#4558));
#4560=FACE_OUTER_BOUND('',#4559,.F.);
#4561=ADVANCED_FACE('',(#4560),#4553,.F.);
#4562=CARTESIAN_POINT('',(5.65E0,4.25E0,2.2E0));
#4563=DIRECTION('',(1.E0,0.E0,0.E0));
#4564=DIRECTION('',(0.E0,0.E0,-1.E0));
#4565=AXIS2_PLACEMENT_3D('',#4562,#4563,#4564);
#4566=PLANE('',#4565);
#4567=ORIENTED_EDGE('',*,*,#3760,.T.);
#4568=ORIENTED_EDGE('',*,*,#3996,.F.);
#4570=ORIENTED_EDGE('',*,*,#4569,.T.);
#4572=ORIENTED_EDGE('',*,*,#4571,.T.);
#4573=ORIENTED_EDGE('',*,*,#4513,.T.);
#4574=ORIENTED_EDGE('',*,*,#4528,.T.);
#4575=ORIENTED_EDGE('',*,*,#4542,.T.);
#4576=ORIENTED_EDGE('',*,*,#4091,.T.);
#4577=ORIENTED_EDGE('',*,*,#3925,.F.);
#4578=EDGE_LOOP('',(#4567,#4568,#4570,#4572,#4573,#4574,#4575,#4576,#4577));
#4579=FACE_OUTER_BOUND('',#4578,.F.);
#4580=ADVANCED_FACE('',(#4579),#4566,.F.);
#4581=CARTESIAN_POINT('',(5.75E0,4.15E0,-1.6E0));
#4582=DIRECTION('',(-7.071067811865E-1,7.071067811865E-1,0.E0));
#4583=DIRECTION('',(-7.071067811865E-1,-7.071067811865E-1,0.E0));
#4584=AXIS2_PLACEMENT_3D('',#4581,#4582,#4583);
#4585=PLANE('',#4584);
#4586=ORIENTED_EDGE('',*,*,#4569,.F.);
#4588=ORIENTED_EDGE('',*,*,#4587,.T.);
#4590=ORIENTED_EDGE('',*,*,#4589,.T.);
#4592=ORIENTED_EDGE('',*,*,#4591,.T.);
#4593=EDGE_LOOP('',(#4586,#4588,#4590,#4592));
#4594=FACE_OUTER_BOUND('',#4593,.F.);
#4595=ADVANCED_FACE('',(#4594),#4585,.T.);
#4596=CARTESIAN_POINT('',(5.025E0,4.15E0,-2.15E0));
#4597=DIRECTION('',(0.E0,7.071067811865E-1,7.071067811865E-1));
#4598=DIRECTION('',(0.E0,-7.071067811865E-1,7.071067811865E-1));
#4599=AXIS2_PLACEMENT_3D('',#4596,#4597,#4598);
#4600=PLANE('',#4599);
#4602=ORIENTED_EDGE('',*,*,#4601,.T.);
#4603=ORIENTED_EDGE('',*,*,#4587,.F.);
#4604=ORIENTED_EDGE('',*,*,#3994,.F.);
#4606=ORIENTED_EDGE('',*,*,#4605,.T.);
#4607=EDGE_LOOP('',(#4602,#4603,#4604,#4606));
#4608=FACE_OUTER_BOUND('',#4607,.F.);
#4609=ADVANCED_FACE('',(#4608),#4600,.T.);
#4610=CARTESIAN_POINT('',(6.15E0,4.25E0,-2.75E0));
#4611=DIRECTION('',(0.E0,1.E0,0.E0));
#4612=DIRECTION('',(-1.E0,0.E0,0.E0));
#4613=AXIS2_PLACEMENT_3D('',#4610,#4611,#4612);
#4614=PLANE('',#4613);
#4615=ORIENTED_EDGE('',*,*,#4589,.F.);
#4616=ORIENTED_EDGE('',*,*,#4601,.F.);
#4618=ORIENTED_EDGE('',*,*,#4617,.F.);
#4619=ORIENTED_EDGE('',*,*,#2988,.F.);
#4620=ORIENTED_EDGE('',*,*,#4418,.T.);
#4622=ORIENTED_EDGE('',*,*,#4621,.T.);
#4623=EDGE_LOOP('',(#4615,#4616,#4618,#4619,#4620,#4622));
#4624=FACE_OUTER_BOUND('',#4623,.F.);
#4625=ADVANCED_FACE('',(#4624),#4614,.T.);
#4626=CARTESIAN_POINT('',(6.15E0,4.25E0,-2.75E0));
#4627=DIRECTION('',(0.E0,1.E0,0.E0));
#4628=DIRECTION('',(-1.E0,0.E0,0.E0));
#4629=AXIS2_PLACEMENT_3D('',#4626,#4627,#4628);
#4630=PLANE('',#4629);
#4632=ORIENTED_EDGE('',*,*,#4631,.F.);
#4634=ORIENTED_EDGE('',*,*,#4633,.F.);
#4636=ORIENTED_EDGE('',*,*,#4635,.T.);
#4637=ORIENTED_EDGE('',*,*,#3019,.F.);
#4638=ORIENTED_EDGE('',*,*,#3000,.F.);
#4640=ORIENTED_EDGE('',*,*,#4639,.T.);
#4641=EDGE_LOOP('',(#4632,#4634,#4636,#4637,#4638,#4640));
#4642=FACE_OUTER_BOUND('',#4641,.F.);
#4643=ADVANCED_FACE('',(#4642),#4630,.T.);
#4644=CARTESIAN_POINT('',(4.E0,3.85E0,-2.05E0));
#4645=DIRECTION('',(7.071067811865E-1,-7.071067811865E-1,0.E0));
#4646=DIRECTION('',(7.071067811865E-1,7.071067811865E-1,0.E0));
#4647=AXIS2_PLACEMENT_3D('',#4644,#4645,#4646);
#4648=PLANE('',#4647);
#4650=ORIENTED_EDGE('',*,*,#4649,.T.);
#4652=ORIENTED_EDGE('',*,*,#4651,.T.);
#4653=ORIENTED_EDGE('',*,*,#2990,.T.);
#4654=ORIENTED_EDGE('',*,*,#4617,.T.);
#4655=EDGE_LOOP('',(#4650,#4652,#4653,#4654));
#4656=FACE_OUTER_BOUND('',#4655,.F.);
#4657=ADVANCED_FACE('',(#4656),#4648,.F.);
#4658=CARTESIAN_POINT('',(4.270710678119E0,3.979289321881E0,-2.15E0));
#4659=DIRECTION('',(-5.E-1,5.E-1,7.071067811865E-1));
#4660=DIRECTION('',(-5.E-1,5.E-1,-7.071067811865E-1));
#4661=AXIS2_PLACEMENT_3D('',#4658,#4659,#4660);
#4662=PLANE('',#4661);
#4663=ORIENTED_EDGE('',*,*,#4649,.F.);
#4664=ORIENTED_EDGE('',*,*,#4605,.F.);
#4665=ORIENTED_EDGE('',*,*,#3992,.T.);
#4667=ORIENTED_EDGE('',*,*,#4666,.F.);
#4668=EDGE_LOOP('',(#4663,#4664,#4665,#4667));
#4669=FACE_OUTER_BOUND('',#4668,.F.);
#4670=ADVANCED_FACE('',(#4669),#4662,.T.);
#4671=CARTESIAN_POINT('',(4.1E0,3.6E0,-2.15E0));
#4672=DIRECTION('',(-7.071067811865E-1,0.E0,7.071067811865E-1));
#4673=DIRECTION('',(-7.071067811865E-1,0.E0,-7.071067811865E-1));
#4674=AXIS2_PLACEMENT_3D('',#4671,#4672,#4673);
#4675=PLANE('',#4674);
#4676=ORIENTED_EDGE('',*,*,#3990,.T.);
#4678=ORIENTED_EDGE('',*,*,#4677,.F.);
#4680=ORIENTED_EDGE('',*,*,#4679,.F.);
#4681=ORIENTED_EDGE('',*,*,#4666,.T.);
#4682=EDGE_LOOP('',(#4676,#4678,#4680,#4681));
#4683=FACE_OUTER_BOUND('',#4682,.F.);
#4684=ADVANCED_FACE('',(#4683),#4675,.T.);
#4685=CARTESIAN_POINT('',(0.E0,3.25E0,-2.15E0));
#4686=DIRECTION('',(0.E0,7.071067811865E-1,7.071067811865E-1));
#4687=DIRECTION('',(0.E0,7.071067811865E-1,-7.071067811865E-1));
#4688=AXIS2_PLACEMENT_3D('',#4685,#4686,#4687);
#4689=PLANE('',#4688);
#4690=ORIENTED_EDGE('',*,*,#3988,.T.);
#4692=ORIENTED_EDGE('',*,*,#4691,.F.);
#4694=ORIENTED_EDGE('',*,*,#4693,.F.);
#4695=ORIENTED_EDGE('',*,*,#4677,.T.);
#4696=EDGE_LOOP('',(#4690,#4692,#4694,#4695));
#4697=FACE_OUTER_BOUND('',#4696,.F.);
#4698=ADVANCED_FACE('',(#4697),#4689,.T.);
#4699=CARTESIAN_POINT('',(-4.1E0,3.6E0,-2.15E0));
#4700=DIRECTION('',(7.071067811865E-1,0.E0,7.071067811865E-1));
#4701=DIRECTION('',(7.071067811865E-1,0.E0,-7.071067811865E-1));
#4702=AXIS2_PLACEMENT_3D('',#4699,#4700,#4701);
#4703=PLANE('',#4702);
#4705=ORIENTED_EDGE('',*,*,#4704,.F.);
#4706=ORIENTED_EDGE('',*,*,#4691,.T.);
#4707=ORIENTED_EDGE('',*,*,#3986,.T.);
#4709=ORIENTED_EDGE('',*,*,#4708,.F.);
#4710=EDGE_LOOP('',(#4705,#4706,#4707,#4709));
#4711=FACE_OUTER_BOUND('',#4710,.F.);
#4712=ADVANCED_FACE('',(#4711),#4703,.T.);
#4713=CARTESIAN_POINT('',(-4.E0,3.85E0,-2.05E0));
#4714=DIRECTION('',(-1.E0,0.E0,0.E0));
#4715=DIRECTION('',(0.E0,-1.E0,0.E0));
#4716=AXIS2_PLACEMENT_3D('',#4713,#4714,#4715);
#4717=PLANE('',#4716);
#4718=ORIENTED_EDGE('',*,*,#4704,.T.);
#4720=ORIENTED_EDGE('',*,*,#4719,.T.);
#4721=ORIENTED_EDGE('',*,*,#2996,.T.);
#4723=ORIENTED_EDGE('',*,*,#4722,.F.);
#4724=EDGE_LOOP('',(#4718,#4720,#4721,#4723));
#4725=FACE_OUTER_BOUND('',#4724,.F.);
#4726=ADVANCED_FACE('',(#4725),#4717,.F.);
#4727=CARTESIAN_POINT('',(-4.4E0,4.25E0,-2.05E0));
#4728=DIRECTION('',(-7.071067811865E-1,-7.071067811865E-1,0.E0));
#4729=DIRECTION('',(7.071067811865E-1,-7.071067811865E-1,0.E0));
#4730=AXIS2_PLACEMENT_3D('',#4727,#4728,#4729);
#4731=PLANE('',#4730);
#4733=ORIENTED_EDGE('',*,*,#4732,.T.);
#4734=ORIENTED_EDGE('',*,*,#4639,.F.);
#4735=ORIENTED_EDGE('',*,*,#2998,.T.);
#4736=ORIENTED_EDGE('',*,*,#4719,.F.);
#4737=EDGE_LOOP('',(#4733,#4734,#4735,#4736));
#4738=FACE_OUTER_BOUND('',#4737,.F.);
#4739=ADVANCED_FACE('',(#4738),#4731,.F.);
#4740=CARTESIAN_POINT('',(-4.270710678119E0,3.979289321881E0,-2.15E0));
#4741=DIRECTION('',(5.E-1,5.E-1,7.071067811866E-1));
#4742=DIRECTION('',(5.E-1,5.E-1,-7.071067811865E-1));
#4743=AXIS2_PLACEMENT_3D('',#4740,#4741,#4742);
#4744=PLANE('',#4743);
#4745=ORIENTED_EDGE('',*,*,#3984,.T.);
#4747=ORIENTED_EDGE('',*,*,#4746,.F.);
#4748=ORIENTED_EDGE('',*,*,#4732,.F.);
#4749=ORIENTED_EDGE('',*,*,#4708,.T.);
#4750=EDGE_LOOP('',(#4745,#4747,#4748,#4749));
#4751=FACE_OUTER_BOUND('',#4750,.F.);
#4752=ADVANCED_FACE('',(#4751),#4744,.T.);
#4753=CARTESIAN_POINT('',(-5.025E0,4.15E0,-2.15E0));
#4754=DIRECTION('',(0.E0,7.071067811865E-1,7.071067811865E-1));
#4755=DIRECTION('',(0.E0,-7.071067811865E-1,7.071067811865E-1));
#4756=AXIS2_PLACEMENT_3D('',#4753,#4754,#4755);
#4757=PLANE('',#4756);
#4758=ORIENTED_EDGE('',*,*,#3982,.F.);
#4760=ORIENTED_EDGE('',*,*,#4759,.T.);
#4761=ORIENTED_EDGE('',*,*,#4631,.T.);
#4762=ORIENTED_EDGE('',*,*,#4746,.T.);
#4763=EDGE_LOOP('',(#4758,#4760,#4761,#4762));
#4764=FACE_OUTER_BOUND('',#4763,.F.);
#4765=ADVANCED_FACE('',(#4764),#4757,.T.);
#4766=CARTESIAN_POINT('',(-5.75E0,4.15E0,-1.6E0));
#4767=DIRECTION('',(7.071067811865E-1,7.071067811865E-1,0.E0));
#4768=DIRECTION('',(7.071067811865E-1,-7.071067811865E-1,0.E0));
#4769=AXIS2_PLACEMENT_3D('',#4766,#4767,#4768);
#4770=PLANE('',#4769);
#4771=ORIENTED_EDGE('',*,*,#4633,.T.);
#4772=ORIENTED_EDGE('',*,*,#4759,.F.);
#4773=ORIENTED_EDGE('',*,*,#4063,.F.);
#4775=ORIENTED_EDGE('',*,*,#4774,.T.);
#4776=EDGE_LOOP('',(#4771,#4772,#4773,#4775));
#4777=FACE_OUTER_BOUND('',#4776,.F.);
#4778=ADVANCED_FACE('',(#4777),#4770,.T.);
#4779=CARTESIAN_POINT('',(-5.75E0,3.979289321881E0,-1.020710678119E0));
#4780=DIRECTION('',(7.071067811865E-1,5.E-1,5.E-1));
#4781=DIRECTION('',(7.071067811865E-1,-5.E-1,-5.E-1));
#4782=AXIS2_PLACEMENT_3D('',#4779,#4780,#4781);
#4783=PLANE('',#4782);
#4785=ORIENTED_EDGE('',*,*,#4784,.T.);
#4786=ORIENTED_EDGE('',*,*,#4774,.F.);
#4787=ORIENTED_EDGE('',*,*,#4061,.F.);
#4789=ORIENTED_EDGE('',*,*,#4788,.F.);
#4790=EDGE_LOOP('',(#4785,#4786,#4787,#4789));
#4791=FACE_OUTER_BOUND('',#4790,.F.);
#4792=ADVANCED_FACE('',(#4791),#4783,.T.);
#4793=CARTESIAN_POINT('',(6.15E0,3.85E0,-7.5E-1));
#4794=DIRECTION('',(0.E0,-7.071067811865E-1,-7.071067811865E-1));
#4795=DIRECTION('',(0.E0,7.071067811865E-1,-7.071067811865E-1));
#4796=AXIS2_PLACEMENT_3D('',#4793,#4794,#4795);
#4797=PLANE('',#4796);
#4798=ORIENTED_EDGE('',*,*,#4621,.F.);
#4799=ORIENTED_EDGE('',*,*,#4416,.F.);
#4800=ORIENTED_EDGE('',*,*,#4484,.T.);
#4802=ORIENTED_EDGE('',*,*,#4801,.F.);
#4803=EDGE_LOOP('',(#4798,#4799,#4800,#4802));
#4804=FACE_OUTER_BOUND('',#4803,.F.);
#4805=ADVANCED_FACE('',(#4804),#4797,.F.);
#4806=CARTESIAN_POINT('',(6.15E0,3.85E0,-7.5E-1));
#4807=DIRECTION('',(0.E0,-7.071067811865E-1,-7.071067811865E-1));
#4808=DIRECTION('',(0.E0,7.071067811865E-1,-7.071067811865E-1));
#4809=AXIS2_PLACEMENT_3D('',#4806,#4807,#4808);
#4810=PLANE('',#4809);
#4811=ORIENTED_EDGE('',*,*,#4635,.F.);
#4812=ORIENTED_EDGE('',*,*,#4784,.F.);
#4813=ORIENTED_EDGE('',*,*,#4500,.T.);
#4814=ORIENTED_EDGE('',*,*,#3021,.T.);
#4815=EDGE_LOOP('',(#4811,#4812,#4813,#4814));
#4816=FACE_OUTER_BOUND('',#4815,.F.);
#4817=ADVANCED_FACE('',(#4816),#4810,.F.);
#4818=CARTESIAN_POINT('',(5.75E0,3.979289321881E0,-1.020710678119E0));
#4819=DIRECTION('',(-7.071067811865E-1,5.E-1,5.E-1));
#4820=DIRECTION('',(-7.071067811865E-1,-5.E-1,-5.E-1));
#4821=AXIS2_PLACEMENT_3D('',#4818,#4819,#4820);
#4822=PLANE('',#4821);
#4823=ORIENTED_EDGE('',*,*,#4515,.F.);
#4824=ORIENTED_EDGE('',*,*,#4571,.F.);
#4825=ORIENTED_EDGE('',*,*,#4591,.F.);
#4826=ORIENTED_EDGE('',*,*,#4801,.T.);
#4827=EDGE_LOOP('',(#4823,#4824,#4825,#4826));
#4828=FACE_OUTER_BOUND('',#4827,.F.);
#4829=ADVANCED_FACE('',(#4828),#4822,.T.);
#4830=CARTESIAN_POINT('',(-5.75E0,3.2E0,-8.5E-1));
#4831=DIRECTION('',(7.071067811865E-1,0.E0,7.071067811865E-1));
#4832=DIRECTION('',(7.071067811865E-1,0.E0,-7.071067811865E-1));
#4833=AXIS2_PLACEMENT_3D('',#4830,#4831,#4832);
#4834=PLANE('',#4833);
#4835=ORIENTED_EDGE('',*,*,#4059,.F.);
#4837=ORIENTED_EDGE('',*,*,#4836,.T.);
#4838=ORIENTED_EDGE('',*,*,#4496,.T.);
#4839=ORIENTED_EDGE('',*,*,#4788,.T.);
#4840=EDGE_LOOP('',(#4835,#4837,#4838,#4839));
#4841=FACE_OUTER_BOUND('',#4840,.F.);
#4842=ADVANCED_FACE('',(#4841),#4834,.T.);
#4843=CARTESIAN_POINT('',(-5.75E0,2.45E0,7.25E-1));
#4844=DIRECTION('',(7.071067811865E-1,7.071067811865E-1,0.E0));
#4845=DIRECTION('',(7.071067811865E-1,-7.071067811865E-1,0.E0));
#4846=AXIS2_PLACEMENT_3D('',#4843,#4844,#4845);
#4847=PLANE('',#4846);
#4848=ORIENTED_EDGE('',*,*,#4057,.F.);
#4849=ORIENTED_EDGE('',*,*,#4107,.T.);
#4850=ORIENTED_EDGE('',*,*,#4299,.T.);
#4851=ORIENTED_EDGE('',*,*,#4836,.F.);
#4852=EDGE_LOOP('',(#4848,#4849,#4850,#4851));
#4853=FACE_OUTER_BOUND('',#4852,.F.);
#4854=ADVANCED_FACE('',(#4853),#4847,.T.);
#4855=CARTESIAN_POINT('',(-4.E0,3.35E0,-2.05E0));
#4856=DIRECTION('',(0.E0,-1.E0,0.E0));
#4857=DIRECTION('',(1.E0,0.E0,0.E0));
#4858=AXIS2_PLACEMENT_3D('',#4855,#4856,#4857);
#4859=PLANE('',#4858);
#4860=ORIENTED_EDGE('',*,*,#4693,.T.);
#4861=ORIENTED_EDGE('',*,*,#4722,.T.);
#4862=ORIENTED_EDGE('',*,*,#2994,.T.);
#4864=ORIENTED_EDGE('',*,*,#4863,.F.);
#4865=EDGE_LOOP('',(#4860,#4861,#4862,#4864));
#4866=FACE_OUTER_BOUND('',#4865,.F.);
#4867=ADVANCED_FACE('',(#4866),#4859,.F.);
#4868=CARTESIAN_POINT('',(4.E0,3.35E0,-2.05E0));
#4869=DIRECTION('',(1.E0,0.E0,0.E0));
#4870=DIRECTION('',(0.E0,1.E0,0.E0));
#4871=AXIS2_PLACEMENT_3D('',#4868,#4869,#4870);
#4872=PLANE('',#4871);
#4873=ORIENTED_EDGE('',*,*,#4679,.T.);
#4874=ORIENTED_EDGE('',*,*,#4863,.T.);
#4875=ORIENTED_EDGE('',*,*,#2992,.T.);
#4876=ORIENTED_EDGE('',*,*,#4651,.F.);
#4877=EDGE_LOOP('',(#4873,#4874,#4875,#4876));
#4878=FACE_OUTER_BOUND('',#4877,.F.);
#4879=ADVANCED_FACE('',(#4878),#4872,.F.);
#4880=CARTESIAN_POINT('',(4.45E0,-8.5E-1,2.65E0));
#4881=DIRECTION('',(-7.071067811865E-1,0.E0,7.071067811865E-1));
#4882=DIRECTION('',(-7.071067811865E-1,0.E0,-7.071067811865E-1));
#4883=AXIS2_PLACEMENT_3D('',#4880,#4881,#4882);
#4884=PLANE('',#4883);
#4885=ORIENTED_EDGE('',*,*,#3039,.T.);
#4886=ORIENTED_EDGE('',*,*,#3156,.F.);
#4887=ORIENTED_EDGE('',*,*,#4321,.T.);
#4888=ORIENTED_EDGE('',*,*,#4367,.T.);
#4889=EDGE_LOOP('',(#4885,#4886,#4887,#4888));
#4890=FACE_OUTER_BOUND('',#4889,.F.);
#4891=ADVANCED_FACE('',(#4890),#4884,.T.);
#4892=CARTESIAN_POINT('',(-6.05E0,-8.5E-1,2.65E0));
#4893=DIRECTION('',(-7.071067811865E-1,0.E0,7.071067811865E-1));
#4894=DIRECTION('',(-7.071067811865E-1,0.E0,-7.071067811865E-1));
#4895=AXIS2_PLACEMENT_3D('',#4892,#4893,#4894);
#4896=PLANE('',#4895);
#4897=ORIENTED_EDGE('',*,*,#3132,.T.);
#4898=ORIENTED_EDGE('',*,*,#3027,.F.);
#4899=ORIENTED_EDGE('',*,*,#4294,.T.);
#4900=ORIENTED_EDGE('',*,*,#4380,.T.);
#4901=EDGE_LOOP('',(#4897,#4898,#4899,#4900));
#4902=FACE_OUTER_BOUND('',#4901,.F.);
#4903=ADVANCED_FACE('',(#4902),#4896,.T.);
#4904=CARTESIAN_POINT('',(6.15E0,-2.75E0,-2.75E0));
#4905=DIRECTION('',(0.E0,1.E0,0.E0));
#4906=DIRECTION('',(1.E0,0.E0,0.E0));
#4907=AXIS2_PLACEMENT_3D('',#4904,#4905,#4906);
#4908=PLANE('',#4907);
#4909=ORIENTED_EDGE('',*,*,#3885,.F.);
#4910=ORIENTED_EDGE('',*,*,#3921,.F.);
#4912=ORIENTED_EDGE('',*,*,#4911,.F.);
#4913=ORIENTED_EDGE('',*,*,#4000,.F.);
#4914=EDGE_LOOP('',(#4909,#4910,#4912,#4913));
#4915=FACE_OUTER_BOUND('',#4914,.F.);
#4916=ADVANCED_FACE('',(#4915),#4908,.T.);
#4917=CARTESIAN_POINT('',(2.75E0,-2.45E0,-2.05E0));
#4918=DIRECTION('',(-1.E0,0.E0,0.E0));
#4919=DIRECTION('',(0.E0,0.E0,1.E0));
#4920=AXIS2_PLACEMENT_3D('',#4917,#4918,#4919);
#4921=PLANE('',#4920);
#4922=ORIENTED_EDGE('',*,*,#3786,.T.);
#4923=ORIENTED_EDGE('',*,*,#4002,.T.);
#4924=ORIENTED_EDGE('',*,*,#4911,.T.);
#4925=ORIENTED_EDGE('',*,*,#3919,.F.);
#4926=EDGE_LOOP('',(#4922,#4923,#4924,#4925));
#4927=FACE_OUTER_BOUND('',#4926,.F.);
#4928=ADVANCED_FACE('',(#4927),#4921,.F.);
#4929=CARTESIAN_POINT('',(1.25E0,-2.45E0,1.3E0));
#4930=DIRECTION('',(1.E0,0.E0,0.E0));
#4931=DIRECTION('',(0.E0,0.E0,-1.E0));
#4932=AXIS2_PLACEMENT_3D('',#4929,#4930,#4931);
#4933=PLANE('',#4932);
#4934=ORIENTED_EDGE('',*,*,#3782,.F.);
#4935=ORIENTED_EDGE('',*,*,#3916,.T.);
#4937=ORIENTED_EDGE('',*,*,#4936,.T.);
#4938=ORIENTED_EDGE('',*,*,#4005,.F.);
#4939=EDGE_LOOP('',(#4934,#4935,#4937,#4938));
#4940=FACE_OUTER_BOUND('',#4939,.F.);
#4941=ADVANCED_FACE('',(#4940),#4933,.F.);
#4942=CARTESIAN_POINT('',(6.15E0,-2.75E0,-2.75E0));
#4943=DIRECTION('',(0.E0,1.E0,0.E0));
#4944=DIRECTION('',(1.E0,0.E0,0.E0));
#4945=AXIS2_PLACEMENT_3D('',#4942,#4943,#4944);
#4946=PLANE('',#4945);
#4947=ORIENTED_EDGE('',*,*,#4936,.F.);
#4948=ORIENTED_EDGE('',*,*,#3914,.F.);
#4950=ORIENTED_EDGE('',*,*,#4949,.F.);
#4951=ORIENTED_EDGE('',*,*,#4007,.F.);
#4952=EDGE_LOOP('',(#4947,#4948,#4950,#4951));
#4953=FACE_OUTER_BOUND('',#4952,.F.);
#4954=ADVANCED_FACE('',(#4953),#4946,.T.);
#4955=CARTESIAN_POINT('',(7.5E-1,-2.45E0,-2.05E0));
#4956=DIRECTION('',(-1.E0,0.E0,0.E0));
#4957=DIRECTION('',(0.E0,0.E0,1.E0));
#4958=AXIS2_PLACEMENT_3D('',#4955,#4956,#4957);
#4959=PLANE('',#4958);
#4960=ORIENTED_EDGE('',*,*,#3812,.T.);
#4961=ORIENTED_EDGE('',*,*,#4009,.T.);
#4962=ORIENTED_EDGE('',*,*,#4949,.T.);
#4963=ORIENTED_EDGE('',*,*,#3912,.F.);
#4964=EDGE_LOOP('',(#4960,#4961,#4962,#4963));
#4965=FACE_OUTER_BOUND('',#4964,.F.);
#4966=ADVANCED_FACE('',(#4965),#4959,.F.);
#4967=CARTESIAN_POINT('',(-7.5E-1,-2.45E0,1.3E0));
#4968=DIRECTION('',(1.E0,0.E0,0.E0));
#4969=DIRECTION('',(0.E0,0.E0,-1.E0));
#4970=AXIS2_PLACEMENT_3D('',#4967,#4968,#4969);
#4971=PLANE('',#4970);
#4972=ORIENTED_EDGE('',*,*,#3808,.F.);
#4973=ORIENTED_EDGE('',*,*,#3909,.T.);
#4975=ORIENTED_EDGE('',*,*,#4974,.T.);
#4976=ORIENTED_EDGE('',*,*,#4012,.F.);
#4977=EDGE_LOOP('',(#4972,#4973,#4975,#4976));
#4978=FACE_OUTER_BOUND('',#4977,.F.);
#4979=ADVANCED_FACE('',(#4978),#4971,.F.);
#4980=CARTESIAN_POINT('',(6.15E0,-2.75E0,-2.75E0));
#4981=DIRECTION('',(0.E0,1.E0,0.E0));
#4982=DIRECTION('',(1.E0,0.E0,0.E0));
#4983=AXIS2_PLACEMENT_3D('',#4980,#4981,#4982);
#4984=PLANE('',#4983);
#4985=ORIENTED_EDGE('',*,*,#4974,.F.);
#4986=ORIENTED_EDGE('',*,*,#3907,.F.);
#4988=ORIENTED_EDGE('',*,*,#4987,.F.);
#4989=ORIENTED_EDGE('',*,*,#4014,.F.);
#4990=EDGE_LOOP('',(#4985,#4986,#4988,#4989));
#4991=FACE_OUTER_BOUND('',#4990,.F.);
#4992=ADVANCED_FACE('',(#4991),#4984,.T.);
#4993=CARTESIAN_POINT('',(-1.25E0,-2.45E0,-2.05E0));
#4994=DIRECTION('',(-1.E0,0.E0,0.E0));
#4995=DIRECTION('',(0.E0,0.E0,1.E0));
#4996=AXIS2_PLACEMENT_3D('',#4993,#4994,#4995);
#4997=PLANE('',#4996);
#4998=ORIENTED_EDGE('',*,*,#3838,.T.);
#4999=ORIENTED_EDGE('',*,*,#4016,.T.);
#5000=ORIENTED_EDGE('',*,*,#4987,.T.);
#5001=ORIENTED_EDGE('',*,*,#3905,.F.);
#5002=EDGE_LOOP('',(#4998,#4999,#5000,#5001));
#5003=FACE_OUTER_BOUND('',#5002,.F.);
#5004=ADVANCED_FACE('',(#5003),#4997,.F.);
#5005=CARTESIAN_POINT('',(3.75E0,0.E0,0.E0));
#5006=DIRECTION('',(1.E0,0.E0,0.E0));
#5007=DIRECTION('',(0.E0,0.E0,-1.E0));
#5008=AXIS2_PLACEMENT_3D('',#5005,#5006,#5007);
#5009=PLANE('',#5008);
#5011=ORIENTED_EDGE('',*,*,#5010,.T.);
#5013=ORIENTED_EDGE('',*,*,#5012,.T.);
#5015=ORIENTED_EDGE('',*,*,#5014,.T.);
#5016=ORIENTED_EDGE('',*,*,#3766,.T.);
#5017=EDGE_LOOP('',(#5011,#5013,#5015,#5016));
#5018=FACE_OUTER_BOUND('',#5017,.F.);
#5019=ADVANCED_FACE('',(#5018),#5009,.F.);
#5020=CARTESIAN_POINT('',(3.75E0,0.E0,0.E0));
#5021=DIRECTION('',(1.E0,0.E0,0.E0));
#5022=DIRECTION('',(0.E0,0.E0,-1.E0));
#5023=AXIS2_PLACEMENT_3D('',#5020,#5021,#5022);
#5024=PLANE('',#5023);
#5026=ORIENTED_EDGE('',*,*,#5025,.T.);
#5027=ORIENTED_EDGE('',*,*,#3181,.F.);
#5029=ORIENTED_EDGE('',*,*,#5028,.T.);
#5031=ORIENTED_EDGE('',*,*,#5030,.T.);
#5033=ORIENTED_EDGE('',*,*,#5032,.T.);
#5035=ORIENTED_EDGE('',*,*,#5034,.T.);
#5037=ORIENTED_EDGE('',*,*,#5036,.T.);
#5039=ORIENTED_EDGE('',*,*,#5038,.T.);
#5041=ORIENTED_EDGE('',*,*,#5040,.T.);
#5043=ORIENTED_EDGE('',*,*,#5042,.T.);
#5044=EDGE_LOOP('',(#5026,#5027,#5029,#5031,#5033,#5035,#5037,#5039,#5041,
#5043));
#5045=FACE_OUTER_BOUND('',#5044,.F.);
#5046=ADVANCED_FACE('',(#5045),#5024,.F.);
#5047=CARTESIAN_POINT('',(3.75E0,-3.85E0,-4.999999999999E-2));
#5048=DIRECTION('',(0.E0,0.E0,-1.E0));
#5049=DIRECTION('',(0.E0,1.E0,0.E0));
#5050=AXIS2_PLACEMENT_3D('',#5047,#5048,#5049);
#5051=PLANE('',#5050);
#5052=ORIENTED_EDGE('',*,*,#5010,.F.);
#5053=ORIENTED_EDGE('',*,*,#3772,.T.);
#5055=ORIENTED_EDGE('',*,*,#5054,.T.);
#5057=ORIENTED_EDGE('',*,*,#5056,.F.);
#5058=EDGE_LOOP('',(#5052,#5053,#5055,#5057));
#5059=FACE_OUTER_BOUND('',#5058,.F.);
#5060=ADVANCED_FACE('',(#5059),#5051,.T.);
#5061=CARTESIAN_POINT('',(4.25E0,0.E0,0.E0));
#5062=DIRECTION('',(1.E0,0.E0,0.E0));
#5063=DIRECTION('',(0.E0,0.E0,-1.E0));
#5064=AXIS2_PLACEMENT_3D('',#5061,#5062,#5063);
#5065=PLANE('',#5064);
#5066=ORIENTED_EDGE('',*,*,#5054,.F.);
#5067=ORIENTED_EDGE('',*,*,#3770,.F.);
#5069=ORIENTED_EDGE('',*,*,#5068,.F.);
#5071=ORIENTED_EDGE('',*,*,#5070,.F.);
#5072=EDGE_LOOP('',(#5066,#5067,#5069,#5071));
#5073=FACE_OUTER_BOUND('',#5072,.F.);
#5074=ADVANCED_FACE('',(#5073),#5065,.T.);
#5075=CARTESIAN_POINT('',(4.25E0,0.E0,0.E0));
#5076=DIRECTION('',(1.E0,0.E0,0.E0));
#5077=DIRECTION('',(0.E0,0.E0,-1.E0));
#5078=AXIS2_PLACEMENT_3D('',#5075,#5076,#5077);
#5079=PLANE('',#5078);
#5081=ORIENTED_EDGE('',*,*,#5080,.F.);
#5083=ORIENTED_EDGE('',*,*,#5082,.F.);
#5085=ORIENTED_EDGE('',*,*,#5084,.F.);
#5087=ORIENTED_EDGE('',*,*,#5086,.F.);
#5089=ORIENTED_EDGE('',*,*,#5088,.F.);
#5091=ORIENTED_EDGE('',*,*,#5090,.F.);
#5093=ORIENTED_EDGE('',*,*,#5092,.F.);
#5095=ORIENTED_EDGE('',*,*,#5094,.F.);
#5097=ORIENTED_EDGE('',*,*,#5096,.F.);
#5098=ORIENTED_EDGE('',*,*,#3185,.F.);
#5099=EDGE_LOOP('',(#5081,#5083,#5085,#5087,#5089,#5091,#5093,#5095,#5097,
#5098));
#5100=FACE_OUTER_BOUND('',#5099,.F.);
#5101=ADVANCED_FACE('',(#5100),#5079,.T.);
#5102=CARTESIAN_POINT('',(3.75E0,1.25E0,4.5E-1));
#5103=DIRECTION('',(0.E0,0.E0,1.E0));
#5104=DIRECTION('',(0.E0,-1.E0,0.E0));
#5105=AXIS2_PLACEMENT_3D('',#5102,#5103,#5104);
#5106=PLANE('',#5105);
#5107=ORIENTED_EDGE('',*,*,#5014,.F.);
#5109=ORIENTED_EDGE('',*,*,#5108,.T.);
#5110=ORIENTED_EDGE('',*,*,#5068,.T.);
#5111=ORIENTED_EDGE('',*,*,#3768,.F.);
#5112=EDGE_LOOP('',(#5107,#5109,#5110,#5111));
#5113=FACE_OUTER_BOUND('',#5112,.F.);
#5114=ADVANCED_FACE('',(#5113),#5106,.T.);
#5115=CARTESIAN_POINT('',(3.75E0,1.25E0,-4.999999999999E-2));
#5116=DIRECTION('',(0.E0,1.E0,0.E0));
#5117=DIRECTION('',(0.E0,0.E0,1.E0));
#5118=AXIS2_PLACEMENT_3D('',#5115,#5116,#5117);
#5119=PLANE('',#5118);
#5120=ORIENTED_EDGE('',*,*,#5012,.F.);
#5121=ORIENTED_EDGE('',*,*,#5056,.T.);
#5122=ORIENTED_EDGE('',*,*,#5070,.T.);
#5123=ORIENTED_EDGE('',*,*,#5108,.F.);
#5124=EDGE_LOOP('',(#5120,#5121,#5122,#5123));
#5125=FACE_OUTER_BOUND('',#5124,.F.);
#5126=ADVANCED_FACE('',(#5125),#5119,.T.);
#5127=CARTESIAN_POINT('',(3.75E0,-3.85E0,-2.5E-1));
#5128=DIRECTION('',(1.E0,0.E0,0.E0));
#5129=DIRECTION('',(0.E0,0.E0,-1.E0));
#5130=AXIS2_PLACEMENT_3D('',#5127,#5128,#5129);
#5131=CYLINDRICAL_SURFACE('',#5130,2.E-1);
#5132=ORIENTED_EDGE('',*,*,#5025,.F.);
#5134=ORIENTED_EDGE('',*,*,#5133,.T.);
#5135=ORIENTED_EDGE('',*,*,#5080,.T.);
#5136=ORIENTED_EDGE('',*,*,#3183,.F.);
#5137=EDGE_LOOP('',(#5132,#5134,#5135,#5136));
#5138=FACE_OUTER_BOUND('',#5137,.F.);
#5139=ADVANCED_FACE('',(#5138),#5131,.F.);
#5140=CARTESIAN_POINT('',(3.75E0,-4.05E0,-3.756282895648E0));
#5141=DIRECTION('',(0.E0,1.E0,0.E0));
#5142=DIRECTION('',(0.E0,0.E0,1.E0));
#5143=AXIS2_PLACEMENT_3D('',#5140,#5141,#5142);
#5144=PLANE('',#5143);
#5145=ORIENTED_EDGE('',*,*,#5042,.F.);
#5147=ORIENTED_EDGE('',*,*,#5146,.T.);
#5148=ORIENTED_EDGE('',*,*,#5082,.T.);
#5149=ORIENTED_EDGE('',*,*,#5133,.F.);
#5150=EDGE_LOOP('',(#5145,#5147,#5148,#5149));
#5151=FACE_OUTER_BOUND('',#5150,.F.);
#5152=ADVANCED_FACE('',(#5151),#5144,.T.);
#5153=CARTESIAN_POINT('',(3.75E0,-5.15E0,-4.35E0));
#5154=DIRECTION('',(1.E0,0.E0,0.E0));
#5155=DIRECTION('',(0.E0,0.E0,-1.E0));
#5156=AXIS2_PLACEMENT_3D('',#5153,#5154,#5155);
#5157=CYLINDRICAL_SURFACE('',#5156,1.25E0);
#5158=ORIENTED_EDGE('',*,*,#5040,.F.);
#5160=ORIENTED_EDGE('',*,*,#5159,.T.);
#5161=ORIENTED_EDGE('',*,*,#5084,.T.);
#5162=ORIENTED_EDGE('',*,*,#5146,.F.);
#5163=EDGE_LOOP('',(#5158,#5160,#5161,#5162));
#5164=FACE_OUTER_BOUND('',#5163,.F.);
#5165=ADVANCED_FACE('',(#5164),#5157,.T.);
#5166=CARTESIAN_POINT('',(3.75E0,-4.05E0,-5.95E0));
#5167=DIRECTION('',(0.E0,1.E0,0.E0));
#5168=DIRECTION('',(0.E0,0.E0,1.E0));
#5169=AXIS2_PLACEMENT_3D('',#5166,#5167,#5168);
#5170=PLANE('',#5169);
#5171=ORIENTED_EDGE('',*,*,#5038,.F.);
#5173=ORIENTED_EDGE('',*,*,#5172,.T.);
#5174=ORIENTED_EDGE('',*,*,#5086,.T.);
#5175=ORIENTED_EDGE('',*,*,#5159,.F.);
#5176=EDGE_LOOP('',(#5171,#5173,#5174,#5175));
#5177=FACE_OUTER_BOUND('',#5176,.F.);
#5178=ADVANCED_FACE('',(#5177),#5170,.T.);
#5179=CARTESIAN_POINT('',(3.75E0,-4.55E0,-5.95E0));
#5180=DIRECTION('',(0.E0,0.E0,-1.E0));
#5181=DIRECTION('',(0.E0,1.E0,0.E0));
#5182=AXIS2_PLACEMENT_3D('',#5179,#5180,#5181);
#5183=PLANE('',#5182);
#5184=ORIENTED_EDGE('',*,*,#5036,.F.);
#5186=ORIENTED_EDGE('',*,*,#5185,.T.);
#5187=ORIENTED_EDGE('',*,*,#5088,.T.);
#5188=ORIENTED_EDGE('',*,*,#5172,.F.);
#5189=EDGE_LOOP('',(#5184,#5186,#5187,#5188));
#5190=FACE_OUTER_BOUND('',#5189,.F.);
#5191=ADVANCED_FACE('',(#5190),#5183,.T.);
#5192=CARTESIAN_POINT('',(3.75E0,-4.55E0,-4.8E0));
#5193=DIRECTION('',(0.E0,-1.E0,0.E0));
#5194=DIRECTION('',(0.E0,0.E0,-1.E0));
#5195=AXIS2_PLACEMENT_3D('',#5192,#5193,#5194);
#5196=PLANE('',#5195);
#5197=ORIENTED_EDGE('',*,*,#5034,.F.);
#5199=ORIENTED_EDGE('',*,*,#5198,.T.);
#5200=ORIENTED_EDGE('',*,*,#5090,.T.);
#5201=ORIENTED_EDGE('',*,*,#5185,.F.);
#5202=EDGE_LOOP('',(#5197,#5199,#5200,#5201));
#5203=FACE_OUTER_BOUND('',#5202,.F.);
#5204=ADVANCED_FACE('',(#5203),#5196,.T.);
#5205=CARTESIAN_POINT('',(3.75E0,-5.15E0,-4.35E0));
#5206=DIRECTION('',(1.E0,0.E0,0.E0));
#5207=DIRECTION('',(0.E0,0.E0,-1.E0));
#5208=AXIS2_PLACEMENT_3D('',#5205,#5206,#5207);
#5209=CYLINDRICAL_SURFACE('',#5208,7.5E-1);
#5210=ORIENTED_EDGE('',*,*,#5032,.F.);
#5212=ORIENTED_EDGE('',*,*,#5211,.T.);
#5213=ORIENTED_EDGE('',*,*,#5092,.T.);
#5214=ORIENTED_EDGE('',*,*,#5198,.F.);
#5215=EDGE_LOOP('',(#5210,#5212,#5213,#5214));
#5216=FACE_OUTER_BOUND('',#5215,.F.);
#5217=ADVANCED_FACE('',(#5216),#5209,.F.);
#5218=CARTESIAN_POINT('',(3.75E0,-4.55E0,-2.5E-1));
#5219=DIRECTION('',(0.E0,-1.E0,0.E0));
#5220=DIRECTION('',(0.E0,0.E0,-1.E0));
#5221=AXIS2_PLACEMENT_3D('',#5218,#5219,#5220);
#5222=PLANE('',#5221);
#5223=ORIENTED_EDGE('',*,*,#5030,.F.);
#5225=ORIENTED_EDGE('',*,*,#5224,.T.);
#5226=ORIENTED_EDGE('',*,*,#5094,.T.);
#5227=ORIENTED_EDGE('',*,*,#5211,.F.);
#5228=EDGE_LOOP('',(#5223,#5225,#5226,#5227));
#5229=FACE_OUTER_BOUND('',#5228,.F.);
#5230=ADVANCED_FACE('',(#5229),#5222,.T.);
#5231=CARTESIAN_POINT('',(3.75E0,-3.85E0,-2.5E-1));
#5232=DIRECTION('',(1.E0,0.E0,0.E0));
#5233=DIRECTION('',(0.E0,0.E0,-1.E0));
#5234=AXIS2_PLACEMENT_3D('',#5231,#5232,#5233);
#5235=CYLINDRICAL_SURFACE('',#5234,7.E-1);
#5236=ORIENTED_EDGE('',*,*,#5028,.F.);
#5237=ORIENTED_EDGE('',*,*,#3187,.T.);
#5238=ORIENTED_EDGE('',*,*,#5096,.T.);
#5239=ORIENTED_EDGE('',*,*,#5224,.F.);
#5240=EDGE_LOOP('',(#5236,#5237,#5238,#5239));
#5241=FACE_OUTER_BOUND('',#5240,.F.);
#5242=ADVANCED_FACE('',(#5241),#5235,.T.);
#5243=CARTESIAN_POINT('',(-4.25E0,0.E0,0.E0));
#5244=DIRECTION('',(1.E0,0.E0,0.E0));
#5245=DIRECTION('',(0.E0,0.E0,-1.E0));
#5246=AXIS2_PLACEMENT_3D('',#5243,#5244,#5245);
#5247=PLANE('',#5246);
#5248=ORIENTED_EDGE('',*,*,#3329,.F.);
#5250=ORIENTED_EDGE('',*,*,#5249,.T.);
#5252=ORIENTED_EDGE('',*,*,#5251,.T.);
#5254=ORIENTED_EDGE('',*,*,#5253,.T.);
#5256=ORIENTED_EDGE('',*,*,#5255,.T.);
#5258=ORIENTED_EDGE('',*,*,#5257,.T.);
#5260=ORIENTED_EDGE('',*,*,#5259,.T.);
#5262=ORIENTED_EDGE('',*,*,#5261,.T.);
#5264=ORIENTED_EDGE('',*,*,#5263,.T.);
#5266=ORIENTED_EDGE('',*,*,#5265,.T.);
#5267=EDGE_LOOP('',(#5248,#5250,#5252,#5254,#5256,#5258,#5260,#5262,#5264,
#5266));
#5268=FACE_OUTER_BOUND('',#5267,.F.);
#5269=ADVANCED_FACE('',(#5268),#5247,.F.);
#5270=CARTESIAN_POINT('',(-4.25E0,0.E0,0.E0));
#5271=DIRECTION('',(1.E0,0.E0,0.E0));
#5272=DIRECTION('',(0.E0,0.E0,-1.E0));
#5273=AXIS2_PLACEMENT_3D('',#5270,#5271,#5272);
#5274=PLANE('',#5273);
#5276=ORIENTED_EDGE('',*,*,#5275,.T.);
#5277=ORIENTED_EDGE('',*,*,#3866,.F.);
#5279=ORIENTED_EDGE('',*,*,#5278,.T.);
#5281=ORIENTED_EDGE('',*,*,#5280,.T.);
#5282=EDGE_LOOP('',(#5276,#5277,#5279,#5281));
#5283=FACE_OUTER_BOUND('',#5282,.F.);
#5284=ADVANCED_FACE('',(#5283),#5274,.F.);
#5285=CARTESIAN_POINT('',(-4.25E0,-3.85E0,-2.5E-1));
#5286=DIRECTION('',(1.E0,0.E0,0.E0));
#5287=DIRECTION('',(0.E0,0.E0,-1.E0));
#5288=AXIS2_PLACEMENT_3D('',#5285,#5286,#5287);
#5289=CYLINDRICAL_SURFACE('',#5288,7.E-1);
#5290=ORIENTED_EDGE('',*,*,#3335,.T.);
#5292=ORIENTED_EDGE('',*,*,#5291,.T.);
#5294=ORIENTED_EDGE('',*,*,#5293,.F.);
#5295=ORIENTED_EDGE('',*,*,#5249,.F.);
#5296=EDGE_LOOP('',(#5290,#5292,#5294,#5295));
#5297=FACE_OUTER_BOUND('',#5296,.F.);
#5298=ADVANCED_FACE('',(#5297),#5289,.T.);
#5299=CARTESIAN_POINT('',(-3.75E0,0.E0,0.E0));
#5300=DIRECTION('',(1.E0,0.E0,0.E0));
#5301=DIRECTION('',(0.E0,0.E0,-1.E0));
#5302=AXIS2_PLACEMENT_3D('',#5299,#5300,#5301);
#5303=PLANE('',#5302);
#5304=ORIENTED_EDGE('',*,*,#3333,.F.);
#5306=ORIENTED_EDGE('',*,*,#5305,.F.);
#5308=ORIENTED_EDGE('',*,*,#5307,.F.);
#5310=ORIENTED_EDGE('',*,*,#5309,.F.);
#5312=ORIENTED_EDGE('',*,*,#5311,.F.);
#5314=ORIENTED_EDGE('',*,*,#5313,.F.);
#5316=ORIENTED_EDGE('',*,*,#5315,.F.);
#5318=ORIENTED_EDGE('',*,*,#5317,.F.);
#5320=ORIENTED_EDGE('',*,*,#5319,.F.);
#5321=ORIENTED_EDGE('',*,*,#5291,.F.);
#5322=EDGE_LOOP('',(#5304,#5306,#5308,#5310,#5312,#5314,#5316,#5318,#5320,
#5321));
#5323=FACE_OUTER_BOUND('',#5322,.F.);
#5324=ADVANCED_FACE('',(#5323),#5303,.T.);
#5325=CARTESIAN_POINT('',(-3.75E0,0.E0,0.E0));
#5326=DIRECTION('',(1.E0,0.E0,0.E0));
#5327=DIRECTION('',(0.E0,0.E0,-1.E0));
#5328=AXIS2_PLACEMENT_3D('',#5325,#5326,#5327);
#5329=PLANE('',#5328);
#5331=ORIENTED_EDGE('',*,*,#5330,.F.);
#5333=ORIENTED_EDGE('',*,*,#5332,.F.);
#5335=ORIENTED_EDGE('',*,*,#5334,.F.);
#5336=ORIENTED_EDGE('',*,*,#3870,.T.);
#5337=EDGE_LOOP('',(#5331,#5333,#5335,#5336));
#5338=FACE_OUTER_BOUND('',#5337,.F.);
#5339=ADVANCED_FACE('',(#5338),#5329,.T.);
#5340=CARTESIAN_POINT('',(-4.25E0,-3.85E0,-2.5E-1));
#5341=DIRECTION('',(1.E0,0.E0,0.E0));
#5342=DIRECTION('',(0.E0,0.E0,-1.E0));
#5343=AXIS2_PLACEMENT_3D('',#5340,#5341,#5342);
#5344=CYLINDRICAL_SURFACE('',#5343,2.E-1);
#5345=ORIENTED_EDGE('',*,*,#3331,.F.);
#5346=ORIENTED_EDGE('',*,*,#5265,.F.);
#5348=ORIENTED_EDGE('',*,*,#5347,.T.);
#5349=ORIENTED_EDGE('',*,*,#5305,.T.);
#5350=EDGE_LOOP('',(#5345,#5346,#5348,#5349));
#5351=FACE_OUTER_BOUND('',#5350,.F.);
#5352=ADVANCED_FACE('',(#5351),#5344,.F.);
#5353=CARTESIAN_POINT('',(-4.25E0,-4.05E0,-3.756282895648E0));
#5354=DIRECTION('',(0.E0,1.E0,0.E0));
#5355=DIRECTION('',(0.E0,0.E0,1.E0));
#5356=AXIS2_PLACEMENT_3D('',#5353,#5354,#5355);
#5357=PLANE('',#5356);
#5358=ORIENTED_EDGE('',*,*,#5263,.F.);
#5360=ORIENTED_EDGE('',*,*,#5359,.T.);
#5361=ORIENTED_EDGE('',*,*,#5307,.T.);
#5362=ORIENTED_EDGE('',*,*,#5347,.F.);
#5363=EDGE_LOOP('',(#5358,#5360,#5361,#5362));
#5364=FACE_OUTER_BOUND('',#5363,.F.);
#5365=ADVANCED_FACE('',(#5364),#5357,.T.);
#5366=CARTESIAN_POINT('',(-4.25E0,-5.15E0,-4.35E0));
#5367=DIRECTION('',(1.E0,0.E0,0.E0));
#5368=DIRECTION('',(0.E0,0.E0,-1.E0));
#5369=AXIS2_PLACEMENT_3D('',#5366,#5367,#5368);
#5370=CYLINDRICAL_SURFACE('',#5369,1.25E0);
#5371=ORIENTED_EDGE('',*,*,#5261,.F.);
#5373=ORIENTED_EDGE('',*,*,#5372,.T.);
#5374=ORIENTED_EDGE('',*,*,#5309,.T.);
#5375=ORIENTED_EDGE('',*,*,#5359,.F.);
#5376=EDGE_LOOP('',(#5371,#5373,#5374,#5375));
#5377=FACE_OUTER_BOUND('',#5376,.F.);
#5378=ADVANCED_FACE('',(#5377),#5370,.T.);
#5379=CARTESIAN_POINT('',(-4.25E0,-4.05E0,-5.95E0));
#5380=DIRECTION('',(0.E0,1.E0,0.E0));
#5381=DIRECTION('',(0.E0,0.E0,1.E0));
#5382=AXIS2_PLACEMENT_3D('',#5379,#5380,#5381);
#5383=PLANE('',#5382);
#5384=ORIENTED_EDGE('',*,*,#5259,.F.);
#5386=ORIENTED_EDGE('',*,*,#5385,.T.);
#5387=ORIENTED_EDGE('',*,*,#5311,.T.);
#5388=ORIENTED_EDGE('',*,*,#5372,.F.);
#5389=EDGE_LOOP('',(#5384,#5386,#5387,#5388));
#5390=FACE_OUTER_BOUND('',#5389,.F.);
#5391=ADVANCED_FACE('',(#5390),#5383,.T.);
#5392=CARTESIAN_POINT('',(-4.25E0,-4.55E0,-5.95E0));
#5393=DIRECTION('',(0.E0,0.E0,-1.E0));
#5394=DIRECTION('',(0.E0,1.E0,0.E0));
#5395=AXIS2_PLACEMENT_3D('',#5392,#5393,#5394);
#5396=PLANE('',#5395);
#5397=ORIENTED_EDGE('',*,*,#5257,.F.);
#5399=ORIENTED_EDGE('',*,*,#5398,.T.);
#5400=ORIENTED_EDGE('',*,*,#5313,.T.);
#5401=ORIENTED_EDGE('',*,*,#5385,.F.);
#5402=EDGE_LOOP('',(#5397,#5399,#5400,#5401));
#5403=FACE_OUTER_BOUND('',#5402,.F.);
#5404=ADVANCED_FACE('',(#5403),#5396,.T.);
#5405=CARTESIAN_POINT('',(-4.25E0,-4.55E0,-4.8E0));
#5406=DIRECTION('',(0.E0,-1.E0,0.E0));
#5407=DIRECTION('',(0.E0,0.E0,-1.E0));
#5408=AXIS2_PLACEMENT_3D('',#5405,#5406,#5407);
#5409=PLANE('',#5408);
#5410=ORIENTED_EDGE('',*,*,#5255,.F.);
#5412=ORIENTED_EDGE('',*,*,#5411,.T.);
#5413=ORIENTED_EDGE('',*,*,#5315,.T.);
#5414=ORIENTED_EDGE('',*,*,#5398,.F.);
#5415=EDGE_LOOP('',(#5410,#5412,#5413,#5414));
#5416=FACE_OUTER_BOUND('',#5415,.F.);
#5417=ADVANCED_FACE('',(#5416),#5409,.T.);
#5418=CARTESIAN_POINT('',(-4.25E0,-5.15E0,-4.35E0));
#5419=DIRECTION('',(1.E0,0.E0,0.E0));
#5420=DIRECTION('',(0.E0,0.E0,-1.E0));
#5421=AXIS2_PLACEMENT_3D('',#5418,#5419,#5420);
#5422=CYLINDRICAL_SURFACE('',#5421,7.5E-1);
#5423=ORIENTED_EDGE('',*,*,#5253,.F.);
#5425=ORIENTED_EDGE('',*,*,#5424,.T.);
#5426=ORIENTED_EDGE('',*,*,#5317,.T.);
#5427=ORIENTED_EDGE('',*,*,#5411,.F.);
#5428=EDGE_LOOP('',(#5423,#5425,#5426,#5427));
#5429=FACE_OUTER_BOUND('',#5428,.F.);
#5430=ADVANCED_FACE('',(#5429),#5422,.F.);
#5431=CARTESIAN_POINT('',(-4.25E0,-4.55E0,-2.5E-1));
#5432=DIRECTION('',(0.E0,-1.E0,0.E0));
#5433=DIRECTION('',(0.E0,0.E0,-1.E0));
#5434=AXIS2_PLACEMENT_3D('',#5431,#5432,#5433);
#5435=PLANE('',#5434);
#5436=ORIENTED_EDGE('',*,*,#5251,.F.);
#5437=ORIENTED_EDGE('',*,*,#5293,.T.);
#5438=ORIENTED_EDGE('',*,*,#5319,.T.);
#5439=ORIENTED_EDGE('',*,*,#5424,.F.);
#5440=EDGE_LOOP('',(#5436,#5437,#5438,#5439));
#5441=FACE_OUTER_BOUND('',#5440,.F.);
#5442=ADVANCED_FACE('',(#5441),#5435,.T.);
#5443=CARTESIAN_POINT('',(-4.25E0,1.25E0,4.5E-1));
#5444=DIRECTION('',(0.E0,0.E0,1.E0));
#5445=DIRECTION('',(0.E0,-1.E0,0.E0));
#5446=AXIS2_PLACEMENT_3D('',#5443,#5444,#5445);
#5447=PLANE('',#5446);
#5448=ORIENTED_EDGE('',*,*,#5275,.F.);
#5450=ORIENTED_EDGE('',*,*,#5449,.T.);
#5451=ORIENTED_EDGE('',*,*,#5330,.T.);
#5452=ORIENTED_EDGE('',*,*,#3868,.F.);
#5453=EDGE_LOOP('',(#5448,#5450,#5451,#5452));
#5454=FACE_OUTER_BOUND('',#5453,.F.);
#5455=ADVANCED_FACE('',(#5454),#5447,.T.);
#5456=CARTESIAN_POINT('',(-4.25E0,1.25E0,-4.999999999999E-2));
#5457=DIRECTION('',(0.E0,1.E0,0.E0));
#5458=DIRECTION('',(0.E0,0.E0,1.E0));
#5459=AXIS2_PLACEMENT_3D('',#5456,#5457,#5458);
#5460=PLANE('',#5459);
#5461=ORIENTED_EDGE('',*,*,#5280,.F.);
#5463=ORIENTED_EDGE('',*,*,#5462,.T.);
#5464=ORIENTED_EDGE('',*,*,#5332,.T.);
#5465=ORIENTED_EDGE('',*,*,#5449,.F.);
#5466=EDGE_LOOP('',(#5461,#5463,#5464,#5465));
#5467=FACE_OUTER_BOUND('',#5466,.F.);
#5468=ADVANCED_FACE('',(#5467),#5460,.T.);
#5469=CARTESIAN_POINT('',(-4.25E0,-3.85E0,-4.999999999999E-2));
#5470=DIRECTION('',(0.E0,0.E0,-1.E0));
#5471=DIRECTION('',(0.E0,1.E0,0.E0));
#5472=AXIS2_PLACEMENT_3D('',#5469,#5470,#5471);
#5473=PLANE('',#5472);
#5474=ORIENTED_EDGE('',*,*,#5278,.F.);
#5475=ORIENTED_EDGE('',*,*,#3872,.T.);
#5476=ORIENTED_EDGE('',*,*,#5334,.T.);
#5477=ORIENTED_EDGE('',*,*,#5462,.F.);
#5478=EDGE_LOOP('',(#5474,#5475,#5476,#5477));
#5479=FACE_OUTER_BOUND('',#5478,.F.);
#5480=ADVANCED_FACE('',(#5479),#5473,.T.);
#5481=CARTESIAN_POINT('',(1.75E0,0.E0,0.E0));
#5482=DIRECTION('',(1.E0,0.E0,0.E0));
#5483=DIRECTION('',(0.E0,0.E0,-1.E0));
#5484=AXIS2_PLACEMENT_3D('',#5481,#5482,#5483);
#5485=PLANE('',#5484);
#5487=ORIENTED_EDGE('',*,*,#5486,.T.);
#5489=ORIENTED_EDGE('',*,*,#5488,.T.);
#5491=ORIENTED_EDGE('',*,*,#5490,.T.);
#5492=ORIENTED_EDGE('',*,*,#3792,.T.);
#5493=EDGE_LOOP('',(#5487,#5489,#5491,#5492));
#5494=FACE_OUTER_BOUND('',#5493,.F.);
#5495=ADVANCED_FACE('',(#5494),#5485,.F.);
#5496=CARTESIAN_POINT('',(1.75E0,0.E0,0.E0));
#5497=DIRECTION('',(1.E0,0.E0,0.E0));
#5498=DIRECTION('',(0.E0,0.E0,-1.E0));
#5499=AXIS2_PLACEMENT_3D('',#5496,#5497,#5498);
#5500=PLANE('',#5499);
#5502=ORIENTED_EDGE('',*,*,#5501,.T.);
#5504=ORIENTED_EDGE('',*,*,#5503,.F.);
#5506=ORIENTED_EDGE('',*,*,#5505,.T.);
#5508=ORIENTED_EDGE('',*,*,#5507,.T.);
#5510=ORIENTED_EDGE('',*,*,#5509,.T.);
#5512=ORIENTED_EDGE('',*,*,#5511,.T.);
#5514=ORIENTED_EDGE('',*,*,#5513,.T.);
#5516=ORIENTED_EDGE('',*,*,#5515,.T.);
#5518=ORIENTED_EDGE('',*,*,#5517,.T.);
#5520=ORIENTED_EDGE('',*,*,#5519,.T.);
#5521=EDGE_LOOP('',(#5502,#5504,#5506,#5508,#5510,#5512,#5514,#5516,#5518,
#5520));
#5522=FACE_OUTER_BOUND('',#5521,.F.);
#5523=ADVANCED_FACE('',(#5522),#5500,.F.);
#5524=CARTESIAN_POINT('',(1.75E0,-3.85E0,-5.E-2));
#5525=DIRECTION('',(0.E0,0.E0,-1.E0));
#5526=DIRECTION('',(0.E0,1.E0,0.E0));
#5527=AXIS2_PLACEMENT_3D('',#5524,#5525,#5526);
#5528=PLANE('',#5527);
#5529=ORIENTED_EDGE('',*,*,#5486,.F.);
#5530=ORIENTED_EDGE('',*,*,#3798,.T.);
#5532=ORIENTED_EDGE('',*,*,#5531,.T.);
#5534=ORIENTED_EDGE('',*,*,#5533,.F.);
#5535=EDGE_LOOP('',(#5529,#5530,#5532,#5534));
#5536=FACE_OUTER_BOUND('',#5535,.F.);
#5537=ADVANCED_FACE('',(#5536),#5528,.T.);
#5538=CARTESIAN_POINT('',(2.25E0,0.E0,0.E0));
#5539=DIRECTION('',(1.E0,0.E0,0.E0));
#5540=DIRECTION('',(0.E0,0.E0,-1.E0));
#5541=AXIS2_PLACEMENT_3D('',#5538,#5539,#5540);
#5542=PLANE('',#5541);
#5543=ORIENTED_EDGE('',*,*,#5531,.F.);
#5544=ORIENTED_EDGE('',*,*,#3796,.F.);
#5546=ORIENTED_EDGE('',*,*,#5545,.F.);
#5548=ORIENTED_EDGE('',*,*,#5547,.F.);
#5549=EDGE_LOOP('',(#5543,#5544,#5546,#5548));
#5550=FACE_OUTER_BOUND('',#5549,.F.);
#5551=ADVANCED_FACE('',(#5550),#5542,.T.);
#5552=CARTESIAN_POINT('',(2.25E0,0.E0,0.E0));
#5553=DIRECTION('',(1.E0,0.E0,0.E0));
#5554=DIRECTION('',(0.E0,0.E0,-1.E0));
#5555=AXIS2_PLACEMENT_3D('',#5552,#5553,#5554);
#5556=PLANE('',#5555);
#5558=ORIENTED_EDGE('',*,*,#5557,.F.);
#5560=ORIENTED_EDGE('',*,*,#5559,.F.);
#5562=ORIENTED_EDGE('',*,*,#5561,.F.);
#5564=ORIENTED_EDGE('',*,*,#5563,.F.);
#5566=ORIENTED_EDGE('',*,*,#5565,.F.);
#5568=ORIENTED_EDGE('',*,*,#5567,.F.);
#5570=ORIENTED_EDGE('',*,*,#5569,.F.);
#5572=ORIENTED_EDGE('',*,*,#5571,.F.);
#5574=ORIENTED_EDGE('',*,*,#5573,.F.);
#5576=ORIENTED_EDGE('',*,*,#5575,.F.);
#5577=EDGE_LOOP('',(#5558,#5560,#5562,#5564,#5566,#5568,#5570,#5572,#5574,
#5576));
#5578=FACE_OUTER_BOUND('',#5577,.F.);
#5579=ADVANCED_FACE('',(#5578),#5556,.T.);
#5580=CARTESIAN_POINT('',(1.75E0,1.25E0,4.5E-1));
#5581=DIRECTION('',(0.E0,0.E0,1.E0));
#5582=DIRECTION('',(0.E0,-1.E0,0.E0));
#5583=AXIS2_PLACEMENT_3D('',#5580,#5581,#5582);
#5584=PLANE('',#5583);
#5585=ORIENTED_EDGE('',*,*,#5490,.F.);
#5587=ORIENTED_EDGE('',*,*,#5586,.T.);
#5588=ORIENTED_EDGE('',*,*,#5545,.T.);
#5589=ORIENTED_EDGE('',*,*,#3794,.F.);
#5590=EDGE_LOOP('',(#5585,#5587,#5588,#5589));
#5591=FACE_OUTER_BOUND('',#5590,.F.);
#5592=ADVANCED_FACE('',(#5591),#5584,.T.);
#5593=CARTESIAN_POINT('',(1.75E0,1.25E0,-5.E-2));
#5594=DIRECTION('',(0.E0,1.E0,0.E0));
#5595=DIRECTION('',(0.E0,0.E0,1.E0));
#5596=AXIS2_PLACEMENT_3D('',#5593,#5594,#5595);
#5597=PLANE('',#5596);
#5598=ORIENTED_EDGE('',*,*,#5488,.F.);
#5599=ORIENTED_EDGE('',*,*,#5533,.T.);
#5600=ORIENTED_EDGE('',*,*,#5547,.T.);
#5601=ORIENTED_EDGE('',*,*,#5586,.F.);
#5602=EDGE_LOOP('',(#5598,#5599,#5600,#5601));
#5603=FACE_OUTER_BOUND('',#5602,.F.);
#5604=ADVANCED_FACE('',(#5603),#5597,.T.);
#5605=CARTESIAN_POINT('',(1.75E0,-3.85E0,-2.5E-1));
#5606=DIRECTION('',(1.E0,0.E0,0.E0));
#5607=DIRECTION('',(0.E0,0.E0,-1.E0));
#5608=AXIS2_PLACEMENT_3D('',#5605,#5606,#5607);
#5609=CYLINDRICAL_SURFACE('',#5608,2.E-1);
#5610=ORIENTED_EDGE('',*,*,#5501,.F.);
#5612=ORIENTED_EDGE('',*,*,#5611,.T.);
#5613=ORIENTED_EDGE('',*,*,#5557,.T.);
#5615=ORIENTED_EDGE('',*,*,#5614,.F.);
#5616=EDGE_LOOP('',(#5610,#5612,#5613,#5615));
#5617=FACE_OUTER_BOUND('',#5616,.F.);
#5618=ADVANCED_FACE('',(#5617),#5609,.F.);
#5619=CARTESIAN_POINT('',(1.75E0,-4.05E0,-3.9E0));
#5620=DIRECTION('',(0.E0,1.E0,0.E0));
#5621=DIRECTION('',(0.E0,0.E0,1.E0));
#5622=AXIS2_PLACEMENT_3D('',#5619,#5620,#5621);
#5623=PLANE('',#5622);
#5624=ORIENTED_EDGE('',*,*,#5519,.F.);
#5626=ORIENTED_EDGE('',*,*,#5625,.T.);
#5627=ORIENTED_EDGE('',*,*,#5559,.T.);
#5628=ORIENTED_EDGE('',*,*,#5611,.F.);
#5629=EDGE_LOOP('',(#5624,#5626,#5627,#5628));
#5630=FACE_OUTER_BOUND('',#5629,.F.);
#5631=ADVANCED_FACE('',(#5630),#5623,.T.);
#5632=CARTESIAN_POINT('',(1.75E0,-3.45E0,-4.35E0));
#5633=DIRECTION('',(1.E0,0.E0,0.E0));
#5634=DIRECTION('',(0.E0,0.E0,-1.E0));
#5635=AXIS2_PLACEMENT_3D('',#5632,#5633,#5634);
#5636=CYLINDRICAL_SURFACE('',#5635,7.5E-1);
#5637=ORIENTED_EDGE('',*,*,#5517,.F.);
#5639=ORIENTED_EDGE('',*,*,#5638,.T.);
#5640=ORIENTED_EDGE('',*,*,#5561,.T.);
#5641=ORIENTED_EDGE('',*,*,#5625,.F.);
#5642=EDGE_LOOP('',(#5637,#5639,#5640,#5641));
#5643=FACE_OUTER_BOUND('',#5642,.F.);
#5644=ADVANCED_FACE('',(#5643),#5636,.F.);
#5645=CARTESIAN_POINT('',(1.75E0,-4.05E0,-5.95E0));
#5646=DIRECTION('',(0.E0,1.E0,0.E0));
#5647=DIRECTION('',(0.E0,0.E0,1.E0));
#5648=AXIS2_PLACEMENT_3D('',#5645,#5646,#5647);
#5649=PLANE('',#5648);
#5650=ORIENTED_EDGE('',*,*,#5515,.F.);
#5652=ORIENTED_EDGE('',*,*,#5651,.T.);
#5653=ORIENTED_EDGE('',*,*,#5563,.T.);
#5654=ORIENTED_EDGE('',*,*,#5638,.F.);
#5655=EDGE_LOOP('',(#5650,#5652,#5653,#5654));
#5656=FACE_OUTER_BOUND('',#5655,.F.);
#5657=ADVANCED_FACE('',(#5656),#5649,.T.);
#5658=CARTESIAN_POINT('',(1.75E0,-4.55E0,-5.95E0));
#5659=DIRECTION('',(0.E0,0.E0,-1.E0));
#5660=DIRECTION('',(0.E0,1.E0,0.E0));
#5661=AXIS2_PLACEMENT_3D('',#5658,#5659,#5660);
#5662=PLANE('',#5661);
#5663=ORIENTED_EDGE('',*,*,#5513,.F.);
#5665=ORIENTED_EDGE('',*,*,#5664,.T.);
#5666=ORIENTED_EDGE('',*,*,#5565,.T.);
#5667=ORIENTED_EDGE('',*,*,#5651,.F.);
#5668=EDGE_LOOP('',(#5663,#5665,#5666,#5667));
#5669=FACE_OUTER_BOUND('',#5668,.F.);
#5670=ADVANCED_FACE('',(#5669),#5662,.T.);
#5671=CARTESIAN_POINT('',(1.75E0,-4.55E0,-4.943717104352E0));
#5672=DIRECTION('',(0.E0,-1.E0,0.E0));
#5673=DIRECTION('',(0.E0,0.E0,-1.E0));
#5674=AXIS2_PLACEMENT_3D('',#5671,#5672,#5673);
#5675=PLANE('',#5674);
#5676=ORIENTED_EDGE('',*,*,#5511,.F.);
#5678=ORIENTED_EDGE('',*,*,#5677,.T.);
#5679=ORIENTED_EDGE('',*,*,#5567,.T.);
#5680=ORIENTED_EDGE('',*,*,#5664,.F.);
#5681=EDGE_LOOP('',(#5676,#5678,#5679,#5680));
#5682=FACE_OUTER_BOUND('',#5681,.F.);
#5683=ADVANCED_FACE('',(#5682),#5675,.T.);
#5684=CARTESIAN_POINT('',(1.75E0,-3.45E0,-4.35E0));
#5685=DIRECTION('',(1.E0,0.E0,0.E0));
#5686=DIRECTION('',(0.E0,0.E0,-1.E0));
#5687=AXIS2_PLACEMENT_3D('',#5684,#5685,#5686);
#5688=CYLINDRICAL_SURFACE('',#5687,1.25E0);
#5689=ORIENTED_EDGE('',*,*,#5509,.F.);
#5691=ORIENTED_EDGE('',*,*,#5690,.T.);
#5692=ORIENTED_EDGE('',*,*,#5569,.T.);
#5693=ORIENTED_EDGE('',*,*,#5677,.F.);
#5694=EDGE_LOOP('',(#5689,#5691,#5692,#5693));
#5695=FACE_OUTER_BOUND('',#5694,.F.);
#5696=ADVANCED_FACE('',(#5695),#5688,.T.);
#5697=CARTESIAN_POINT('',(1.75E0,-4.55E0,-2.5E-1));
#5698=DIRECTION('',(0.E0,-1.E0,0.E0));
#5699=DIRECTION('',(0.E0,0.E0,-1.E0));
#5700=AXIS2_PLACEMENT_3D('',#5697,#5698,#5699);
#5701=PLANE('',#5700);
#5702=ORIENTED_EDGE('',*,*,#5507,.F.);
#5704=ORIENTED_EDGE('',*,*,#5703,.T.);
#5705=ORIENTED_EDGE('',*,*,#5571,.T.);
#5706=ORIENTED_EDGE('',*,*,#5690,.F.);
#5707=EDGE_LOOP('',(#5702,#5704,#5705,#5706));
#5708=FACE_OUTER_BOUND('',#5707,.F.);
#5709=ADVANCED_FACE('',(#5708),#5701,.T.);
#5710=CARTESIAN_POINT('',(1.75E0,-3.85E0,-2.5E-1));
#5711=DIRECTION('',(1.E0,0.E0,0.E0));
#5712=DIRECTION('',(0.E0,0.E0,-1.E0));
#5713=AXIS2_PLACEMENT_3D('',#5710,#5711,#5712);
#5714=CYLINDRICAL_SURFACE('',#5713,7.E-1);
#5715=ORIENTED_EDGE('',*,*,#5505,.F.);
#5717=ORIENTED_EDGE('',*,*,#5716,.T.);
#5718=ORIENTED_EDGE('',*,*,#5573,.T.);
#5719=ORIENTED_EDGE('',*,*,#5703,.F.);
#5720=EDGE_LOOP('',(#5715,#5717,#5718,#5719));
#5721=FACE_OUTER_BOUND('',#5720,.F.);
#5722=ADVANCED_FACE('',(#5721),#5714,.T.);
#5723=CARTESIAN_POINT('',(2.35E0,-4.E0,1.85E0));
#5724=DIRECTION('',(0.E0,1.E0,0.E0));
#5725=DIRECTION('',(-1.E0,0.E0,0.E0));
#5726=AXIS2_PLACEMENT_3D('',#5723,#5724,#5725);
#5727=PLANE('',#5726);
#5729=ORIENTED_EDGE('',*,*,#5728,.F.);
#5731=ORIENTED_EDGE('',*,*,#5730,.T.);
#5732=ORIENTED_EDGE('',*,*,#3412,.T.);
#5734=ORIENTED_EDGE('',*,*,#5733,.F.);
#5735=EDGE_LOOP('',(#5729,#5731,#5732,#5734));
#5736=FACE_OUTER_BOUND('',#5735,.F.);
#5737=ORIENTED_EDGE('',*,*,#5503,.T.);
#5738=ORIENTED_EDGE('',*,*,#5614,.T.);
#5739=ORIENTED_EDGE('',*,*,#5575,.T.);
#5740=ORIENTED_EDGE('',*,*,#5716,.F.);
#5741=EDGE_LOOP('',(#5737,#5738,#5739,#5740));
#5742=FACE_BOUND('',#5741,.F.);
#5743=ADVANCED_FACE('',(#5736,#5742),#5727,.F.);
#5744=CARTESIAN_POINT('',(4.35E0,4.25E0,1.15E0));
#5745=DIRECTION('',(0.E0,0.E0,1.E0));
#5746=DIRECTION('',(1.E0,0.E0,0.E0));
#5747=AXIS2_PLACEMENT_3D('',#5744,#5745,#5746);
#5748=PLANE('',#5747);
#5749=ORIENTED_EDGE('',*,*,#5728,.T.);
#5751=ORIENTED_EDGE('',*,*,#5750,.F.);
#5753=ORIENTED_EDGE('',*,*,#5752,.F.);
#5755=ORIENTED_EDGE('',*,*,#5754,.F.);
#5756=EDGE_LOOP('',(#5749,#5751,#5753,#5755));
#5757=FACE_OUTER_BOUND('',#5756,.F.);
#5758=ADVANCED_FACE('',(#5757),#5748,.T.);
#5759=CARTESIAN_POINT('',(1.65E0,-4.E0,1.85E0));
#5760=DIRECTION('',(-1.E0,0.E0,0.E0));
#5761=DIRECTION('',(0.E0,-1.E0,0.E0));
#5762=AXIS2_PLACEMENT_3D('',#5759,#5760,#5761);
#5763=PLANE('',#5762);
#5764=ORIENTED_EDGE('',*,*,#3257,.T.);
#5766=ORIENTED_EDGE('',*,*,#5765,.T.);
#5767=ORIENTED_EDGE('',*,*,#5750,.T.);
#5768=ORIENTED_EDGE('',*,*,#5733,.T.);
#5769=ORIENTED_EDGE('',*,*,#3410,.F.);
#5770=ORIENTED_EDGE('',*,*,#3080,.T.);
#5771=EDGE_LOOP('',(#5764,#5766,#5767,#5768,#5769,#5770));
#5772=FACE_OUTER_BOUND('',#5771,.F.);
#5773=ADVANCED_FACE('',(#5772),#5763,.F.);
#5774=CARTESIAN_POINT('',(2.35E0,-3.2E0,1.85E0));
#5775=DIRECTION('',(0.E0,1.E0,0.E0));
#5776=DIRECTION('',(-1.E0,0.E0,0.E0));
#5777=AXIS2_PLACEMENT_3D('',#5774,#5775,#5776);
#5778=PLANE('',#5777);
#5779=ORIENTED_EDGE('',*,*,#3255,.F.);
#5781=ORIENTED_EDGE('',*,*,#5780,.T.);
#5782=ORIENTED_EDGE('',*,*,#5752,.T.);
#5783=ORIENTED_EDGE('',*,*,#5765,.F.);
#5784=EDGE_LOOP('',(#5779,#5781,#5782,#5783));
#5785=FACE_OUTER_BOUND('',#5784,.F.);
#5786=ADVANCED_FACE('',(#5785),#5778,.F.);
#5787=CARTESIAN_POINT('',(2.35E0,-4.25E0,1.85E0));
#5788=DIRECTION('',(1.E0,0.E0,0.E0));
#5789=DIRECTION('',(0.E0,1.E0,0.E0));
#5790=AXIS2_PLACEMENT_3D('',#5787,#5788,#5789);
#5791=PLANE('',#5790);
#5792=ORIENTED_EDGE('',*,*,#5730,.F.);
#5793=ORIENTED_EDGE('',*,*,#5754,.T.);
#5794=ORIENTED_EDGE('',*,*,#5780,.F.);
#5795=ORIENTED_EDGE('',*,*,#3253,.T.);
#5796=ORIENTED_EDGE('',*,*,#3060,.F.);
#5797=ORIENTED_EDGE('',*,*,#3414,.T.);
#5798=EDGE_LOOP('',(#5792,#5793,#5794,#5795,#5796,#5797));
#5799=FACE_OUTER_BOUND('',#5798,.F.);
#5800=ADVANCED_FACE('',(#5799),#5791,.F.);
#5801=CARTESIAN_POINT('',(-2.5E-1,0.E0,0.E0));
#5802=DIRECTION('',(1.E0,0.E0,0.E0));
#5803=DIRECTION('',(0.E0,0.E0,-1.E0));
#5804=AXIS2_PLACEMENT_3D('',#5801,#5802,#5803);
#5805=PLANE('',#5804);
#5807=ORIENTED_EDGE('',*,*,#5806,.F.);
#5809=ORIENTED_EDGE('',*,*,#5808,.T.);
#5811=ORIENTED_EDGE('',*,*,#5810,.T.);
#5813=ORIENTED_EDGE('',*,*,#5812,.T.);
#5815=ORIENTED_EDGE('',*,*,#5814,.T.);
#5817=ORIENTED_EDGE('',*,*,#5816,.T.);
#5818=EDGE_LOOP('',(#5807,#5809,#5811,#5813,#5815,#5817));
#5819=FACE_OUTER_BOUND('',#5818,.F.);
#5820=ADVANCED_FACE('',(#5819),#5805,.F.);
#5821=CARTESIAN_POINT('',(-2.5E-1,0.E0,0.E0));
#5822=DIRECTION('',(1.E0,0.E0,0.E0));
#5823=DIRECTION('',(0.E0,0.E0,-1.E0));
#5824=AXIS2_PLACEMENT_3D('',#5821,#5822,#5823);
#5825=PLANE('',#5824);
#5827=ORIENTED_EDGE('',*,*,#5826,.T.);
#5828=ORIENTED_EDGE('',*,*,#3818,.F.);
#5830=ORIENTED_EDGE('',*,*,#5829,.T.);
#5832=ORIENTED_EDGE('',*,*,#5831,.T.);
#5833=EDGE_LOOP('',(#5827,#5828,#5830,#5832));
#5834=FACE_OUTER_BOUND('',#5833,.F.);
#5835=ADVANCED_FACE('',(#5834),#5825,.F.);
#5836=CARTESIAN_POINT('',(3.5E-1,-4.E0,1.85E0));
#5837=DIRECTION('',(0.E0,1.E0,0.E0));
#5838=DIRECTION('',(-1.E0,0.E0,0.E0));
#5839=AXIS2_PLACEMENT_3D('',#5836,#5837,#5838);
#5840=PLANE('',#5839);
#5842=ORIENTED_EDGE('',*,*,#5841,.F.);
#5844=ORIENTED_EDGE('',*,*,#5843,.T.);
#5845=ORIENTED_EDGE('',*,*,#3405,.T.);
#5847=ORIENTED_EDGE('',*,*,#5846,.F.);
#5848=EDGE_LOOP('',(#5842,#5844,#5845,#5847));
#5849=FACE_OUTER_BOUND('',#5848,.F.);
#5850=ORIENTED_EDGE('',*,*,#5806,.T.);
#5852=ORIENTED_EDGE('',*,*,#5851,.T.);
#5854=ORIENTED_EDGE('',*,*,#5853,.T.);
#5856=ORIENTED_EDGE('',*,*,#5855,.F.);
#5857=EDGE_LOOP('',(#5850,#5852,#5854,#5856));
#5858=FACE_BOUND('',#5857,.F.);
#5859=ADVANCED_FACE('',(#5849,#5858),#5840,.F.);
#5860=CARTESIAN_POINT('',(4.35E0,4.25E0,1.15E0));
#5861=DIRECTION('',(0.E0,0.E0,1.E0));
#5862=DIRECTION('',(1.E0,0.E0,0.E0));
#5863=AXIS2_PLACEMENT_3D('',#5860,#5861,#5862);
#5864=PLANE('',#5863);
#5865=ORIENTED_EDGE('',*,*,#5841,.T.);
#5867=ORIENTED_EDGE('',*,*,#5866,.F.);
#5869=ORIENTED_EDGE('',*,*,#5868,.F.);
#5871=ORIENTED_EDGE('',*,*,#5870,.F.);
#5872=EDGE_LOOP('',(#5865,#5867,#5869,#5871));
#5873=FACE_OUTER_BOUND('',#5872,.F.);
#5874=ADVANCED_FACE('',(#5873),#5864,.T.);
#5875=CARTESIAN_POINT('',(-3.5E-1,-4.E0,1.85E0));
#5876=DIRECTION('',(-1.E0,0.E0,0.E0));
#5877=DIRECTION('',(0.E0,-1.E0,0.E0));
#5878=AXIS2_PLACEMENT_3D('',#5875,#5876,#5877);
#5879=PLANE('',#5878);
#5880=ORIENTED_EDGE('',*,*,#3264,.T.);
#5882=ORIENTED_EDGE('',*,*,#5881,.T.);
#5883=ORIENTED_EDGE('',*,*,#5866,.T.);
#5884=ORIENTED_EDGE('',*,*,#5846,.T.);
#5885=ORIENTED_EDGE('',*,*,#3403,.F.);
#5886=ORIENTED_EDGE('',*,*,#3096,.T.);
#5887=EDGE_LOOP('',(#5880,#5882,#5883,#5884,#5885,#5886));
#5888=FACE_OUTER_BOUND('',#5887,.F.);
#5889=ADVANCED_FACE('',(#5888),#5879,.F.);
#5890=CARTESIAN_POINT('',(3.5E-1,-3.2E0,1.85E0));
#5891=DIRECTION('',(0.E0,1.E0,0.E0));
#5892=DIRECTION('',(-1.E0,0.E0,0.E0));
#5893=AXIS2_PLACEMENT_3D('',#5890,#5891,#5892);
#5894=PLANE('',#5893);
#5895=ORIENTED_EDGE('',*,*,#3262,.F.);
#5897=ORIENTED_EDGE('',*,*,#5896,.T.);
#5898=ORIENTED_EDGE('',*,*,#5868,.T.);
#5899=ORIENTED_EDGE('',*,*,#5881,.F.);
#5900=EDGE_LOOP('',(#5895,#5897,#5898,#5899));
#5901=FACE_OUTER_BOUND('',#5900,.F.);
#5902=ADVANCED_FACE('',(#5901),#5894,.F.);
#5903=CARTESIAN_POINT('',(3.5E-1,-4.25E0,1.85E0));
#5904=DIRECTION('',(1.E0,0.E0,0.E0));
#5905=DIRECTION('',(0.E0,1.E0,0.E0));
#5906=AXIS2_PLACEMENT_3D('',#5903,#5904,#5905);
#5907=PLANE('',#5906);
#5908=ORIENTED_EDGE('',*,*,#5843,.F.);
#5909=ORIENTED_EDGE('',*,*,#5870,.T.);
#5910=ORIENTED_EDGE('',*,*,#5896,.F.);
#5911=ORIENTED_EDGE('',*,*,#3260,.T.);
#5912=ORIENTED_EDGE('',*,*,#3076,.F.);
#5913=ORIENTED_EDGE('',*,*,#3407,.T.);
#5914=EDGE_LOOP('',(#5908,#5909,#5910,#5911,#5912,#5913));
#5915=FACE_OUTER_BOUND('',#5914,.F.);
#5916=ADVANCED_FACE('',(#5915),#5907,.F.);
#5917=CARTESIAN_POINT('',(-2.5E-1,-3.85E0,-2.5E-1));
#5918=DIRECTION('',(1.E0,0.E0,0.E0));
#5919=DIRECTION('',(0.E0,0.E0,-1.E0));
#5920=AXIS2_PLACEMENT_3D('',#5917,#5918,#5919);
#5921=CYLINDRICAL_SURFACE('',#5920,2.E-1);
#5922=ORIENTED_EDGE('',*,*,#5851,.F.);
#5923=ORIENTED_EDGE('',*,*,#5816,.F.);
#5925=ORIENTED_EDGE('',*,*,#5924,.T.);
#5927=ORIENTED_EDGE('',*,*,#5926,.T.);
#5928=EDGE_LOOP('',(#5922,#5923,#5925,#5927));
#5929=FACE_OUTER_BOUND('',#5928,.F.);
#5930=ADVANCED_FACE('',(#5929),#5921,.F.);
#5931=CARTESIAN_POINT('',(-2.5E-1,-4.05E0,-5.95E0));
#5932=DIRECTION('',(0.E0,1.E0,0.E0));
#5933=DIRECTION('',(0.E0,0.E0,1.E0));
#5934=AXIS2_PLACEMENT_3D('',#5931,#5932,#5933);
#5935=PLANE('',#5934);
#5936=ORIENTED_EDGE('',*,*,#5814,.F.);
#5938=ORIENTED_EDGE('',*,*,#5937,.T.);
#5940=ORIENTED_EDGE('',*,*,#5939,.T.);
#5941=ORIENTED_EDGE('',*,*,#5924,.F.);
#5942=EDGE_LOOP('',(#5936,#5938,#5940,#5941));
#5943=FACE_OUTER_BOUND('',#5942,.F.);
#5944=ADVANCED_FACE('',(#5943),#5935,.T.);
#5945=CARTESIAN_POINT('',(-2.5E-1,-4.55E0,-5.95E0));
#5946=DIRECTION('',(0.E0,0.E0,-1.E0));
#5947=DIRECTION('',(0.E0,1.E0,0.E0));
#5948=AXIS2_PLACEMENT_3D('',#5945,#5946,#5947);
#5949=PLANE('',#5948);
#5950=ORIENTED_EDGE('',*,*,#5812,.F.);
#5952=ORIENTED_EDGE('',*,*,#5951,.T.);
#5954=ORIENTED_EDGE('',*,*,#5953,.T.);
#5955=ORIENTED_EDGE('',*,*,#5937,.F.);
#5956=EDGE_LOOP('',(#5950,#5952,#5954,#5955));
#5957=FACE_OUTER_BOUND('',#5956,.F.);
#5958=ADVANCED_FACE('',(#5957),#5949,.T.);
#5959=CARTESIAN_POINT('',(-2.5E-1,-4.55E0,-2.5E-1));
#5960=DIRECTION('',(0.E0,-1.E0,0.E0));
#5961=DIRECTION('',(0.E0,0.E0,-1.E0));
#5962=AXIS2_PLACEMENT_3D('',#5959,#5960,#5961);
#5963=PLANE('',#5962);
#5964=ORIENTED_EDGE('',*,*,#5810,.F.);
#5966=ORIENTED_EDGE('',*,*,#5965,.T.);
#5968=ORIENTED_EDGE('',*,*,#5967,.T.);
#5969=ORIENTED_EDGE('',*,*,#5951,.F.);
#5970=EDGE_LOOP('',(#5964,#5966,#5968,#5969));
#5971=FACE_OUTER_BOUND('',#5970,.F.);
#5972=ADVANCED_FACE('',(#5971),#5963,.T.);
#5973=CARTESIAN_POINT('',(-2.5E-1,-3.85E0,-2.5E-1));
#5974=DIRECTION('',(1.E0,0.E0,0.E0));
#5975=DIRECTION('',(0.E0,0.E0,-1.E0));
#5976=AXIS2_PLACEMENT_3D('',#5973,#5974,#5975);
#5977=CYLINDRICAL_SURFACE('',#5976,7.E-1);
#5978=ORIENTED_EDGE('',*,*,#5808,.F.);
#5979=ORIENTED_EDGE('',*,*,#5855,.T.);
#5981=ORIENTED_EDGE('',*,*,#5980,.T.);
#5982=ORIENTED_EDGE('',*,*,#5965,.F.);
#5983=EDGE_LOOP('',(#5978,#5979,#5981,#5982));
#5984=FACE_OUTER_BOUND('',#5983,.F.);
#5985=ADVANCED_FACE('',(#5984),#5977,.T.);
#5986=CARTESIAN_POINT('',(2.5E-1,0.E0,0.E0));
#5987=DIRECTION('',(1.E0,0.E0,0.E0));
#5988=DIRECTION('',(0.E0,0.E0,-1.E0));
#5989=AXIS2_PLACEMENT_3D('',#5986,#5987,#5988);
#5990=PLANE('',#5989);
#5991=ORIENTED_EDGE('',*,*,#5853,.F.);
#5992=ORIENTED_EDGE('',*,*,#5926,.F.);
#5993=ORIENTED_EDGE('',*,*,#5939,.F.);
#5994=ORIENTED_EDGE('',*,*,#5953,.F.);
#5995=ORIENTED_EDGE('',*,*,#5967,.F.);
#5996=ORIENTED_EDGE('',*,*,#5980,.F.);
#5997=EDGE_LOOP('',(#5991,#5992,#5993,#5994,#5995,#5996));
#5998=FACE_OUTER_BOUND('',#5997,.F.);
#5999=ADVANCED_FACE('',(#5998),#5990,.T.);
#6000=CARTESIAN_POINT('',(2.5E-1,0.E0,0.E0));
#6001=DIRECTION('',(1.E0,0.E0,0.E0));
#6002=DIRECTION('',(0.E0,0.E0,-1.E0));
#6003=AXIS2_PLACEMENT_3D('',#6000,#6001,#6002);
#6004=PLANE('',#6003);
#6006=ORIENTED_EDGE('',*,*,#6005,.F.);
#6008=ORIENTED_EDGE('',*,*,#6007,.F.);
#6010=ORIENTED_EDGE('',*,*,#6009,.F.);
#6011=ORIENTED_EDGE('',*,*,#3822,.T.);
#6012=EDGE_LOOP('',(#6006,#6008,#6010,#6011));
#6013=FACE_OUTER_BOUND('',#6012,.F.);
#6014=ADVANCED_FACE('',(#6013),#6004,.T.);
#6015=CARTESIAN_POINT('',(-2.5E-1,9.5E-1,4.5E-1));
#6016=DIRECTION('',(0.E0,0.E0,1.E0));
#6017=DIRECTION('',(0.E0,-1.E0,0.E0));
#6018=AXIS2_PLACEMENT_3D('',#6015,#6016,#6017);
#6019=PLANE('',#6018);
#6020=ORIENTED_EDGE('',*,*,#5826,.F.);
#6022=ORIENTED_EDGE('',*,*,#6021,.T.);
#6023=ORIENTED_EDGE('',*,*,#6005,.T.);
#6024=ORIENTED_EDGE('',*,*,#3820,.F.);
#6025=EDGE_LOOP('',(#6020,#6022,#6023,#6024));
#6026=FACE_OUTER_BOUND('',#6025,.F.);
#6027=ADVANCED_FACE('',(#6026),#6019,.T.);
#6028=CARTESIAN_POINT('',(-2.5E-1,9.5E-1,-5.E-2));
#6029=DIRECTION('',(0.E0,1.E0,0.E0));
#6030=DIRECTION('',(0.E0,0.E0,1.E0));
#6031=AXIS2_PLACEMENT_3D('',#6028,#6029,#6030);
#6032=PLANE('',#6031);
#6033=ORIENTED_EDGE('',*,*,#5831,.F.);
#6035=ORIENTED_EDGE('',*,*,#6034,.T.);
#6036=ORIENTED_EDGE('',*,*,#6007,.T.);
#6037=ORIENTED_EDGE('',*,*,#6021,.F.);
#6038=EDGE_LOOP('',(#6033,#6035,#6036,#6037));
#6039=FACE_OUTER_BOUND('',#6038,.F.);
#6040=ADVANCED_FACE('',(#6039),#6032,.T.);
#6041=CARTESIAN_POINT('',(-2.5E-1,-3.85E0,-5.E-2));
#6042=DIRECTION('',(0.E0,0.E0,-1.E0));
#6043=DIRECTION('',(0.E0,1.E0,0.E0));
#6044=AXIS2_PLACEMENT_3D('',#6041,#6042,#6043);
#6045=PLANE('',#6044);
#6046=ORIENTED_EDGE('',*,*,#5829,.F.);
#6047=ORIENTED_EDGE('',*,*,#3824,.T.);
#6048=ORIENTED_EDGE('',*,*,#6009,.T.);
#6049=ORIENTED_EDGE('',*,*,#6034,.F.);
#6050=EDGE_LOOP('',(#6046,#6047,#6048,#6049));
#6051=FACE_OUTER_BOUND('',#6050,.F.);
#6052=ADVANCED_FACE('',(#6051),#6045,.T.);
#6053=CARTESIAN_POINT('',(4.35E0,2.35E0,-2.75E0));
#6054=DIRECTION('',(0.E0,1.E0,0.E0));
#6055=DIRECTION('',(0.E0,0.E0,1.E0));
#6056=AXIS2_PLACEMENT_3D('',#6053,#6054,#6055);
#6057=PLANE('',#6056);
#6058=ORIENTED_EDGE('',*,*,#2976,.F.);
#6059=ORIENTED_EDGE('',*,*,#3366,.T.);
#6060=ORIENTED_EDGE('',*,*,#3420,.F.);
#6061=ORIENTED_EDGE('',*,*,#3160,.F.);
#6062=EDGE_LOOP('',(#6058,#6059,#6060,#6061));
#6063=FACE_OUTER_BOUND('',#6062,.F.);
#6064=ADVANCED_FACE('',(#6063),#6057,.F.);
#6065=CARTESIAN_POINT('',(4.35E0,-3.2E0,1.85E0));
#6066=DIRECTION('',(0.E0,1.E0,0.E0));
#6067=DIRECTION('',(-1.E0,0.E0,0.E0));
#6068=AXIS2_PLACEMENT_3D('',#6065,#6066,#6067);
#6069=PLANE('',#6068);
#6070=ORIENTED_EDGE('',*,*,#3249,.F.);
#6071=ORIENTED_EDGE('',*,*,#3150,.T.);
#6072=ORIENTED_EDGE('',*,*,#3200,.T.);
#6073=ORIENTED_EDGE('',*,*,#3213,.F.);
#6074=EDGE_LOOP('',(#6070,#6071,#6072,#6073));
#6075=FACE_OUTER_BOUND('',#6074,.F.);
#6076=ADVANCED_FACE('',(#6075),#6069,.F.);
#6077=CARTESIAN_POINT('',(2.7E0,-6.8E-1,2.149777860021E0));
#6078=DIRECTION('',(0.E0,5.E-1,8.660254037844E-1));
#6079=DIRECTION('',(0.E0,8.660254037844E-1,-5.E-1));
#6080=AXIS2_PLACEMENT_3D('',#6077,#6078,#6079);
#6081=PLANE('',#6080);
#6083=ORIENTED_EDGE('',*,*,#6082,.T.);
#6084=ORIENTED_EDGE('',*,*,#3276,.F.);
#6086=ORIENTED_EDGE('',*,*,#6085,.T.);
#6088=ORIENTED_EDGE('',*,*,#6087,.T.);
#6089=EDGE_LOOP('',(#6083,#6084,#6086,#6088));
#6090=FACE_OUTER_BOUND('',#6089,.F.);
#6091=ADVANCED_FACE('',(#6090),#6081,.T.);
#6092=CARTESIAN_POINT('',(2.1E0,-1.6E-1,1.85E0));
#6093=DIRECTION('',(-1.E0,0.E0,0.E0));
#6094=DIRECTION('',(0.E0,-1.E0,0.E0));
#6095=AXIS2_PLACEMENT_3D('',#6092,#6093,#6094);
#6096=PLANE('',#6095);
#6097=ORIENTED_EDGE('',*,*,#6082,.F.);
#6099=ORIENTED_EDGE('',*,*,#6098,.T.);
#6101=ORIENTED_EDGE('',*,*,#6100,.F.);
#6102=ORIENTED_EDGE('',*,*,#3278,.F.);
#6103=EDGE_LOOP('',(#6097,#6099,#6101,#6102));
#6104=FACE_OUTER_BOUND('',#6103,.F.);
#6105=ADVANCED_FACE('',(#6104),#6096,.T.);
#6106=CARTESIAN_POINT('',(6.15E0,4.25E0,2.45E0));
#6107=DIRECTION('',(0.E0,0.E0,1.E0));
#6108=DIRECTION('',(1.E0,0.E0,0.E0));
#6109=AXIS2_PLACEMENT_3D('',#6106,#6107,#6108);
#6110=PLANE('',#6109);
#6111=ORIENTED_EDGE('',*,*,#6087,.F.);
#6113=ORIENTED_EDGE('',*,*,#6112,.F.);
#6115=ORIENTED_EDGE('',*,*,#6114,.F.);
#6116=ORIENTED_EDGE('',*,*,#6098,.F.);
#6117=EDGE_LOOP('',(#6111,#6113,#6115,#6116));
#6118=FACE_OUTER_BOUND('',#6117,.F.);
#6119=ADVANCED_FACE('',(#6118),#6110,.T.);
#6120=CARTESIAN_POINT('',(6.15E0,4.25E0,2.45E0));
#6121=DIRECTION('',(0.E0,0.E0,1.E0));
#6122=DIRECTION('',(1.E0,0.E0,0.E0));
#6123=AXIS2_PLACEMENT_3D('',#6120,#6121,#6122);
#6124=PLANE('',#6123);
#6126=ORIENTED_EDGE('',*,*,#6125,.F.);
#6128=ORIENTED_EDGE('',*,*,#6127,.F.);
#6130=ORIENTED_EDGE('',*,*,#6129,.F.);
#6132=ORIENTED_EDGE('',*,*,#6131,.F.);
#6133=EDGE_LOOP('',(#6126,#6128,#6130,#6132));
#6134=FACE_OUTER_BOUND('',#6133,.F.);
#6135=ADVANCED_FACE('',(#6134),#6124,.T.);
#6136=CARTESIAN_POINT('',(3.3E0,-1.6E0,1.85E0));
#6137=DIRECTION('',(1.E0,0.E0,0.E0));
#6138=DIRECTION('',(0.E0,1.E0,0.E0));
#6139=AXIS2_PLACEMENT_3D('',#6136,#6137,#6138);
#6140=PLANE('',#6139);
#6141=ORIENTED_EDGE('',*,*,#6085,.F.);
#6142=ORIENTED_EDGE('',*,*,#3282,.F.);
#6144=ORIENTED_EDGE('',*,*,#6143,.T.);
#6145=ORIENTED_EDGE('',*,*,#6112,.T.);
#6146=EDGE_LOOP('',(#6141,#6142,#6144,#6145));
#6147=FACE_OUTER_BOUND('',#6146,.F.);
#6148=ADVANCED_FACE('',(#6147),#6140,.T.);
#6149=CARTESIAN_POINT('',(2.1E0,-1.6E0,1.85E0));
#6150=DIRECTION('',(0.E0,-1.E0,0.E0));
#6151=DIRECTION('',(1.E0,0.E0,0.E0));
#6152=AXIS2_PLACEMENT_3D('',#6149,#6150,#6151);
#6153=PLANE('',#6152);
#6154=ORIENTED_EDGE('',*,*,#3280,.F.);
#6155=ORIENTED_EDGE('',*,*,#6100,.T.);
#6156=ORIENTED_EDGE('',*,*,#6114,.T.);
#6157=ORIENTED_EDGE('',*,*,#6143,.F.);
#6158=EDGE_LOOP('',(#6154,#6155,#6156,#6157));
#6159=FACE_OUTER_BOUND('',#6158,.F.);
#6160=ADVANCED_FACE('',(#6159),#6153,.T.);
#6161=CARTESIAN_POINT('',(-2.7E0,-6.8E-1,2.149777860021E0));
#6162=DIRECTION('',(0.E0,5.E-1,8.660254037844E-1));
#6163=DIRECTION('',(0.E0,8.660254037844E-1,-5.E-1));
#6164=AXIS2_PLACEMENT_3D('',#6161,#6162,#6163);
#6165=PLANE('',#6164);
#6167=ORIENTED_EDGE('',*,*,#6166,.T.);
#6168=ORIENTED_EDGE('',*,*,#3286,.F.);
#6170=ORIENTED_EDGE('',*,*,#6169,.T.);
#6171=ORIENTED_EDGE('',*,*,#6125,.T.);
#6172=EDGE_LOOP('',(#6167,#6168,#6170,#6171));
#6173=FACE_OUTER_BOUND('',#6172,.F.);
#6174=ADVANCED_FACE('',(#6173),#6165,.T.);
#6175=CARTESIAN_POINT('',(-3.3E0,-1.6E-1,1.85E0));
#6176=DIRECTION('',(-1.E0,0.E0,0.E0));
#6177=DIRECTION('',(0.E0,-1.E0,0.E0));
#6178=AXIS2_PLACEMENT_3D('',#6175,#6176,#6177);
#6179=PLANE('',#6178);
#6180=ORIENTED_EDGE('',*,*,#6166,.F.);
#6181=ORIENTED_EDGE('',*,*,#6131,.T.);
#6183=ORIENTED_EDGE('',*,*,#6182,.F.);
#6184=ORIENTED_EDGE('',*,*,#3288,.F.);
#6185=EDGE_LOOP('',(#6180,#6181,#6183,#6184));
#6186=FACE_OUTER_BOUND('',#6185,.F.);
#6187=ADVANCED_FACE('',(#6186),#6179,.T.);
#6188=CARTESIAN_POINT('',(-3.3E0,-1.6E0,1.85E0));
#6189=DIRECTION('',(0.E0,-1.E0,0.E0));
#6190=DIRECTION('',(1.E0,0.E0,0.E0));
#6191=AXIS2_PLACEMENT_3D('',#6188,#6189,#6190);
#6192=PLANE('',#6191);
#6193=ORIENTED_EDGE('',*,*,#3290,.F.);
#6194=ORIENTED_EDGE('',*,*,#6182,.T.);
#6195=ORIENTED_EDGE('',*,*,#6129,.T.);
#6197=ORIENTED_EDGE('',*,*,#6196,.F.);
#6198=EDGE_LOOP('',(#6193,#6194,#6195,#6197));
#6199=FACE_OUTER_BOUND('',#6198,.F.);
#6200=ADVANCED_FACE('',(#6199),#6192,.T.);
#6201=CARTESIAN_POINT('',(-2.1E0,-1.6E0,1.85E0));
#6202=DIRECTION('',(1.E0,0.E0,0.E0));
#6203=DIRECTION('',(0.E0,1.E0,0.E0));
#6204=AXIS2_PLACEMENT_3D('',#6201,#6202,#6203);
#6205=PLANE('',#6204);
#6206=ORIENTED_EDGE('',*,*,#6169,.F.);
#6207=ORIENTED_EDGE('',*,*,#3292,.F.);
#6208=ORIENTED_EDGE('',*,*,#6196,.T.);
#6209=ORIENTED_EDGE('',*,*,#6127,.T.);
#6210=EDGE_LOOP('',(#6206,#6207,#6208,#6209));
#6211=FACE_OUTER_BOUND('',#6210,.F.);
#6212=ADVANCED_FACE('',(#6211),#6205,.T.);
#6213=CARTESIAN_POINT('',(-5.15E0,-4.25E0,-2.75E0));
#6214=DIRECTION('',(1.E0,0.E0,0.E0));
#6215=DIRECTION('',(0.E0,0.E0,-1.E0));
#6216=AXIS2_PLACEMENT_3D('',#6213,#6214,#6215);
#6217=PLANE('',#6216);
#6218=ORIENTED_EDGE('',*,*,#3127,.F.);
#6219=ORIENTED_EDGE('',*,*,#2970,.F.);
#6221=ORIENTED_EDGE('',*,*,#6220,.F.);
#6223=ORIENTED_EDGE('',*,*,#6222,.F.);
#6225=ORIENTED_EDGE('',*,*,#6224,.F.);
#6226=EDGE_LOOP('',(#6218,#6219,#6221,#6223,#6225));
#6227=FACE_OUTER_BOUND('',#6226,.F.);
#6228=ADVANCED_FACE('',(#6227),#6217,.T.);
#6229=CARTESIAN_POINT('',(-6.15E0,-6.25E0,-1.95E0));
#6230=DIRECTION('',(0.E0,1.E0,0.E0));
#6231=DIRECTION('',(0.E0,0.E0,-1.E0));
#6232=AXIS2_PLACEMENT_3D('',#6229,#6230,#6231);
#6233=PLANE('',#6232);
#6234=ORIENTED_EDGE('',*,*,#3016,.F.);
#6236=ORIENTED_EDGE('',*,*,#6235,.T.);
#6237=ORIENTED_EDGE('',*,*,#6220,.T.);
#6238=ORIENTED_EDGE('',*,*,#2968,.F.);
#6239=EDGE_LOOP('',(#6234,#6236,#6237,#6238));
#6240=FACE_OUTER_BOUND('',#6239,.F.);
#6241=ADVANCED_FACE('',(#6240),#6233,.F.);
#6242=CARTESIAN_POINT('',(-6.15E0,-5.25E0,-1.25E0));
#6243=DIRECTION('',(0.E0,5.734623443633E-1,-8.192319205190E-1));
#6244=DIRECTION('',(0.E0,-8.192319205190E-1,-5.734623443633E-1));
#6245=AXIS2_PLACEMENT_3D('',#6242,#6243,#6244);
#6246=PLANE('',#6245);
#6247=ORIENTED_EDGE('',*,*,#3014,.F.);
#6249=ORIENTED_EDGE('',*,*,#6248,.T.);
#6250=ORIENTED_EDGE('',*,*,#6222,.T.);
#6251=ORIENTED_EDGE('',*,*,#6235,.F.);
#6252=EDGE_LOOP('',(#6247,#6249,#6250,#6251));
#6253=FACE_OUTER_BOUND('',#6252,.F.);
#6254=ADVANCED_FACE('',(#6253),#6246,.F.);
#6255=CARTESIAN_POINT('',(-6.15E0,-4.25E0,-1.25E0));
#6256=DIRECTION('',(0.E0,0.E0,-1.E0));
#6257=DIRECTION('',(0.E0,-1.E0,0.E0));
#6258=AXIS2_PLACEMENT_3D('',#6255,#6256,#6257);
#6259=PLANE('',#6258);
#6260=ORIENTED_EDGE('',*,*,#3129,.T.);
#6261=ORIENTED_EDGE('',*,*,#6224,.T.);
#6262=ORIENTED_EDGE('',*,*,#6248,.F.);
#6263=ORIENTED_EDGE('',*,*,#3012,.F.);
#6264=EDGE_LOOP('',(#6260,#6261,#6262,#6263));
#6265=FACE_OUTER_BOUND('',#6264,.F.);
#6266=ADVANCED_FACE('',(#6265),#6259,.F.);
#6267=CLOSED_SHELL('',(#3004,#3031,#3054,#3070,#3086,#3102,#3118,#3140,#3166,
#3191,#3205,#3222,#3296,#3314,#3339,#3353,#3376,#3388,#3426,#3443,#3457,#3473,
#3496,#3508,#3535,#3551,#3565,#3591,#3607,#3620,#3633,#3646,#3659,#3672,#3685,
#3698,#3710,#3724,#3737,#3750,#3776,#3802,#3828,#3850,#3876,#3891,#3953,#3967,
#4020,#4033,#4045,#4068,#4082,#4097,#4113,#4128,#4142,#4156,#4170,#4184,#4198,
#4211,#4225,#4238,#4252,#4265,#4279,#4305,#4333,#4345,#4358,#4372,#4385,#4398,
#4422,#4436,#4451,#4464,#4476,#4490,#4504,#4519,#4533,#4548,#4561,#4580,#4595,
#4609,#4625,#4643,#4657,#4670,#4684,#4698,#4712,#4726,#4739,#4752,#4765,#4778,
#4792,#4805,#4817,#4829,#4842,#4854,#4867,#4879,#4891,#4903,#4916,#4928,#4941,
#4954,#4966,#4979,#4992,#5004,#5019,#5046,#5060,#5074,#5101,#5114,#5126,#5139,
#5152,#5165,#5178,#5191,#5204,#5217,#5230,#5242,#5269,#5284,#5298,#5324,#5339,
#5352,#5365,#5378,#5391,#5404,#5417,#5430,#5442,#5455,#5468,#5480,#5495,#5523,
#5537,#5551,#5579,#5592,#5604,#5618,#5631,#5644,#5657,#5670,#5683,#5696,#5709,
#5722,#5743,#5758,#5773,#5786,#5800,#5820,#5835,#5859,#5874,#5889,#5902,#5916,
#5930,#5944,#5958,#5972,#5985,#5999,#6014,#6027,#6040,#6052,#6064,#6076,#6091,
#6105,#6119,#6135,#6148,#6160,#6174,#6187,#6200,#6212,#6228,#6241,#6254,#6266));
#6268=MANIFOLD_SOLID_BREP('',#6267);
#6269=CARTESIAN_POINT('',(0.E0,0.E0,0.E0));
#6270=DIRECTION('',(0.E0,0.E0,1.E0));
#6271=DIRECTION('',(1.E0,0.E0,0.E0));
#6272=AXIS2_PLACEMENT_3D('CSYS',#6269,#6270,#6271);
#6273=CARTESIAN_POINT('',(4.E0,-4.3E0,-2.75E0));
#6274=DIRECTION('',(0.E0,0.E0,-1.E0));
#6275=DIRECTION('',(-1.E0,0.E0,0.E0));
#6276=AXIS2_PLACEMENT_3D('',#6273,#6274,#6275);
#6280=CARTESIAN_POINT('',(4.E0,-4.3E0,-2.75E0));
#6281=DIRECTION('',(0.E0,0.E0,-1.E0));
#6282=DIRECTION('',(1.E0,0.E0,0.E0));
#6283=AXIS2_PLACEMENT_3D('',#6280,#6281,#6282);
#6289=CARTESIAN_POINT('',(2.E0,-4.3E0,-2.75E0));
#6290=DIRECTION('',(0.E0,0.E0,-1.E0));
#6291=DIRECTION('',(-1.E0,0.E0,0.E0));
#6292=AXIS2_PLACEMENT_3D('',#6289,#6290,#6291);
#6296=CARTESIAN_POINT('',(2.E0,-4.3E0,-2.75E0));
#6297=DIRECTION('',(0.E0,0.E0,-1.E0));
#6298=DIRECTION('',(1.E0,0.E0,0.E0));
#6299=AXIS2_PLACEMENT_3D('',#6296,#6297,#6298);
#6304=CARTESIAN_POINT('',(0.E0,-4.3E0,-2.75E0));
#6305=DIRECTION('',(0.E0,0.E0,-1.E0));
#6306=DIRECTION('',(-1.E0,0.E0,0.E0));
#6307=AXIS2_PLACEMENT_3D('',#6304,#6305,#6306);
#6311=CARTESIAN_POINT('',(0.E0,-4.3E0,-2.75E0));
#6312=DIRECTION('',(0.E0,0.E0,-1.E0));
#6313=DIRECTION('',(1.E0,0.E0,0.E0));
#6314=AXIS2_PLACEMENT_3D('',#6311,#6312,#6313);
#6319=CARTESIAN_POINT('',(-2.E0,-4.3E0,-2.75E0));
#6320=DIRECTION('',(0.E0,0.E0,-1.E0));
#6321=DIRECTION('',(-1.E0,0.E0,0.E0));
#6322=AXIS2_PLACEMENT_3D('',#6319,#6320,#6321);
#6326=CARTESIAN_POINT('',(-2.E0,-4.3E0,-2.75E0));
#6327=DIRECTION('',(0.E0,0.E0,-1.E0));
#6328=DIRECTION('',(1.E0,0.E0,0.E0));
#6329=AXIS2_PLACEMENT_3D('',#6326,#6327,#6328);
#6334=CARTESIAN_POINT('',(-4.E0,-4.3E0,-2.75E0));
#6335=DIRECTION('',(0.E0,0.E0,-1.E0));
#6336=DIRECTION('',(-1.E0,0.E0,0.E0));
#6337=AXIS2_PLACEMENT_3D('',#6334,#6335,#6336);
#6341=CARTESIAN_POINT('',(-4.E0,-4.3E0,-2.75E0));
#6342=DIRECTION('',(0.E0,0.E0,-1.E0));
#6343=DIRECTION('',(1.E0,0.E0,0.E0));
#6344=AXIS2_PLACEMENT_3D('',#6341,#6342,#6343);
#6349=DIRECTION('',(5.E-1,-8.660254037844E-1,0.E0));
#6350=VECTOR('',#6349,9.E-1);
#6351=CARTESIAN_POINT('',(4.8E0,2.55E0,2.75E0));
#6352=LINE('',#6351,#6350);
#6355=DIRECTION('',(5.E-1,8.660254037844E-1,0.E0));
#6356=VECTOR('',#6355,9.E-1);
#6357=CARTESIAN_POINT('',(5.25E0,1.770577136594E0,2.75E0));
#6358=LINE('',#6357,#6356);
#6361=DIRECTION('',(-1.E0,0.E0,0.E0));
#6362=VECTOR('',#6361,9.E-1);
#6363=CARTESIAN_POINT('',(5.7E0,2.55E0,2.75E0));
#6364=LINE('',#6363,#6362);
#6369=DIMENSIONAL_EXPONENTS(0.E0,0.E0,0.E0,0.E0,0.E0,0.E0,0.E0);
#6371=PLANE_ANGLE_MEASURE_WITH_UNIT(PLANE_ANGLE_MEASURE(1.745329251994E-2),
#6370);
#6372=(CONVERSION_BASED_UNIT('DEGREE',#6371)NAMED_UNIT(*)PLANE_ANGLE_UNIT());
#6374=UNCERTAINTY_MEASURE_WITH_UNIT(LENGTH_MEASURE(1.836308857844E-3),#6368,
'closure',
'Maximum model space distance between geometric entities at asserted connectivities');
#6375=(GEOMETRIC_REPRESENTATION_CONTEXT(3)GLOBAL_UNCERTAINTY_ASSIGNED_CONTEXT((
#6374))GLOBAL_UNIT_ASSIGNED_CONTEXT((#6368,#6372,#6373))REPRESENTATION_CONTEXT(
'ID1','3'));
#6288=GEOMETRIC_SET('',(#6287,#6303,#6318,#6333,#6348,#6367));
#6379=SHAPE_REPRESENTATION_RELATIONSHIP('','',#6378,#6376);
#6380=SHAPE_REPRESENTATION_RELATIONSHIP('','',#6378,#6377);
#6381=APPLICATION_CONTEXT(
'CONFIGURATION CONTROLLED 3D DESIGNS OF MECHANICAL PARTS AND ASSEMBLIES');
#6382=APPLICATION_PROTOCOL_DEFINITION('international standard',
'config_control_design',1994,#6381);
#6383=DESIGN_CONTEXT('',#6381,'design');
#6384=MECHANICAL_CONTEXT('',#6381,'mechanical');
#6385=PRODUCT('353630560','353630560','NOT SPECIFIED',(#6384));
#6386=PRODUCT_DEFINITION_FORMATION_WITH_SPECIFIED_SOURCE('5','LAST_VERSION',
#6385,.MADE.);
#6390=PRODUCT_CATEGORY('part','');
#6391=PRODUCT_RELATED_PRODUCT_CATEGORY('detail','',(#6385));
#6392=PRODUCT_CATEGORY_RELATIONSHIP('','',#6390,#6391);
#6393=SECURITY_CLASSIFICATION_LEVEL('unclassified');
#6394=SECURITY_CLASSIFICATION('','',#6393);
#6395=CC_DESIGN_SECURITY_CLASSIFICATION(#6394,(#6386));
#6396=APPROVAL_STATUS('approved');
#6397=APPROVAL(#6396,'');
#6398=CC_DESIGN_APPROVAL(#6397,(#6394,#6386,#6387));
#6399=CALENDAR_DATE(115,2,7);
#6400=COORDINATED_UNIVERSAL_TIME_OFFSET(5,30,.AHEAD.);
#6401=LOCAL_TIME(20,18,2.7E1,#6400);
#6402=DATE_AND_TIME(#6399,#6401);
#6403=APPROVAL_DATE_TIME(#6402,#6397);
#6404=DATE_TIME_ROLE('creation_date');
#6405=CC_DESIGN_DATE_AND_TIME_ASSIGNMENT(#6402,#6404,(#6387));
#6406=DATE_TIME_ROLE('classification_date');
#6407=CC_DESIGN_DATE_AND_TIME_ASSIGNMENT(#6402,#6406,(#6394));
#6408=PERSON('UNSPECIFIED','UNSPECIFIED',$,$,$,$);
#6409=ORGANIZATION('UNSPECIFIED','UNSPECIFIED','UNSPECIFIED');
#6410=PERSON_AND_ORGANIZATION(#6408,#6409);
#6411=APPROVAL_ROLE('approver');
#6412=APPROVAL_PERSON_ORGANIZATION(#6410,#6397,#6411);
#6413=PERSON_AND_ORGANIZATION_ROLE('creator');
#6414=CC_DESIGN_PERSON_AND_ORGANIZATION_ASSIGNMENT(#6410,#6413,(#6386,#6387));
#6415=PERSON_AND_ORGANIZATION_ROLE('design_supplier');
#6416=CC_DESIGN_PERSON_AND_ORGANIZATION_ASSIGNMENT(#6410,#6415,(#6386));
#6417=PERSON_AND_ORGANIZATION_ROLE('classification_officer');
#6418=CC_DESIGN_PERSON_AND_ORGANIZATION_ASSIGNMENT(#6410,#6417,(#6394));
#6419=PERSON_AND_ORGANIZATION_ROLE('design_owner');
#6420=CC_DESIGN_PERSON_AND_ORGANIZATION_ASSIGNMENT(#6410,#6419,(#6385));
#323=B_SPLINE_CURVE_WITH_KNOTS('',3,(#317,#318,#319,#320,#321,#322),
.UNSPECIFIED.,.F.,.F.,(4,1,1,4),(0.E0,3.333333333333E-1,6.666666666667E-1,1.E0),
.UNSPECIFIED.);
#342=B_SPLINE_CURVE_WITH_KNOTS('',3,(#336,#337,#338,#339,#340,#341),
.UNSPECIFIED.,.F.,.F.,(4,1,1,4),(0.E0,3.333333333333E-1,6.666666666667E-1,1.E0),
.UNSPECIFIED.);
#547=CIRCLE('',#546,7.E-1);
#556=CIRCLE('',#555,1.25E0);
#573=CIRCLE('',#572,7.5E-1);
#582=CIRCLE('',#581,2.E-1);
#599=CIRCLE('',#598,2.E-1);
#608=CIRCLE('',#607,7.5E-1);
#625=CIRCLE('',#624,1.25E0);
#634=CIRCLE('',#633,7.E-1);
#1531=CIRCLE('',#1530,2.E-1);
#1536=CIRCLE('',#1535,7.E-1);
#1545=CIRCLE('',#1544,7.5E-1);
#1562=CIRCLE('',#1561,1.25E0);
#1583=CIRCLE('',#1582,2.E-1);
#1592=CIRCLE('',#1591,1.25E0);
#1609=CIRCLE('',#1608,7.5E-1);
#1618=CIRCLE('',#1617,7.E-1);
#1663=CIRCLE('',#1662,7.E-1);
#1672=CIRCLE('',#1671,7.5E-1);
#1689=CIRCLE('',#1688,1.25E0);
#1698=CIRCLE('',#1697,2.E-1);
#1715=CIRCLE('',#1714,2.E-1);
#1724=CIRCLE('',#1723,1.25E0);
#1741=CIRCLE('',#1740,7.5E-1);
#1750=CIRCLE('',#1749,7.E-1);
#1819=CIRCLE('',#1818,2.E-1);
#1824=CIRCLE('',#1823,7.E-1);
#1833=CIRCLE('',#1832,1.25E0);
#1850=CIRCLE('',#1849,7.5E-1);
#1871=CIRCLE('',#1870,2.E-1);
#1880=CIRCLE('',#1879,7.5E-1);
#1897=CIRCLE('',#1896,1.25E0);
#1906=CIRCLE('',#1905,7.E-1);
#2007=CIRCLE('',#2006,7.E-1);
#2024=CIRCLE('',#2023,2.E-1);
#2113=CIRCLE('',#2112,2.E-1);
#2130=CIRCLE('',#2129,7.E-1);
#2966=EDGE_CURVE('',#2253,#2546,#4,.T.);
#2968=EDGE_CURVE('',#2546,#2552,#8,.T.);
#2970=EDGE_CURVE('',#2552,#2555,#2222,.T.);
#2972=EDGE_CURVE('',#2555,#2514,#12,.T.);
#2974=EDGE_CURVE('',#2514,#2413,#16,.T.);
#2976=EDGE_CURVE('',#2413,#2414,#20,.T.);
#2978=EDGE_CURVE('',#2512,#2414,#24,.T.);
#2980=EDGE_CURVE('',#2512,#2536,#28,.T.);
#2982=EDGE_CURVE('',#2534,#2536,#1222,.T.);
#2984=EDGE_CURVE('',#2528,#2534,#32,.T.);
#2986=EDGE_CURVE('',#2528,#2257,#36,.T.);
#2988=EDGE_CURVE('',#2257,#2268,#40,.T.);
#2990=EDGE_CURVE('',#2266,#2268,#44,.T.);
#2992=EDGE_CURVE('',#2264,#2266,#48,.T.);
#2994=EDGE_CURVE('',#2262,#2264,#52,.T.);
#2996=EDGE_CURVE('',#2261,#2262,#56,.T.);
#2998=EDGE_CURVE('',#2270,#2261,#60,.T.);
#3000=EDGE_CURVE('',#2270,#2253,#64,.T.);
#3010=EDGE_CURVE('',#2558,#2898,#188,.T.);
#3012=EDGE_CURVE('',#2558,#2543,#68,.T.);
#3014=EDGE_CURVE('',#2543,#2544,#72,.T.);
#3016=EDGE_CURVE('',#2544,#2546,#76,.T.);
#3019=EDGE_CURVE('',#2253,#2254,#80,.T.);
#3021=EDGE_CURVE('',#2246,#2254,#84,.T.);
#3023=EDGE_CURVE('',#2245,#2246,#88,.T.);
#3025=EDGE_CURVE('',#2900,#2245,#92,.T.);
#3027=EDGE_CURVE('',#2900,#2898,#96,.T.);
#3037=EDGE_CURVE('',#2882,#2512,#208,.T.);
#3039=EDGE_CURVE('',#2881,#2882,#100,.T.);
#3041=EDGE_CURVE('',#2881,#2878,#1146,.T.);
#3043=EDGE_CURVE('',#2876,#2878,#104,.T.);
#3045=EDGE_CURVE('',#2538,#2876,#1186,.T.);
#3047=EDGE_CURVE('',#2538,#2540,#108,.T.);
#3049=EDGE_CURVE('',#2536,#2540,#112,.T.);
#3060=EDGE_CURVE('',#2301,#2302,#116,.T.);
#3062=EDGE_CURVE('',#2298,#2302,#120,.T.);
#3064=EDGE_CURVE('',#2297,#2298,#124,.T.);
#3066=EDGE_CURVE('',#2301,#2297,#128,.T.);
#3076=EDGE_CURVE('',#2309,#2310,#132,.T.);
#3078=EDGE_CURVE('',#2306,#2310,#136,.T.);
#3080=EDGE_CURVE('',#2305,#2306,#140,.T.);
#3082=EDGE_CURVE('',#2309,#2305,#144,.T.);
#3092=EDGE_CURVE('',#2317,#2318,#148,.T.);
#3094=EDGE_CURVE('',#2314,#2318,#152,.T.);
#3096=EDGE_CURVE('',#2313,#2314,#156,.T.);
#3098=EDGE_CURVE('',#2317,#2313,#160,.T.);
#3108=EDGE_CURVE('',#2325,#2326,#164,.T.);
#3110=EDGE_CURVE('',#2322,#2326,#168,.T.);
#3112=EDGE_CURVE('',#2321,#2322,#172,.T.);
#3114=EDGE_CURVE('',#2325,#2321,#176,.T.);
#3124=EDGE_CURVE('',#2514,#2892,#418,.T.);
#3127=EDGE_CURVE('',#2555,#2556,#180,.T.);
#3129=EDGE_CURVE('',#2558,#2556,#184,.T.);
#3132=EDGE_CURVE('',#2897,#2898,#192,.T.);
#3134=EDGE_CURVE('',#2897,#2894,#1162,.T.);
#3136=EDGE_CURVE('',#2892,#2894,#196,.T.);
#3146=EDGE_CURVE('',#2337,#2340,#224,.T.);
#3148=EDGE_CURVE('',#2337,#2329,#252,.T.);
#3150=EDGE_CURVE('',#2333,#2329,#2154,.T.);
#3152=EDGE_CURVE('',#2281,#2333,#300,.T.);
#3154=EDGE_CURVE('',#2884,#2281,#200,.T.);
#3156=EDGE_CURVE('',#2884,#2882,#204,.T.);
#3160=EDGE_CURVE('',#2414,#2409,#212,.T.);
#3162=EDGE_CURVE('',#2409,#2340,#216,.T.);
#3172=EDGE_CURVE('',#2337,#2338,#220,.T.);
#3175=EDGE_CURVE('',#2340,#2342,#478,.T.);
#3177=EDGE_CURVE('',#2338,#2342,#264,.T.);
#3181=EDGE_CURVE('',#2744,#2592,#228,.T.);
#3183=EDGE_CURVE('',#2592,#2594,#232,.T.);
#3185=EDGE_CURVE('',#2594,#2746,#236,.T.);
#3187=EDGE_CURVE('',#2744,#2746,#240,.T.);
#3198=EDGE_CURVE('',#2330,#2338,#244,.T.);
#3200=EDGE_CURVE('',#2329,#2330,#248,.T.);
#3211=EDGE_CURVE('',#2298,#2334,#256,.T.);
#3213=EDGE_CURVE('',#2334,#2330,#260,.T.);
#3217=EDGE_CURVE('',#2297,#2342,#474,.T.);
#3228=EDGE_CURVE('',#2397,#2326,#358,.T.);
#3230=EDGE_CURVE('',#2397,#2398,#268,.T.);
#3232=EDGE_CURVE('',#2286,#2398,#398,.T.);
#3234=EDGE_CURVE('',#2285,#2286,#272,.T.);
#3236=EDGE_CURVE('',#2285,#2273,#276,.T.);
#3238=EDGE_CURVE('',#2273,#2274,#280,.T.);
#3240=EDGE_CURVE('',#2274,#2276,#284,.T.);
#3242=EDGE_CURVE('',#2276,#2278,#288,.T.);
#3244=EDGE_CURVE('',#2278,#2282,#292,.T.);
#3246=EDGE_CURVE('',#2281,#2282,#296,.T.);
#3249=EDGE_CURVE('',#2333,#2334,#304,.T.);
#3253=EDGE_CURVE('',#2349,#2302,#2002,.T.);
#3255=EDGE_CURVE('',#2349,#2350,#308,.T.);
#3257=EDGE_CURVE('',#2306,#2350,#1986,.T.);
#3260=EDGE_CURVE('',#2365,#2310,#2092,.T.);
#3262=EDGE_CURVE('',#2365,#2366,#312,.T.);
#3264=EDGE_CURVE('',#2314,#2366,#2076,.T.);
#3267=EDGE_CURVE('',#2381,#2318,#506,.T.);
#3269=EDGE_CURVE('',#2381,#2382,#316,.T.);
#3271=EDGE_CURVE('',#2322,#2382,#490,.T.);
#3276=EDGE_CURVE('',#2951,#2950,#323,.T.);
#3278=EDGE_CURVE('',#2950,#2941,#327,.T.);
#3280=EDGE_CURVE('',#2941,#2942,#331,.T.);
#3282=EDGE_CURVE('',#2942,#2951,#335,.T.);
#3286=EDGE_CURVE('',#2958,#2957,#342,.T.);
#3288=EDGE_CURVE('',#2957,#2945,#346,.T.);
#3290=EDGE_CURVE('',#2945,#2946,#350,.T.);
#3292=EDGE_CURVE('',#2946,#2958,#354,.T.);
#3302=EDGE_CURVE('',#2401,#2404,#366,.T.);
#3304=EDGE_CURVE('',#2401,#2393,#394,.T.);
#3306=EDGE_CURVE('',#2397,#2393,#430,.T.);
#3310=EDGE_CURVE('',#2325,#2404,#434,.T.);
#3320=EDGE_CURVE('',#2401,#2402,#362,.T.);
#3323=EDGE_CURVE('',#2404,#2406,#486,.T.);
#3325=EDGE_CURVE('',#2402,#2406,#406,.T.);
#3329=EDGE_CURVE('',#2673,#2674,#370,.T.);
#3331=EDGE_CURVE('',#2674,#2677,#374,.T.);
#3333=EDGE_CURVE('',#2677,#2678,#378,.T.);
#3335=EDGE_CURVE('',#2673,#2678,#382,.T.);
#3346=EDGE_CURVE('',#2394,#2402,#386,.T.);
#3348=EDGE_CURVE('',#2393,#2394,#390,.T.);
#3360=EDGE_CURVE('',#2398,#2394,#402,.T.);
#3364=EDGE_CURVE('',#2410,#2406,#410,.T.);
#3366=EDGE_CURVE('',#2413,#2410,#414,.T.);
#3370=EDGE_CURVE('',#2892,#2890,#422,.T.);
#3372=EDGE_CURVE('',#2286,#2890,#426,.T.);
#3396=EDGE_CURVE('',#2321,#2390,#438,.T.);
#3398=EDGE_CURVE('',#2388,#2390,#442,.T.);
#3400=EDGE_CURVE('',#2317,#2388,#446,.T.);
#3403=EDGE_CURVE('',#2313,#2374,#450,.T.);
#3405=EDGE_CURVE('',#2372,#2374,#454,.T.);
#3407=EDGE_CURVE('',#2309,#2372,#458,.T.);
#3410=EDGE_CURVE('',#2305,#2358,#462,.T.);
#3412=EDGE_CURVE('',#2356,#2358,#466,.T.);
#3414=EDGE_CURVE('',#2301,#2356,#470,.T.);
#3420=EDGE_CURVE('',#2409,#2410,#482,.T.);
#3433=EDGE_CURVE('',#2382,#2378,#494,.T.);
#3435=EDGE_CURVE('',#2378,#2386,#534,.T.);
#3437=EDGE_CURVE('',#2386,#2390,#498,.T.);
#3450=EDGE_CURVE('',#2381,#2377,#502,.T.);
#3452=EDGE_CURVE('',#2377,#2378,#538,.T.);
#3463=EDGE_CURVE('',#2385,#2388,#514,.T.);
#3465=EDGE_CURVE('',#2385,#2377,#542,.T.);
#3479=EDGE_CURVE('',#2385,#2386,#510,.T.);
#3486=EDGE_CURVE('',#2729,#2730,#518,.T.);
#3488=EDGE_CURVE('',#2730,#2733,#522,.T.);
#3490=EDGE_CURVE('',#2733,#2734,#526,.T.);
#3492=EDGE_CURVE('',#2729,#2734,#530,.T.);
#3515=EDGE_CURVE('',#2729,#2693,#547,.T.);
#3517=EDGE_CURVE('',#2693,#2694,#551,.T.);
#3519=EDGE_CURVE('',#2694,#2696,#556,.T.);
#3521=EDGE_CURVE('',#2696,#2698,#560,.T.);
#3523=EDGE_CURVE('',#2698,#2701,#564,.T.);
#3525=EDGE_CURVE('',#2701,#2702,#568,.T.);
#3527=EDGE_CURVE('',#2702,#2704,#573,.T.);
#3529=EDGE_CURVE('',#2704,#2706,#577,.T.);
#3531=EDGE_CURVE('',#2706,#2730,#582,.T.);
#3541=EDGE_CURVE('',#2690,#2736,#586,.T.);
#3543=EDGE_CURVE('',#2738,#2736,#798,.T.);
#3545=EDGE_CURVE('',#2738,#2689,#590,.T.);
#3547=EDGE_CURVE('',#2689,#2690,#594,.T.);
#3559=EDGE_CURVE('',#2734,#2713,#634,.T.);
#3561=EDGE_CURVE('',#2693,#2713,#678,.T.);
#3572=EDGE_CURVE('',#2726,#2733,#599,.T.);
#3574=EDGE_CURVE('',#2724,#2726,#603,.T.);
#3576=EDGE_CURVE('',#2722,#2724,#608,.T.);
#3578=EDGE_CURVE('',#2721,#2722,#612,.T.);
#3580=EDGE_CURVE('',#2718,#2721,#616,.T.);
#3582=EDGE_CURVE('',#2716,#2718,#620,.T.);
#3584=EDGE_CURVE('',#2714,#2716,#625,.T.);
#3586=EDGE_CURVE('',#2713,#2714,#629,.T.);
#3597=EDGE_CURVE('',#2710,#2740,#638,.T.);
#3599=EDGE_CURVE('',#2709,#2710,#642,.T.);
#3601=EDGE_CURVE('',#2742,#2709,#646,.T.);
#3603=EDGE_CURVE('',#2742,#2740,#806,.T.);
#3615=EDGE_CURVE('',#2706,#2726,#650,.T.);
#3627=EDGE_CURVE('',#2704,#2724,#654,.T.);
#3640=EDGE_CURVE('',#2702,#2722,#658,.T.);
#3653=EDGE_CURVE('',#2701,#2721,#662,.T.);
#3666=EDGE_CURVE('',#2698,#2718,#666,.T.);
#3679=EDGE_CURVE('',#2696,#2716,#670,.T.);
#3692=EDGE_CURVE('',#2694,#2714,#674,.T.);
#3717=EDGE_CURVE('',#2690,#2710,#682,.T.);
#3720=EDGE_CURVE('',#2736,#2740,#802,.T.);
#3731=EDGE_CURVE('',#2689,#2709,#686,.T.);
#3744=EDGE_CURVE('',#2738,#2742,#810,.T.);
#3756=EDGE_CURVE('',#2425,#2426,#690,.T.);
#3758=EDGE_CURVE('',#2290,#2426,#694,.T.);
#3760=EDGE_CURVE('',#2289,#2290,#698,.T.);
#3762=EDGE_CURVE('',#2425,#2289,#866,.T.);
#3766=EDGE_CURVE('',#2490,#2488,#750,.T.);
#3768=EDGE_CURVE('',#2490,#2494,#754,.T.);
#3770=EDGE_CURVE('',#2494,#2492,#758,.T.);
#3772=EDGE_CURVE('',#2488,#2492,#762,.T.);
#3782=EDGE_CURVE('',#2441,#2442,#702,.T.);
#3784=EDGE_CURVE('',#2430,#2442,#706,.T.);
#3786=EDGE_CURVE('',#2429,#2430,#710,.T.);
#3788=EDGE_CURVE('',#2441,#2429,#858,.T.);
#3792=EDGE_CURVE('',#2506,#2504,#782,.T.);
#3794=EDGE_CURVE('',#2506,#2510,#786,.T.);
#3796=EDGE_CURVE('',#2510,#2508,#790,.T.);
#3798=EDGE_CURVE('',#2504,#2508,#794,.T.);
#3808=EDGE_CURVE('',#2465,#2466,#714,.T.);
#3810=EDGE_CURVE('',#2446,#2466,#718,.T.);
#3812=EDGE_CURVE('',#2445,#2446,#722,.T.);
#3814=EDGE_CURVE('',#2465,#2445,#850,.T.);
#3818=EDGE_CURVE('',#2786,#2784,#814,.T.);
#3820=EDGE_CURVE('',#2784,#2788,#818,.T.);
#3822=EDGE_CURVE('',#2790,#2788,#822,.T.);
#3824=EDGE_CURVE('',#2786,#2790,#826,.T.);
#3834=EDGE_CURVE('',#2473,#2474,#726,.T.);
#3836=EDGE_CURVE('',#2470,#2474,#730,.T.);
#3838=EDGE_CURVE('',#2469,#2470,#734,.T.);
#3840=EDGE_CURVE('',#2473,#2469,#842,.T.);
#3856=EDGE_CURVE('',#2477,#2478,#738,.T.);
#3858=EDGE_CURVE('',#2294,#2477,#834,.T.);
#3860=EDGE_CURVE('',#2293,#2294,#742,.T.);
#3862=EDGE_CURVE('',#2478,#2293,#746,.T.);
#3866=EDGE_CURVE('',#2682,#2680,#766,.T.);
#3868=EDGE_CURVE('',#2680,#2684,#770,.T.);
#3870=EDGE_CURVE('',#2686,#2684,#774,.T.);
#3872=EDGE_CURVE('',#2682,#2686,#778,.T.);
#3883=EDGE_CURVE('',#2425,#2417,#830,.T.);
#3885=EDGE_CURVE('',#2417,#2418,#1450,.T.);
#3887=EDGE_CURVE('',#2426,#2418,#942,.T.);
#3898=EDGE_CURVE('',#2477,#2462,#838,.T.);
#3900=EDGE_CURVE('',#2462,#2457,#962,.T.);
#3902=EDGE_CURVE('',#2473,#2457,#954,.T.);
#3905=EDGE_CURVE('',#2469,#2454,#846,.T.);
#3907=EDGE_CURVE('',#2454,#2449,#1502,.T.);
#3909=EDGE_CURVE('',#2465,#2449,#1494,.T.);
#3912=EDGE_CURVE('',#2445,#2438,#854,.T.);
#3914=EDGE_CURVE('',#2438,#2433,#1478,.T.);
#3916=EDGE_CURVE('',#2441,#2433,#1470,.T.);
#3919=EDGE_CURVE('',#2429,#2422,#862,.T.);
#3921=EDGE_CURVE('',#2422,#2417,#1454,.T.);
#3925=EDGE_CURVE('',#2289,#2912,#1302,.T.);
#3927=EDGE_CURVE('',#2912,#2908,#1006,.T.);
#3929=EDGE_CURVE('',#2869,#2908,#1270,.T.);
#3931=EDGE_CURVE('',#2869,#2870,#870,.T.);
#3933=EDGE_CURVE('',#2930,#2870,#874,.T.);
#3935=EDGE_CURVE('',#2926,#2930,#878,.T.);
#3937=EDGE_CURVE('',#2922,#2926,#882,.T.);
#3939=EDGE_CURVE('',#2921,#2922,#886,.T.);
#3941=EDGE_CURVE('',#2793,#2921,#890,.T.);
#3943=EDGE_CURVE('',#2793,#2794,#894,.T.);
#3945=EDGE_CURVE('',#2794,#2906,#898,.T.);
#3947=EDGE_CURVE('',#2906,#2914,#1002,.T.);
#3949=EDGE_CURVE('',#2294,#2914,#974,.T.);
#3960=EDGE_CURVE('',#2478,#2460,#902,.T.);
#3962=EDGE_CURVE('',#2460,#2462,#966,.T.);
#3974=EDGE_CURVE('',#2474,#2458,#906,.T.);
#3976=EDGE_CURVE('',#2458,#2460,#970,.T.);
#3980=EDGE_CURVE('',#2844,#2293,#998,.T.);
#3982=EDGE_CURVE('',#2844,#2840,#910,.T.);
#3984=EDGE_CURVE('',#2838,#2840,#914,.T.);
#3986=EDGE_CURVE('',#2832,#2838,#918,.T.);
#3988=EDGE_CURVE('',#2828,#2832,#922,.T.);
#3990=EDGE_CURVE('',#2826,#2828,#926,.T.);
#3992=EDGE_CURVE('',#2822,#2826,#930,.T.);
#3994=EDGE_CURVE('',#2822,#2813,#934,.T.);
#3996=EDGE_CURVE('',#2813,#2290,#938,.T.);
#4000=EDGE_CURVE('',#2418,#2420,#1462,.T.);
#4002=EDGE_CURVE('',#2430,#2420,#1466,.T.);
#4005=EDGE_CURVE('',#2442,#2434,#946,.T.);
#4007=EDGE_CURVE('',#2434,#2436,#1486,.T.);
#4009=EDGE_CURVE('',#2446,#2436,#1490,.T.);
#4012=EDGE_CURVE('',#2466,#2450,#950,.T.);
#4014=EDGE_CURVE('',#2450,#2452,#1510,.T.);
#4016=EDGE_CURVE('',#2470,#2452,#1514,.T.);
#4028=EDGE_CURVE('',#2457,#2458,#958,.T.);
#4053=EDGE_CURVE('',#2904,#2914,#978,.T.);
#4055=EDGE_CURVE('',#2860,#2904,#1014,.T.);
#4057=EDGE_CURVE('',#2860,#2853,#982,.T.);
#4059=EDGE_CURVE('',#2853,#2854,#986,.T.);
#4061=EDGE_CURVE('',#2854,#2850,#990,.T.);
#4063=EDGE_CURVE('',#2850,#2844,#994,.T.);
#4074=EDGE_CURVE('',#2904,#2518,#1018,.T.);
#4078=EDGE_CURVE('',#2518,#2906,#1026,.T.);
#4088=EDGE_CURVE('',#2908,#2522,#1274,.T.);
#4091=EDGE_CURVE('',#2910,#2912,#1298,.T.);
#4093=EDGE_CURVE('',#2522,#2910,#1258,.T.);
#4103=EDGE_CURVE('',#2517,#2518,#1022,.T.);
#4105=EDGE_CURVE('',#2517,#2862,#1010,.T.);
#4107=EDGE_CURVE('',#2860,#2862,#1426,.T.);
#4122=EDGE_CURVE('',#2798,#2794,#1030,.T.);
#4124=EDGE_CURVE('',#2517,#2798,#1110,.T.);
#4135=EDGE_CURVE('',#2793,#2797,#1038,.T.);
#4137=EDGE_CURVE('',#2797,#2798,#1090,.T.);
#4148=EDGE_CURVE('',#2917,#2921,#1034,.T.);
#4150=EDGE_CURVE('',#2797,#2917,#1138,.T.);
#4162=EDGE_CURVE('',#2917,#2918,#1046,.T.);
#4166=EDGE_CURVE('',#2918,#2922,#1042,.T.);
#4177=EDGE_CURVE('',#2274,#2918,#1058,.T.);
#4180=EDGE_CURVE('',#2273,#2917,#1050,.T.);
#4190=EDGE_CURVE('',#2918,#2924,#1054,.T.);
#4192=EDGE_CURVE('',#2276,#2924,#1074,.T.);
#4207=EDGE_CURVE('',#2924,#2926,#1062,.T.);
#4217=EDGE_CURVE('',#2924,#2928,#1070,.T.);
#4221=EDGE_CURVE('',#2928,#2930,#1066,.T.);
#4232=EDGE_CURVE('',#2278,#2928,#1082,.T.);
#4244=EDGE_CURVE('',#2928,#2866,#1078,.T.);
#4246=EDGE_CURVE('',#2282,#2866,#1126,.T.);
#4258=EDGE_CURVE('',#2866,#2870,#1086,.T.);
#4271=EDGE_CURVE('',#2865,#2866,#1130,.T.);
#4275=EDGE_CURVE('',#2869,#2865,#1266,.T.);
#4286=EDGE_CURVE('',#2285,#2797,#1094,.T.);
#4290=EDGE_CURVE('',#2889,#2890,#1098,.T.);
#4292=EDGE_CURVE('',#2902,#2889,#1170,.T.);
#4294=EDGE_CURVE('',#2900,#2902,#1102,.T.);
#4297=EDGE_CURVE('',#2857,#2245,#1242,.T.);
#4299=EDGE_CURVE('',#2862,#2857,#1106,.T.);
#4311=EDGE_CURVE('',#2801,#2802,#1114,.T.);
#4313=EDGE_CURVE('',#2249,#2801,#1234,.T.);
#4315=EDGE_CURVE('',#2874,#2249,#1194,.T.);
#4317=EDGE_CURVE('',#2873,#2874,#1118,.T.);
#4319=EDGE_CURVE('',#2886,#2873,#1154,.T.);
#4321=EDGE_CURVE('',#2884,#2886,#1122,.T.);
#4327=EDGE_CURVE('',#2865,#2521,#1134,.T.);
#4329=EDGE_CURVE('',#2802,#2521,#1262,.T.);
#4354=EDGE_CURVE('',#2894,#2889,#1158,.T.);
#4364=EDGE_CURVE('',#2878,#2873,#1142,.T.);
#4367=EDGE_CURVE('',#2886,#2881,#1150,.T.);
#4380=EDGE_CURVE('',#2902,#2897,#1166,.T.);
#4392=EDGE_CURVE('',#2876,#2874,#1190,.T.);
#4405=EDGE_CURVE('',#2526,#2528,#1174,.T.);
#4407=EDGE_CURVE('',#2525,#2526,#1178,.T.);
#4409=EDGE_CURVE('',#2538,#2525,#1182,.T.);
#4414=EDGE_CURVE('',#2249,#2250,#1198,.T.);
#4416=EDGE_CURVE('',#2250,#2258,#1202,.T.);
#4418=EDGE_CURVE('',#2257,#2258,#1322,.T.);
#4430=EDGE_CURVE('',#2534,#2531,#1218,.T.);
#4432=EDGE_CURVE('',#2531,#2526,#1206,.T.);
#4443=EDGE_CURVE('',#2540,#2532,#1210,.T.);
#4445=EDGE_CURVE('',#2531,#2532,#1214,.T.);
#4458=EDGE_CURVE('',#2532,#2525,#1226,.T.);
#4482=EDGE_CURVE('',#2808,#2801,#1230,.T.);
#4484=EDGE_CURVE('',#2250,#2808,#1402,.T.);
#4496=EDGE_CURVE('',#2857,#2858,#1238,.T.);
#4500=EDGE_CURVE('',#2858,#2246,#1414,.T.);
#4511=EDGE_CURVE('',#2805,#2801,#1246,.T.);
#4513=EDGE_CURVE('',#2810,#2805,#1286,.T.);
#4515=EDGE_CURVE('',#2810,#2808,#1418,.T.);
#4526=EDGE_CURVE('',#2802,#2806,#1250,.T.);
#4528=EDGE_CURVE('',#2805,#2806,#1290,.T.);
#4539=EDGE_CURVE('',#2521,#2522,#1254,.T.);
#4542=EDGE_CURVE('',#2806,#2910,#1294,.T.);
#4569=EDGE_CURVE('',#2813,#2814,#1278,.T.);
#4571=EDGE_CURVE('',#2814,#2810,#1282,.T.);
#4587=EDGE_CURVE('',#2813,#2817,#1306,.T.);
#4589=EDGE_CURVE('',#2817,#2818,#1310,.T.);
#4591=EDGE_CURVE('',#2818,#2814,#1422,.T.);
#4601=EDGE_CURVE('',#2820,#2817,#1314,.T.);
#4605=EDGE_CURVE('',#2822,#2820,#1354,.T.);
#4617=EDGE_CURVE('',#2268,#2820,#1318,.T.);
#4621=EDGE_CURVE('',#2258,#2818,#1326,.T.);
#4631=EDGE_CURVE('',#2846,#2842,#1330,.T.);
#4633=EDGE_CURVE('',#2848,#2846,#1334,.T.);
#4635=EDGE_CURVE('',#2848,#2254,#1338,.T.);
#4639=EDGE_CURVE('',#2270,#2842,#1342,.T.);
#4649=EDGE_CURVE('',#2820,#2824,#1346,.T.);
#4651=EDGE_CURVE('',#2824,#2266,#1350,.T.);
#4666=EDGE_CURVE('',#2824,#2826,#1358,.T.);
#4677=EDGE_CURVE('',#2830,#2828,#1362,.T.);
#4679=EDGE_CURVE('',#2824,#2830,#1442,.T.);
#4691=EDGE_CURVE('',#2834,#2832,#1366,.T.);
#4693=EDGE_CURVE('',#2830,#2834,#1434,.T.);
#4704=EDGE_CURVE('',#2834,#2836,#1374,.T.);
#4708=EDGE_CURVE('',#2836,#2838,#1370,.T.);
#4719=EDGE_CURVE('',#2836,#2261,#1378,.T.);
#4722=EDGE_CURVE('',#2834,#2262,#1438,.T.);
#4732=EDGE_CURVE('',#2836,#2842,#1382,.T.);
#4746=EDGE_CURVE('',#2842,#2840,#1386,.T.);
#4759=EDGE_CURVE('',#2844,#2846,#1390,.T.);
#4774=EDGE_CURVE('',#2850,#2848,#1394,.T.);
#4784=EDGE_CURVE('',#2858,#2848,#1410,.T.);
#4788=EDGE_CURVE('',#2858,#2854,#1398,.T.);
#4801=EDGE_CURVE('',#2818,#2808,#1406,.T.);
#4836=EDGE_CURVE('',#2853,#2857,#1430,.T.);
#4863=EDGE_CURVE('',#2830,#2264,#1446,.T.);
#4911=EDGE_CURVE('',#2420,#2422,#1458,.T.);
#4936=EDGE_CURVE('',#2433,#2434,#1474,.T.);
#4949=EDGE_CURVE('',#2436,#2438,#1482,.T.);
#4974=EDGE_CURVE('',#2449,#2450,#1498,.T.);
#4987=EDGE_CURVE('',#2452,#2454,#1506,.T.);
#5010=EDGE_CURVE('',#2488,#2481,#1518,.T.);
#5012=EDGE_CURVE('',#2481,#2482,#1522,.T.);
#5014=EDGE_CURVE('',#2482,#2490,#1526,.T.);
#5025=EDGE_CURVE('',#2574,#2592,#1531,.T.);
#5028=EDGE_CURVE('',#2744,#2561,#1536,.T.);
#5030=EDGE_CURVE('',#2561,#2562,#1540,.T.);
#5032=EDGE_CURVE('',#2562,#2564,#1545,.T.);
#5034=EDGE_CURVE('',#2564,#2566,#1549,.T.);
#5036=EDGE_CURVE('',#2566,#2568,#1553,.T.);
#5038=EDGE_CURVE('',#2568,#2570,#1557,.T.);
#5040=EDGE_CURVE('',#2570,#2572,#1562,.T.);
#5042=EDGE_CURVE('',#2572,#2574,#1566,.T.);
#5054=EDGE_CURVE('',#2492,#2485,#1570,.T.);
#5056=EDGE_CURVE('',#2481,#2485,#1626,.T.);
#5068=EDGE_CURVE('',#2486,#2494,#1574,.T.);
#5070=EDGE_CURVE('',#2485,#2486,#1578,.T.);
#5080=EDGE_CURVE('',#2590,#2594,#1583,.T.);
#5082=EDGE_CURVE('',#2588,#2590,#1587,.T.);
#5084=EDGE_CURVE('',#2586,#2588,#1592,.T.);
#5086=EDGE_CURVE('',#2584,#2586,#1596,.T.);
#5088=EDGE_CURVE('',#2582,#2584,#1600,.T.);
#5090=EDGE_CURVE('',#2580,#2582,#1604,.T.);
#5092=EDGE_CURVE('',#2578,#2580,#1609,.T.);
#5094=EDGE_CURVE('',#2577,#2578,#1613,.T.);
#5096=EDGE_CURVE('',#2746,#2577,#1618,.T.);
#5108=EDGE_CURVE('',#2482,#2486,#1622,.T.);
#5133=EDGE_CURVE('',#2574,#2590,#1630,.T.);
#5146=EDGE_CURVE('',#2572,#2588,#1634,.T.);
#5159=EDGE_CURVE('',#2570,#2586,#1638,.T.);
#5172=EDGE_CURVE('',#2568,#2584,#1642,.T.);
#5185=EDGE_CURVE('',#2566,#2582,#1646,.T.);
#5198=EDGE_CURVE('',#2564,#2580,#1650,.T.);
#5211=EDGE_CURVE('',#2562,#2578,#1654,.T.);
#5224=EDGE_CURVE('',#2561,#2577,#1658,.T.);
#5249=EDGE_CURVE('',#2673,#2637,#1663,.T.);
#5251=EDGE_CURVE('',#2637,#2638,#1667,.T.);
#5253=EDGE_CURVE('',#2638,#2640,#1672,.T.);
#5255=EDGE_CURVE('',#2640,#2642,#1676,.T.);
#5257=EDGE_CURVE('',#2642,#2644,#1680,.T.);
#5259=EDGE_CURVE('',#2644,#2646,#1684,.T.);
#5261=EDGE_CURVE('',#2646,#2648,#1689,.T.);
#5263=EDGE_CURVE('',#2648,#2650,#1693,.T.);
#5265=EDGE_CURVE('',#2650,#2674,#1698,.T.);
#5275=EDGE_CURVE('',#2634,#2680,#1702,.T.);
#5278=EDGE_CURVE('',#2682,#2633,#1706,.T.);
#5280=EDGE_CURVE('',#2633,#2634,#1710,.T.);
#5291=EDGE_CURVE('',#2678,#2657,#1750,.T.);
#5293=EDGE_CURVE('',#2637,#2657,#1794,.T.);
#5305=EDGE_CURVE('',#2670,#2677,#1715,.T.);
#5307=EDGE_CURVE('',#2668,#2670,#1719,.T.);
#5309=EDGE_CURVE('',#2666,#2668,#1724,.T.);
#5311=EDGE_CURVE('',#2664,#2666,#1728,.T.);
#5313=EDGE_CURVE('',#2662,#2664,#1732,.T.);
#5315=EDGE_CURVE('',#2660,#2662,#1736,.T.);
#5317=EDGE_CURVE('',#2658,#2660,#1741,.T.);
#5319=EDGE_CURVE('',#2657,#2658,#1745,.T.);
#5330=EDGE_CURVE('',#2654,#2684,#1754,.T.);
#5332=EDGE_CURVE('',#2653,#2654,#1758,.T.);
#5334=EDGE_CURVE('',#2686,#2653,#1762,.T.);
#5347=EDGE_CURVE('',#2650,#2670,#1766,.T.);
#5359=EDGE_CURVE('',#2648,#2668,#1770,.T.);
#5372=EDGE_CURVE('',#2646,#2666,#1774,.T.);
#5385=EDGE_CURVE('',#2644,#2664,#1778,.T.);
#5398=EDGE_CURVE('',#2642,#2662,#1782,.T.);
#5411=EDGE_CURVE('',#2640,#2660,#1786,.T.);
#5424=EDGE_CURVE('',#2638,#2658,#1790,.T.);
#5449=EDGE_CURVE('',#2634,#2654,#1798,.T.);
#5462=EDGE_CURVE('',#2633,#2653,#1802,.T.);
#5486=EDGE_CURVE('',#2504,#2497,#1806,.T.);
#5488=EDGE_CURVE('',#2497,#2498,#1810,.T.);
#5490=EDGE_CURVE('',#2498,#2506,#1814,.T.);
#5501=EDGE_CURVE('',#2610,#2628,#1819,.T.);
#5503=EDGE_CURVE('',#2748,#2628,#1958,.T.);
#5505=EDGE_CURVE('',#2748,#2597,#1824,.T.);
#5507=EDGE_CURVE('',#2597,#2598,#1828,.T.);
#5509=EDGE_CURVE('',#2598,#2600,#1833,.T.);
#5511=EDGE_CURVE('',#2600,#2602,#1837,.T.);
#5513=EDGE_CURVE('',#2602,#2605,#1841,.T.);
#5515=EDGE_CURVE('',#2605,#2606,#1845,.T.);
#5517=EDGE_CURVE('',#2606,#2608,#1850,.T.);
#5519=EDGE_CURVE('',#2608,#2610,#1854,.T.);
#5531=EDGE_CURVE('',#2508,#2501,#1858,.T.);
#5533=EDGE_CURVE('',#2497,#2501,#1914,.T.);
#5545=EDGE_CURVE('',#2502,#2510,#1862,.T.);
#5547=EDGE_CURVE('',#2501,#2502,#1866,.T.);
#5557=EDGE_CURVE('',#2626,#2630,#1871,.T.);
#5559=EDGE_CURVE('',#2624,#2626,#1875,.T.);
#5561=EDGE_CURVE('',#2622,#2624,#1880,.T.);
#5563=EDGE_CURVE('',#2621,#2622,#1884,.T.);
#5565=EDGE_CURVE('',#2618,#2621,#1888,.T.);
#5567=EDGE_CURVE('',#2616,#2618,#1892,.T.);
#5569=EDGE_CURVE('',#2614,#2616,#1897,.T.);
#5571=EDGE_CURVE('',#2613,#2614,#1901,.T.);
#5573=EDGE_CURVE('',#2750,#2613,#1906,.T.);
#5575=EDGE_CURVE('',#2630,#2750,#1966,.T.);
#5586=EDGE_CURVE('',#2498,#2502,#1910,.T.);
#5611=EDGE_CURVE('',#2610,#2626,#1918,.T.);
#5614=EDGE_CURVE('',#2628,#2630,#1962,.T.);
#5625=EDGE_CURVE('',#2608,#2624,#1922,.T.);
#5638=EDGE_CURVE('',#2606,#2622,#1926,.T.);
#5651=EDGE_CURVE('',#2605,#2621,#1930,.T.);
#5664=EDGE_CURVE('',#2602,#2618,#1934,.T.);
#5677=EDGE_CURVE('',#2600,#2616,#1938,.T.);
#5690=EDGE_CURVE('',#2598,#2614,#1942,.T.);
#5703=EDGE_CURVE('',#2597,#2613,#1946,.T.);
#5716=EDGE_CURVE('',#2748,#2750,#1970,.T.);
#5728=EDGE_CURVE('',#2353,#2354,#1950,.T.);
#5730=EDGE_CURVE('',#2353,#2356,#1954,.T.);
#5733=EDGE_CURVE('',#2354,#2358,#1994,.T.);
#5750=EDGE_CURVE('',#2346,#2354,#1974,.T.);
#5752=EDGE_CURVE('',#2345,#2346,#1978,.T.);
#5754=EDGE_CURVE('',#2353,#2345,#1982,.T.);
#5765=EDGE_CURVE('',#2350,#2346,#1990,.T.);
#5780=EDGE_CURVE('',#2349,#2345,#1998,.T.);
#5806=EDGE_CURVE('',#2777,#2778,#2048,.T.);
#5808=EDGE_CURVE('',#2777,#2753,#2007,.T.);
#5810=EDGE_CURVE('',#2753,#2754,#2011,.T.);
#5812=EDGE_CURVE('',#2754,#2756,#2015,.T.);
#5814=EDGE_CURVE('',#2756,#2758,#2019,.T.);
#5816=EDGE_CURVE('',#2758,#2778,#2024,.T.);
#5826=EDGE_CURVE('',#2762,#2784,#2028,.T.);
#5829=EDGE_CURVE('',#2786,#2761,#2032,.T.);
#5831=EDGE_CURVE('',#2761,#2762,#2036,.T.);
#5841=EDGE_CURVE('',#2369,#2370,#2040,.T.);
#5843=EDGE_CURVE('',#2369,#2372,#2044,.T.);
#5846=EDGE_CURVE('',#2370,#2374,#2084,.T.);
#5851=EDGE_CURVE('',#2778,#2781,#2052,.T.);
#5853=EDGE_CURVE('',#2781,#2782,#2056,.T.);
#5855=EDGE_CURVE('',#2777,#2782,#2060,.T.);
#5866=EDGE_CURVE('',#2362,#2370,#2064,.T.);
#5868=EDGE_CURVE('',#2361,#2362,#2068,.T.);
#5870=EDGE_CURVE('',#2369,#2361,#2072,.T.);
#5881=EDGE_CURVE('',#2366,#2362,#2080,.T.);
#5896=EDGE_CURVE('',#2365,#2361,#2088,.T.);
#5924=EDGE_CURVE('',#2758,#2770,#2096,.T.);
#5926=EDGE_CURVE('',#2770,#2781,#2113,.T.);
#5937=EDGE_CURVE('',#2756,#2768,#2100,.T.);
#5939=EDGE_CURVE('',#2768,#2770,#2117,.T.);
#5951=EDGE_CURVE('',#2754,#2766,#2104,.T.);
#5953=EDGE_CURVE('',#2766,#2768,#2121,.T.);
#5965=EDGE_CURVE('',#2753,#2765,#2108,.T.);
#5967=EDGE_CURVE('',#2765,#2766,#2125,.T.);
#5980=EDGE_CURVE('',#2782,#2765,#2130,.T.);
#6005=EDGE_CURVE('',#2774,#2788,#2134,.T.);
#6007=EDGE_CURVE('',#2773,#2774,#2138,.T.);
#6009=EDGE_CURVE('',#2790,#2773,#2142,.T.);
#6021=EDGE_CURVE('',#2762,#2774,#2146,.T.);
#6034=EDGE_CURVE('',#2761,#2773,#2150,.T.);
#6082=EDGE_CURVE('',#2949,#2950,#2158,.T.);
#6085=EDGE_CURVE('',#2951,#2953,#2194,.T.);
#6087=EDGE_CURVE('',#2953,#2949,#2162,.T.);
#6098=EDGE_CURVE('',#2949,#2933,#2174,.T.);
#6100=EDGE_CURVE('',#2941,#2933,#2202,.T.);
#6112=EDGE_CURVE('',#2934,#2953,#2166,.T.);
#6114=EDGE_CURVE('',#2933,#2934,#2170,.T.);
#6125=EDGE_CURVE('',#2960,#2956,#2178,.T.);
#6127=EDGE_CURVE('',#2938,#2960,#2182,.T.);
#6129=EDGE_CURVE('',#2937,#2938,#2186,.T.);
#6131=EDGE_CURVE('',#2956,#2937,#2190,.T.);
#6143=EDGE_CURVE('',#2942,#2934,#2198,.T.);
#6166=EDGE_CURVE('',#2956,#2957,#2206,.T.);
#6169=EDGE_CURVE('',#2958,#2960,#2214,.T.);
#6182=EDGE_CURVE('',#2945,#2937,#2210,.T.);
#6196=EDGE_CURVE('',#2946,#2938,#2218,.T.);
#6220=EDGE_CURVE('',#2550,#2552,#2226,.T.);
#6222=EDGE_CURVE('',#2549,#2550,#2230,.T.);
#6224=EDGE_CURVE('',#2556,#2549,#2234,.T.);
#6235=EDGE_CURVE('',#2544,#2550,#2238,.T.);
#6248=EDGE_CURVE('',#2543,#2549,#2242,.T.);
#6277=CIRCLE('',#6276,4.E-1);
#6278=TRIMMED_CURVE('',#6277,(PARAMETER_VALUE(0.E0)),(PARAMETER_VALUE(1.8E2)),
.T.,.UNSPECIFIED.);
#6279=COMPOSITE_CURVE_SEGMENT(.CONTINUOUS.,.T.,#6278);
#6284=CIRCLE('',#6283,4.E-1);
#6285=TRIMMED_CURVE('',#6284,(PARAMETER_VALUE(0.E0)),(PARAMETER_VALUE(1.8E2)),
.T.,.UNSPECIFIED.);
#6286=COMPOSITE_CURVE_SEGMENT(.CONTINUOUS.,.T.,#6285);
#6287=COMPOSITE_CURVE('',(#6279,#6286),.F.);
#6293=CIRCLE('',#6292,4.E-1);
#6294=TRIMMED_CURVE('',#6293,(PARAMETER_VALUE(0.E0)),(PARAMETER_VALUE(1.8E2)),
.T.,.UNSPECIFIED.);
#6295=COMPOSITE_CURVE_SEGMENT(.CONTINUOUS.,.T.,#6294);
#6300=CIRCLE('',#6299,4.E-1);
#6301=TRIMMED_CURVE('',#6300,(PARAMETER_VALUE(0.E0)),(PARAMETER_VALUE(1.8E2)),
.T.,.UNSPECIFIED.);
#6302=COMPOSITE_CURVE_SEGMENT(.CONTINUOUS.,.T.,#6301);
#6303=COMPOSITE_CURVE('',(#6295,#6302),.F.);
#6308=CIRCLE('',#6307,4.E-1);
#6309=TRIMMED_CURVE('',#6308,(PARAMETER_VALUE(0.E0)),(PARAMETER_VALUE(1.8E2)),
.T.,.UNSPECIFIED.);
#6310=COMPOSITE_CURVE_SEGMENT(.CONTINUOUS.,.T.,#6309);
#6315=CIRCLE('',#6314,4.E-1);
#6316=TRIMMED_CURVE('',#6315,(PARAMETER_VALUE(0.E0)),(PARAMETER_VALUE(1.8E2)),
.T.,.UNSPECIFIED.);
#6317=COMPOSITE_CURVE_SEGMENT(.CONTINUOUS.,.T.,#6316);
#6318=COMPOSITE_CURVE('',(#6310,#6317),.F.);
#6323=CIRCLE('',#6322,4.E-1);
#6324=TRIMMED_CURVE('',#6323,(PARAMETER_VALUE(0.E0)),(PARAMETER_VALUE(1.8E2)),
.T.,.UNSPECIFIED.);
#6325=COMPOSITE_CURVE_SEGMENT(.CONTINUOUS.,.T.,#6324);
#6330=CIRCLE('',#6329,4.E-1);
#6331=TRIMMED_CURVE('',#6330,(PARAMETER_VALUE(0.E0)),(PARAMETER_VALUE(1.8E2)),
.T.,.UNSPECIFIED.);
#6332=COMPOSITE_CURVE_SEGMENT(.CONTINUOUS.,.T.,#6331);
#6333=COMPOSITE_CURVE('',(#6325,#6332),.F.);
#6338=CIRCLE('',#6337,4.E-1);
#6339=TRIMMED_CURVE('',#6338,(PARAMETER_VALUE(0.E0)),(PARAMETER_VALUE(1.8E2)),
.T.,.UNSPECIFIED.);
#6340=COMPOSITE_CURVE_SEGMENT(.CONTINUOUS.,.T.,#6339);
#6345=CIRCLE('',#6344,4.E-1);
#6346=TRIMMED_CURVE('',#6345,(PARAMETER_VALUE(0.E0)),(PARAMETER_VALUE(1.8E2)),
.T.,.UNSPECIFIED.);
#6347=COMPOSITE_CURVE_SEGMENT(.CONTINUOUS.,.T.,#6346);
#6348=COMPOSITE_CURVE('',(#6340,#6347),.F.);
#6353=TRIMMED_CURVE('',#6352,(PARAMETER_VALUE(0.E0)),(PARAMETER_VALUE(1.E0)),
.T.,.UNSPECIFIED.);
#6354=COMPOSITE_CURVE_SEGMENT(.CONTINUOUS.,.T.,#6353);
#6359=TRIMMED_CURVE('',#6358,(PARAMETER_VALUE(0.E0)),(PARAMETER_VALUE(1.E0)),
.T.,.UNSPECIFIED.);
#6360=COMPOSITE_CURVE_SEGMENT(.CONTINUOUS.,.T.,#6359);
#6365=TRIMMED_CURVE('',#6364,(PARAMETER_VALUE(0.E0)),(PARAMETER_VALUE(1.E0)),
.T.,.UNSPECIFIED.);
#6366=COMPOSITE_CURVE_SEGMENT(.CONTINUOUS.,.T.,#6365);
#6367=COMPOSITE_CURVE('',(#6354,#6360,#6366),.F.);
#6368=(LENGTH_UNIT()NAMED_UNIT(*)SI_UNIT(.MILLI.,.METRE.));
#6370=(NAMED_UNIT(*)PLANE_ANGLE_UNIT()SI_UNIT($,.RADIAN.));
#6373=(NAMED_UNIT(*)SI_UNIT($,.STERADIAN.)SOLID_ANGLE_UNIT());
#6376=ADVANCED_BREP_SHAPE_REPRESENTATION('',(#6268),#6375);
#6377=GEOMETRICALLY_BOUNDED_SURFACE_SHAPE_REPRESENTATION('',(#6288),#6375);
#6378=SHAPE_REPRESENTATION('',(#6272),#6375);
#6387=PRODUCT_DEFINITION('design','',#6386,#6383);
#6388=PRODUCT_DEFINITION_SHAPE('','SHAPE FOR 353630560.',#6387);
#6389=SHAPE_DEFINITION_REPRESENTATION(#6388,#6378);
ENDSEC;
END-ISO-10303-21;
